0 1800 0 0.00135407 0 0.00135407 0 0 0 0 0 0 0.0040622 0 0 0 0 0 0 0 0 0 0 0 0 0 0 0 0 0 0 0 0 0 0 0 0 0 0 0 0 0 0 0 0 0 0 0 0 0 0 0 0 0 0 0 0 0 0 0 0 0 0 0 0 0 0 0 0 0 0 0 0 0 0 0 0 0 0 0 0 0 0 0 0 0 0 0 0 0 0 0 0 0 0 0 0 0
1e-07 1800 8.83855e-10 0.00135406 7.30621e-10 0.00135406 9.56055e-10 9.76136e-10 5.52885e-10 1.44316e-12 -3.83505e-35 -1.19438e-35 0.0040622 -3.68223e-36 -7.37533e-36 -9.86768e-36 -5.60587e-36 -9.80439e-35 -1.52022e-35 -1.83174e-33 -1.83098e-34 -2.4158e-35 -6.51502e-35 -1.77609e-36 3.42285e-37 -1.08733e-36 -7.96171e-36 -7.93088e-35 -1.65993e-35 -1.99985e-35 -2.24104e-36 -1.59355e-36 -6.04504e-36 -3.89046e-35 -1.41251e-36 -7.53077e-36 -2.33185e-37 -1.06716e-35 1.29492e-37 -2.5078e-37 -8.34265e-37 -1.81983e-38 1.89621e-37 -1.61483e-36 -7.77235e-39 -1.54424e-37 3.53632e-36 2.22962e-37 9.4185e-38 -2.48354e-37 -1.5781e-36 -2.35177e-36 -1.52172e-35 -6.82073e-36 -3.95281e-36 -1.01154e-35 -5.04105e-36 -1.87631e-37 -4.48275e-36 -4.58445e-37 -1.35647e-35 1.28441e-36 3.84951e-38 -1.32903e-37 -5.43648e-38 -1.90407e-37 5.34906e-36 2.52687e-37 -9.80243e-37 -1.64935e-36 -1.91705e-36 -9.9103e-37 5.65374e-37 -4.03393e-36 -2.64773e-36 -1.75006e-37 -1.78623e-36 -1.73205e-36 -7.89062e-37 -8.03448e-38 -9.58865e-37 -2.92121e-36 -4.04678e-38 6.05192e-38 4.72565e-38 -8.97663e-38 4.16644e-38 -1.44767e-37 5.48723e-36 -6.81067e-40 -3.81717e-39 -2.96921e-37 -1.04746e-38 -1.01991e-37 1.43648e-37 -4.58128e-37 4.09863e-16 -8.98796e-38
2e-07 1800 2.29452e-09 0.00135406 1.66889e-09 0.00135406 1.89814e-09 2.70267e-09 1.10966e-09 3.26756e-12 -7.50564e-35 -2.33755e-35 0.0040622 2.50387e-36 -6.3102e-36 -2.12235e-35 -4.86454e-36 -1.99139e-34 -3.23082e-35 -3.58855e-33 -3.67749e-34 -4.47174e-35 -1.31737e-34 -3.14289e-36 5.91024e-37 -2.04736e-36 -3.89089e-36 -1.72903e-34 -3.04076e-35 -4.01802e-35 -4.2776e-36 -3.12801e-36 -1.21908e-35 -7.41071e-35 -2.80794e-36 -1.46896e-35 -3.72185e-37 -1.63265e-35 2.15372e-37 -4.34643e-37 -1.43258e-36 -3.33151e-38 3.12993e-37 -4.17455e-36 -1.49566e-38 -2.95768e-37 5.88734e-36 4.05344e-37 2.8989e-37 -3.07178e-37 -2.83029e-36 -4.65988e-36 -2.94343e-35 -1.20272e-35 -8.19065e-36 -2.106e-35 -1.01299e-35 -3.6031e-37 -8.59515e-36 -7.41216e-37 -2.64968e-35 2.52084e-36 6.34989e-38 -1.55195e-37 -9.44479e-38 -2.41953e-37 1.04702e-35 4.28406e-37 -2.07522e-36 -3.29592e-36 -3.46459e-36 -1.9421e-36 1.09897e-36 -8.25143e-36 -5.15271e-36 -3.56817e-37 -3.34206e-36 -3.3329e-36 -1.22919e-36 -1.36537e-37 -1.85456e-36 -5.72191e-36 -4.76375e-38 8.93826e-38 6.58213e-38 -1.61329e-37 8.18004e-38 -2.81839e-37 1.07403e-35 -1.19995e-39 -6.75942e-39 -5.77092e-37 -2.03206e-38 -1.97806e-37 2.7901e-37 -8.90059e-37 6.7456e-16 -9.08931e-38
3e-07 1800 4.21895e-09 0.00135406 2.8504e-09 0.00135406 2.93881e-09 5.21177e-09 1.66591e-09 5.46947e-12 -1.10195e-34 -3.43191e-35 0.0040622 4.58647e-37 -5.94934e-36 -3.04834e-35 -4.72367e-36 -2.93172e-34 -5.09915e-35 -5.28475e-33 -5.46914e-34 -6.07751e-35 -1.94942e-34 -4.05861e-36 7.6826e-37 -2.97156e-36 -5.6996e-36 -2.52439e-34 -4.18443e-35 -6.05071e-35 -6.10649e-36 -4.60548e-36 -1.75617e-35 -1.06043e-34 -4.17809e-36 -2.13353e-35 -4.51303e-37 -1.88229e-35 2.70278e-37 -5.67168e-37 -1.8536e-36 -4.57808e-38 3.91187e-37 -7.33245e-36 -2.15921e-38 -4.2629e-37 7.40824e-36 5.53221e-37 5.53404e-37 -2.63478e-37 -3.81344e-36 -6.97083e-36 -4.2782e-35 -1.59954e-35 -1.26132e-35 -3.24788e-35 -1.5207e-35 -5.20659e-37 -1.23798e-35 -9.08146e-37 -3.88726e-35 3.70752e-36 7.92265e-38 -1.5457e-37 -1.24302e-37 -2.50487e-37 1.53419e-35 5.4677e-37 -3.23445e-36 -4.93575e-36 -4.70646e-36 -2.85195e-36 1.60243e-36 -1.26133e-35 -7.52155e-36 -5.44291e-37 -4.69702e-36 -4.82422e-36 -1.4617e-36 -1.87692e-37 -2.69848e-36 -8.40446e-36 -4.75961e-38 1.01947e-37 7.2037e-38 -2.17803e-37 1.20271e-37 -4.11815e-37 1.57581e-35 -1.59221e-39 -8.99957e-39 -8.41365e-37 -2.95705e-38 -2.87762e-37 4.06503e-37 -1.29711e-36 9.43072e-16 -9.77234e-38
4e-07 1800 6.69596e-09 0.00135405 4.32247e-09 0.00135406 4.16165e-09 8.59943e-09 2.21848e-09 8.03203e-12 -1.43653e-34 -4.47393e-35 0.0040622 1.4909e-36 -4.70562e-36 -3.83086e-35 -4.65983e-36 -3.81316e-34 -7.10606e-35 -6.90716e-33 -7.19685e-34 -7.31762e-35 -2.55266e-34 -4.65303e-36 8.90422e-37 -3.85085e-36 -4.63417e-36 -3.32623e-34 -5.12223e-35 -8.08712e-35 -7.72732e-36 -6.0201e-36 -2.26698e-35 -1.35327e-34 -5.50671e-36 -2.74241e-35 -4.92635e-37 -1.93875e-35 3.03164e-37 -6.59907e-37 -2.14018e-36 -5.59132e-38 4.37941e-37 -1.08295e-35 -2.76803e-38 -5.46994e-37 8.34464e-36 6.71182e-37 8.60143e-37 -1.68175e-37 -4.57145e-36 -9.28371e-36 -5.52779e-35 -1.89803e-35 -1.71244e-35 -4.40694e-35 -2.02044e-35 -6.69504e-37 -1.58518e-35 -9.98617e-37 -5.06674e-35 4.83814e-36 8.85727e-38 -1.49438e-37 -1.46239e-37 -2.45983e-37 1.99273e-35 6.22218e-37 -4.4138e-36 -6.55607e-36 -5.68953e-36 -3.71462e-36 2.07471e-36 -1.70575e-35 -9.74805e-36 -7.35258e-37 -5.86612e-36 -6.21271e-36 -1.5707e-36 -2.37597e-37 -3.49107e-36 -1.0958e-35 -4.60677e-38 1.06157e-37 7.29846e-38 -2.61547e-37 1.56885e-37 -5.34442e-37 2.05163e-35 -1.88381e-39 -1.06682e-38 -1.08916e-36 -3.82065e-38 -3.71693e-37 5.25857e-37 -1.67839e-36 1.26403e-15 -9.20149e-38
5e-07 1799.99 9.80056e-09 0.00135404 6.14238e-09 0.00135405 5.63634e-09 1.30086e-08 2.76487e-09 1.09302e-11 -1.75186e-34 -5.45598e-35 0.0040622 9.99604e-37 -3.80249e-36 -4.43171e-35 -4.46996e-36 -4.6322e-34 -9.22263e-35 -8.44222e-33 -8.83828e-34 -8.21394e-35 -3.11868e-34 -5.00037e-36 9.69387e-37 -4.67595e-36 -4.90897e-36 -4.06283e-34 -5.87487e-35 -1.01066e-34 -9.13703e-36 -7.36055e-36 -2.72874e-35 -1.62032e-34 -6.77362e-36 -3.29305e-35 -5.09586e-37 -1.87746e-35 3.2007e-37 -7.21135e-37 -2.32258e-36 -6.39415e-38 4.62556e-37 -1.44722e-35 -3.31976e-38 -6.57991e-37 8.85985e-36 7.62615e-37 1.19148e-36 -5.12796e-38 -5.13688e-36 -1.1573e-35 -6.68697e-35 -2.11519e-35 -2.16323e-35 -5.55653e-35 -2.50487e-35 -8.06592e-37 -1.90076e-35 -1.0375e-36 -6.17958e-35 5.90298e-36 9.34288e-38 -1.43005e-37 -1.61716e-37 -2.36922e-37 2.41806e-35 6.65014e-37 -5.57547e-36 -8.13825e-36 -6.44752e-36 -4.5214e-36 2.51288e-36 -2.1509e-35 -1.18174e-35 -9.26897e-37 -6.85692e-36 -7.49523e-36 -1.60396e-36 -2.86479e-37 -4.2281e-36 -1.33626e-35 -4.41078e-38 1.05903e-37 7.15356e-38 -2.94303e-37 1.91354e-37 -6.48922e-37 2.49754e-35 -2.09312e-39 -1.1861e-38 -1.31893e-36 -4.61774e-38 -4.49106e-37 6.36336e-37 -2.03153e-36 1.65915e-15 -8.96014e-38
6e-07 1799.99 1.36298e-08 0.00135404 8.3739e-09 0.00135405 7.42612e-09 1.8612e-08 3.30236e-09 1.41306e-11 -2.04435e-34 -6.36689e-35 0.0040622 1.12101e-36 -2.82897e-36 -4.88462e-35 -4.28714e-36 -5.38051e-34 -1.14111e-34 -9.86892e-33 -1.03759e-33 -8.81202e-35 -3.64213e-34 -5.15459e-36 1.01322e-36 -5.43944e-36 -4.49316e-36 -4.76079e-34 -6.45591e-35 -1.20786e-34 -1.0329e-35 -8.61069e-36 -3.14953e-35 -1.86158e-34 -7.95631e-36 -3.78195e-35 -5.09948e-37 -1.74433e-35 3.2498e-37 -7.56641e-37 -2.42162e-36 -7.00236e-38 4.70813e-37 -1.81097e-35 -3.80994e-38 -7.58689e-37 9.05948e-36 8.29931e-37 1.53249e-36 6.9861e-38 -5.533e-36 -1.37985e-35 -7.74521e-35 -2.26223e-35 -2.60426e-35 -6.67118e-35 -2.96585e-35 -9.30885e-37 -2.18287e-35 -1.04005e-36 -7.21265e-35 6.88909e-36 9.49919e-38 -1.35501e-37 -1.71705e-37 -2.25305e-37 2.80476e-35 6.82291e-37 -6.68601e-36 -9.65837e-36 -7.00384e-36 -5.26134e-36 2.91246e-36 -2.58815e-35 -1.37075e-35 -1.11578e-36 -7.67187e-36 -8.66137e-36 -1.58762e-36 -3.3372e-37 -4.90221e-36 -1.559e-35 -4.1811e-38 1.03e-37 6.87735e-38 -3.17324e-37 2.23279e-37 -7.54024e-37 2.90826e-35 -2.23279e-39 -1.26467e-38 -1.52831e-36 -5.34037e-38 -5.19233e-37 7.3681e-37 -2.35291e-36 2.14421e-15 -8.43331e-38
7e-07 1799.99 1.82821e-08 0.00135402 1.10782e-08 0.00135404 9.58611e-09 2.55831e-08 3.82694e-09 1.75848e-11 -2.30915e-34 -7.19161e-35 0.0040622 9.80681e-37 -1.98393e-36 -5.1919e-35 -4.0238e-36 -6.04785e-34 -1.36222e-34 -1.11625e-32 -1.17836e-33 -9.13866e-35 -4.11386e-34 -5.15369e-36 1.0276e-36 -6.12759e-36 -4.30264e-36 -5.3942e-34 -6.87317e-35 -1.39622e-34 -1.12933e-35 -9.74907e-36 -3.51899e-35 -2.07464e-34 -9.02928e-36 -4.20379e-35 -4.98125e-37 -1.5666e-35 3.2051e-37 -7.70438e-37 -2.45151e-36 -7.42629e-38 4.66411e-37 -2.16127e-35 -4.23215e-38 -8.47869e-37 9.01109e-36 8.74799e-37 1.87009e-36 1.85459e-37 -5.77608e-36 -1.59086e-35 -8.68695e-35 -2.34657e-35 -3.0251e-35 -7.7239e-35 -3.39387e-35 -1.04066e-36 -2.42823e-35 -1.01549e-36 -8.14829e-35 7.77967e-36 9.40095e-38 -1.26681e-37 -1.76875e-37 -2.11341e-37 3.14632e-35 6.79007e-37 -7.71364e-36 -1.10861e-35 -7.37418e-36 -5.92103e-36 3.26733e-36 -3.0072e-35 -1.53886e-35 -1.29769e-36 -8.30943e-36 -9.6945e-36 -1.53568e-36 -3.78367e-37 -5.50314e-36 -1.76027e-35 -3.91087e-38 9.82562e-38 6.50636e-38 -3.31501e-37 2.52134e-37 -8.48067e-37 3.27692e-35 -2.31135e-39 -1.30738e-38 -1.71406e-36 -5.97765e-38 -5.81023e-37 8.25744e-37 -2.6376e-36 2.73271e-15 -7.91154e-38
8e-07 1799.99 2.38086e-08 0.00135401 1.42872e-08 0.00135403 1.2145e-08 3.40201e-08 4.33086e-09 2.12095e-11 -2.53976e-34 -7.90981e-35 0.0040622 9.53136e-37 -1.1633e-36 -5.3673e-35 -3.70964e-36 -6.61888e-34 -1.57859e-34 -1.22899e-32 -1.30274e-33 -9.22309e-35 -4.52268e-34 -5.0257e-36 1.01672e-36 -6.72394e-36 -3.92851e-36 -5.95414e-34 -7.13131e-35 -1.57012e-34 -1.20168e-35 -1.07469e-35 -3.83135e-35 -2.25558e-34 -9.96209e-36 -4.55085e-35 -4.76737e-37 -1.36168e-35 3.08518e-37 -7.65528e-37 -2.42268e-36 -7.67324e-38 4.51799e-37 -2.48516e-35 -4.57782e-38 -9.23643e-37 8.76085e-36 8.98483e-37 2.19081e-36 2.89861e-37 -5.87847e-36 -1.78365e-35 -9.49065e-35 -2.37373e-35 -3.41274e-35 -8.68233e-35 -3.77689e-35 -1.13346e-36 -2.632e-35 -9.69796e-37 -8.9629e-35 8.5526e-36 9.09795e-38 -1.16361e-37 -1.77737e-37 -1.9493e-37 3.43464e-35 6.58893e-37 -8.62459e-36 -1.23809e-35 -7.56977e-36 -6.48372e-36 3.56929e-36 -3.39495e-35 -1.68213e-35 -1.46704e-36 -8.7653e-36 -1.05711e-35 -1.45607e-36 -4.19107e-37 -6.01692e-36 -1.93509e-35 -3.59452e-38 9.20512e-38 6.05279e-38 -3.37525e-37 2.77209e-37 -9.28807e-37 3.59458e-35 -2.33501e-39 -1.31796e-38 -1.87189e-36 -6.51517e-38 -6.33082e-37 9.01095e-37 -2.87904e-36 3.43147e-15 -7.25615e-38
9e-07 1799.99 3.00538e-08 0.001354 1.79119e-08 0.00135402 1.50337e-08 4.36949e-08 4.79545e-09 2.48205e-11 -2.72649e-34 -8.49138e-35 0.0040622 8.94308e-37 -4.06673e-37 -5.42019e-35 -3.33962e-36 -7.07141e-34 -1.77826e-34 -1.32034e-32 -1.40537e-33 -9.09901e-35 -4.8517e-34 -4.80032e-36 9.85265e-37 -7.20346e-36 -3.54076e-36 -6.41384e-34 -7.2367e-35 -1.72079e-34 -1.2486e-35 -1.15613e-35 -4.074e-35 -2.39779e-34 -1.07135e-35 -4.81191e-35 -4.48276e-37 -1.14597e-35 2.90938e-37 -7.45202e-37 -2.34632e-36 -7.75333e-38 4.29439e-37 -2.76569e-35 -4.83535e-38 -9.83132e-37 8.3555e-36 9.02627e-37 2.47656e-36 3.78565e-37 -5.85503e-36 -1.94843e-35 -1.01248e-34 -2.35037e-35 -3.74779e-35 -9.4996e-35 -4.09721e-35 -1.20573e-36 -2.78712e-35 -9.08811e-37 -9.62193e-35 9.1756e-36 8.6398e-38 -1.04767e-37 -1.74891e-37 -1.76486e-37 3.65867e-35 6.25979e-37 -9.37538e-36 -1.34813e-35 -7.60426e-36 -6.92648e-36 3.80657e-36 -3.73156e-35 -1.79491e-35 -1.61517e-36 -9.03544e-36 -1.12572e-35 -1.35644e-36 -4.53919e-37 -6.42326e-36 -2.07616e-35 -3.239e-38 8.47777e-38 5.53526e-38 -3.36251e-37 2.97461e-37 -9.92988e-37 3.84828e-35 -2.31069e-39 -1.30075e-38 -1.99567e-36 -6.93254e-38 -6.73444e-37 9.59961e-37 -3.06791e-36 4.22105e-15 -6.53395e-38
1e-06 1799.99 3.59234e-08 0.00135398 2.1318e-08 0.00135402 1.77476e-08 5.28895e-08 5.1572e-09 2.78249e-11 -2.84921e-34 -8.87357e-35 0.0040622 8.58062e-37 2.08563e-37 -5.38024e-35 -2.9859e-36 -7.36032e-34 -1.93108e-34 -1.3804e-32 -1.47458e-33 -8.85394e-35 -5.06627e-34 -4.54675e-36 9.44946e-37 -7.51553e-36 -3.1561e-36 -6.72216e-34 -7.21629e-35 -1.82833e-34 -1.26928e-35 -1.2102e-35 -4.22459e-35 -2.48758e-34 -1.12029e-35 -4.96634e-35 -4.19404e-37 -9.58453e-36 2.7246e-37 -7.17673e-37 -2.25002e-36 -7.7026e-38 4.05402e-37 -2.96618e-35 -4.98495e-38 -1.02058e-36 7.9101e-36 8.92403e-37 2.6871e-36 4.41876e-37 -5.74792e-36 -2.06407e-35 -1.05269e-34 -2.29568e-35 -3.98649e-35 -1.00727e-34 -4.31656e-35 -1.25066e-36 -2.88047e-35 -8.47195e-37 -1.00543e-34 9.58242e-36 8.14966e-38 -9.38925e-38 -1.69952e-37 -1.59188e-37 3.79764e-35 5.8989e-37 -9.8797e-36 -1.42497e-35 -7.52e-36 -7.20576e-36 3.95614e-36 -3.97237e-35 -1.86617e-35 -1.72211e-36 -9.12707e-36 -1.16869e-35 -1.25843e-36 -4.7833e-37 -6.68178e-36 -2.1684e-35 -2.90537e-38 7.78387e-38 5.0468e-38 -3.30114e-37 3.10724e-37 -1.0341e-36 4.01192e-35 -2.25702e-39 -1.2672e-38 -2.07346e-36 -7.19109e-38 -6.98391e-37 9.96754e-37 -3.18618e-36 4.96312e-15 -5.85214e-38
1.1e-06 1799.99 4.32326e-08 0.00135396 3.06569e-08 0.001354 2.29961e-08 7.01108e-08 5.56242e-09 3.18754e-11 -3.14097e-34 -9.78226e-35 0.0040622 3.25651e-37 2.90124e-38 -5.45948e-35 -3.23318e-36 -7.76397e-34 -2.14897e-34 -1.54096e-32 -1.68176e-33 -8.87202e-35 -5.38449e-34 -4.52302e-36 8.99031e-37 -7.92609e-36 -3.37924e-36 -7.20992e-34 -7.31752e-35 -1.97849e-34 -1.29446e-35 -1.27199e-35 -4.48757e-35 -2.61885e-34 -1.18285e-35 -5.17994e-35 -3.96123e-37 -8.01625e-36 2.54136e-37 -6.8736e-37 -2.15195e-36 -7.66807e-38 3.75919e-37 -3.27377e-35 -5.14714e-38 -1.06482e-36 7.42375e-36 8.82203e-37 2.92171e-36 5.19816e-37 -5.64179e-36 -2.20072e-35 -1.09902e-34 -2.24367e-35 -4.28766e-35 -1.07794e-34 -4.59226e-35 -1.29818e-36 -2.99198e-35 -7.89986e-37 -1.06309e-34 1.00345e-35 7.67371e-38 -8.30157e-38 -1.65335e-37 -1.41983e-37 3.96009e-35 5.45637e-37 -1.05419e-35 -1.51405e-35 -7.4916e-36 -7.55597e-36 4.11804e-36 -4.25044e-35 -1.94726e-35 -1.86037e-36 -9.24708e-36 -1.21745e-35 -1.16128e-36 -5.11582e-37 -6.97235e-36 -2.27295e-35 -2.56334e-38 7.10465e-38 4.5547e-38 -3.24625e-37 3.25179e-37 -1.08026e-36 4.22438e-35 -2.21835e-39 -1.23738e-38 -2.15706e-36 -7.46561e-38 -7.25074e-37 1.03632e-36 -3.31545e-36 7.6383e-15 -5.29011e-38
1.2e-06 1799.99 6.36888e-08 0.00135391 3.97269e-08 0.00135397 3.21726e-08 9.99011e-08 6.34823e-09 3.91826e-11 -3.24549e-34 -1.01078e-34 0.0040622 2.50347e-36 4.00133e-36 -4.92731e-35 -2.63572e-37 -7.97232e-34 -2.43797e-34 -1.59305e-32 -1.75635e-33 -7.31689e-35 -5.57002e-34 -3.28549e-36 6.93519e-37 -8.14665e-36 4.55135e-37 -7.54942e-34 -6.57384e-35 -2.13317e-34 -1.23825e-35 -1.32222e-35 -4.55438e-35 -2.65928e-34 -1.22477e-35 -5.18744e-35 -2.6303e-37 -1.02236e-36 1.72794e-37 -5.40564e-37 -1.65844e-36 -6.80907e-38 2.67063e-37 -3.60028e-35 -5.13118e-38 -1.0826e-36 5.35531e-36 7.70328e-37 3.30408e-36 6.78929e-37 -4.79915e-36 -2.354e-35 -1.12191e-34 -1.86723e-35 -4.63721e-35 -1.15696e-34 -4.85133e-35 -1.31645e-36 -3.00477e-35 -5.1831e-37 -1.09949e-34 1.03668e-35 5.41236e-38 -2.76636e-38 -1.34763e-37 -5.76814e-38 4.02212e-35 3.86208e-37 -1.1119e-35 -1.61347e-35 -6.54041e-36 -7.71825e-36 4.19911e-36 -4.606e-35 -1.98754e-35 -2.02266e-36 -8.67243e-36 -1.23738e-35 -7.26334e-37 -5.38167e-37 -7.12709e-36 -2.34873e-35 -8.79354e-39 3.98252e-38 2.29148e-38 -2.76143e-37 3.36233e-37 -1.10755e-36 4.34274e-35 -1.84744e-39 -1.02123e-38 -2.19777e-36 -7.5725e-38 -7.34955e-37 1.05404e-36 -3.37405e-36 9.26855e-15 -1.37266e-38
1.3e-06 1800 1.02526e-07 0.00135385 3.82975e-08 0.00135395 4.01142e-08 1.36108e-07 7.65523e-09 4.96108e-11 -3.27864e-34 -1.0211e-34 0.0040622 -5.16916e-37 2.15048e-36 -3.40862e-35 -9.59585e-37 -7.77299e-34 -2.72879e-34 -1.61967e-32 -1.78097e-33 -4.4154e-35 -5.54785e-34 -1.47992e-36 3.10482e-37 -8.10767e-36 -7.35467e-37 -7.6714e-34 -4.88888e-35 -2.25359e-34 -1.02229e-35 -1.32111e-35 -4.39362e-35 -2.66121e-34 -1.1983e-35 -4.98309e-35 -1.01322e-37 3.80855e-36 4.42395e-38 -3.04176e-37 -8.21513e-37 -4.64913e-38 1.07229e-37 -3.66279e-35 -4.65795e-38 -1.04786e-36 2.45206e-36 5.17745e-37 3.60976e-36 6.42157e-37 -3.09126e-36 -2.49785e-35 -1.08877e-34 -1.21697e-35 -4.93887e-35 -1.20894e-34 -4.95387e-35 -1.24844e-36 -2.85145e-35 -1.48231e-37 -1.10005e-34 1.01783e-35 1.89711e-38 -4.30228e-39 -7.43018e-38 -5.90955e-39 3.91215e-35 1.24212e-37 -1.10108e-35 -1.68699e-35 -4.51991e-36 -7.37457e-36 4.03232e-36 -4.93187e-35 -1.91221e-35 -2.2077e-36 -6.91141e-36 -1.18488e-35 -2.00794e-37 -5.89758e-37 -6.90556e-36 -2.31957e-35 -1.31216e-39 6.39025e-39 2.82741e-39 -1.72224e-37 3.31622e-37 -1.07636e-36 4.31505e-35 -1.0833e-39 -5.72977e-39 -2.09756e-36 -7.14059e-38 -6.92576e-37 1.00193e-36 -3.21741e-36 3.63706e-15 -3.55073e-39
1.4e-06 1800 1.44403e-07 0.00135378 4.26125e-08 0.00135392 5.02123e-08 1.81233e-07 8.99403e-09 6.16602e-11 -3.28882e-34 -1.02428e-34 0.0040622 -1.18281e-36 1.84514e-36 -2.22017e-35 -2.91341e-37 -7.48627e-34 -2.99909e-34 -1.63598e-32 -1.80463e-33 -2.2413e-35 -5.44116e-34 -3.75325e-37 7.2395e-38 -7.95025e-36 -4.48617e-37 -7.69011e-34 -3.45934e-35 -2.33635e-34 -8.06768e-36 -1.30149e-35 -4.16228e-35 -2.64053e-34 -1.13845e-35 -4.73363e-35 -2.51545e-38 5.97651e-36 -2.42462e-38 -1.40203e-37 -2.98661e-37 -2.93118e-38 1.82285e-38 -3.6506e-35 -4.14053e-38 -1.00594e-36 6.93252e-37 3.18713e-37 3.74817e-36 5.00539e-37 -1.79644e-36 -2.57434e-35 -1.04259e-34 -7.06847e-36 -5.13952e-35 -1.23189e-34 -4.96861e-35 -1.16641e-36 -2.6753e-35 2.94719e-38 -1.08341e-34 9.84767e-36 1.4645e-39 1.0439e-38 -3.38701e-38 1.72869e-38 3.72713e-35 -2.71019e-38 -1.05078e-35 -1.73212e-35 -2.93331e-36 -6.87844e-36 3.8142e-36 -5.14112e-35 -1.8104e-35 -2.3509e-36 -5.28509e-36 -1.11903e-35 4.10311e-38 -6.36178e-37 -6.60476e-36 -2.25714e-35 3.2037e-39 -6.19342e-39 -4.51522e-39 -9.5051e-38 3.22621e-37 -1.03068e-36 4.22364e-35 -5.79897e-40 -2.70637e-39 -1.97013e-36 -6.61873e-38 -6.41463e-37 9.36811e-37 -3.01846e-36 4.18409e-15 4.95308e-39
1.5e-06 1800 1.93325e-07 0.00135369 5.15097e-08 0.00135388 6.35102e-08 2.38146e-07 1.03643e-08 7.52852e-11 -3.27221e-34 -1.0191e-34 0.0040622 -1.49355e-36 1.691e-36 -1.12661e-35 3.62229e-37 -6.9764e-34 -3.22506e-34 -1.64855e-32 -1.82879e-33 -3.97595e-36 -5.19241e-34 4.54377e-37 -1.49979e-37 -7.54197e-36 1.92489e-37 -7.54832e-34 -2.02267e-35 -2.35568e-34 -5.56546e-36 -1.23422e-35 -3.82512e-35 -2.56109e-34 -1.02843e-35 -4.35685e-35 5.28138e-38 7.60586e-36 -8.6292e-38 1.72977e-38 1.88632e-37 -1.19593e-38 -6.97259e-38 -3.55189e-35 -3.42713e-38 -9.27988e-37 -9.98691e-37 1.1864e-37 3.72901e-36 3.76963e-37 -5.20321e-37 -2.55374e-35 -9.56686e-35 -1.96618e-36 -5.1937e-35 -1.21434e-34 -4.82322e-35 -1.03089e-36 -2.40132e-35 1.9957e-37 -1.03343e-34 9.12598e-36 -1.51668e-38 3.65025e-38 4.1987e-39 5.78384e-38 3.40202e-35 -1.66692e-37 -9.57671e-36 -1.71957e-35 -1.35784e-36 -6.08522e-36 3.43595e-36 -5.1665e-35 -1.6343e-35 -2.43399e-36 -3.45699e-36 -1.00661e-35 2.99438e-37 -6.70098e-37 -6.04683e-36 -2.10859e-35 1.12592e-38 -2.26412e-38 -1.60137e-38 -2.03693e-38 3.01032e-37 -9.43579e-37 4.00151e-35 -1.03553e-40 1.15578e-40 -1.7564e-36 -5.79524e-38 -5.61273e-37 8.30243e-37 -2.68895e-36 5.24991e-15 2.05539e-38
1.6e-06 1800 2.53202e-07 0.00135358 6.47263e-08 0.00135383 8.0943e-08 3.10536e-07 1.17663e-08 9.04278e-11 -3.21925e-34 -1.00261e-34 0.0040622 -2.11528e-36 1.30978e-36 -1.82948e-38 8.77385e-37 -6.12307e-34 -3.37855e-34 -1.6603e-32 -1.84669e-33 1.40035e-35 -4.74373e-34 1.23557e-36 -4.28332e-37 -6.73848e-36 8.5248e-37 -7.19439e-34 -3.86867e-36 -2.28489e-34 -2.36244e-36 -1.088e-35 -3.34774e-35 -2.38887e-34 -8.48993e-36 -3.77018e-35 1.59535e-37 9.47867e-36 -1.65811e-37 2.08485e-37 7.92467e-37 9.03443e-39 -1.88643e-37 -3.3316e-35 -2.36829e-38 -7.87048e-37 -3.15968e-36 -1.22985e-37 3.50336e-36 2.8124e-37 1.01157e-36 -2.40172e-35 -8.04077e-35 4.03723e-36 -5.03505e-35 -1.13825e-34 -4.43167e-35 -8.03741e-37 -1.95796e-35 4.30431e-37 -9.33369e-35 7.74699e-36 -3.76803e-38 7.45046e-38 5.03615e-38 1.18573e-37 2.86002e-35 -3.46264e-37 -8.08092e-36 -1.61577e-35 5.06731e-37 -4.84154e-36 2.78445e-36 -4.92123e-35 -1.33444e-35 -2.43253e-36 -1.13629e-36 -8.15682e-36 6.68204e-37 -6.86387e-37 -5.04971e-36 -1.81733e-35 2.3081e-38 -4.77498e-38 -3.37609e-38 6.85369e-38 2.58e-37 -7.87116e-37 3.57744e-35 4.77887e-40 3.51363e-39 -1.39519e-36 -4.45256e-38 -4.3114e-37 6.52832e-37 -2.13776e-36 6.64479e-15 4.29759e-38
1.7e-06 1800.01 3.28253e-07 0.00135344 8.26216e-08 0.00135376 1.03579e-07 4.03038e-07 1.32032e-08 1.07048e-10 -3.11519e-34 -9.70201e-35 0.0040622 -3.16447e-36 6.21186e-37 1.24298e-35 1.28881e-36 -4.80145e-34 -3.42568e-34 -1.67134e-32 -1.84698e-33 3.36588e-35 -4.03098e-34 2.09697e-36 -8.05516e-37 -5.38257e-36 1.51282e-36 -6.57123e-34 1.60645e-35 -2.09343e-34 1.89099e-36 -8.28696e-36 -2.69165e-35 -2.08846e-34 -5.78144e-36 -2.89004e-35 3.05494e-37 1.18873e-35 -2.74434e-37 4.59915e-37 1.60297e-36 3.64205e-38 -3.5491e-37 -2.94159e-35 -8.12688e-39 -5.5573e-37 -6.08719e-36 -4.37804e-37 2.99145e-36 1.93823e-37 3.00282e-36 -2.07394e-35 -5.56208e-35 1.16129e-35 -4.58026e-35 -9.81202e-35 -3.6952e-35 -4.45609e-37 -1.27261e-35 7.50986e-37 -7.64716e-35 5.42384e-36 -6.91538e-38 1.25686e-37 1.11489e-37 2.01522e-37 2.01433e-35 -5.94288e-37 -5.82243e-36 -1.38227e-35 2.89189e-36 -2.98144e-36 1.74009e-36 -4.29983e-35 -8.58493e-36 -2.31472e-36 1.94141e-36 -5.13243e-36 1.18415e-36 -6.77982e-37 -3.4205e-36 -1.32196e-35 3.90566e-38 -8.30711e-38 -5.85176e-38 1.83882e-37 1.83961e-37 -5.31501e-37 2.87303e-35 1.24745e-39 7.99979e-39 -8.22095e-37 -2.36355e-38 -2.29297e-37 3.73729e-37 -1.26907e-36 8.44721e-15 7.28706e-38
1.8e-06 1800.01 4.23388e-07 0.00135326 1.06042e-07 0.00135367 1.32771e-07 5.21478e-07 1.46813e-08 1.25136e-10 -2.94089e-34 -9.15916e-35 0.0040622 -4.65693e-36 -3.92859e-37 2.69022e-35 1.64677e-36 -2.86863e-34 -3.32474e-34 -1.68032e-32 -1.81597e-33 5.67857e-35 -2.97753e-34 3.12663e-36 -1.31387e-36 -3.29246e-36 2.23849e-36 -5.60742e-34 4.11022e-35 -1.74397e-34 7.56245e-36 -4.17097e-36 -1.80955e-35 -1.61902e-34 -1.89946e-36 -1.62323e-35 4.99253e-37 1.50013e-35 -4.20159e-37 7.93275e-37 2.68857e-36 7.26876e-38 -5.80637e-37 -2.32299e-35 1.40429e-38 -2.03479e-37 -1.00076e-35 -8.54169e-37 2.09134e-36 9.35704e-38 5.63091e-36 -1.51333e-35 -1.8084e-35 2.1369e-35 -3.72638e-35 -7.15992e-35 -2.49716e-35 8.73154e-38 -2.64925e-36 1.18172e-36 -5.05726e-35 1.831e-36 -1.11767e-37 1.92556e-37 1.93077e-37 3.10632e-37 7.64312e-36 -9.30967e-37 -2.55487e-36 -9.7363e-36 6.00621e-36 -3.15766e-37 1.69018e-37 -3.17389e-35 -1.4765e-36 -2.03967e-36 6.0423e-36 -6.23878e-37 1.87666e-36 -6.35226e-37 -9.41764e-37 -5.52326e-36 5.99668e-38 -1.30301e-37 -9.14411e-38 3.36097e-37 6.8046e-38 -1.43082e-37 1.79707e-35 2.27147e-39 1.39814e-38 3.48167e-38 7.23746e-39 6.84013e-38 -4.14586e-38 2.42478e-38 1.07667e-14 1.11772e-37
1.9e-06 1800.02 5.44592e-07 0.00135303 1.36281e-07 0.00135356 1.70265e-07 6.7323e-07 1.621e-08 1.44712e-10 -2.6726e-34 -8.32364e-35 0.0040622 -6.6344e-36 -1.75883e-36 4.43005e-35 1.99631e-36 -1.51045e-35 -3.02349e-34 -1.68515e-32 -1.73821e-33 8.51295e-35 -1.48818e-34 4.4017e-36 -1.98616e-36 -2.48001e-37 3.10507e-36 -4.21084e-34 7.29299e-35 -1.18959e-34 1.50687e-35 1.93915e-36 -6.41439e-36 -9.30786e-35 3.47174e-36 1.41705e-36 7.51777e-37 1.90013e-35 -6.11384e-37 1.23103e-36 4.11933e-36 1.20463e-37 -8.79097e-37 -1.40445e-35 4.47459e-38 3.06099e-37 -1.5162e-35 -1.4019e-36 6.77946e-37 -3.63871e-38 9.08123e-36 -6.47094e-36 3.60399e-35 3.39592e-35 -2.34525e-35 -3.09214e-35 -6.95453e-36 8.46905e-37 1.16023e-35 1.74641e-36 -1.29831e-35 -3.41973e-36 -1.67959e-37 2.7886e-37 3.00707e-37 4.51898e-37 -1.01101e-35 -1.37669e-36 2.02074e-36 -3.34424e-36 1.00703e-35 3.38111e-36 -2.08663e-36 -1.38505e-35 8.67875e-36 -1.55523e-36 1.14635e-35 5.80541e-36 2.78324e-36 -5.45362e-37 2.64528e-36 5.75608e-36 8.69789e-38 -1.91943e-37 -1.34303e-37 5.35926e-37 -1.02712e-37 4.1817e-37 2.38873e-36 3.61881e-39 2.18702e-38 1.2606e-36 5.10607e-38 4.90393e-37 -6.33355e-37 1.86896e-36 1.37439e-14 1.61928e-37
2e-06 1800.04 6.99345e-07 0.00135273 1.75111e-07 0.00135342 2.18322e-07 8.67665e-07 1.78016e-08 1.65834e-10 -2.28093e-34 -7.10385e-35 0.0040622 -9.18569e-36 -3.52929e-36 6.56895e-35 2.37695e-36 3.56849e-34 -2.45591e-34 -1.68325e-32 -1.59576e-33 1.20607e-34 5.57307e-35 6.00496e-36 -2.86206e-36 4.02468e-36 4.18813e-36 -2.26247e-34 1.13559e-34 -3.7078e-35 2.49098e-35 1.06259e-35 8.89256e-36 3.8572e-36 1.07245e-35 2.5431e-35 1.07787e-36 2.41276e-35 -8.58822e-37 1.80013e-36 5.98035e-36 1.82846e-37 -1.26739e-36 -9.81761e-37 8.63261e-38 1.01795e-36 -2.18521e-35 -2.11609e-36 -1.40254e-36 -2.09614e-37 1.35725e-35 6.17793e-36 1.11467e-34 5.0162e-35 -2.76075e-36 2.80728e-35 1.88644e-35 1.89694e-36 3.12003e-35 2.47684e-36 3.96094e-35 -1.08064e-35 -2.40932e-37 3.89666e-37 4.41021e-37 6.33536e-37 -3.4609e-35 -1.95672e-36 8.26993e-36 6.0426e-36 1.53434e-35 8.38601e-36 -5.21929e-36 1.26406e-35 2.27378e-35 -7.95381e-37 1.85603e-35 1.46897e-35 3.95512e-36 -3.91941e-37 7.65937e-36 2.16559e-35 1.21677e-37 -2.71504e-37 -1.8957e-37 7.9599e-37 -3.44281e-37 1.20147e-36 -1.93912e-35 5.37248e-39 3.2154e-38 2.95967e-36 1.11471e-37 1.07153e-36 -1.45181e-36 4.42077e-36 1.75591e-14 2.26333e-37
2.1e-06 1800.05 8.97103e-07 0.00135235 2.24856e-07 0.00135324 2.79844e-07 1.11672e-06 1.94724e-08 1.88603e-10 -1.72908e-34 -5.38521e-35 0.0040622 -1.24471e-35 -5.78603e-36 9.23712e-35 2.8268e-36 8.56531e-34 -1.5382e-34 -1.67152e-32 -1.36715e-33 1.65495e-34 3.3118e-34 8.03562e-36 -3.99256e-36 9.87062e-36 5.56877e-36 3.90903e-35 1.65487e-34 7.8809e-35 3.77052e-35 2.26203e-35 2.88017e-35 1.3679e-34 2.03512e-35 5.75541e-35 1.49709e-36 3.07044e-35 -1.17661e-36 2.53476e-36 8.3809e-36 2.63697e-37 -1.76809e-36 1.70532e-35 1.41719e-37 1.9885e-36 -3.04692e-35 -3.04043e-36 -4.34096e-36 -4.38633e-37 1.93777e-35 2.40077e-35 2.14088e-34 7.09483e-35 2.68379e-35 1.10605e-34 5.4702e-35 3.31746e-36 5.76157e-35 3.41543e-36 1.11375e-34 -2.09282e-35 -3.34942e-37 5.31601e-37 6.22442e-37 8.66354e-37 -6.77237e-35 -2.70413e-36 1.66446e-35 1.92896e-35 2.21461e-35 1.50435e-35 -9.46743e-36 5.02093e-35 4.17721e-35 3.23238e-37 2.77732e-35 2.66934e-35 5.4606e-36 -1.54071e-37 1.45003e-35 4.34774e-35 1.66136e-37 -3.73664e-37 -2.60512e-37 1.13206e-36 -6.76654e-37 2.26839e-36 -4.90989e-35 7.63797e-39 4.54505e-38 5.26292e-36 1.93025e-37 1.8555e-36 -2.55931e-36 7.87496e-36 2.24435e-14 3.08878e-37
2.2e-06 1800.07 1.14988e-06 0.00135187 2.88523e-07 0.001353 3.58557e-07 1.43561e-06 2.12424e-08 2.13167e-10 -9.70631e-35 -3.02315e-35 0.0040622 -1.66044e-35 -8.64045e-36 1.25967e-34 3.38792e-36 1.51904e-33 -1.6378e-35 -1.6461e-32 -1.02589e-33 2.22612e-34 6.97002e-34 1.06183e-35 -5.44379e-36 1.77269e-35 7.3419e-36 3.94591e-34 2.31862e-34 2.38319e-34 5.42338e-35 3.88453e-35 5.45545e-35 3.15723e-34 3.29722e-35 1e-34 2.03482e-36 3.91641e-35 -1.58326e-36 3.47888e-36 1.14622e-35 3.67933e-37 -2.41069e-36 4.14358e-35 2.14646e-37 3.28912e-36 -4.15214e-35 -4.2304e-36 -8.37556e-36 -7.369e-37 2.68439e-35 4.85622e-35 3.51307e-34 9.75498e-35 6.79017e-35 2.23252e-34 1.03353e-34 5.20987e-36 9.27105e-35 4.61777e-36 2.07583e-34 -3.4542e-35 -4.55569e-37 7.13202e-37 8.55822e-37 1.16431e-36 -1.11815e-34 -3.66222e-36 2.77073e-35 3.74881e-35 3.08817e-35 2.37845e-35 -1.51281e-35 1.01968e-34 6.71328e-35 1.90552e-36 3.96557e-35 4.26481e-35 7.38878e-36 1.94503e-37 2.36736e-35 7.28648e-35 2.23026e-37 -5.0452e-37 -3.51373e-37 1.56425e-36 -1.12506e-36 3.69653e-36 -8.89201e-35 1.05509e-38 6.2555e-38 8.33603e-36 3.01495e-37 2.89758e-36 -4.03496e-36 1.24788e-35 2.86929e-14 4.14564e-37
2.3e-06 1800.1 1.47298e-06 0.00135124 3.69968e-07 0.00135271 4.59222e-07 1.84374e-06 2.31371e-08 2.39735e-10 5.32597e-36 1.65573e-36 0.0040622 -2.18993e-35 -1.22339e-35 1.68518e-34 4.11267e-36 2.38918e-33 1.803e-34 -1.60213e-32 -5.38795e-34 2.95525e-34 1.178e-33 1.39121e-35 -7.30095e-36 2.81477e-35 9.62494e-36 8.65449e-34 3.16685e-34 4.53678e-34 7.54786e-35 6.04696e-35 8.77245e-35 5.53353e-34 4.93679e-35 1.5558e-34 2.72369e-36 5.00794e-35 -2.10271e-36 4.68905e-36 1.54057e-35 5.01848e-37 -3.23331e-36 7.38995e-35 3.09844e-37 5.01015e-36 -5.56617e-35 -5.75669e-36 -1.38043e-35 -1.12022e-36 3.6414e-35 8.18496e-35 5.32439e-34 1.31534e-34 1.23657e-34 3.74305e-34 1.68345e-34 7.7032e-36 1.38847e-34 6.15571e-36 3.34888e-34 -5.26071e-35 -6.10025e-37 9.45388e-37 1.15514e-36 1.5453e-36 -1.69871e-34 -4.88709e-36 4.21595e-35 6.20157e-35 4.20596e-35 3.51481e-35 -2.25709e-35 1.71831e-34 1.00527e-34 4.08307e-36 5.49054e-35 6.35941e-35 9.85429e-36 6.86481e-37 3.58202e-35 1.11901e-34 2.95768e-37 -6.71915e-37 -4.67602e-37 2.11832e-36 -1.72139e-36 5.58395e-36 -1.41619e-34 1.42851e-38 8.44913e-38 1.23896e-35 4.44222e-37 4.26814e-36 -5.97936e-36 1.85467e-35 3.66845e-14 5.49796e-37
2.4e-06 1800.13 1.8804e-06 0.00135047 4.7947e-07 0.00135234 5.65226e-07 2.36314e-06 2.5678e-08 2.67907e-10 -8.5913e-35 -2.67592e-35 0.0040622 -2.18372e-35 -6.14722e-35 1.37449e-34 -2.61842e-35 2.93105e-33 3.72551e-34 -2.52608e-32 -1.85508e-33 1.90742e-34 1.33964e-33 1.80455e-36 -8.25951e-36 3.68596e-35 -2.44077e-35 8.50301e-34 3.08133e-34 6.20217e-34 9.51514e-35 8.58343e-35 8.59108e-35 6.07541e-34 6.5094e-35 1.82074e-34 2.09509e-36 -1.92412e-35 -2.09298e-36 4.92424e-36 1.62325e-35 6.06734e-37 -3.38144e-36 1.08515e-34 4.22177e-37 6.75983e-36 -5.44314e-35 -6.80935e-36 -2.27675e-35 -3.37261e-36 4.13387e-35 1.18922e-34 7.26561e-34 1.35065e-34 1.81235e-34 5.41855e-34 2.3522e-34 1.0825e-35 1.81566e-34 5.40711e-36 4.24092e-34 -7.47392e-35 -6.08112e-37 4.4903e-37 1.29334e-36 9.03691e-37 -2.24449e-34 -5.47946e-36 5.67418e-35 9.14944e-35 4.54223e-35 4.587e-35 -3.14417e-35 2.60278e-34 1.38257e-34 5.78414e-36 6.77652e-35 8.67311e-35 8.4439e-36 6.56897e-37 4.98271e-35 1.57566e-34 1.50535e-37 -5.40196e-37 -3.47388e-37 2.42318e-36 -2.47185e-36 7.78262e-36 -1.81991e-34 1.56172e-38 9.53912e-38 1.74548e-35 6.24746e-37 5.97715e-36 -8.39726e-36 2.58875e-35 9.36123e-15 2.28314e-37
2.5e-06 1800.18 2.39284e-06 0.00134948 6.15883e-07 0.00135187 7.10745e-07 3.01568e-06 2.84561e-08 2.99365e-10 -1.91598e-34 -5.9673e-35 0.0040622 -2.7283e-35 -7.85026e-35 1.08886e-34 -3.66128e-35 3.61181e-33 6.14091e-34 -3.68736e-32 -3.30228e-33 1.34928e-34 1.54703e-33 -3.05486e-36 -1.0028e-35 4.80375e-35 -3.29141e-35 8.1581e-34 3.32558e-34 8.3592e-34 1.18791e-34 1.17517e-34 8.59406e-35 6.96339e-34 8.33633e-35 2.1714e-34 2.40196e-36 -4.99017e-35 -2.47155e-36 5.73405e-36 1.91522e-35 7.46332e-37 -4.03679e-36 1.49929e-34 5.58492e-37 9.00356e-36 -6.27278e-35 -8.28742e-36 -3.3033e-35 -4.47535e-36 4.94906e-35 1.66325e-34 9.68812e-34 1.52863e-34 2.52419e-34 7.42343e-34 3.18208e-34 1.46766e-35 2.36114e-34 6.30352e-36 5.38834e-34 -1.02135e-34 -7.25901e-37 5.70311e-37 1.55934e-36 1.13906e-36 -2.92652e-34 -6.6201e-36 7.39639e-35 1.28141e-34 5.30975e-35 5.89776e-35 -4.22802e-35 3.69299e-34 1.84818e-34 8.12996e-36 8.40499e-35 1.15411e-34 9.90671e-36 8.74059e-37 6.73094e-35 2.14382e-34 1.90726e-37 -6.58843e-37 -4.31937e-37 2.91309e-36 -3.40017e-36 1.0505e-35 -2.33806e-34 1.86282e-38 1.14789e-37 2.36689e-35 8.44881e-37 8.06318e-36 -1.13597e-35 3.49174e-35 1.04745e-14 2.8712e-37
2.6e-06 1800.23 3.04215e-06 0.00134824 7.87259e-07 0.00135127 9.00554e-07 3.84163e-06 3.15237e-08 3.34137e-10 -3.20397e-34 -9.97855e-35 0.0040622 -3.62056e-35 -9.73065e-35 9.7165e-35 -4.73867e-35 4.50187e-33 9.2005e-34 -5.16001e-32 -5.06418e-33 1.15718e-34 1.82318e-33 -5.55722e-36 -1.2643e-35 6.24484e-35 -4.20369e-35 7.82629e-34 3.87294e-34 1.1123e-33 1.49298e-34 1.57962e-34 8.83356e-35 8.21928e-34 1.05785e-34 2.64279e-34 3.04695e-36 -6.78634e-35 -3.11767e-36 7.08279e-36 2.38983e-35 9.37619e-37 -5.08799e-36 2.01969e-34 7.31233e-37 1.1898e-35 -7.7925e-35 -1.03514e-35 -4.56071e-35 -5.47585e-36 6.14818e-35 2.27515e-34 1.27713e-33 1.83945e-34 3.42687e-34 9.93252e-34 4.23694e-34 1.95701e-35 3.06643e-34 7.99527e-36 6.86592e-34 -1.37005e-34 -9.20119e-37 7.54376e-37 1.95558e-36 1.4934e-36 -3.79832e-34 -8.33766e-36 9.52638e-35 1.74667e-34 6.51156e-35 7.54394e-35 -5.58852e-35 5.06472e-34 2.43914e-34 1.12106e-35 1.05408e-34 1.51587e-34 1.26054e-35 1.23094e-36 8.96547e-35 2.86854e-34 2.51461e-37 -8.50479e-37 -5.60714e-37 3.62958e-36 -4.58188e-36 1.39639e-35 -3.0066e-34 2.3265e-38 1.43769e-37 3.15619e-35 1.12388e-36 1.07079e-35 -1.51208e-35 4.6402e-35 1.34764e-14 3.81027e-37
2.7e-06 1800.3 3.86616e-06 0.00134665 1.00369e-06 0.00135051 1.14381e-06 4.88936e-06 3.49437e-08 3.725e-10 -4.80588e-34 -1.49675e-34 0.0040622 -4.68311e-35 -1.21923e-34 9.97497e-35 -6.04405e-35 5.66433e-33 1.30917e-33 -7.03018e-32 -7.29289e-33 1.22807e-34 2.18841e-33 -7.40181e-36 -1.61725e-35 8.10125e-35 -5.31449e-35 7.51721e-34 4.7286e-34 1.46564e-33 1.88884e-34 2.09768e-34 9.34871e-35 9.89674e-34 1.33898e-34 3.26384e-34 3.92975e-36 -8.35109e-35 -4.00627e-36 8.98388e-36 3.04504e-35 1.1934e-36 -6.51988e-36 2.68189e-34 9.52536e-37 1.56189e-35 -9.93342e-35 -1.31232e-35 -6.13707e-35 -6.72899e-36 7.78368e-35 3.07715e-34 1.66989e-33 2.28892e-34 4.57832e-34 1.31112e-33 5.58323e-34 2.58371e-35 3.97605e-34 1.03143e-35 8.76155e-34 -1.81639e-34 -1.18368e-36 9.88139e-37 2.49589e-36 1.94595e-36 -4.91676e-34 -1.06657e-35 1.2202e-34 2.33989e-34 8.17414e-35 9.62061e-35 -7.299e-35 6.8012e-34 3.19291e-34 1.51813e-35 1.33206e-34 1.97264e-34 1.62557e-35 1.72394e-36 1.18332e-34 3.79708e-34 3.28784e-37 -1.1013e-36 -7.27083e-37 4.60683e-36 -6.09331e-36 1.83781e-35 -3.8663e-34 2.96124e-38 1.83355e-37 4.16728e-35 1.48107e-36 1.40937e-35 -1.99382e-35 6.11249e-35 1.72787e-14 5.02388e-37
2.8e-06 1800.39 4.91159e-06 0.00134464 1.27777e-06 0.00134955 1.45356e-06 6.21877e-06 3.87884e-08 4.14924e-10 -6.81375e-34 -2.12206e-34 0.0040622 -5.97513e-35 -1.53643e-34 1.14613e-34 -7.65422e-35 7.1762e-33 1.80494e-33 -9.4025e-32 -1.01416e-32 1.50787e-34 2.6678e-33 -9.18498e-36 -2.07496e-35 1.04816e-34 -6.69565e-35 7.26927e-34 5.92529e-34 1.91728e-33 2.39736e-34 2.75943e-34 1.01947e-34 1.20807e-33 1.69286e-34 4.0695e-34 5.07147e-36 -1.00881e-34 -5.15955e-36 1.15018e-35 3.89916e-35 1.52761e-36 -8.37458e-36 3.52418e-34 1.23613e-36 2.0375e-35 -1.27357e-34 -1.67373e-35 -8.12183e-35 -8.37264e-36 9.9251e-35 4.13873e-34 2.16742e-33 2.89357e-34 6.04474e-34 1.71403e-33 7.29652e-34 3.38649e-35 5.14244e-34 1.33111e-35 1.11793e-33 -2.38669e-34 -1.52448e-36 1.2838e-36 3.203e-36 2.51918e-36 -6.34693e-34 -1.36829e-35 1.55627e-34 3.09465e-34 1.03509e-34 1.22285e-34 -9.43311e-35 8.99731e-34 4.15166e-34 2.02424e-35 1.68828e-34 2.54587e-34 2.09386e-35 2.3586e-36 1.55034e-34 4.98397e-34 4.26633e-37 -1.42116e-36 -9.38483e-37 5.88897e-36 -8.02111e-36 2.39947e-35 -4.96524e-34 3.79074e-38 2.35194e-37 5.46231e-35 1.93862e-36 1.84299e-35 -2.61089e-35 7.9993e-35 2.20909e-14 6.573e-37
2.9e-06 1800.5 6.23676e-06 0.0013421 1.62522e-06 0.00134833 1.84693e-06 7.90469e-06 4.31392e-08 4.62057e-10 -9.3379e-34 -2.90817e-34 0.0040622 -7.58636e-35 -1.9384e-34 1.41501e-34 -9.64602e-35 9.13496e-33 2.43684e-33 -1.24063e-31 -1.37859e-32 1.9858e-34 3.29353e-33 -1.1105e-35 -2.65772e-35 1.3517e-34 -8.42326e-35 7.15946e-34 7.52154e-34 2.49407e-33 3.04268e-34 3.60065e-34 1.14421e-34 1.48865e-33 2.13649e-34 5.10294e-34 6.53082e-36 -1.21382e-34 -6.62783e-36 1.47494e-35 4.98666e-35 1.95777e-36 -1.0733e-35 4.59051e-34 1.59863e-36 2.64178e-35 -1.63083e-34 -2.13628e-35 -1.06118e-34 -1.04816e-35 1.26671e-34 5.55298e-34 2.79277e-33 3.67973e-34 7.90282e-34 2.22257e-33 9.46476e-34 4.41273e-35 6.62922e-34 1.71276e-35 1.42424e-33 -3.11245e-34 -1.95864e-36 1.65748e-36 4.11078e-36 3.24376e-36 -8.16565e-34 -1.7517e-35 1.97546e-34 4.05033e-34 1.31204e-34 1.54763e-34 -1.20652e-34 1.17619e-33 5.36474e-34 2.66273e-35 2.13813e-34 3.25874e-34 2.6867e-35 3.13391e-36 2.01794e-34 6.49434e-34 5.50263e-37 -1.8265e-36 -1.20584e-36 7.53672e-36 -1.04674e-35 3.11033e-35 -6.36069e-34 4.85284e-38 3.01762e-37 7.11678e-35 2.52351e-36 2.39705e-35 -3.39936e-35 1.0411e-34 2.82355e-14 8.54444e-37
3e-06 1800.65 7.91462e-06 0.00133887 2.06576e-06 0.00134679 2.34575e-06 1.00408e-05 4.80829e-08 5.14742e-10 -1.25144e-33 -3.89743e-34 0.0040622 -9.61725e-35 -2.44213e-34 1.81766e-34 -1.21037e-34 1.16649e-32 3.24183e-33 -1.62014e-31 -1.84384e-32 2.68835e-34 4.10699e-33 -1.31898e-35 -3.39273e-35 1.7365e-34 -1.05848e-34 7.31868e-34 9.60236e-34 3.22922e-33 3.85225e-34 4.66406e-34 1.31766e-34 1.84606e-33 2.68814e-34 6.41689e-34 8.38832e-36 -1.45152e-34 -8.48281e-36 1.88866e-35 6.35557e-35 2.50637e-36 -1.37071e-35 5.93198e-34 2.06061e-36 3.4048e-35 -2.08104e-34 -2.72123e-35 -1.37125e-34 -1.31169e-35 1.61319e-34 7.44631e-34 3.57169e-33 4.68346e-34 1.02406e-33 2.86019e-33 1.21897e-33 5.72126e-35 8.51366e-34 2.19659e-35 1.80943e-33 -4.03162e-34 -2.50853e-36 2.12893e-36 5.26536e-36 4.15759e-36 -1.0464e-33 -2.23424e-35 2.49276e-34 5.25293e-34 1.65819e-34 1.94776e-34 -1.52656e-34 1.52181e-33 6.88999e-34 3.45903e-35 2.69883e-34 4.13547e-34 3.43313e-35 4.02732e-36 2.61059e-34 8.40627e-34 7.06123e-37 -2.33859e-36 -1.54292e-36 9.63032e-36 -1.35529e-35 4.00426e-35 -8.12011e-34 6.19892e-38 3.86429e-37 9.22394e-35 3.26923e-36 3.10303e-35 -4.40385e-35 1.34843e-34 3.61245e-14 1.10491e-36
3.1e-06 1800.83 1.00361e-05 0.00133479 2.62414e-06 0.00134484 2.97755e-06 1.2744e-05 5.37074e-08 5.74065e-10 -1.65122e-33 -5.14251e-34 0.0040622 -1.21854e-34 -3.06761e-34 2.38322e-34 -1.51177e-34 1.49242e-32 4.26595e-33 -2.09841e-31 -2.43618e-32 3.6779e-34 5.16127e-33 -1.53519e-35 -4.31398e-35 2.22133e-34 -1.32824e-34 7.95941e-34 1.22816e-33 4.16349e-33 4.85672e-34 5.9999e-34 1.54976e-34 2.29816e-33 3.36681e-34 8.07433e-34 1.07458e-35 -1.71355e-34 -1.08158e-35 2.41217e-35 8.0657e-35 3.20185e-36 -1.74373e-35 7.60715e-34 2.64765e-36 4.36189e-35 -2.64433e-34 -3.45448e-35 -1.75351e-34 -1.63356e-35 2.04698e-34 9.99154e-34 4.53183e-33 5.95061e-34 1.31566e-33 3.65291e-33 1.55861e-33 7.38532e-35 1.08884e-33 2.80843e-35 2.2898e-33 -5.18956e-34 -3.20265e-36 2.72201e-36 6.72612e-36 5.30665e-36 -1.33486e-33 -2.83765e-35 3.12268e-34 6.75505e-34 2.08493e-34 2.43437e-34 -1.90906e-34 1.95009e-33 8.79407e-34 4.4387e-35 3.38891e-34 5.19943e-34 4.36893e-35 4.97262e-36 3.35753e-34 1.08123e-33 9.01997e-37 -2.9837e-36 -1.96648e-36 1.22713e-35 -1.74179e-35 5.12024e-35 -1.03213e-33 7.89402e-38 4.93544e-37 1.18991e-34 4.21746e-36 4e-35 -5.67964e-35 1.73883e-34 4.63011e-14 1.4226e-36
3.2e-06 1801.07 1.27138e-05 0.00132963 3.33133e-06 0.00134237 3.77673e-06 1.61596e-05 6.00913e-08 6.41424e-10 -2.15418e-33 -6.70889e-34 0.0040622 -1.54327e-34 -3.83679e-34 3.15822e-34 -1.8779e-34 1.91133e-32 5.56619e-33 -2.69933e-31 -3.18812e-32 5.05718e-34 6.52405e-33 -1.73724e-35 -5.46207e-35 2.82799e-34 -1.66353e-34 9.41853e-34 1.57055e-33 5.34629e-33 6.08865e-34 7.66581e-34 1.85154e-34 2.86607e-33 4.19078e-34 1.01485e-33 1.37295e-35 -1.97924e-34 -1.37377e-35 3.07141e-35 1.01871e-34 4.07949e-36 -2.20912e-35 9.68088e-34 3.39141e-36 5.55339e-35 -3.34452e-34 -4.36636e-35 -2.21879e-34 -2.01825e-35 2.58562e-34 1.34245e-33 5.70078e-33 7.53665e-34 1.6756e-33 4.62831e-33 1.97784e-33 9.49568e-35 1.38625e-33 3.5802e-35 2.88309e-33 -6.63944e-34 -4.076e-36 3.46507e-36 8.56699e-36 6.74561e-36 -1.69413e-33 -3.58762e-35 3.87709e-34 8.61472e-34 2.60408e-34 3.01691e-34 -2.35661e-34 2.47499e-33 1.11513e-33 5.62402e-35 4.22682e-34 6.46987e-34 5.53636e-35 5.82487e-36 4.29296e-34 1.38198e-33 1.14709e-36 -3.79357e-36 -2.4965e-36 1.55833e-35 -2.22211e-35 6.50161e-35 -1.30509e-33 1.00172e-37 6.28514e-37 1.52838e-34 5.41989e-36 5.13621e-35 -7.29479e-35 2.23314e-34 5.95015e-14 1.82464e-36
3.3e-06 1801.37 1.60862e-05 0.00132313 4.226e-06 0.00133926 4.78602e-06 2.04671e-05 6.72911e-08 7.18643e-10 -2.7864e-33 -8.67783e-34 0.0040622 -1.95315e-34 -4.77173e-34 4.2099e-34 -2.31684e-34 2.44831e-32 7.2122e-33 -3.45157e-31 -4.13975e-32 6.97871e-34 8.28074e-33 -1.88475e-35 -6.88351e-35 3.58107e-34 -2.07799e-34 1.22191e-33 2.00556e-33 6.8368e-33 7.57978e-34 9.72549e-34 2.23447e-34 3.5739e-33 5.17498e-34 1.27215e-33 1.74928e-35 -2.20928e-34 -1.73791e-35 3.89771e-35 1.27975e-34 5.18217e-36 -2.78612e-35 1.22211e-33 4.33072e-36 7.02349e-35 -4.2083e-34 -5.49084e-35 -2.77599e-34 -2.46708e-35 3.2486e-34 1.80637e-33 7.10264e-33 9.50549e-34 2.11427e-33 5.8133e-33 2.48921e-33 1.2164e-34 1.75604e-33 4.55051e-35 3.60738e-33 -8.44184e-34 -5.17059e-36 4.39088e-36 1.08776e-35 8.53781e-36 -2.13756e-33 -4.51298e-35 4.76187e-34 1.08924e-33 3.22626e-34 3.70084e-34 -2.86655e-34 3.1096e-33 1.40403e-33 7.02843e-35 5.22843e-34 7.95671e-34 6.9836e-35 6.30456e-36 5.45552e-34 1.75487e-33 1.45199e-36 -4.80562e-36 -3.15614e-36 1.97124e-35 -2.81339e-35 8.19398e-35 -1.64003e-33 1.26614e-37 7.97897e-37 1.95501e-34 6.94009e-36 6.57068e-35 -9.33226e-35 2.85674e-34 7.67509e-14 2.33188e-36
3.4e-06 1801.74 2.03223e-05 0.00131495 5.35621e-06 0.00133534 6.05814e-06 2.58862e-05 7.53205e-08 8.08158e-10 -3.58014e-33 -1.11498e-33 0.0040622 -2.46882e-34 -5.89115e-34 5.63056e-34 -2.83372e-34 3.13418e-32 9.28775e-33 -4.38899e-31 -5.34009e-32 9.65854e-34 1.05373e-32 -1.91073e-35 -8.62911e-35 4.50693e-34 -2.5868e-34 1.71541e-33 2.55499e-33 8.70443e-33 9.35612e-34 1.22452e-33 2.70918e-34 4.4477e-33 6.32703e-34 1.588e-33 2.22185e-35 -2.33557e-34 -2.18883e-35 4.92773e-35 1.59767e-34 6.5607e-36 -3.49577e-35 1.52924e-33 5.5126e-36 8.81753e-35 -5.26369e-34 -6.86349e-35 -3.4294e-34 -2.97499e-35 4.05609e-34 2.43299e-33 8.75244e-33 1.19266e-33 2.64061e-33 7.23023e-33 3.10393e-33 1.55258e-34 2.21185e-33 5.76488e-35 4.47902e-33 -1.06628e-33 -6.53549e-36 5.5357e-36 1.37637e-35 1.07536e-35 -2.67896e-33 -5.64411e-35 5.77173e-34 1.36451e-33 3.95846e-34 4.48454e-34 -3.42821e-34 3.86379e-33 1.75374e-33 8.6481e-35 6.40307e-34 9.65334e-34 8.76284e-35 5.91117e-36 6.88669e-34 2.2126e-33 1.82831e-36 -6.06269e-36 -3.9712e-36 2.48237e-35 -3.53277e-35 1.02411e-34 -2.04577e-33 1.59328e-37 1.00944e-36 2.49036e-34 8.85534e-36 8.37471e-35 -1.18917e-34 3.64011e-34 9.95178e-14 2.969e-36
3.5e-06 1802.21 2.5625e-05 0.00130469 6.78135e-06 0.00133042 7.65743e-06 3.26832e-05 8.41265e-08 9.13318e-10 -4.57514e-33 -1.42486e-33 0.0040622 -3.11428e-34 -7.20462e-34 7.54145e-34 -3.42772e-34 4.00561e-32 1.1891e-32 -5.55068e-31 -6.84841e-32 1.33917e-33 1.34212e-32 -1.71162e-35 -1.07504e-34 5.63172e-34 -3.20625e-34 2.53923e-33 3.24386e-33 1.10283e-32 1.14305e-33 1.52872e-33 3.28322e-34 5.51347e-33 7.6415e-34 1.97075e-33 2.8117e-35 -2.24751e-34 -2.74252e-35 6.20276e-35 1.97979e-34 8.27353e-36 -4.35946e-35 1.89448e-33 6.99294e-36 1.09769e-34 -6.53719e-34 -8.51788e-35 -4.17451e-34 -3.52621e-35 5.0266e-34 3.27594e-33 1.06482e-32 1.48688e-33 3.25985e-33 8.89075e-33 3.82935e-33 1.97434e-34 2.76762e-33 7.27516e-35 5.50927e-33 -1.33693e-33 -8.22599e-36 6.93699e-36 1.73464e-35 1.34662e-35 -3.33113e-33 -7.00983e-35 6.88327e-34 1.69169e-33 4.80049e-34 5.3552e-34 -4.02019e-34 4.74079e-33 2.17046e-33 1.045e-34 7.74794e-34 1.15279e-33 1.09262e-34 3.79525e-36 8.62719e-34 2.76735e-33 2.28786e-36 -7.61144e-36 -4.96876e-36 3.10937e-35 -4.39524e-35 1.26778e-34 -2.52941e-33 1.99466e-37 1.27201e-36 3.15847e-34 1.12581e-35 1.06327e-34 -1.50903e-34 4.61908e-34 1.29975e-13 3.76433e-36
3.6e-06 1802.8 3.22346e-05 0.00129189 8.5742e-06 0.00132427 9.66159e-06 4.11761e-05 9.35635e-08 1.03888e-09 -5.82023e-33 -1.81262e-33 0.0040622 -3.91595e-34 -8.70335e-34 1.00935e-33 -4.08757e-34 5.10396e-32 1.51325e-32 -6.9805e-31 -8.73543e-32 1.85645e-33 1.7079e-32 -1.13726e-35 -1.32936e-34 6.97776e-34 -3.95279e-34 3.8596e-33 4.09874e-33 1.38944e-32 1.37917e-33 1.88982e-33 3.95771e-34 6.79334e-33 9.09294e-34 2.42703e-33 3.54187e-35 -1.77522e-34 -3.41494e-35 7.76667e-35 2.4312e-34 1.03849e-35 -5.39632e-35 2.31962e-33 8.83648e-36 1.35306e-34 -8.04883e-34 -1.04793e-34 -4.99223e-34 -4.08847e-35 6.17329e-34 4.39961e-33 1.27609e-32 1.83893e-33 3.97043e-33 1.07871e-32 4.66543e-33 2.5006e-34 3.43601e-33 9.13723e-35 6.69931e-33 -1.66211e-33 -1.03011e-35 8.62863e-36 2.17573e-35 1.67434e-35 -4.10354e-33 -8.63218e-35 8.04655e-34 2.07236e-33 5.74021e-34 6.28469e-34 -4.60852e-34 5.73226e-33 2.65721e-33 1.23569e-34 9.24099e-34 1.35141e-33 1.35185e-34 -1.41919e-36 1.07104e-33 3.4287e-33 2.84107e-36 -9.49899e-36 -6.17441e-36 3.86938e-35 -5.40996e-35 1.55189e-34 -3.09422e-33 2.48202e-37 1.59528e-36 3.98654e-34 1.42562e-35 1.34419e-34 -1.9062e-34 5.83453e-34 1.71441e-13 4.74863e-36
3.7e-06 1803.54 4.04289e-05 0.00127597 1.0823e-05 0.0013166 1.21629e-05 5.17373e-05 1.03373e-07 1.19177e-09 -7.37509e-33 -2.29686e-33 0.0040622 -4.90006e-34 -1.03469e-33 1.34601e-33 -4.78558e-34 6.4717e-32 1.91288e-32 -8.72565e-31 -1.1084e-31 2.56528e-33 2.16652e-32 1.51712e-37 -1.62895e-34 8.55793e-34 -4.84182e-34 5.90235e-33 5.14422e-33 1.73895e-32 1.63917e-33 2.30923e-33 4.72269e-34 8.29934e-33 1.06286e-33 2.9596e-33 4.43557e-35 -6.72824e-35 -4.21979e-35 9.66191e-35 2.95247e-34 1.29605e-35 -6.61886e-35 2.80082e-33 1.11155e-35 1.64826e-34 -9.80457e-34 -1.27556e-34 -5.84161e-34 -4.6068e-35 7.49841e-34 5.87391e-33 1.5023e-32 2.25154e-33 4.75986e-33 1.28806e-32 5.5998e-33 3.15279e-34 4.22576e-33 1.14059e-34 8.0336e-33 -2.04568e-33 -1.28181e-35 1.06329e-35 2.71293e-35 2.06328e-35 -4.99883e-33 -1.05183e-34 9.17701e-34 2.50327e-33 6.74815e-34 7.22619e-34 -5.14744e-34 6.8123e-33 3.21123e-33 1.42313e-34 1.08332e-33 1.55055e-33 1.65645e-34 -1.18557e-35 1.3152e-33 4.20023e-33 3.49428e-36 -1.17665e-35 -7.60749e-36 4.77616e-35 -6.57505e-35 1.8744e-34 -3.73666e-33 3.06604e-37 1.98908e-36 5.00389e-34 1.79719e-35 1.69104e-34 -2.39528e-34 7.33106e-34 2.29151e-13 5.95245e-36
3.8e-06 1804.45 5.05198e-05 0.00125631 1.36334e-05 0.00130711 1.52688e-05 6.47927e-05 1.13185e-07 1.38227e-09 -9.31251e-33 -2.90024e-33 0.0040622 -6.08724e-34 -1.20458e-33 1.78152e-33 -5.47052e-34 8.14464e-32 2.3989e-32 -1.08342e-30 -1.39893e-31 3.51916e-33 2.7318e-32 1.996e-35 -1.97389e-34 1.03676e-33 -5.88582e-34 8.95564e-33 6.39635e-33 2.1589e-32 1.91314e-33 2.7827e-33 5.55187e-34 1.00242e-32 1.21628e-33 3.56432e-33 5.51288e-35 1.39116e-34 -5.16504e-35 1.19224e-34 3.53654e-34 1.60602e-35 -8.02666e-35 3.32541e-33 1.39061e-35 1.9795e-34 -1.17857e-33 -1.5324e-34 -6.65222e-34 -4.99799e-35 8.98585e-34 7.76133e-33 1.73189e-32 2.72176e-33 5.60008e-33 1.50899e-32 6.60212e-33 3.95394e-34 5.13774e-33 1.41255e-34 9.47206e-33 -2.48736e-33 -1.58239e-35 1.29479e-35 3.35795e-35 2.51395e-35 -6.00819e-33 -1.26492e-34 1.01507e-33 2.97375e-33 7.77217e-34 8.11379e-34 -5.58397e-34 7.93126e-33 3.82079e-33 1.58628e-34 1.24423e-33 1.73559e-33 2.00519e-34 -3.06083e-35 1.59339e-33 5.07479e-33 4.24559e-36 -1.44386e-35 -9.27388e-36 5.83542e-35 -7.87056e-35 2.22777e-34 -4.44264e-33 3.75437e-37 2.46218e-36 6.23979e-34 2.25367e-35 2.11507e-34 -2.99122e-34 9.15413e-34 3.11557e-13 7.40147e-36
3.9e-06 1805.57 6.28427e-05 0.00123221 1.71297e-05 0.00129542 1.91005e-05 8.08122e-05 1.22546e-07 1.62564e-09 -1.17206e-32 -3.65021e-33 0.0040622 -7.48255e-34 -1.36435e-33 2.32866e-33 -6.06086e-34 1.01384e-31 2.97904e-32 -1.33514e-30 -1.75571e-31 4.76895e-33 3.41158e-32 5.07594e-35 -2.35944e-34 1.23742e-33 -7.09227e-34 1.33554e-32 7.85209e-33 2.65364e-32 2.18506e-33 3.29735e-33 6.39801e-34 1.19289e-32 1.35776e-33 4.22648e-33 6.78548e-35 4.82278e-34 -6.24799e-35 1.45629e-34 4.1651e-34 1.97247e-35 -9.59804e-35 3.86858e-33 1.72816e-35 2.33671e-34 -1.39358e-33 -1.81156e-34 -7.31874e-34 -5.14938e-35 1.05926e-33 1.00931e-32 1.94833e-32 3.23748e-33 6.44339e-33 1.72798e-32 7.61849e-33 4.92707e-34 6.15975e-33 1.73151e-34 1.09426e-32 -2.98004e-33 -1.93405e-35 1.55307e-35 4.11811e-35 3.01956e-35 -7.10577e-33 -1.49662e-34 1.08085e-33 3.46311e-33 8.73434e-34 8.86685e-34 -5.86727e-34 9.01124e-33 4.46182e-33 1.69675e-34 1.39505e-33 1.88936e-33 2.39073e-34 -6.18541e-35 1.89857e-33 6.02851e-33 5.07934e-36 -1.75084e-35 -1.11561e-35 7.03813e-35 -9.25046e-35 2.59696e-34 -5.18366e-33 4.54886e-37 3.02037e-36 7.71965e-34 2.80821e-35 2.62697e-34 -3.70756e-34 1.13448e-33 4.32529e-13 9.10913e-36
4e-06 1806.94 7.77358e-05 0.00120293 2.14547e-05 0.00128117 2.37897e-05 0.00010029 1.30995e-07 1.9441e-09 -1.47051e-32 -4.57968e-33 0.0040622 -9.05971e-34 -1.49038e-33 2.98792e-33 -6.44158e-34 1.24278e-31 3.65393e-32 -1.6314e-30 -2.19023e-31 6.34669e-33 4.20092e-32 9.48444e-35 -2.77398e-34 1.45062e-33 -8.46131e-34 1.94395e-32 9.47521e-33 3.2211e-32 2.43292e-33 3.82877e-33 7.19188e-34 1.39292e-32 1.4732e-33 4.91695e-33 8.2492e-35 1.00503e-33 -7.44926e-35 1.7564e-34 4.80519e-34 2.39584e-35 -1.12811e-34 4.39075e-33 2.13017e-35 2.70169e-34 -1.61477e-33 -2.10008e-34 -7.70261e-34 -4.92615e-35 1.22411e-33 1.28338e-32 2.13112e-32 3.77373e-33 7.22071e-33 1.92601e-32 8.5686e-33 6.09235e-34 7.26044e-33 2.09469e-34 1.23374e-32 -3.50663e-33 -2.33466e-35 1.82772e-35 4.99257e-35 3.56239e-35 -8.24346e-33 -1.73585e-34 1.09748e-33 3.93881e-33 9.53262e-34 9.40028e-34 -5.96038e-34 9.94665e-33 5.09537e-33 1.72122e-34 1.52123e-33 1.9948e-33 2.79718e-34 -1.10641e-34 2.2164e-33 7.0148e-33 5.95987e-36 -2.09182e-35 -1.3202e-35 8.35221e-35 -1.06357e-34 2.95795e-34 -5.91394e-33 5.44206e-37 3.66374e-36 9.4592e-34 3.47237e-35 3.2351e-34 -4.55383e-34 1.39318e-33 6.14895e-13 1.10669e-35
4.1e-06 1808.58 9.5507e-05 0.00116778 2.67678e-05 0.00126395 2.9471e-05 0.00012371 1.38171e-07 2.36882e-09 -1.83907e-32 -5.7275e-33 0.0040622 -1.07399e-33 -1.55195e-33 3.73715e-33 -6.47017e-34 1.49214e-31 4.41169e-32 -1.97454e-30 -2.71446e-31 8.24074e-33 5.07349e-32 1.5305e-34 -3.19735e-34 1.66443e-33 -9.98333e-34 2.74558e-32 1.11808e-32 3.84836e-32 2.63062e-33 4.33916e-33 7.84764e-34 1.58829e-32 1.54831e-33 5.58978e-33 9.87523e-35 1.7408e-33 -8.72658e-35 2.08555e-34 5.40773e-34 2.87063e-35 -1.29863e-34 4.83754e-33 2.59964e-35 3.04712e-34 -1.82557e-33 -2.37805e-34 -7.6471e-34 -4.19271e-35 1.38157e-33 1.58416e-32 2.25872e-32 4.29011e-33 7.84492e-33 2.07983e-32 9.34859e-33 7.46298e-34 8.38403e-33 2.49209e-34 1.35162e-32 -4.03755e-33 -2.77552e-35 2.10049e-35 5.96757e-35 4.11054e-35 -9.34772e-33 -1.96573e-34 1.04946e-33 4.35677e-33 1.00498e-33 9.63913e-34 -5.84988e-34 1.06137e-32 5.66775e-33 1.62717e-34 1.60717e-33 2.03855e-33 3.19817e-34 -1.82038e-34 2.5241e-33 7.9606e-33 6.8261e-36 -2.45395e-35 -1.53141e-35 9.71399e-35 -1.19119e-34 3.27801e-34 -6.57067e-33 6.41341e-37 4.38337e-36 1.14566e-33 4.25377e-35 3.94304e-34 -5.53193e-34 1.69199e-33 8.95853e-13 1.32333e-35
4.2e-06 1810.53 0.000116385 0.00112615 3.32394e-05 0.00124342 3.62699e-05 0.000151489 1.43914e-07 2.94083e-09 -2.29206e-32 -7.13827e-33 0.0040622 -1.23702e-33 -1.51589e-33 4.52108e-33 -5.99865e-34 1.7439e-31 5.22163e-32 -2.36511e-30 -3.34056e-31 1.03657e-32 5.97326e-32 2.23335e-34 -3.60051e-34 1.86197e-33 -1.16366e-33 3.74195e-32 1.28251e-32 4.50621e-32 2.75222e-33 4.77835e-33 8.27563e-34 1.75862e-32 1.57158e-33 6.18278e-33 1.16012e-34 2.69467e-33 -1.00106e-34 2.43001e-34 5.90991e-34 3.38303e-35 -1.45856e-34 5.14437e-33 3.13467e-35 3.33778e-34 -2.00401e-33 -2.61939e-34 -7.01124e-34 -2.85066e-35 1.51689e-33 1.88426e-32 2.3129e-32 4.73148e-33 8.22178e-33 2.16542e-32 9.84362e-33 9.03989e-34 9.44819e-33 2.90395e-34 1.43218e-32 -4.52997e-33 -3.23943e-35 2.34457e-35 7.01176e-35 4.61648e-35 -1.03214e-32 -2.16445e-34 9.28404e-34 4.66542e-33 1.01707e-33 9.53263e-34 -5.54744e-34 1.08914e-32 6.1153e-33 1.39216e-34 1.63907e-33 2.01407e-33 3.55671e-34 -2.7937e-34 2.79132e-33 8.76892e-33 7.59003e-36 -2.8158e-35 -1.73451e-35 1.10228e-34 -1.29367e-34 3.51885e-34 -7.07924e-33 7.42593e-37 5.15788e-36 1.36833e-33 5.15312e-35 4.74659e-34 -6.63167e-34 2.02771e-33 1.33449e-12 1.5525e-35
4.3e-06 1812.8 0.000140456 0.00107768 4.10412e-05 0.0012193 4.42841e-05 0.000183911 1.48303e-07 3.70957e-09 -2.84532e-32 -8.86134e-33 0.0040622 -1.37139e-33 -1.35665e-33 5.24645e-33 -4.91729e-34 1.97052e-31 6.02896e-32 -2.80182e-30 -4.08068e-31 1.25376e-32 6.81096e-32 2.99316e-34 -3.9474e-34 2.02258e-33 -1.33844e-33 4.89344e-32 1.42094e-32 5.14448e-32 2.77769e-33 5.08944e-33 8.39811e-34 1.87858e-32 1.53704e-33 6.62328e-33 1.33246e-34 3.82057e-33 -1.12052e-34 2.76851e-34 6.24313e-34 3.90917e-35 -1.5922e-34 5.24732e-33 3.72635e-35 3.53507e-34 -2.12508e-33 -2.79491e-34 -5.72168e-34 -8.88747e-36 1.61392e-33 2.14456e-32 2.28331e-32 5.03412e-33 8.26903e-33 2.16347e-32 9.95111e-33 1.08058e-33 1.03487e-32 3.29951e-34 1.46078e-32 -4.93111e-33 -3.69961e-35 2.52604e-35 8.07296e-35 5.01937e-35 -1.10531e-32 -2.30818e-34 7.37696e-34 4.81457e-33 9.80582e-34 9.0625e-34 -5.08218e-34 1.06923e-32 6.37502e-33 1.01424e-34 1.608e-33 1.92255e-33 3.82825e-34 -4.01623e-34 2.98419e-33 9.33099e-33 8.14254e-36 -3.14742e-35 -1.91041e-35 1.21438e-34 -1.35611e-34 3.64353e-34 -7.36498e-33 8.42444e-37 5.951e-36 1.60748e-33 6.16082e-35 5.63055e-34 -7.82645e-34 2.39207e-33 2.02085e-12 1.78126e-35
4.4e-06 1815.34 0.000167757 0.00102175 5.00279e-05 0.00119105 5.46931e-05 0.000220998 1.50428e-07 4.8566e-09 -1.86457e-32 -5.80694e-33 0.0040622 -1.17878e-33 2.09862e-33 1.07468e-32 2.1294e-33 2.53499e-31 7.37293e-32 -2.56395e-30 -3.67936e-31 2.63497e-32 1.06668e-31 1.26084e-33 -5.46928e-34 2.59005e-33 1.44684e-33 1.01317e-31 2.25574e-32 6.53918e-32 3.64824e-33 5.81968e-33 4.0839e-33 3.88468e-32 2.1277e-33 1.05421e-32 2.511e-34 9.9685e-33 -1.72702e-34 4.06062e-34 9.87465e-34 4.96756e-35 -2.44218e-34 5.87247e-33 4.4755e-35 4.23232e-34 -3.70877e-33 -3.73308e-34 -4.62544e-34 1.29325e-34 2.30937e-33 2.36098e-32 2.83048e-32 8.13095e-33 9.76047e-33 2.52244e-32 1.17358e-32 1.28895e-33 1.27973e-32 5.57442e-34 2.09856e-32 -5.61766e-33 -5.57817e-35 8.78658e-35 1.094e-34 1.39886e-34 -1.37315e-32 -3.40864e-34 9.74252e-34 5.43596e-33 1.7691e-33 1.27976e-33 -7.04399e-34 1.18005e-32 7.45635e-33 1.44825e-34 2.29232e-33 2.53529e-33 7.44813e-34 -4.6857e-34 3.41858e-33 1.06342e-32 2.70909e-35 -5.99078e-35 -4.11328e-35 1.62233e-34 -1.52022e-34 4.2079e-34 -9.97123e-33 1.18685e-36 7.99716e-36 1.89854e-33 7.33615e-35 6.68985e-34 -9.27659e-34 2.84789e-33 5.60718e-12 5.82838e-35
4.5e-06 1818.33 0.000197928 0.000959186 6.08e-05 0.00115913 6.58249e-05 0.000262914 1.52452e-07 6.25848e-09 -7.5168e-33 -2.34102e-33 0.0040622 -2.97787e-34 3.91931e-33 1.44993e-32 3.2196e-33 3.05535e-31 8.75312e-32 -2.1709e-30 -3.07745e-31 3.59809e-32 1.39514e-31 1.73086e-33 -6.35165e-34 3.06925e-33 2.34862e-33 1.56968e-31 2.78605e-32 7.8773e-32 4.03579e-33 6.36342e-33 6.1246e-33 5.49802e-32 2.39421e-33 1.3747e-32 3.15954e-34 1.42826e-32 -2.06466e-34 5.02796e-34 1.12448e-33 5.96771e-35 -2.8514e-34 6.06251e-33 5.30267e-35 4.72736e-34 -4.30531e-33 -4.26775e-34 -2.51559e-34 1.95042e-34 2.66947e-33 2.64378e-32 3.10249e-32 9.64058e-33 1.07383e-32 2.75054e-32 1.27525e-32 1.52063e-33 1.48308e-32 6.65122e-34 2.54488e-32 -6.17467e-33 -6.77301e-35 9.61277e-35 1.32971e-34 1.54351e-34 -1.57774e-32 -3.84391e-34 9.46246e-34 5.84577e-33 1.9293e-33 1.38182e-33 -7.34717e-34 1.21775e-32 8.18964e-33 1.49541e-34 2.47752e-33 2.71199e-33 8.49461e-34 -5.78191e-34 3.7641e-33 1.16212e-32 2.95132e-35 -6.95715e-35 -4.65582e-35 1.88294e-34 -1.63253e-34 4.57182e-34 -1.18202e-32 1.44617e-36 9.74885e-36 2.20998e-33 8.6514e-35 7.85196e-34 -1.0846e-33 3.33935e-33 7.59225e-12 6.96367e-35
4.6e-06 1821.65 0.000230091 0.000891221 7.33813e-05 0.0011239 7.77623e-05 0.000308834 1.54313e-07 7.94148e-09 4.57693e-33 1.4254e-33 0.0040622 7.11329e-34 5.65979e-33 1.65769e-32 4.30794e-33 3.42113e-31 9.98402e-32 -1.62013e-30 -2.32547e-31 4.27268e-32 1.63519e-31 2.01848e-33 -6.75788e-34 3.40478e-33 2.96627e-33 2.0999e-31 3.07025e-32 9.00068e-32 4.04468e-33 6.60474e-33 7.42732e-33 6.67329e-32 2.43215e-33 1.60246e-32 3.57421e-34 1.75569e-32 -2.24459e-34 5.69941e-34 1.1541e-33 6.80382e-35 -3.01891e-34 5.85811e-33 6.14435e-35 4.95718e-34 -4.46446e-33 -4.44795e-34 2.46809e-35 2.4398e-34 2.79206e-33 2.86751e-32 3.10667e-32 1.01469e-32 1.09728e-32 2.78346e-32 1.28429e-32 1.76134e-33 1.62142e-32 7.28728e-34 2.77323e-32 -6.49359e-33 -7.54438e-35 1.01139e-34 1.51003e-34 1.62265e-34 -1.69619e-32 -3.96203e-34 7.39346e-34 5.9371e-33 1.87013e-33 1.34046e-33 -6.90778e-34 1.17702e-32 8.45327e-33 1.23476e-34 2.41301e-33 2.62433e-33 8.83079e-34 -7.18167e-34 3.93026e-33 1.20442e-32 3.09489e-35 -7.44575e-35 -4.92053e-35 2.00743e-34 -1.66239e-34 4.6678e-34 -1.28093e-32 1.62653e-36 1.11216e-35 2.51374e-33 1.00196e-34 9.02676e-34 -1.24034e-33 3.82595e-33 1.01714e-11 7.74881e-35
4.7e-06 1825.24 0.000263176 0.000819574 8.77164e-05 0.00108603 9.03405e-05 0.000357656 1.55831e-07 9.89628e-09 1.73938e-32 5.41701e-33 0.0040622 1.91582e-33 7.30503e-33 1.74369e-32 5.37049e-33 3.57304e-31 1.08709e-31 -9.10856e-31 -1.43656e-31 4.68928e-32 1.77075e-31 2.18353e-33 -6.80897e-34 3.56634e-33 3.54102e-33 2.54476e-31 3.15226e-32 9.75079e-32 3.82343e-33 6.50838e-33 8.2834e-33 7.38441e-32 2.33378e-33 1.73285e-32 3.8294e-34 1.98014e-32 -2.31355e-34 6.09442e-34 1.12335e-33 7.4137e-35 -3.02781e-34 5.34561e-33 6.94581e-35 4.9123e-34 -4.38118e-33 -4.35522e-34 3.09076e-34 2.80979e-34 2.75215e-33 2.93491e-32 2.92121e-32 9.99225e-33 1.05012e-32 2.63992e-32 1.21262e-32 1.9975e-33 1.68289e-32 7.62619e-34 2.8038e-32 -6.52253e-33 -7.98778e-35 1.02994e-34 1.63098e-34 1.64808e-34 -1.72218e-32 -3.88898e-34 4.68254e-34 5.70822e-33 1.72827e-33 1.23434e-33 -6.22254e-34 1.07376e-32 8.25737e-33 7.89053e-35 2.2328e-33 2.40966e-33 8.78338e-34 -8.65497e-34 3.89119e-33 1.1831e-32 3.13991e-35 -7.63974e-35 -5.00836e-35 2.01398e-34 -1.60587e-34 4.50557e-34 -1.29873e-32 1.73754e-36 1.20788e-35 2.78564e-33 1.13631e-34 1.01349e-33 -1.38344e-33 4.27197e-33 1.35771e-11 8.3469e-35
4.8e-06 1829.02 0.00029596 0.000746373 0.000103647 0.00104642 0.000103235 0.000408024 1.56816e-07 1.20755e-08 3.07512e-32 9.57699e-33 0.0040622 3.23658e-33 8.66868e-33 1.73374e-32 6.27493e-33 3.50244e-31 1.12627e-31 -5.21859e-32 -4.08935e-32 4.84938e-32 1.80098e-31 2.22975e-33 -6.59046e-34 3.55117e-33 4.04409e-33 2.85176e-31 3.07063e-32 1.00125e-31 3.47922e-33 6.10944e-33 8.81784e-33 7.64669e-32 2.16097e-33 1.77008e-32 3.93707e-34 2.09046e-32 -2.29246e-34 6.22772e-34 1.05327e-33 7.76099e-35 -2.91885e-34 4.63545e-33 7.65763e-35 4.63215e-34 -4.13507e-33 -4.07177e-34 5.47393e-34 3.02095e-34 2.60136e-33 2.81843e-32 2.63092e-32 9.39575e-33 9.51488e-33 2.37546e-32 1.08637e-32 2.21612e-33 1.66741e-32 7.67933e-34 2.6822e-32 -6.26713e-33 -8.13497e-35 1.01431e-34 1.69087e-34 1.61789e-34 -1.66272e-32 -3.68142e-34 2.17377e-34 5.2265e-33 1.54862e-33 1.10022e-33 -5.48004e-34 9.32788e-33 7.69709e-33 2.87453e-35 1.9998e-33 2.14362e-33 8.4308e-34 -9.88064e-34 3.67335e-33 1.10582e-32 3.08066e-35 -7.56115e-35 -4.92717e-35 1.92377e-34 -1.47807e-34 4.14555e-34 -1.25018e-32 1.78462e-36 1.26003e-35 3.00505e-33 1.26089e-34 1.11046e-33 -1.50384e-33 4.64612e-33 1.79158e-11 8.72391e-35
4.9e-06 1832.93 0.000327209 0.000673934 0.000120899 0.00100618 0.000116035 0.000458443 1.57146e-07 1.43971e-08 4.45177e-32 1.38644e-32 0.0040622 4.50722e-33 9.58185e-33 1.64776e-32 6.90142e-33 3.24624e-31 1.10985e-31 9.35042e-31 7.64737e-32 4.76764e-32 1.73889e-31 2.16167e-33 -6.1721e-34 3.38132e-33 4.41254e-33 2.98794e-31 2.86467e-32 9.75584e-32 3.07787e-33 5.4921e-33 9.04931e-33 7.51944e-32 1.94836e-33 1.72681e-32 3.89955e-34 2.08622e-32 -2.19582e-34 6.12095e-34 9.57368e-34 7.83439e-35 -2.72183e-34 3.84344e-33 8.23843e-35 4.18734e-34 -3.77652e-33 -3.67046e-34 7.04659e-34 3.05079e-34 2.37749e-33 2.55423e-32 2.29758e-32 8.51812e-33 8.25278e-33 2.05162e-32 9.34009e-33 2.40575e-33 1.58555e-32 7.45746e-34 2.46096e-32 -5.7816e-33 -8.00793e-35 9.66197e-35 1.69118e-34 1.53613e-34 -1.53524e-32 -3.37999e-34 2.72887e-35 4.59217e-33 1.35271e-33 9.55836e-34 -4.74486e-34 7.79044e-33 6.90485e-33 -1.69344e-35 1.74613e-33 1.86193e-33 7.83352e-34 -1.05974e-33 3.33108e-33 9.89644e-33 2.92438e-35 -7.23253e-35 -4.69162e-35 1.76191e-34 -1.30481e-34 3.66854e-34 -1.15451e-32 1.77224e-36 1.26876e-35 3.15677e-33 1.36929e-34 1.18772e-33 -1.59374e-33 4.92406e-33 2.31833e-11 8.84367e-35
5e-06 1836.93 0.000355834 0.000604478 0.000139092 0.00096644 0.000128313 0.000507454 1.56792e-07 1.67551e-08 5.86105e-32 1.82534e-32 0.0040622 5.54728e-33 9.95232e-33 1.50692e-32 7.17497e-33 2.86845e-31 1.04232e-31 2.02094e-30 2.09239e-31 4.48436e-32 1.60693e-31 1.99784e-33 -5.62006e-34 3.09612e-33 4.60199e-33 2.94876e-31 2.57567e-32 9.04781e-32 2.66037e-33 4.75966e-33 8.96418e-33 7.0926e-32 1.71651e-33 1.62176e-32 3.72915e-34 1.98244e-32 -2.04003e-34 5.81047e-34 8.47165e-34 7.64986e-35 -2.46591e-34 3.06862e-33 8.65926e-35 3.65654e-34 -3.35066e-33 -3.21203e-34 7.71658e-34 2.91143e-34 2.11153e-33 2.20796e-32 1.95929e-32 7.48967e-33 6.92268e-33 1.71806e-32 7.78395e-33 2.55762e-33 1.45504e-32 7.0014e-34 2.18722e-32 -5.14802e-33 -7.64324e-35 8.91479e-35 1.63783e-34 1.41304e-34 -1.36322e-32 -3.02243e-34 -9.50773e-35 3.90461e-33 1.15626e-33 8.12677e-34 -4.04899e-34 6.31662e-33 6.00958e-33 -5.2765e-35 1.49237e-33 1.5842e-33 7.06547e-34 -1.0701e-33 2.9238e-33 8.54448e-33 2.69024e-35 -6.70086e-35 -4.33179e-35 1.55634e-34 -1.11356e-34 3.14989e-34 -1.03079e-32 1.70737e-36 1.23743e-35 3.23291e-33 1.45662e-34 1.24132e-33 -1.64851e-33 5.09148e-33 2.92326e-11 8.69875e-35
5.1e-06 1840.99 0.000381031 0.000539856 0.000157768 0.000928239 0.000139695 0.000553791 1.55806e-07 1.90379e-08 7.29842e-32 2.27299e-32 0.0040622 6.22115e-33 9.78478e-33 1.33301e-32 7.08266e-33 2.43731e-31 9.36589e-32 3.17166e-30 3.5793e-31 4.05857e-32 1.43116e-31 1.76805e-33 -4.99788e-34 2.74162e-33 4.59813e-33 2.7581e-31 2.24369e-32 8.02669e-32 2.25437e-33 4.00638e-33 8.56759e-33 6.46669e-32 1.48039e-33 1.47585e-32 3.45234e-34 1.80563e-32 -1.8446e-34 5.34716e-34 7.32646e-34 7.24856e-35 -2.17973e-34 2.3777e-33 8.9065e-35 3.1076e-34 -2.89881e-33 -2.7438e-34 7.61212e-34 2.64248e-34 1.82989e-33 1.84191e-32 1.63871e-32 6.41636e-33 5.66512e-33 1.40655e-32 6.33978e-33 2.66662e-33 1.29613e-32 6.3776e-34 1.89684e-32 -4.45232e-33 -7.09633e-35 7.98693e-35 1.54124e-34 1.26265e-34 -1.17079e-32 -2.64293e-34 -1.60689e-34 3.23988e-33 9.71197e-34 6.78986e-34 -3.41443e-34 5.01677e-33 5.11199e-33 -7.77339e-35 1.25278e-33 1.32369e-33 6.20649e-34 -1.02513e-33 2.50148e-33 7.17443e-33 2.40464e-35 -6.03195e-35 -3.88871e-35 1.33394e-34 -9.26431e-35 2.64498e-34 -8.95159e-33 1.6007e-36 1.17277e-35 3.23355e-33 1.52001e-34 1.2697e-33 -1.66712e-33 5.14548e-33 3.57794e-11 8.31459e-35
5.2e-06 1845.09 0.000402353 0.00048138 0.000176439 0.00089244 0.000149906 0.000596505 1.54296e-07 2.11454e-08 8.76134e-32 2.7286e-32 0.0040622 6.47248e-33 9.16619e-33 1.14564e-32 6.67064e-33 2.00805e-31 8.09394e-32 4.35475e-30 5.22613e-31 3.55386e-32 1.23598e-31 1.50529e-33 -4.36119e-34 2.3607e-33 4.41547e-33 2.4596e-31 1.90287e-32 6.85455e-32 1.8785e-33 3.30023e-33 7.90236e-33 5.73495e-32 1.2519e-33 1.30866e-32 3.10507e-34 1.58638e-32 -1.62979e-34 4.78944e-34 6.21576e-34 6.68893e-35 -1.88826e-34 1.80208e-33 8.98186e-35 2.58801e-34 -2.45457e-33 -2.29907e-34 6.98064e-34 2.29637e-34 1.55361e-33 1.49881e-32 1.34879e-32 5.37764e-33 4.55337e-33 1.13282e-32 5.07755e-33 2.73141e-33 1.12732e-32 5.66166e-34 1.61378e-32 -3.76569e-33 -6.43373e-35 6.97021e-35 1.41467e-34 1.09967e-34 -9.78152e-33 -2.269e-34 -1.86272e-34 2.64326e-33 8.05067e-34 5.59795e-34 -2.85458e-34 3.93036e-33 4.27711e-33 -9.34756e-35 1.03607e-33 1.08901e-33 5.32881e-34 -9.41095e-34 2.0991e-33 5.90404e-33 2.09513e-35 -5.29627e-35 -3.40591e-35 1.11637e-34 -7.57283e-35 2.18646e-34 -7.59697e-33 1.46543e-36 1.0839e-35 3.16589e-33 1.5587e-34 1.27355e-33 -1.65189e-33 5.09364e-33 4.24547e-11 7.74233e-35
5.3e-06 1849.23 0.000419701 0.000429763 0.000194632 0.000859647 0.000158796 0.000635007 1.52397e-07 2.30044e-08 1.02474e-31 3.1914e-32 0.0040622 6.3263e-33 8.23052e-33 9.60163e-33 6.02427e-33 1.61596e-31 6.76649e-32 5.54287e-30 7.02814e-31 3.02612e-32 1.0407e-31 1.23827e-33 -3.75225e-34 1.98671e-33 4.08991e-33 2.10371e-31 1.57819e-32 5.67356e-32 1.54359e-33 2.67902e-33 7.04382e-33 4.97243e-32 1.03991e-33 1.13606e-32 2.72482e-34 1.35251e-32 -1.41343e-34 4.19367e-34 5.19109e-34 6.03549e-35 -1.61018e-34 1.34534e-33 8.89966e-35 2.1243e-34 -2.04123e-33 -1.89788e-34 6.08255e-34 1.92332e-34 1.29733e-33 1.20037e-32 1.09553e-32 4.42519e-33 3.61154e-33 9.01451e-33 4.01623e-33 2.75397e-33 9.62762e-33 4.92207e-34 1.35202e-32 -3.13584e-33 -5.72107e-35 5.94519e-35 1.27198e-34 9.36714e-35 -7.99239e-33 -1.91973e-34 -1.87516e-34 2.13344e-33 6.61168e-34 4.57137e-34 -2.37385e-34 3.05139e-33 3.53844e-33 -1.02511e-34 8.46211e-34 8.84329e-34 4.48757e-34 -8.36873e-34 1.73702e-33 4.79449e-33 1.78538e-35 -4.55557e-35 -2.92152e-35 9.17749e-35 -6.12289e-35 1.78858e-34 -6.32461e-33 1.31522e-36 9.80737e-36 3.04204e-33 1.5737e-34 1.25541e-33 -1.60762e-33 4.95126e-33 4.88831e-11 7.04592e-35
5.4e-06 1853.41 0.000433264 0.000385173 0.00021194 0.000830203 0.000166336 0.00066905 1.50243e-07 2.45742e-08 1.17529e-31 3.66029e-32 0.0040622 5.86598e-33 7.12136e-33 7.87181e-33 5.2424e-33 1.27783e-31 5.50447e-32 6.71559e-30 8.97564e-31 2.51688e-32 8.5829e-32 9.87463e-34 -3.19793e-34 1.64142e-33 3.66824e-33 1.73591e-31 1.2849e-32 4.58231e-32 1.25389e-33 2.15574e-33 6.08221e-33 4.23233e-32 8.49924e-34 9.69342e-33 2.34359e-34 1.12496e-32 -1.20875e-34 3.60618e-34 4.27986e-34 5.34814e-35 -1.35712e-34 9.94594e-34 8.68257e-35 1.72662e-34 -1.6719e-33 -1.54928e-34 5.12233e-34 1.56157e-34 1.0693e-33 9.52852e-33 8.79969e-33 3.58556e-33 2.83481e-33 7.10634e-33 3.14603e-33 2.73857e-33 8.11536e-33 4.21044e-34 1.11828e-32 -2.58723e-33 -5.01311e-35 4.9714e-35 1.12544e-34 7.8293e-35 -6.41626e-33 -1.6061e-34 -1.76364e-34 1.7114e-33 5.39472e-34 3.70789e-34 -1.96891e-34 2.35263e-33 2.90684e-33 -1.07165e-34 6.83624e-34 7.10155e-34 3.71805e-34 -7.28424e-34 1.42416e-33 3.8636e-33 1.49254e-35 -3.85514e-35 -2.46362e-35 7.45011e-35 -4.92253e-35 1.45356e-34 -5.18033e-33 1.16206e-36 8.72456e-36 2.87643e-33 1.56732e-34 1.21893e-33 -1.54046e-33 4.73783e-33 5.47561e-11 6.2893e-35
5.5e-06 1857.19 0.000438286 0.000350713 0.000231519 0.000802664 0.000173512 0.000697382 1.4799e-07 2.56695e-08 1.19862e-31 3.73295e-32 0.0040622 5.60639e-33 6.63917e-33 7.22867e-33 5.03595e-33 1.24182e-31 4.96144e-32 6.91994e-30 9.22983e-31 2.36943e-32 7.9893e-32 8.98246e-34 -3.58205e-34 1.61818e-33 3.69127e-33 1.55143e-31 1.33078e-32 4.2489e-32 1.45689e-33 2.18975e-33 5.19827e-33 4.04258e-32 8.80888e-34 9.56492e-33 2.50082e-34 1.13096e-32 -1.33192e-34 3.72682e-34 5.12045e-34 5.32077e-35 -1.57402e-34 8.52374e-34 8.66248e-35 1.79242e-34 -1.99277e-33 -1.76874e-34 4.59327e-34 1.81533e-34 1.21407e-33 9.0875e-33 1.00408e-32 4.07775e-33 2.88752e-33 7.44416e-33 3.37957e-33 2.75012e-33 8.07591e-33 4.56932e-34 1.15552e-32 -2.56594e-33 -5.34124e-35 6.23322e-35 1.14859e-34 9.76067e-35 -6.4017e-33 -1.92089e-34 -1.21951e-34 1.77514e-33 6.0821e-34 4.05496e-34 -2.29227e-34 2.58234e-33 3.05865e-33 -9.4737e-35 8.37038e-34 8.44777e-34 4.50976e-34 -6.63784e-34 1.45538e-33 3.95699e-33 1.88356e-35 -4.50818e-35 -2.99449e-35 8.1968e-35 -5.13575e-35 1.54548e-34 -5.19289e-33 1.20023e-36 8.84709e-36 2.83259e-33 1.57476e-34 1.21238e-33 -1.5244e-33 4.686e-33 6.00298e-11 7.19789e-35
5.6e-06 1861.48 0.000443255 0.000320611 0.000247568 0.000779471 0.000179019 0.00072222 1.45326e-07 2.664e-08 1.20999e-31 3.76835e-32 0.0040622 5.65061e-33 6.53872e-33 6.85483e-33 5.00745e-33 1.22536e-31 4.57016e-32 7.01959e-30 9.35973e-31 2.36951e-32 7.90076e-32 8.37954e-34 -4.02059e-34 1.64373e-33 3.98452e-33 1.39567e-31 1.39215e-32 4.05328e-32 1.59872e-33 2.27531e-33 4.8051e-33 4.05655e-32 9.29686e-34 9.84681e-33 2.72183e-34 1.17982e-32 -1.47776e-34 3.95618e-34 5.71176e-34 5.43585e-35 -1.78194e-34 7.17222e-34 8.70276e-35 1.9007e-34 -2.19625e-33 -1.94485e-34 4.44483e-34 2.04211e-34 1.33607e-33 9.24731e-33 1.0957e-32 4.42847e-33 2.96563e-33 7.78893e-33 3.51198e-33 2.77584e-33 8.33551e-33 4.94682e-34 1.24524e-32 -2.6277e-33 -5.83322e-35 6.91276e-35 1.20852e-34 1.0898e-34 -6.52641e-33 -2.17713e-34 -1.3e-34 1.86146e-33 6.30262e-34 4.24041e-34 -2.45317e-34 2.72566e-33 3.27673e-33 -1.01436e-34 9.17609e-34 9.12176e-34 5.04262e-34 -6.2855e-34 1.51809e-33 4.14436e-33 2.08726e-35 -5.07236e-35 -3.38486e-35 8.8195e-35 -5.42902e-35 1.66206e-34 -5.39e-33 1.27693e-36 9.24501e-36 2.8138e-33 1.58993e-34 1.21358e-33 -1.52016e-33 4.67104e-33 6.43922e-11 8.2373e-35
5.7e-06 1866.04 0.000447497 0.000294922 0.000260857 0.000759992 0.000183284 0.000743633 1.42801e-07 2.74323e-08 1.20378e-31 3.74899e-32 0.0040622 5.70262e-33 6.30688e-33 6.26671e-33 4.84054e-33 1.17376e-31 4.21874e-32 7.01951e-30 9.38719e-31 2.32062e-32 7.73374e-32 7.29563e-34 -4.23007e-34 1.63438e-33 4.04468e-33 1.24153e-31 1.37811e-32 3.86691e-32 1.59493e-33 2.28534e-33 4.37314e-33 4.01642e-32 9.16169e-34 9.99579e-33 2.81908e-34 1.18879e-32 -1.54329e-34 4.07849e-34 5.75356e-34 5.51438e-35 -1.8552e-34 5.58711e-34 8.73239e-35 1.93101e-34 -2.17759e-33 -1.96054e-34 4.48565e-34 2.07356e-34 1.35357e-33 9.37701e-33 1.08995e-32 4.37463e-33 2.87245e-33 7.6287e-33 3.36972e-33 2.79872e-33 8.49542e-33 5.06621e-34 1.28457e-32 -2.65285e-33 -6.13551e-35 6.82437e-35 1.25158e-34 1.08577e-34 -6.44679e-33 -2.24724e-34 -1.87734e-34 1.86323e-33 5.7256e-34 4.01282e-34 -2.35092e-34 2.63577e-33 3.3569e-33 -1.2355e-34 8.95184e-34 8.8155e-34 5.06566e-34 -6.19782e-34 1.53015e-33 4.18278e-33 2.05805e-35 -5.21852e-35 -3.44758e-35 8.82864e-35 -5.47595e-35 1.69429e-34 -5.39806e-33 1.32924e-36 9.54233e-36 2.79387e-33 1.60331e-34 1.21349e-33 -1.5149e-33 4.65277e-33 6.78868e-11 8.775e-35
5.8e-06 1870.73 0.000450733 0.000273383 0.00027193 0.000743671 0.00018663 0.000761862 1.40503e-07 2.8038e-08 1.17911e-31 3.67216e-32 0.0040622 5.59289e-33 5.85135e-33 5.47823e-33 4.49599e-33 1.08185e-31 3.85585e-32 6.91896e-30 9.32266e-31 2.18468e-32 7.32505e-32 5.86895e-34 -4.202e-34 1.57044e-33 3.86348e-33 1.08081e-31 1.294e-32 3.63461e-32 1.49335e-33 2.20215e-33 3.83385e-33 3.85565e-32 8.54968e-34 9.85285e-33 2.77356e-34 1.14232e-32 -1.52426e-34 4.04527e-34 5.4274e-34 5.4885e-35 -1.81113e-34 4.03784e-34 8.71582e-35 1.87038e-34 -2.01801e-33 -1.85355e-34 4.47403e-34 1.93981e-34 1.2895e-33 9.16044e-33 1.01549e-32 4.03801e-33 2.62823e-33 7.04313e-33 3.03935e-33 2.80992e-33 8.42961e-33 4.9514e-34 1.25684e-32 -2.60625e-33 -6.17717e-35 6.31371e-35 1.2602e-34 1.01301e-34 -6.12716e-33 -2.17779e-34 -2.52981e-34 1.77823e-33 4.79028e-34 3.5564e-34 -2.1183e-34 2.38367e-33 3.2806e-33 -1.5017e-34 8.15964e-34 7.97255e-34 4.7593e-34 -6.22257e-34 1.48162e-33 4.0404e-33 1.90292e-35 -5.03494e-35 -3.28548e-35 8.34286e-35 -5.25982e-35 1.63866e-34 -5.17305e-33 1.33895e-36 9.60614e-36 2.76041e-33 1.60997e-34 1.20765e-33 -1.50245e-33 4.61188e-33 7.06312e-11 8.80377e-35
5.9e-06 1875.48 0.000452918 0.000255563 0.000281178 0.000730028 0.000189294 0.000777241 1.38414e-07 2.84751e-08 1.13745e-31 3.54243e-32 0.0040622 5.29712e-33 5.23388e-33 4.60245e-33 4.02899e-33 9.65233e-32 3.47227e-32 6.71958e-30 9.17167e-31 1.98221e-32 6.70596e-32 4.364e-34 -4.01066e-34 1.46197e-33 3.52772e-33 9.16775e-32 1.16908e-32 3.34797e-32 1.34736e-33 2.05139e-33 3.22906e-33 3.58861e-32 7.69068e-34 9.43567e-33 2.6255e-34 1.05511e-32 -1.44697e-34 3.88117e-34 4.93139e-34 5.35086e-35 -1.69753e-34 2.67958e-34 8.63936e-35 1.74552e-34 -1.79869e-33 -1.68525e-34 4.31769e-34 1.72033e-34 1.18229e-33 8.60805e-33 9.09657e-33 3.57438e-33 2.30308e-33 6.234e-33 2.63165e-33 2.80576e-33 8.14652e-33 4.68698e-34 1.17874e-32 -2.49489e-33 -6.0028e-35 5.63713e-35 1.23493e-34 9.11649e-35 -5.64061e-33 -2.03342e-34 -3.04647e-34 1.63724e-33 3.78355e-34 3.01902e-34 -1.84285e-34 2.06122e-33 3.09349e-33 -1.73432e-34 7.16161e-34 6.94172e-34 4.30526e-34 -6.22731e-34 1.39046e-33 3.76922e-33 1.69919e-35 -4.67083e-35 -3.01482e-35 7.59553e-35 -4.87104e-35 1.52527e-34 -4.78178e-33 1.3088e-36 9.42986e-36 2.70928e-33 1.60785e-34 1.1944e-33 -1.4806e-33 4.5417e-33 7.27529e-11 8.4771e-35
6e-06 1880.23 0.000454131 0.000240972 0.000288899 0.000718643 0.000191457 0.000790132 1.36504e-07 2.87728e-08 1.08123e-31 3.36734e-32 0.0040622 4.86048e-33 4.54214e-33 3.73334e-33 3.50706e-33 8.41358e-32 3.08018e-32 6.42749e-30 8.93832e-31 1.74631e-32 5.96879e-32 2.95513e-34 -3.73452e-34 1.32792e-33 3.12066e-33 7.56788e-32 1.02976e-32 3.02356e-32 1.19182e-33 1.86667e-33 2.61145e-33 3.25578e-32 6.75219e-34 8.82666e-33 2.42255e-34 9.47533e-33 -1.33962e-34 3.63262e-34 4.39416e-34 5.1222e-35 -1.55481e-34 1.54793e-34 8.50195e-35 1.58878e-34 -1.57006e-33 -1.50081e-34 4.03328e-34 1.47948e-34 1.061e-33 7.85847e-33 7.97679e-33 3.08908e-33 1.95745e-33 5.36714e-33 2.2212e-33 2.78553e-33 7.70686e-33 4.34829e-34 1.07342e-32 -2.34076e-33 -5.6879e-35 4.93938e-35 1.18376e-34 8.05192e-35 -5.07626e-33 -1.8611e-34 -3.38262e-34 1.47232e-33 2.84514e-34 2.48689e-34 -1.5709e-34 1.73318e-33 2.84932e-33 -1.89923e-34 6.161e-34 5.91722e-34 3.8183e-34 -6.14477e-34 1.2782e-33 3.43475e-33 1.49007e-35 -4.23999e-35 -2.71277e-35 6.77034e-35 -4.4072e-35 1.38569e-34 -4.30725e-33 1.24937e-36 9.06229e-36 2.64094e-33 1.59655e-34 1.17371e-33 -1.44941e-33 4.44254e-33 7.43713e-11 7.95243e-35
6.1e-06 1884.82 0.000453122 0.000233672 0.000292942 0.000712297 0.000193122 0.00079711 1.35425e-07 2.88277e-08 1.30275e-31 4.05723e-32 0.0040622 6.05737e-33 7.50899e-33 8.15544e-33 5.73763e-33 1.18848e-31 3.48895e-32 7.6004e-30 1.05667e-30 2.69978e-32 8.42738e-32 1.12557e-33 -4.7637e-34 1.67703e-33 6.52127e-33 1.06043e-31 1.66064e-32 3.66889e-32 2.02093e-33 2.35769e-33 5.38204e-33 4.81342e-32 1.24859e-33 1.15534e-32 3.17468e-34 1.32181e-32 -1.74434e-34 4.38854e-34 7.46241e-34 5.58909e-35 -2.16981e-34 8.92992e-34 8.66814e-35 2.08589e-34 -2.93976e-33 -2.26527e-34 3.29056e-34 2.27873e-34 1.61394e-33 7.91609e-33 1.36516e-32 5.76203e-33 3.564e-33 9.32208e-33 4.24953e-33 2.82961e-33 9.06198e-33 5.8981e-34 1.5716e-32 -2.68958e-33 -6.81896e-35 1.01955e-34 1.333e-34 1.53507e-34 -6.88834e-33 -2.68478e-34 1.71904e-34 2.03632e-33 1.1806e-33 6.97152e-34 -4.06906e-34 3.31023e-33 3.69612e-33 -1.02832e-34 1.3376e-33 1.30228e-33 6.77392e-34 -5.62704e-34 1.5615e-33 4.31983e-33 3.092e-35 -6.29705e-35 -4.38705e-35 9.78661e-35 -5.68529e-35 1.85205e-34 -6.3465e-33 1.44798e-36 1.01008e-35 2.70017e-33 1.62115e-34 1.19454e-33 -1.47844e-33 4.53642e-33 7.54154e-11 1.09742e-34
6.2e-06 1889.43 0.000452005 0.000227159 0.000296465 0.000706624 0.0001946 0.00080345 1.34215e-07 2.88697e-08 1.52413e-31 4.74669e-32 0.0040622 7.50728e-33 9.78833e-33 1.07569e-32 7.33053e-33 1.44876e-31 3.85599e-32 8.84212e-30 1.23515e-30 3.38926e-32 1.03351e-31 1.59904e-33 -5.51994e-34 1.96243e-33 8.68163e-33 1.29811e-31 2.08993e-32 4.20121e-32 2.5145e-33 2.72785e-33 7.14311e-33 5.98987e-32 1.58403e-33 1.37448e-32 3.75401e-34 1.63315e-32 -2.04073e-34 4.98755e-34 9.29656e-34 5.98806e-35 -2.59484e-34 1.29924e-33 8.81755e-35 2.45747e-34 -3.71798e-33 -2.75789e-34 3.13167e-34 2.88604e-34 1.97058e-33 8.60409e-33 1.71691e-32 7.34827e-33 4.58012e-33 1.18492e-32 5.44937e-33 2.87026e-33 1.01979e-32 6.95543e-34 1.95209e-32 -2.98525e-33 -7.7188e-35 1.28685e-34 1.45861e-34 1.92774e-34 -8.23089e-33 -3.23268e-34 3.88405e-34 2.42809e-33 1.55613e-33 9.01773e-34 -5.11983e-34 4.22188e-33 4.32351e-33 -6.06635e-35 1.70818e-33 1.658e-33 8.49635e-34 -5.37745e-34 1.78707e-33 5.00636e-33 3.90298e-35 -7.64162e-35 -5.40748e-35 1.17595e-34 -6.62368e-35 2.18793e-34 -7.81912e-33 1.60855e-36 1.09798e-35 2.75426e-33 1.64355e-34 1.21338e-33 -1.50483e-33 4.62193e-33 7.62759e-11 1.31969e-34
6.3e-06 1894.04 0.000450773 0.000221368 0.000299532 0.000701549 0.00019593 0.0008092 1.3296e-07 2.88981e-08 1.74358e-31 5.43014e-32 0.0040622 8.87483e-33 1.14157e-32 1.22579e-32 8.4294e-33 1.63262e-31 4.1648e-32 1.01226e-29 1.42707e-30 3.87546e-32 1.17646e-31 1.85101e-33 -6.05684e-34 2.18521e-33 1.00259e-32 1.47789e-31 2.37212e-32 4.62972e-32 2.79751e-33 2.99514e-33 8.25988e-33 6.86423e-32 1.7795e-33 1.54637e-32 4.17956e-34 1.87105e-32 -2.24963e-34 5.44538e-34 1.03496e-33 6.31662e-35 -2.87563e-34 1.52079e-33 8.94639e-35 2.72348e-34 -4.14154e-33 -3.06042e-34 3.26121e-34 3.30129e-34 2.19205e-33 9.43538e-33 1.92404e-32 8.25033e-33 5.20275e-33 1.34078e-32 6.12756e-33 2.90639e-33 1.11218e-32 7.6618e-34 2.22971e-32 -3.2257e-33 -8.411e-35 1.41668e-34 1.56065e-34 2.12944e-34 -9.1876e-33 -3.58162e-34 4.57349e-34 2.69366e-33 1.70041e-33 9.92574e-34 -5.55425e-34 4.73275e-33 4.77568e-33 -4.5822e-35 1.89094e-33 1.82806e-33 9.45887e-34 -5.33708e-34 1.95432e-33 5.51021e-33 4.29696e-35 -8.48493e-35 -6.0029e-35 1.29902e-34 -7.27802e-35 2.42004e-34 -8.85409e-33 1.73546e-36 1.16996e-35 2.80192e-33 1.66321e-34 1.22976e-33 -1.52795e-33 4.69703e-33 7.69786e-11 1.47865e-34
6.4e-06 1898.64 0.000449423 0.000216235 0.000302196 0.000697004 0.000197143 0.000814409 1.31705e-07 2.89134e-08 1.95992e-31 6.10388e-32 0.0040622 1.00193e-32 1.25122e-32 1.3092e-32 9.15915e-33 1.75424e-31 4.40867e-32 1.14195e-29 1.63072e-30 4.20698e-32 1.27931e-31 1.96986e-33 -6.41918e-34 2.3506e-33 1.08319e-32 1.60861e-31 2.54901e-32 4.96284e-32 2.94832e-33 3.17737e-33 8.95987e-33 7.49894e-32 1.89087e-33 1.67753e-32 4.47544e-34 2.04058e-32 -2.38916e-34 5.77983e-34 1.09097e-33 6.57587e-35 -3.04921e-34 1.63973e-33 9.05227e-35 2.9035e-34 -4.35278e-33 -3.23188e-34 3.50022e-34 3.55401e-34 2.32103e-33 1.01697e-32 2.03645e-32 8.7234e-33 5.56469e-33 1.43143e-32 6.48056e-33 2.93726e-33 1.18491e-32 8.11724e-34 2.42256e-32 -3.41265e-33 -8.92178e-35 1.47281e-34 1.64023e-34 2.22265e-34 -9.83656e-33 -3.7899e-34 4.57532e-34 2.86565e-33 1.74288e-33 1.0297e-33 -5.71891e-34 4.99789e-33 5.08902e-33 -4.70969e-35 1.97238e-33 1.90019e-33 9.9543e-34 -5.43962e-34 2.07007e-33 5.85772e-33 4.46898e-35 -8.97871e-35 -6.32338e-35 1.36993e-34 -7.70367e-35 2.57121e-34 -9.55494e-33 1.83244e-36 1.22666e-35 2.8424e-33 1.67977e-34 1.24338e-33 -1.54739e-33 4.7605e-33 7.7548e-11 1.58796e-34
6.5e-06 1903.22 0.000447962 0.000211697 0.000304503 0.000692929 0.000198266 0.000819125 1.30475e-07 2.89168e-08 2.17239e-31 6.76561e-32 0.0040622 1.0904e-32 1.32068e-32 1.35205e-32 9.61923e-33 1.82767e-31 4.58778e-32 1.27166e-29 1.84476e-30 4.42194e-32 1.34945e-31 2.01157e-33 -6.64433e-34 2.46593e-33 1.12828e-32 1.69888e-31 2.65163e-32 5.20972e-32 3.01626e-33 3.29104e-33 9.38597e-33 7.94439e-32 1.95051e-33 1.77424e-32 4.66601e-34 2.15271e-32 -2.47462e-34 6.00906e-34 1.11599e-33 6.76937e-35 -3.14466e-34 1.70149e-33 9.13386e-35 3.01536e-34 -4.43733e-33 -3.31435e-34 3.74724e-34 3.6814e-34 2.38719e-33 1.07108e-32 2.08806e-32 8.92957e-33 5.75488e-33 1.47855e-32 6.63305e-33 2.96243e-33 1.23994e-32 8.39282e-34 2.54828e-32 -3.55032e-33 -9.27765e-35 1.48916e-34 1.69916e-34 2.25409e-34 -1.02457e-32 -3.9002e-34 4.30207e-34 2.96813e-33 1.7412e-33 1.04105e-33 -5.76084e-34 5.11071e-33 5.29356e-33 -5.72767e-35 1.99883e-33 1.92035e-33 1.01638e-33 -5.62619e-34 2.14341e-33 6.07745e-33 4.52173e-35 -9.23127e-35 -6.4672e-35 1.40468e-34 -7.95073e-35 2.66047e-34 -1.00035e-32 1.90303e-36 1.26912e-35 2.87532e-33 1.69302e-34 1.25408e-33 -1.56294e-33 4.81167e-33 7.80066e-11 1.65883e-34
6.6e-06 1907.77 0.000446396 0.000207693 0.000306495 0.000689271 0.000199316 0.000823394 1.29279e-07 2.89096e-08 2.38059e-31 7.41402e-32 0.0040622 1.15425e-32 1.36098e-32 1.37013e-32 9.88528e-33 1.86515e-31 4.70671e-32 1.40024e-29 2.06811e-30 4.54989e-32 1.39357e-31 2.01065e-33 -6.76328e-34 2.53922e-33 1.15002e-32 1.75657e-31 2.70258e-32 5.38037e-32 3.03252e-33 3.35078e-33 9.62924e-33 8.24159e-32 1.97758e-33 1.84233e-32 4.77357e-34 2.2195e-32 -2.5187e-34 6.15052e-34 1.1217e-33 6.90223e-35 -3.18424e-34 1.73117e-33 9.19062e-35 3.07449e-34 -4.44686e-33 -3.33748e-34 3.95045e-34 3.71841e-34 2.41113e-33 1.10409e-32 2.10142e-32 8.97192e-33 5.83271e-33 1.49692e-32 6.6637e-33 2.98166e-33 1.27943e-32 8.53933e-34 2.62247e-32 -3.64439e-33 -9.5039e-35 1.484e-34 1.73956e-34 2.25049e-34 -1.0472e-32 -3.9432e-34 3.96021e-34 3.01928e-33 1.72105e-33 1.03973e-33 -5.7443e-34 5.12911e-33 5.41387e-33 -7.17261e-35 1.99541e-33 1.91289e-33 1.01998e-33 -5.85036e-34 2.18329e-33 6.19621e-33 4.51011e-35 -9.31956e-35 -6.49874e-35 1.41478e-34 -8.06207e-35 2.70329e-34 -1.02637e-32 1.95064e-36 1.29863e-35 2.90058e-33 1.70282e-34 1.26178e-33 -1.57453e-33 4.85034e-33 7.83738e-11 1.70028e-34
6.7e-06 1912.28 0.000444736 0.000204168 0.000308208 0.000685982 0.000200311 0.000827261 1.28124e-07 2.88935e-08 2.58435e-31 8.04858e-32 0.0040622 1.19691e-32 1.38068e-32 1.37303e-32 1.00134e-32 1.87665e-31 4.77245e-32 1.52688e-29 2.29994e-30 4.61361e-32 1.41745e-31 1.98777e-33 -6.80149e-34 2.57832e-33 1.15654e-32 1.78861e-31 2.71811e-32 5.48532e-32 3.01697e-33 3.36906e-33 9.74896e-33 8.42384e-32 1.98375e-33 1.88702e-32 4.81741e-34 2.25197e-32 -2.53171e-34 6.22026e-34 1.11556e-33 6.98044e-35 -3.18478e-34 1.74268e-33 9.2226e-35 3.09382e-34 -4.41274e-33 -3.32202e-34 4.0885e-34 3.69402e-34 2.40711e-33 1.11794e-32 2.09129e-32 8.916e-33 5.83791e-33 1.49661e-32 6.62196e-33 2.99483e-33 1.30557e-32 8.59332e-34 2.65814e-32 -3.70108e-33 -9.62373e-35 1.46737e-34 1.76373e-34 2.22732e-34 -1.05614e-32 -3.94067e-34 3.64542e-34 3.03299e-33 1.69387e-33 1.03206e-33 -5.69873e-34 5.08984e-33 5.46996e-33 -8.75068e-35 1.97601e-33 1.89099e-33 1.01323e-33 -6.07832e-34 2.19764e-33 6.23749e-33 4.46403e-35 -9.29799e-35 -6.46021e-35 1.40841e-34 -8.07306e-35 2.71204e-34 -1.03852e-32 1.97855e-36 1.31663e-35 2.91826e-33 1.70914e-34 1.26649e-33 -1.58219e-33 4.8766e-33 7.86662e-11 1.71956e-34
6.8e-06 1916.76 0.000442991 0.000201069 0.000309673 0.000683019 0.000201263 0.000830767 1.27009e-07 2.887e-08 2.78364e-31 8.66924e-32 0.0040622 1.22234e-32 1.38614e-32 1.36669e-32 1.00449e-32 1.86996e-31 4.79306e-32 1.65106e-29 2.5396e-30 4.6306e-32 1.42594e-31 1.95501e-33 -6.77963e-34 2.59044e-33 1.15327e-32 1.8009e-31 2.70985e-32 5.53506e-32 2.98236e-33 3.35631e-33 9.78456e-33 8.51808e-32 1.97639e-33 1.91284e-32 4.8136e-34 2.25935e-32 -2.5219e-34 6.23263e-34 1.10236e-33 7.01039e-35 -3.15877e-34 1.74383e-33 9.23029e-35 3.08389e-34 -4.35412e-33 -3.28233e-34 4.1577e-34 3.63062e-34 2.38503e-33 1.11611e-32 2.06728e-32 8.80345e-33 5.79707e-33 1.48445e-32 6.53883e-33 3.00196e-33 1.32046e-32 8.58133e-34 2.66574e-32 -3.72657e-33 -9.65783e-35 1.44486e-34 1.77395e-34 2.19362e-34 -1.05509e-32 -3.90803e-34 3.39542e-34 3.0199e-33 1.66482e-33 1.02121e-33 -5.63851e-34 5.01665e-33 5.47789e-33 -1.02814e-34 1.94843e-33 1.86192e-33 1.0005e-33 -6.2873e-34 2.19301e-33 6.22096e-33 4.40018e-35 -9.2049e-35 -6.37931e-35 1.39141e-34 -8.01205e-35 2.69642e-34 -1.04061e-32 1.98987e-36 1.32457e-35 2.9286e-33 1.71199e-34 1.26827e-33 -1.586e-33 4.89077e-33 7.88977e-11 1.72241e-34
6.9e-06 1921.2 0.000441172 0.000198347 0.000310918 0.000680346 0.00020218 0.000833948 1.25933e-07 2.88405e-08 2.97856e-31 9.27632e-32 0.0040622 1.23426e-32 1.38192e-32 1.35481e-32 1.00094e-32 1.85099e-31 4.77669e-32 1.77244e-29 2.78656e-30 4.61422e-32 1.423e-31 1.91919e-33 -6.71422e-34 2.58184e-33 1.14389e-32 1.79837e-31 2.68604e-32 5.53963e-32 2.9369e-33 3.32102e-33 9.76296e-33 8.54591e-32 1.96029e-33 1.9237e-32 4.77518e-34 2.249e-32 -2.49579e-34 6.20012e-34 1.08517e-33 6.99852e-35 -3.11535e-34 1.73907e-33 9.21448e-35 3.05309e-34 -4.28275e-33 -3.22826e-34 4.16376e-34 3.54465e-34 2.35172e-33 1.10231e-32 2.03557e-32 8.6606e-33 5.72804e-33 1.46508e-32 6.43369e-33 3.00312e-33 1.32604e-32 8.5227e-34 2.65344e-32 -3.72665e-33 -9.62424e-35 1.41966e-34 1.7724e-34 2.15479e-34 -1.04694e-32 -3.8561e-34 3.21893e-34 2.98813e-33 1.63622e-33 1.00885e-33 -5.57122e-34 4.92501e-33 5.45048e-33 -1.16605e-34 1.91716e-33 1.82977e-33 9.84551e-34 -6.46331e-34 2.17465e-33 6.16259e-33 4.32809e-35 -9.06713e-35 -6.2742e-35 1.36784e-34 -7.90127e-35 2.66392e-34 -1.03555e-32 1.98746e-36 1.32389e-35 2.93191e-33 1.71142e-34 1.2672e-33 -1.58611e-33 4.8933e-33 7.90799e-11 1.71332e-34
7e-06 1925.6 0.000439291 0.000195961 0.000311965 0.00067793 0.00020307 0.00083684 1.24895e-07 2.88064e-08 3.1693e-31 9.87035e-32 0.0040622 1.23592e-32 1.37129e-32 1.33973e-32 9.92888e-33 1.8241e-31 4.73104e-32 1.89084e-29 3.04045e-30 4.57461e-32 1.41184e-31 1.88398e-33 -6.61835e-34 2.55782e-33 1.13085e-32 1.78502e-31 2.65252e-32 5.50825e-32 2.88591e-33 3.26996e-33 9.70293e-33 8.52451e-32 1.93868e-33 1.92288e-32 4.71248e-34 2.22657e-32 -2.45846e-34 6.13339e-34 1.06597e-33 6.95107e-35 -3.06115e-34 1.73105e-33 9.17617e-35 3.008e-34 -4.20587e-33 -3.16648e-34 4.11673e-34 3.44773e-34 2.31189e-33 1.07995e-32 2.00009e-32 8.50402e-33 5.64283e-33 1.44162e-32 6.31862e-33 2.99847e-33 1.32405e-32 8.43167e-34 2.62749e-32 -3.70655e-33 -9.53839e-35 1.39365e-34 1.76111e-34 2.11403e-34 -1.03391e-32 -3.79248e-34 3.11121e-34 2.94383e-33 1.60913e-33 9.9595e-34 -5.5012e-34 4.82502e-33 5.39782e-33 -1.28344e-34 1.8848e-33 1.79689e-33 9.67094e-34 -6.599e-34 2.14665e-33 6.0751e-33 4.25331e-35 -8.90333e-35 -6.15672e-35 1.34056e-34 -7.75783e-35 2.62027e-34 -1.02557e-32 1.9739e-36 1.31596e-35 2.92857e-33 1.7075e-34 1.26339e-33 -1.58268e-33 4.88475e-33 7.92223e-11 1.69579e-34
7.1e-06 1929.97 0.000437357 0.00019387 0.000312837 0.000675742 0.000203938 0.000839473 1.23891e-07 2.87686e-08 3.35607e-31 1.0452e-31 0.0040622 1.22997e-32 1.35655e-32 1.32298e-32 9.8189e-33 1.79248e-31 4.66303e-32 2.00619e-29 3.30093e-30 4.51945e-32 1.39495e-31 1.85124e-33 -6.50216e-34 2.52275e-33 1.1158e-32 1.76406e-31 2.61338e-32 5.44911e-32 2.83283e-33 3.20846e-33 9.61778e-33 8.46743e-32 1.91376e-33 1.91313e-32 4.63353e-34 2.19632e-32 -2.41382e-34 6.04137e-34 1.04604e-33 6.87392e-35 -3.00092e-34 1.72136e-33 9.11652e-35 2.95366e-34 -4.12792e-33 -3.10148e-34 4.0279e-34 3.34771e-34 2.26876e-33 1.05185e-32 1.96334e-32 8.34401e-33 5.54946e-33 1.41618e-32 6.20109e-33 2.98816e-33 1.31602e-32 8.31872e-34 2.59261e-32 -3.67082e-33 -9.41323e-35 1.3679e-34 1.74192e-34 2.07329e-34 -1.0177e-32 -3.72245e-34 3.06218e-34 2.89162e-33 1.58398e-33 9.83063e-34 -5.43109e-34 4.72319e-33 5.32777e-33 -1.37826e-34 1.85284e-33 1.76463e-33 9.49212e-34 -6.69175e-34 2.11217e-33 5.96837e-33 4.17909e-35 -8.72636e-35 -6.03457e-35 1.31151e-34 -7.59459e-35 2.56975e-34 -1.01233e-32 1.95151e-36 1.30205e-35 2.91897e-33 1.70034e-34 1.25698e-33 -1.57591e-33 4.86574e-33 7.93325e-11 1.6725e-34
7.2e-06 1934.29 0.000435379 0.00019204 0.000313553 0.000673756 0.00020479 0.000841877 1.2292e-07 2.87282e-08 3.5391e-31 1.1022e-31 0.0040622 1.21855e-32 1.33933e-32 1.30557e-32 9.69083e-33 1.75839e-31 4.57863e-32 2.11847e-29 3.56778e-30 4.45447e-32 1.37428e-31 1.82177e-33 -6.37347e-34 2.48013e-33 1.09985e-32 1.73804e-31 2.57144e-32 5.36932e-32 2.77984e-33 3.14063e-33 9.51708e-33 8.38523e-32 1.88708e-33 1.89667e-32 4.54447e-34 2.16136e-32 -2.3648e-34 5.93143e-34 1.02616e-33 6.77249e-35 -2.93797e-34 1.71101e-33 9.0368e-35 2.89388e-34 -4.05157e-33 -3.03615e-34 3.90815e-34 3.24971e-34 2.22449e-33 1.02028e-32 1.92685e-32 8.18681e-33 5.45328e-33 1.39014e-32 6.08561e-33 2.97241e-33 1.30329e-32 8.19162e-34 2.55227e-32 -3.62333e-33 -9.25952e-35 1.34306e-34 1.71648e-34 2.03369e-34 -9.99583e-33 -3.64968e-34 3.06058e-34 2.83493e-33 1.56096e-33 9.70541e-34 -5.36255e-34 4.62364e-33 5.24638e-33 -1.45061e-34 1.82217e-33 1.73374e-33 9.31566e-34 -6.7422e-34 2.07357e-33 5.84995e-33 4.10736e-35 -8.54493e-35 -5.91265e-35 1.28203e-34 -7.42106e-35 2.51551e-34 -9.97061e-33 1.92229e-36 1.2833e-35 2.90355e-33 1.69005e-34 1.2481e-33 -1.566e-33 4.83691e-33 7.9417e-11 1.64551e-34
7.3e-06 1938.57 0.000433366 0.000190439 0.000314129 0.000671949 0.000205627 0.000844076 1.21978e-07 2.86858e-08 3.71865e-31 1.15812e-31 0.0040622 1.20332e-32 1.32078e-32 1.28815e-32 9.55283e-33 1.72343e-31 4.48291e-32 2.22775e-29 3.84081e-30 4.38392e-32 1.35131e-31 1.79581e-33 -6.23814e-34 2.43271e-33 1.08372e-32 1.70889e-31 2.52866e-32 5.27483e-32 2.7283e-33 3.06954e-33 9.40774e-33 8.28606e-32 1.85973e-33 1.87534e-32 4.44989e-34 2.12393e-32 -2.3136e-34 5.80951e-34 1.00683e-33 6.65169e-35 -2.87458e-34 1.70063e-33 8.93832e-35 2.83146e-34 -3.9784e-33 -2.97237e-34 3.76707e-34 3.15683e-34 2.18054e-33 9.86945e-33 1.89156e-32 8.0361e-33 5.3578e-33 1.3644e-32 5.97487e-33 2.95143e-33 1.28698e-32 8.05607e-34 2.50899e-32 -3.56731e-33 -9.08603e-35 1.31948e-34 1.68622e-34 1.99591e-34 -9.80499e-33 -3.57664e-34 3.09584e-34 2.77622e-33 1.54009e-33 9.58602e-34 -5.29667e-34 4.52883e-33 5.15824e-33 -1.50187e-34 1.79327e-33 1.70464e-33 9.14554e-34 -6.75304e-34 2.03262e-33 5.7255e-33 4.0392e-35 -8.36482e-35 -5.79402e-35 1.25299e-34 -7.2441e-35 2.45982e-34 -9.80677e-33 1.88795e-36 1.26076e-35 2.88272e-33 1.67676e-34 1.2369e-33 -1.55316e-33 4.79894e-33 7.94806e-11 1.61634e-34
7.4e-06 1942.82 0.000431326 0.000189039 0.000314579 0.000670301 0.000206452 0.000846094 1.21065e-07 2.86421e-08 3.89497e-31 1.21303e-31 0.0040622 1.18554e-32 1.30168e-32 1.27115e-32 9.41071e-33 1.68869e-31 4.37999e-32 2.33411e-29 4.11986e-30 4.3109e-32 1.32714e-31 1.77329e-33 -6.10048e-34 2.38261e-33 1.06788e-32 1.67811e-31 2.48632e-32 5.1706e-32 2.67905e-33 2.99749e-33 9.29475e-33 8.17616e-32 1.83247e-33 1.85059e-32 4.35316e-34 2.08561e-32 -2.26181e-34 5.68037e-34 9.88357e-34 6.51589e-35 -2.81228e-34 1.69065e-33 8.82245e-35 2.76845e-34 -3.90927e-33 -2.91125e-34 3.61266e-34 3.07078e-34 2.13784e-33 9.53078e-33 1.85798e-32 7.89387e-33 5.26528e-33 1.33953e-32 5.87034e-33 2.92546e-33 1.26802e-32 7.91629e-34 2.46458e-32 -3.50542e-33 -8.8998e-35 1.29733e-34 1.65238e-34 1.9603e-34 -9.61124e-33 -3.50497e-34 3.15882e-34 2.7173e-33 1.52129e-33 9.47379e-34 -5.23409e-34 4.44013e-33 5.06678e-33 -1.53408e-34 1.76635e-33 1.67753e-33 8.98402e-34 -6.72822e-34 1.9906e-33 5.59916e-33 3.97517e-35 -8.18977e-35 -5.68049e-35 1.22494e-34 -7.06853e-35 2.40428e-34 -9.63838e-33 1.84996e-36 1.23531e-35 2.8569e-33 1.6606e-34 1.22353e-33 -1.53759e-33 4.75247e-33 7.95274e-11 1.58611e-34
7.5e-06 1947.03 0.000429266 0.000187814 0.000314919 0.000668794 0.000207268 0.000847951 1.20178e-07 2.85975e-08 4.06829e-31 1.26701e-31 0.0040622 1.16621e-32 1.28259e-32 1.25486e-32 9.26856e-33 1.65487e-31 4.2732e-32 2.43766e-29 4.40483e-30 4.23762e-32 1.30258e-31 1.75399e-33 -5.96361e-34 2.33143e-33 1.05261e-32 1.6468e-31 2.44528e-32 5.06059e-32 2.63252e-33 2.92612e-33 9.18169e-33 8.06019e-32 1.80583e-33 1.82357e-32 4.25671e-34 2.0475e-32 -2.21057e-34 5.54771e-34 9.70884e-34 6.36894e-35 -2.75205e-34 1.6813e-33 8.69056e-35 2.70626e-34 -3.8446e-33 -2.85341e-34 3.45133e-34 2.99232e-34 2.09694e-33 9.19557e-33 1.8264e-32 7.76106e-33 5.17706e-33 1.31587e-32 5.77273e-33 2.89473e-33 1.24721e-32 7.77533e-34 2.42029e-32 -3.43979e-33 -8.7064e-35 1.2767e-34 1.61601e-34 1.927e-34 -9.41936e-33 -3.43572e-34 3.24202e-34 2.65938e-33 1.50448e-33 9.36943e-34 -5.17522e-34 4.35817e-33 4.9745e-33 -1.54964e-34 1.74151e-33 1.65247e-33 8.83222e-34 -6.67222e-34 1.94844e-33 5.47388e-33 3.91553e-35 -8.02204e-35 -5.57306e-35 1.19821e-34 -6.89759e-35 2.35e-34 -9.4701e-33 1.80952e-36 1.20775e-35 2.8265e-33 1.64172e-34 1.20813e-33 -1.5195e-33 4.69817e-33 7.95607e-11 1.55566e-34
7.6e-06 1951.2 0.000427192 0.000186743 0.000315159 0.000667412 0.000208076 0.000849666 1.19314e-07 2.85523e-08 4.23885e-31 1.32013e-31 0.0040622 1.14602e-32 1.26387e-32 1.23945e-32 9.1292e-33 1.62243e-31 4.16511e-32 2.53853e-29 4.69561e-30 4.16564e-32 1.2782e-31 1.73764e-33 -5.82969e-34 2.28035e-33 1.03807e-32 1.61576e-31 2.40603e-32 4.94792e-32 2.58893e-33 2.85655e-33 9.07104e-33 7.94162e-32 1.78016e-33 1.79518e-32 4.16219e-34 2.01031e-32 -2.16063e-34 5.41437e-34 9.54485e-34 6.21415e-35 -2.69448e-34 1.67276e-33 8.54405e-35 2.64586e-34 -3.78449e-33 -2.79914e-34 3.28795e-34 2.92161e-34 2.05818e-33 8.86967e-33 1.79691e-32 7.63791e-33 5.09392e-33 1.2936e-32 5.68226e-33 2.85951e-33 1.22517e-32 7.63541e-34 2.37695e-32 -3.37212e-33 -8.51016e-35 1.25759e-34 1.578e-34 1.89604e-34 -9.23257e-33 -3.36952e-34 3.33951e-34 2.60329e-33 1.48954e-33 9.27325e-34 -5.12022e-34 4.28309e-33 4.88321e-33 -1.55098e-34 1.71873e-33 1.62943e-33 8.69054e-34 -6.58974e-34 1.9068e-33 5.3517e-33 3.86028e-35 -7.8629e-35 -5.47215e-35 1.17299e-34 -6.73339e-35 2.29767e-34 -9.30514e-33 1.76762e-36 1.17874e-35 2.79192e-33 1.62025e-34 1.19087e-33 -1.49909e-33 4.63667e-33 7.95829e-11 1.52554e-34
7.7e-06 1955.34 0.000425108 0.000185806 0.00031531 0.000666141 0.000208876 0.000851255 1.18473e-07 2.85067e-08 4.40687e-31 1.37246e-31 0.0040622 1.12552e-32 1.24579e-32 1.22502e-32 8.99449e-33 1.59163e-31 4.05771e-32 2.63685e-29 4.99213e-30 4.096e-32 1.25441e-31 1.72393e-33 -5.70015e-34 2.23019e-33 1.02437e-32 1.58554e-31 2.36888e-32 4.835e-32 2.54831e-33 2.78955e-33 8.96451e-33 7.82297e-32 1.75568e-33 1.76613e-32 4.07073e-34 1.9745e-32 -2.11252e-34 5.28249e-34 9.3917e-34 6.05436e-35 -2.63987e-34 1.66509e-33 8.38428e-35 2.58786e-34 -3.72888e-33 -2.74851e-34 3.12613e-34 2.85837e-34 2.0217e-33 8.55675e-33 1.76951e-32 7.52427e-33 5.01622e-33 1.2728e-32 5.59884e-33 2.82003e-33 1.20242e-32 7.49806e-34 2.33511e-32 -3.3037e-33 -8.31438e-35 1.23994e-34 1.53907e-34 1.86737e-34 -9.05295e-33 -3.30669e-34 3.44665e-34 2.54954e-33 1.47632e-33 9.18523e-34 -5.06915e-34 4.21473e-33 4.79412e-33 -1.54046e-34 1.69792e-33 1.60833e-33 8.55892e-34 -6.48531e-34 1.86612e-33 5.23396e-33 3.80931e-35 -7.71291e-35 -5.37784e-35 1.14933e-34 -6.57713e-35 2.24773e-34 -9.14564e-33 1.72507e-36 1.14884e-35 2.75353e-33 1.59635e-34 1.17188e-33 -1.47655e-33 4.56859e-33 7.95962e-11 1.49617e-34
7.8e-06 1959.44 0.00042302 0.000184985 0.000315382 0.000664969 0.000209668 0.000852733 1.17653e-07 2.8461e-08 4.57252e-31 1.42405e-31 0.0040622 1.10509e-32 1.22848e-32 1.2116e-32 8.86561e-33 1.5626e-31 3.95246e-32 2.73274e-29 5.2943e-30 4.02934e-32 1.23146e-31 1.71258e-33 -5.57587e-34 2.18154e-33 1.01152e-32 1.55652e-31 2.33395e-32 4.72363e-32 2.51059e-33 2.72556e-33 8.8632e-33 7.706e-32 1.73252e-33 1.73693e-32 3.98301e-34 1.94032e-32 -2.06652e-34 5.15357e-34 9.24912e-34 5.89198e-35 -2.58833e-34 1.65832e-33 8.21262e-35 2.53261e-34 -3.67758e-33 -2.70143e-34 2.96842e-34 2.80212e-34 1.98751e-33 8.25892e-33 1.74414e-32 7.41972e-33 4.94401e-33 1.25347e-32 5.52221e-33 2.77656e-33 1.17935e-32 7.36433e-34 2.29508e-32 -3.23554e-33 -8.12149e-35 1.22369e-34 1.49982e-34 1.84089e-34 -8.88175e-33 -3.24736e-34 3.55996e-34 2.49842e-33 1.46469e-33 9.10516e-34 -5.02192e-34 4.15275e-33 4.70807e-33 -1.52021e-34 1.67898e-33 1.58907e-33 8.43698e-34 -6.3632e-34 1.82669e-33 5.12145e-33 3.76242e-35 -7.57216e-35 -5.28997e-35 1.12725e-34 -6.42942e-35 2.20039e-34 -8.99291e-33 1.6825e-36 1.11853e-35 2.71169e-33 1.57017e-34 1.15131e-33 -1.45209e-33 4.49455e-33 7.9602e-11 1.46779e-34
7.9e-06 1963.51 0.000420932 0.000184266 0.000315383 0.000663885 0.000210455 0.000854113 1.16852e-07 2.84151e-08 4.73601e-31 1.47496e-31 0.0040622 1.085e-32 1.21203e-32 1.19921e-32 8.74323e-33 1.53536e-31 3.85037e-32 2.82632e-29 5.60207e-30 3.96605e-32 1.20952e-31 1.70332e-33 -5.45733e-34 2.13475e-33 9.99517e-33 1.52892e-31 2.30125e-32 4.61508e-32 2.47565e-33 2.66481e-33 8.76774e-33 7.59193e-32 1.71073e-33 1.70798e-32 3.8994e-34 1.90791e-32 -2.02278e-34 5.0287e-34 9.11662e-34 5.72897e-35 -2.53986e-34 1.65244e-33 8.0304e-35 2.48028e-34 -3.63032e-33 -2.65774e-34 2.81648e-34 2.75224e-34 1.95558e-33 7.97713e-33 1.72067e-32 7.32367e-33 4.87719e-33 1.23556e-32 5.45197e-33 2.72935e-33 1.15628e-32 7.23491e-34 2.25702e-32 -3.16837e-33 -7.93323e-35 1.20876e-34 1.46072e-34 1.81646e-34 -8.71957e-33 -3.19151e-34 3.67681e-34 2.45006e-33 1.45451e-33 9.03269e-34 -4.9784e-34 4.09668e-33 4.62552e-33 -1.49215e-34 1.66176e-33 1.57151e-33 8.3242e-34 -6.22723e-34 1.7887e-33 5.01459e-33 3.71935e-35 -7.44044e-35 -5.20823e-35 1.10668e-34 -6.29041e-35 2.15573e-34 -8.84765e-33 1.64039e-36 1.08819e-35 2.66675e-33 1.54187e-34 1.12932e-33 -1.42588e-33 4.41512e-33 7.96016e-11 1.44054e-34
8e-06 1967.55 0.000418847 0.000183634 0.000315322 0.000662878 0.000211235 0.000855407 1.1607e-07 2.83691e-08 4.89748e-31 1.52525e-31 0.0040622 1.06544e-32 1.19649e-32 1.18782e-32 8.62763e-33 1.5099e-31 3.75215e-32 2.91773e-29 5.91537e-30 3.90629e-32 1.18866e-31 1.6959e-33 -5.3447e-34 2.09003e-33 9.88335e-33 1.50287e-31 2.27073e-32 4.51025e-32 2.4433e-33 2.60739e-33 8.67844e-33 7.48152e-32 1.69032e-33 1.67954e-32 3.82005e-34 1.8773e-32 -1.98136e-34 4.90856e-34 8.99357e-34 5.56696e-35 -2.49434e-34 1.64739e-33 7.83894e-35 2.4309e-34 -3.58683e-33 -2.61723e-34 2.67134e-34 2.70807e-34 1.92579e-33 7.71156e-33 1.69898e-32 7.2355e-33 4.8155e-33 1.21901e-32 5.38767e-33 2.67868e-33 1.13345e-32 7.11018e-34 2.221e-32 -3.10272e-33 -7.7508e-35 1.19503e-34 1.42213e-34 1.79393e-34 -8.56657e-33 -3.13901e-34 3.79528e-34 2.40446e-33 1.44564e-33 8.96735e-34 -4.93839e-34 4.04602e-33 4.54673e-33 -1.45793e-34 1.64613e-33 1.55552e-33 8.21993e-34 -6.08081e-34 1.75223e-33 4.91352e-33 3.67981e-35 -7.31732e-35 -5.13225e-35 1.08755e-34 -6.15995e-35 2.11372e-34 -8.71015e-33 1.59912e-36 1.05812e-35 2.61903e-33 1.5116e-34 1.10603e-33 -1.39811e-33 4.33087e-33 7.9596e-11 1.41452e-34
8.1e-06 1971.56 0.000416768 0.000183079 0.000315205 0.00066194 0.00021201 0.000856625 1.15305e-07 2.8323e-08 5.05709e-31 1.57496e-31 0.0040622 1.04651e-32 1.18185e-32 1.17739e-32 8.51885e-33 1.48614e-31 3.65821e-32 3.00707e-29 6.23414e-30 3.85008e-32 1.16891e-31 1.69009e-33 -5.23793e-34 2.04749e-33 9.77928e-33 1.47842e-31 2.24228e-32 4.40968e-32 2.41334e-33 2.55325e-33 8.59535e-33 7.37522e-32 1.67125e-33 1.65182e-32 3.74495e-34 1.84845e-32 -1.9422e-34 4.79354e-34 8.87925e-34 5.40724e-35 -2.45163e-34 1.64312e-33 7.63951e-35 2.38441e-34 -3.54678e-33 -2.57963e-34 2.53352e-34 2.66894e-34 1.89801e-33 7.46185e-33 1.67893e-32 7.15454e-33 4.75864e-33 1.20373e-32 5.32882e-33 2.62481e-33 1.11102e-32 6.99033e-34 2.18698e-32 -3.03894e-33 -7.57495e-35 1.18242e-34 1.38433e-34 1.77315e-34 -8.4226e-33 -3.08969e-34 3.91401e-34 2.36156e-33 1.43796e-33 8.90865e-34 -4.90167e-34 4.00026e-33 4.47177e-33 -1.41897e-34 1.63194e-33 1.54096e-33 8.12349e-34 -5.92688e-34 1.71731e-33 4.81816e-33 3.64351e-35 -7.20227e-35 -5.06158e-35 1.06976e-34 -6.0377e-35 2.07426e-34 -8.58039e-33 1.55894e-36 1.02857e-35 2.56885e-33 1.47952e-34 1.0816e-33 -1.36895e-33 4.24233e-33 7.95859e-11 1.38973e-34
8.2e-06 1975.53 0.000414697 0.000182589 0.000315039 0.000661063 0.000212778 0.000857776 1.14556e-07 2.82768e-08 5.21497e-31 1.62413e-31 0.0040622 1.02829e-32 1.16809e-32 1.16787e-32 8.41671e-33 1.46397e-31 3.56879e-32 3.09446e-29 6.55831e-30 3.79735e-32 1.15026e-31 1.6857e-33 -5.13685e-34 2.00714e-33 9.68244e-33 1.45555e-31 2.21577e-32 4.31369e-32 2.38557e-33 2.50229e-33 8.51834e-33 7.27324e-32 1.65346e-33 1.62493e-32 3.67399e-34 1.82129e-32 -1.90524e-34 4.68382e-34 8.77293e-34 5.25083e-35 -2.41153e-34 1.63957e-33 7.43337e-35 2.34069e-34 -3.50987e-33 -2.5447e-34 2.40317e-34 2.63421e-34 1.87209e-33 7.22731e-33 1.66036e-32 7.08011e-33 4.70625e-33 1.18961e-32 5.27494e-33 2.568e-33 1.08912e-32 6.87537e-34 2.15488e-32 -2.97725e-33 -7.40609e-35 1.17082e-34 1.34754e-34 1.75397e-34 -8.28732e-33 -3.04334e-34 4.032e-34 2.32124e-33 1.43133e-33 8.85603e-34 -4.86798e-34 3.95888e-33 4.40058e-33 -1.37641e-34 1.61904e-33 1.5277e-33 8.0342e-34 -5.7679e-34 1.68393e-33 4.72832e-33 3.61015e-35 -7.09469e-35 -4.99579e-35 1.05321e-34 -5.92317e-35 2.03723e-34 -8.45814e-33 1.52004e-36 9.99714e-36 2.51651e-33 1.44579e-34 1.05615e-33 -1.33856e-33 4.15004e-33 7.95718e-11 1.36616e-34
8.3e-06 1979.47 0.000412636 0.000182155 0.000314829 0.00066024 0.000213541 0.000858868 1.13823e-07 2.82304e-08 5.37124e-31 1.6728e-31 0.0040622 1.0108e-32 1.15517e-32 1.15919e-32 8.32093e-33 1.4433e-31 3.48392e-32 3.17999e-29 6.88782e-30 3.74794e-32 1.13269e-31 1.68254e-33 -5.04117e-34 1.96893e-33 9.59225e-33 1.43421e-31 2.19105e-32 4.22241e-32 2.35979e-33 2.45434e-33 8.44718e-33 7.17563e-32 1.63689e-33 1.59895e-32 3.60697e-34 1.79572e-32 -1.87036e-34 4.57941e-34 8.67389e-34 5.09849e-35 -2.37385e-34 1.63666e-33 7.22173e-35 2.29957e-34 -3.4758e-33 -2.5122e-34 2.28018e-34 2.60329e-34 1.84788e-33 7.00706e-33 1.64314e-32 7.01158e-33 4.65795e-33 1.17656e-32 5.22556e-33 2.50853e-33 1.06783e-32 6.76523e-34 2.1246e-32 -2.91778e-33 -7.24439e-35 1.16014e-34 1.31189e-34 1.73623e-34 -8.16023e-33 -2.99974e-34 4.14858e-34 2.28334e-33 1.42566e-33 8.80895e-34 -4.83708e-34 3.92142e-33 4.33303e-33 -1.33123e-34 1.6073e-33 1.51561e-33 7.95136e-34 -5.60597e-34 1.65206e-33 4.6437e-33 3.57946e-35 -6.99399e-35 -4.93443e-35 1.0378e-34 -5.81584e-35 2.00245e-34 -8.34303e-33 1.48254e-36 9.71691e-36 2.46229e-33 1.41059e-34 1.02982e-33 -1.30712e-33 4.05448e-33 7.95543e-11 1.34376e-34
8.4e-06 1983.39 0.000410587 0.00018177 0.00031458 0.000659466 0.000214298 0.000859909 1.13103e-07 2.81837e-08 5.526e-31 1.721e-31 0.0040622 9.94061e-33 1.14306e-32 1.15129e-32 8.23114e-33 1.42399e-31 3.40356e-32 3.26375e-29 7.2226e-30 3.70165e-32 1.11613e-31 1.68046e-33 -4.95056e-34 1.93277e-33 9.50815e-33 1.41433e-31 2.16796e-32 4.13579e-32 2.3358e-33 2.40921e-33 8.38154e-33 7.08228e-32 1.62144e-33 1.57391e-32 3.54366e-34 1.77163e-32 -1.83741e-34 4.4802e-34 8.58143e-34 4.95077e-35 -2.33838e-34 1.63431e-33 7.00574e-35 2.26087e-34 -3.44428e-33 -2.48187e-34 2.1643e-34 2.57565e-34 1.82521e-33 6.80009e-33 1.62714e-32 6.94834e-33 4.61339e-33 1.16448e-32 5.18024e-33 2.44668e-33 1.0472e-32 6.65975e-34 2.09602e-32 -2.86056e-33 -7.08979e-35 1.15028e-34 1.27749e-34 1.71979e-34 -8.04077e-33 -2.95864e-34 4.26332e-34 2.24769e-33 1.42084e-33 8.76687e-34 -4.80871e-34 3.88742e-33 4.26893e-33 -1.28419e-34 1.59659e-33 1.50456e-33 7.87435e-34 -5.44277e-34 1.62163e-33 4.56397e-33 3.55116e-35 -6.89953e-35 -4.87709e-35 1.02341e-34 -5.71513e-35 1.96976e-34 -8.23461e-33 1.4465e-36 9.44597e-36 2.40645e-33 1.37406e-34 1.00274e-33 -1.27478e-33 3.95615e-33 7.95335e-11 1.32248e-34
8.5e-06 1987.27 0.000408552 0.000181426 0.000314298 0.000658734 0.000215048 0.000860905 1.12398e-07 2.81366e-08 5.67934e-31 1.76875e-31 0.0040622 9.78047e-33 1.13168e-32 1.1441e-32 8.14692e-33 1.40595e-31 3.32758e-32 3.34582e-29 7.56258e-30 3.65828e-32 1.10051e-31 1.6793e-33 -4.86465e-34 1.89855e-33 9.42958e-33 1.39582e-31 2.14636e-32 4.05373e-32 2.31342e-33 2.36669e-33 8.32103e-33 6.99305e-32 1.60703e-33 1.54982e-32 3.4838e-34 1.74889e-32 -1.80627e-34 4.38601e-34 8.4949e-34 4.80807e-35 -2.30492e-34 1.63246e-33 6.78654e-35 2.22441e-34 -3.41504e-33 -2.45349e-34 2.05513e-34 2.5508e-34 1.80395e-33 6.6054e-33 1.61222e-32 6.88983e-33 4.57218e-33 1.15327e-32 5.13855e-33 2.38272e-33 1.02726e-32 6.55872e-34 2.06901e-32 -2.80558e-33 -6.94213e-35 1.14117e-34 1.24437e-34 1.70453e-34 -7.92835e-33 -2.91983e-34 4.37591e-34 2.21411e-33 1.41676e-33 8.72928e-34 -4.78262e-34 3.85648e-33 4.20803e-33 -1.23588e-34 1.58679e-33 1.49444e-33 7.80255e-34 -5.27967e-34 1.59257e-33 4.48876e-33 3.52499e-35 -6.81075e-35 -4.82336e-35 1.00996e-34 -5.62047e-35 1.93898e-34 -8.13238e-33 1.41193e-36 9.1849e-36 2.34926e-33 1.33639e-34 9.75037e-34 -1.24169e-33 3.85551e-33 7.95097e-11 1.30224e-34
8.6e-06 1991.13 0.000406531 0.000181118 0.000313985 0.00065804 0.000215793 0.00086186 1.11706e-07 2.80891e-08 5.83136e-31 1.8161e-31 0.0040622 9.62733e-33 1.12098e-32 1.13756e-32 8.06784e-33 1.38903e-31 3.25576e-32 3.4263e-29 7.90768e-30 3.61759e-32 1.08578e-31 1.67894e-33 -4.78308e-34 1.86615e-33 9.356e-33 1.37858e-31 2.12609e-32 3.97603e-32 2.29246e-33 2.32657e-33 8.26526e-33 6.9077e-32 1.59357e-33 1.52665e-32 3.42713e-34 1.72739e-32 -1.77677e-34 4.29657e-34 8.41367e-34 4.6706e-35 -2.27328e-34 1.63102e-33 6.56519e-35 2.18999e-34 -3.38783e-33 -2.42686e-34 1.95224e-34 2.52834e-34 1.78394e-33 6.42196e-33 1.59827e-32 6.83553e-33 4.534e-33 1.14285e-32 5.10009e-33 2.31692e-33 1.00801e-32 6.46188e-34 2.04342e-32 -2.75278e-33 -6.80113e-35 1.13272e-34 1.21256e-34 1.69031e-34 -7.82236e-33 -2.88308e-34 4.48619e-34 2.18243e-33 1.41335e-33 8.69568e-34 -4.75858e-34 3.82824e-33 4.1501e-33 -1.18678e-34 1.57779e-33 1.48515e-33 7.7354e-34 -5.11773e-34 1.56479e-33 4.41769e-33 3.50074e-35 -6.72708e-35 -4.77287e-35 9.9734e-35 -5.53131e-35 1.90994e-34 -8.03584e-33 1.37884e-36 8.93405e-36 2.29095e-33 1.29773e-34 9.46837e-34 -1.20799e-33 3.753e-33 7.94831e-11 1.28296e-34
8.7e-06 1994.95 0.000404525 0.00018084 0.000313645 0.000657381 0.000216531 0.000862781 1.11026e-07 2.80412e-08 5.98211e-31 1.86305e-31 0.0040622 9.48084e-33 1.11091e-32 1.1316e-32 7.99345e-33 1.37315e-31 3.18789e-32 3.50523e-29 8.25782e-30 3.57934e-32 1.07187e-31 1.67927e-33 -4.70547e-34 1.83544e-33 9.28693e-33 1.3625e-31 2.10702e-32 3.90245e-32 2.27277e-33 2.28864e-33 8.21382e-33 6.82598e-32 1.58097e-33 1.50438e-32 3.37339e-34 1.707e-32 -1.74879e-34 4.21162e-34 8.33718e-34 4.5385e-35 -2.24329e-34 1.62994e-33 6.34271e-35 2.15743e-34 -3.36244e-33 -2.40177e-34 1.85516e-34 2.50788e-34 1.76506e-33 6.24882e-33 1.58518e-32 6.78496e-33 4.49851e-33 1.13312e-32 5.06451e-33 2.24956e-33 9.89434e-33 6.36898e-34 2.01914e-32 -2.70206e-33 -6.66647e-35 1.12487e-34 1.18206e-34 1.67703e-34 -7.72222e-33 -2.84819e-34 4.59407e-34 2.15248e-33 1.41052e-33 8.66561e-34 -4.73637e-34 3.80236e-33 4.09488e-33 -1.13724e-34 1.56949e-33 1.4766e-33 7.6724e-34 -4.95779e-34 1.53822e-33 4.3504e-33 3.47817e-35 -6.64801e-35 -4.72528e-35 9.85472e-35 -5.44712e-35 1.88247e-34 -7.94447e-33 1.34719e-36 8.69351e-36 2.23177e-33 1.25826e-34 9.1826e-34 -1.17382e-33 3.64905e-33 7.94539e-11 1.26458e-34
8.8e-06 1998.75 0.000402535 0.000180588 0.000313282 0.000656751 0.000217264 0.000863671 1.10358e-07 2.79927e-08 6.13167e-31 1.90963e-31 0.0040622 9.3406e-33 1.10141e-32 1.12617e-32 7.92331e-33 1.35819e-31 3.12371e-32 3.5827e-29 8.61293e-30 3.54333e-32 1.05869e-31 1.68019e-33 -4.63148e-34 1.80628e-33 9.22189e-33 1.34748e-31 2.08902e-32 3.83274e-32 2.2542e-33 2.25271e-33 8.16629e-33 6.74764e-32 1.56914e-33 1.48296e-32 3.32234e-34 1.68762e-32 -1.72219e-34 4.13086e-34 8.26492e-34 4.41176e-35 -2.21477e-34 1.62915e-33 6.12007e-35 2.12655e-34 -3.33864e-33 -2.37806e-34 1.76343e-34 2.48912e-34 1.74718e-33 6.08506e-33 1.57284e-32 6.73769e-33 4.46543e-33 1.12401e-32 5.03149e-33 2.18092e-33 9.71524e-33 6.27975e-34 1.99603e-32 -2.65332e-33 -6.53777e-35 1.11754e-34 1.15285e-34 1.66459e-34 -7.62735e-33 -2.81498e-34 4.69951e-34 2.12409e-33 1.4082e-33 8.63864e-34 -4.71577e-34 3.77855e-33 4.04213e-33 -1.08752e-34 1.56181e-33 1.46869e-33 7.61306e-34 -4.80045e-34 1.51276e-33 4.28654e-33 3.4571e-35 -6.57308e-35 -4.68028e-35 9.74276e-35 -5.36741e-35 1.85643e-34 -7.8578e-33 1.31692e-36 8.46323e-36 2.17192e-33 1.21812e-34 8.89421e-34 -1.13933e-33 3.54407e-33 7.9422e-11 1.24702e-34
8.9e-06 2002.53 0.000400562 0.000180358 0.000312899 0.000656148 0.00021799 0.000864533 1.09701e-07 2.79435e-08 6.28009e-31 1.95585e-31 0.0040622 9.20618e-33 1.09242e-32 1.12119e-32 7.85702e-33 1.34406e-31 3.06297e-32 3.65875e-29 8.9729e-30 3.50932e-32 1.04619e-31 1.68159e-33 -4.56077e-34 1.77854e-33 9.16046e-33 1.33342e-31 2.07196e-32 3.76661e-32 2.23662e-33 2.2186e-33 8.12229e-33 6.6724e-32 1.558e-33 1.46235e-32 3.27373e-34 1.66915e-32 -1.69684e-34 4.05398e-34 8.19642e-34 4.29035e-35 -2.18759e-34 1.62859e-33 5.89818e-35 2.09721e-34 -3.31626e-33 -2.35557e-34 1.67659e-34 2.47179e-34 1.7302e-33 5.92985e-33 1.56118e-32 6.69335e-33 4.43447e-33 1.11546e-32 5.00072e-33 2.11127e-33 9.54248e-33 6.19393e-34 1.97399e-32 -2.60644e-33 -6.41464e-35 1.11068e-34 1.12487e-34 1.65289e-34 -7.53725e-33 -2.78326e-34 4.80252e-34 2.09712e-33 1.40633e-33 8.61438e-34 -4.69659e-34 3.75656e-33 3.99161e-33 -1.03781e-34 1.55465e-33 1.46136e-33 7.55698e-34 -4.64617e-34 1.48835e-33 4.22578e-33 3.43736e-35 -6.50185e-35 -4.6376e-35 9.63681e-35 -5.29175e-35 1.83168e-34 -7.77537e-33 1.28798e-36 8.243e-36 2.11162e-33 1.1775e-34 8.60432e-34 -1.10464e-33 3.43845e-33 7.93876e-11 1.23021e-34
9e-06 2006.27 0.000398605 0.000180146 0.000312498 0.000655569 0.00021871 0.000865373 1.09056e-07 2.78937e-08 6.42743e-31 2.00174e-31 0.0040622 9.07716e-33 1.08389e-32 1.11664e-32 7.79418e-33 1.33067e-31 3.00542e-32 3.73345e-29 9.33767e-30 3.47712e-32 1.0343e-31 1.68342e-33 -4.49304e-34 1.75211e-33 9.10225e-33 1.32024e-31 2.05573e-32 3.7038e-32 2.21993e-33 2.18612e-33 8.08145e-33 6.60002e-32 1.54748e-33 1.44248e-32 3.22734e-34 1.65148e-32 -1.67262e-34 3.9807e-34 8.13128e-34 4.17414e-35 -2.1616e-34 1.62823e-33 5.6779e-35 2.06923e-34 -3.29513e-33 -2.33416e-34 1.59423e-34 2.45566e-34 1.714e-33 5.78242e-33 1.55011e-32 6.65158e-33 4.40539e-33 1.1074e-32 4.97194e-33 2.04088e-33 9.37576e-33 6.11126e-34 1.9529e-32 -2.56129e-33 -6.29671e-35 1.10423e-34 1.0981e-34 1.64185e-34 -7.45142e-33 -2.75289e-34 4.90313e-34 2.07143e-33 1.40486e-33 8.59248e-34 -4.67866e-34 3.73616e-33 3.94308e-33 -9.88226e-35 1.54796e-33 1.45453e-33 7.50378e-34 -4.49522e-34 1.4649e-33 4.16783e-33 3.41878e-35 -6.43394e-35 -4.59698e-35 9.53622e-35 -5.21972e-35 1.80808e-34 -7.69673e-33 1.26029e-36 8.03253e-36 2.05107e-33 1.13655e-34 8.314e-34 -1.06986e-33 3.33255e-33 7.93507e-11 1.21407e-34
9.1e-06 2009.99 0.000396665 0.00017995 0.000312082 0.000655012 0.000219423 0.000866191 1.0842e-07 2.78431e-08 6.57372e-31 2.0473e-31 0.0040622 8.95312e-33 1.07578e-32 1.11244e-32 7.73444e-33 1.31794e-31 2.9508e-32 3.80683e-29 9.70713e-30 3.44655e-32 1.02297e-31 1.68559e-33 -4.42802e-34 1.72686e-33 9.04692e-33 1.30783e-31 2.04024e-32 3.64403e-32 2.204e-33 2.15512e-33 8.04342e-33 6.53023e-32 1.53751e-33 1.42331e-32 3.18299e-34 1.63454e-32 -1.64943e-34 3.91073e-34 8.0691e-34 4.06296e-35 -2.13669e-34 1.62801e-33 5.46e-35 2.0425e-34 -3.2751e-33 -2.31371e-34 1.51594e-34 2.44054e-34 1.69852e-33 5.64207e-33 1.53956e-32 6.61208e-33 4.37798e-33 1.09976e-32 4.94492e-33 1.97002e-33 9.21474e-33 6.03152e-34 1.93267e-32 -2.51775e-33 -6.1836e-35 1.09816e-34 1.07246e-34 1.63141e-34 -7.36943e-33 -2.72373e-34 5.00138e-34 2.04688e-33 1.40373e-33 8.57261e-34 -4.66181e-34 3.71714e-33 3.89636e-33 -9.38863e-35 1.54167e-33 1.44814e-33 7.45312e-34 -4.34781e-34 1.44234e-33 4.11239e-33 3.40122e-35 -6.36901e-35 -4.55819e-35 9.44042e-35 -5.15095e-35 1.78552e-34 -7.62151e-33 1.23379e-36 7.83144e-36 1.99046e-33 1.09543e-34 8.02428e-34 -1.03513e-33 3.22673e-33 7.93114e-11 1.19856e-34
9.2e-06 2013.68 0.000394743 0.000179766 0.000311652 0.000654473 0.00022013 0.00086699 1.07795e-07 2.77918e-08 6.719e-31 2.09254e-31 0.0040622 8.83364e-33 1.06803e-32 1.10856e-32 7.67745e-33 1.30581e-31 2.89889e-32 3.87895e-29 1.00812e-29 3.41743e-32 1.01213e-31 1.68804e-33 -4.36545e-34 1.70269e-33 8.99416e-33 1.29613e-31 2.02539e-32 3.58707e-32 2.18875e-33 2.12547e-33 8.00789e-33 6.46281e-32 1.52803e-33 1.40479e-32 3.14048e-34 1.61824e-32 -1.62718e-34 3.84381e-34 8.00958e-34 3.95664e-35 -2.11274e-34 1.62789e-33 5.24521e-35 2.01688e-34 -3.25604e-33 -2.2941e-34 1.44137e-34 2.42625e-34 1.68365e-33 5.50818e-33 1.52947e-32 6.57458e-33 4.35202e-33 1.09251e-32 4.91944e-33 1.89895e-33 9.05906e-33 5.95446e-34 1.91322e-32 -2.47571e-33 -6.07494e-35 1.09242e-34 1.04791e-34 1.62149e-34 -7.29087e-33 -2.69564e-34 5.09732e-34 2.02337e-33 1.40289e-33 8.55449e-34 -4.64591e-34 3.69934e-33 3.85123e-33 -8.89766e-35 1.53571e-33 1.44214e-33 7.4047e-34 -4.20403e-34 1.4206e-33 4.05923e-33 3.38457e-35 -6.30675e-35 -4.52106e-35 9.3489e-35 -5.08513e-35 1.76389e-34 -7.54934e-33 1.20841e-36 7.63932e-36 1.92996e-33 1.05429e-34 7.73612e-34 -1.00054e-33 3.12133e-33 7.92696e-11 1.18362e-34
9.3e-06 2017.35 0.000392838 0.000179594 0.00031121 0.000653952 0.000220831 0.000867774 1.0718e-07 2.77397e-08 6.86331e-31 2.13749e-31 0.0040622 8.71835e-33 1.06062e-32 1.10497e-32 7.62292e-33 1.2942e-31 2.84945e-32 3.94984e-29 1.04597e-29 3.3896e-32 1.00175e-31 1.69072e-33 -4.3051e-34 1.67951e-33 8.94368e-33 1.28505e-31 2.01112e-32 3.53266e-32 2.17411e-33 2.09703e-33 7.97456e-33 6.39755e-32 1.51898e-33 1.38687e-32 3.09964e-34 1.60251e-32 -1.60577e-34 3.7797e-34 7.95241e-34 3.85495e-35 -2.08966e-34 1.62784e-33 5.0342e-35 1.99227e-34 -3.23784e-33 -2.27524e-34 1.3702e-34 2.41267e-34 1.66935e-33 5.3802e-33 1.51978e-32 6.53884e-33 4.32735e-33 1.0856e-32 4.89531e-33 1.82792e-33 8.90838e-33 5.87988e-34 1.89445e-32 -2.43503e-33 -5.9704e-35 1.08696e-34 1.02438e-34 1.61204e-34 -7.21538e-33 -2.66852e-34 5.19101e-34 2.0008e-33 1.40232e-33 8.53787e-34 -4.63081e-34 3.6826e-33 3.80753e-33 -8.4096e-35 1.53005e-33 1.43647e-33 7.35826e-34 -4.06389e-34 1.39961e-33 4.00811e-33 3.36871e-35 -6.24688e-35 -4.48538e-35 9.26122e-35 -5.02195e-35 1.74311e-34 -7.4799e-33 1.18406e-36 7.45572e-36 1.86974e-33 1.01328e-34 7.45044e-34 -9.662e-34 3.01664e-33 7.92254e-11 1.16919e-34
9.4e-06 2020.99 0.00039095 0.00017943 0.000310758 0.000653447 0.000221525 0.000868543 1.06574e-07 2.76867e-08 7.00668e-31 2.18214e-31 0.0040622 8.6069e-33 1.05349e-32 1.10161e-32 7.57058e-33 1.28305e-31 2.8023e-32 4.01955e-29 1.08427e-29 3.36294e-32 9.91778e-32 1.69359e-33 -4.24677e-34 1.65722e-33 8.89523e-33 1.27453e-31 1.99734e-32 3.48058e-32 2.15999e-33 2.06969e-33 7.94317e-33 6.33426e-32 1.5103e-33 1.3695e-32 3.06034e-34 1.58729e-32 -1.58513e-34 3.71816e-34 7.89733e-34 3.75768e-35 -2.06737e-34 1.62783e-33 4.82756e-35 1.96857e-34 -3.2204e-33 -2.25705e-34 1.30214e-34 2.39969e-34 1.65553e-33 5.25762e-33 1.51044e-32 6.50465e-33 4.30381e-33 1.07899e-32 4.87238e-33 1.75719e-33 8.76236e-33 5.8076e-34 1.87632e-32 -2.39562e-33 -5.86967e-35 1.08177e-34 1.00181e-34 1.603e-34 -7.14264e-33 -2.64228e-34 5.2825e-34 1.97908e-33 1.40197e-33 8.5225e-34 -4.6164e-34 3.66679e-33 3.76511e-33 -7.92451e-35 1.52464e-33 1.43111e-33 7.31358e-34 -3.92738e-34 1.37932e-33 3.95883e-33 3.35354e-35 -6.18918e-35 -4.45102e-35 9.17697e-35 -4.96117e-35 1.72309e-34 -7.4129e-33 1.16069e-36 7.28017e-36 1.80996e-33 9.72539e-35 7.1681e-34 -9.3221e-34 2.91297e-33 7.91788e-11 1.15523e-34
9.5e-06 2024.61 0.00038908 0.000179273 0.000310297 0.000652956 0.000222212 0.000869299 1.05977e-07 2.76329e-08 7.14914e-31 2.2265e-31 0.0040622 8.49896e-33 1.04663e-32 1.09847e-32 7.52017e-33 1.27233e-31 2.75723e-32 4.0881e-29 1.12299e-29 3.3373e-32 9.82174e-32 1.69659e-33 -4.19029e-34 1.63575e-33 8.84861e-33 1.26452e-31 1.984e-32 3.43065e-32 2.14634e-33 2.04335e-33 7.91348e-33 6.27276e-32 1.50196e-33 1.35263e-32 3.02244e-34 1.57253e-32 -1.5652e-34 3.65899e-34 7.84414e-34 3.66459e-35 -2.04579e-34 1.62784e-33 4.62581e-35 1.9457e-34 -3.20362e-33 -2.23945e-34 1.23692e-34 2.3872e-34 1.64216e-33 5.14e-33 1.50141e-32 6.47182e-33 4.28126e-33 1.07264e-32 4.8505e-33 1.68697e-33 8.62068e-33 5.73743e-34 1.85875e-32 -2.35736e-33 -5.77244e-35 1.0768e-34 9.80152e-35 1.59434e-34 -7.07237e-33 -2.61682e-34 5.37185e-34 1.95812e-33 1.40182e-33 8.50818e-34 -4.60259e-34 3.65179e-33 3.72383e-33 -7.44234e-35 1.51945e-33 1.42601e-33 7.27044e-34 -3.79442e-34 1.35967e-33 3.91121e-33 3.33899e-35 -6.13342e-35 -4.41784e-35 9.0958e-35 -4.90254e-35 1.70377e-34 -7.3481e-33 1.13822e-36 7.11222e-36 1.75076e-33 9.32208e-35 6.8899e-34 -8.98657e-34 2.81058e-33 7.91298e-11 1.1417e-34
9.6e-06 2028.2 0.000387226 0.000179123 0.000309829 0.000652477 0.000222893 0.000870044 1.05389e-07 2.75783e-08 7.29071e-31 2.27059e-31 0.0040622 8.39424e-33 1.04e-32 1.09551e-32 7.47148e-33 1.26198e-31 2.71407e-32 4.15553e-29 1.16214e-29 3.31259e-32 9.72904e-32 1.6997e-33 -4.13549e-34 1.61502e-33 8.80361e-33 1.25495e-31 1.97104e-32 3.38266e-32 2.1331e-33 2.01791e-33 7.88527e-33 6.21289e-32 1.49391e-33 1.33622e-32 2.98582e-34 1.55817e-32 -1.5459e-34 3.602e-34 7.79261e-34 3.57545e-35 -2.02485e-34 1.62783e-33 4.42941e-35 1.92358e-34 -3.18742e-33 -2.22237e-34 1.17433e-34 2.37512e-34 1.62918e-33 5.02695e-33 1.49266e-32 6.44019e-33 4.25958e-33 1.06652e-32 4.82954e-33 1.61751e-33 8.48302e-33 5.66923e-34 1.84169e-32 -2.32018e-33 -5.67846e-35 1.07205e-34 9.59342e-35 1.58602e-34 -7.00432e-33 -2.59206e-34 5.45912e-34 1.93786e-33 1.40183e-33 8.49475e-34 -4.58928e-34 3.6375e-33 3.68355e-33 -6.96297e-35 1.51443e-33 1.42113e-33 7.22868e-34 -3.66492e-34 1.34062e-33 3.86509e-33 3.32497e-35 -6.07942e-35 -4.38572e-35 9.01741e-35 -4.84589e-35 1.68507e-34 -7.28525e-33 1.1166e-36 6.95142e-36 1.69229e-33 8.92414e-35 6.61657e-34 -8.65625e-34 2.70972e-33 7.90784e-11 1.12856e-34
9.7e-06 2031.77 0.00038539 0.000178977 0.000309354 0.00065201 0.000223568 0.000870778 1.04809e-07 2.75227e-08 7.4314e-31 2.31441e-31 0.0040622 8.29247e-33 1.03357e-32 1.09271e-32 7.42432e-33 1.25197e-31 2.67268e-32 4.22187e-29 1.20169e-29 3.28869e-32 9.63936e-32 1.70288e-33 -4.08223e-34 1.59497e-33 8.76007e-33 1.24578e-31 1.95841e-32 3.33646e-32 2.12022e-33 1.9933e-33 7.85837e-33 6.15452e-32 1.48612e-33 1.32025e-32 2.95038e-34 1.54418e-32 -1.5272e-34 3.54702e-34 7.7426e-34 3.49004e-35 -2.00451e-34 1.6278e-33 4.23877e-35 1.90214e-34 -3.17175e-33 -2.20576e-34 1.11415e-34 2.3634e-34 1.61655e-33 4.91813e-33 1.48415e-32 6.40962e-33 4.23866e-33 1.06061e-32 4.80939e-33 1.549e-33 8.34911e-33 5.60285e-34 1.82509e-32 -2.28398e-33 -5.5875e-35 1.06747e-34 9.39328e-35 1.57799e-34 -6.93826e-33 -2.56796e-34 5.54434e-34 1.91823e-33 1.40199e-33 8.48205e-34 -4.57639e-34 3.62384e-33 3.64418e-33 -6.48623e-35 1.50957e-33 1.41646e-33 7.18814e-34 -3.53876e-34 1.32212e-33 3.82033e-33 3.31143e-35 -6.02702e-35 -4.35456e-35 8.94154e-35 -4.79102e-35 1.66694e-34 -7.22416e-33 1.09576e-36 6.79731e-36 1.63466e-33 8.53277e-35 6.34877e-34 -8.3319e-34 2.61063e-33 7.90246e-11 1.11578e-34
9.8e-06 2035.31 0.000383571 0.000178835 0.000308873 0.000651554 0.000224236 0.000871504 1.04238e-07 2.74663e-08 7.57125e-31 2.35797e-31 0.0040622 8.1934e-33 1.02732e-32 1.09004e-32 7.37851e-33 1.24226e-31 2.6329e-32 4.28715e-29 1.24164e-29 3.26553e-32 9.55242e-32 1.70611e-33 -4.0304e-34 1.57555e-33 8.71784e-33 1.23697e-31 1.94608e-32 3.29189e-32 2.10768e-33 1.96946e-33 7.8326e-33 6.09753e-32 1.47855e-33 1.30466e-32 2.91603e-34 1.53052e-32 -1.50903e-34 3.4939e-34 7.69394e-34 3.40814e-35 -1.9847e-34 1.62772e-33 4.0542e-35 1.88132e-34 -3.15654e-33 -2.18957e-34 1.05622e-34 2.35197e-34 1.60424e-33 4.81322e-33 1.47585e-32 6.37999e-33 4.21841e-33 1.05488e-32 4.78995e-33 1.48166e-33 8.21868e-33 5.53816e-34 1.80891e-32 -2.24868e-33 -5.49932e-35 1.06306e-34 9.20061e-35 1.57024e-34 -6.87401e-33 -2.54444e-34 5.62758e-34 1.89917e-33 1.40227e-33 8.46994e-34 -4.56386e-34 3.61072e-33 3.60562e-33 -6.01195e-35 1.50483e-33 1.41196e-33 7.14868e-34 -3.41583e-34 1.30413e-33 3.77681e-33 3.29831e-35 -5.97608e-35 -4.32425e-35 8.86793e-35 -4.73778e-35 1.64933e-34 -7.16466e-33 1.07567e-36 6.64947e-36 1.578e-33 8.14908e-35 6.08711e-34 -8.0142e-34 2.51351e-33 7.89685e-11 1.10334e-34
9.9e-06 2038.83 0.000381768 0.000178695 0.000308388 0.000651107 0.000224898 0.000872221 1.03675e-07 2.7409e-08 7.71027e-31 2.40126e-31 0.0040622 8.09683e-33 1.02124e-32 1.08749e-32 7.3339e-33 1.23282e-31 2.59461e-32 4.35139e-29 1.28198e-29 3.24303e-32 9.468e-32 1.70936e-33 -3.97989e-34 1.55671e-33 8.67679e-33 1.22848e-31 1.93401e-32 3.24882e-32 2.09542e-33 1.94631e-33 7.80781e-33 6.04179e-32 1.47117e-33 1.28944e-32 2.88268e-34 1.51715e-32 -1.49137e-34 3.4425e-34 7.6465e-34 3.32954e-35 -1.96539e-34 1.62758e-33 3.87598e-35 1.86107e-34 -3.14174e-33 -2.17377e-34 1.00037e-34 2.34079e-34 1.59222e-33 4.71195e-33 1.46773e-32 6.3512e-33 4.19876e-33 1.04932e-32 4.77115e-33 1.41566e-33 8.0915e-33 5.47506e-34 1.79311e-32 -2.21423e-33 -5.41375e-35 1.0588e-34 9.01493e-35 1.56273e-34 -6.81139e-33 -2.52145e-34 5.70888e-34 1.88065e-33 1.40266e-33 8.45829e-34 -4.55162e-34 3.59809e-33 3.56778e-33 -5.53996e-35 1.5002e-33 1.40762e-33 7.11019e-34 -3.29599e-34 1.28662e-33 3.73442e-33 3.28555e-35 -5.92648e-35 -4.29474e-35 8.7964e-35 -4.68605e-35 1.6322e-34 -7.10658e-33 1.05625e-36 6.50752e-36 1.5224e-33 7.77409e-35 5.83212e-34 -7.70377e-34 2.41853e-33 7.89101e-11 1.0912e-34
1e-05 2042.33 0.000379983 0.000178559 0.000307898 0.000650669 0.000225554 0.000872931 1.03119e-07 2.73508e-08 7.84847e-31 2.4443e-31 0.0040622 8.00257e-33 1.0153e-32 1.08504e-32 7.29037e-33 1.22362e-31 2.55771e-32 4.41462e-29 1.3227e-29 3.22111e-32 9.38586e-32 1.7126e-33 -3.9306e-34 1.5384e-33 8.6368e-33 1.22028e-31 1.92217e-32 3.20713e-32 2.08343e-33 1.9238e-33 7.78387e-33 5.98723e-32 1.46397e-33 1.27456e-32 2.85026e-34 1.50404e-32 -1.47416e-34 3.39271e-34 7.60017e-34 3.25404e-35 -1.94654e-34 1.62737e-33 3.70431e-35 1.84136e-34 -3.1273e-33 -2.1583e-34 9.46466e-35 2.32983e-34 1.58045e-33 4.61407e-33 1.45979e-32 6.32315e-33 4.17963e-33 1.0439e-32 4.7529e-33 1.35117e-33 7.96734e-33 5.41344e-34 1.77767e-32 -2.18054e-33 -5.3306e-35 1.05468e-34 8.8358e-35 1.55545e-34 -6.75025e-33 -2.49896e-34 5.78828e-34 1.86261e-33 1.40315e-33 8.44702e-34 -4.53963e-34 3.58588e-33 3.5306e-33 -5.07012e-35 1.49567e-33 1.40341e-33 7.07257e-34 -3.17911e-34 1.26955e-33 3.69307e-33 3.27313e-35 -5.8781e-35 -4.26594e-35 8.72676e-35 -4.6357e-35 1.61552e-34 -7.04981e-33 1.03748e-36 6.37107e-36 1.46796e-33 7.40873e-35 5.58427e-34 -7.40115e-34 2.32588e-33 7.88493e-11 1.07936e-34
1.01e-05 2045.8 0.000378213 0.000178423 0.000307406 0.00065024 0.000226203 0.000873634 1.02572e-07 2.72918e-08 7.98586e-31 2.48709e-31 0.0040622 7.91043e-33 1.00949e-32 1.08267e-32 7.2478e-33 1.21465e-31 2.52208e-32 4.47687e-29 1.36378e-29 3.19973e-32 9.30583e-32 1.71584e-33 -3.88245e-34 1.52058e-33 8.59779e-33 1.21233e-31 1.91053e-32 3.16671e-32 2.07167e-33 1.90189e-33 7.76068e-33 5.93376e-32 1.45692e-33 1.25999e-32 2.81871e-34 1.49118e-32 -1.45739e-34 3.3444e-34 7.55486e-34 3.18146e-35 -1.92811e-34 1.62708e-33 3.53935e-35 1.82213e-34 -3.1132e-33 -2.14315e-34 8.94387e-35 2.31905e-34 1.56892e-33 4.51939e-33 1.45199e-32 6.29576e-33 4.16096e-33 1.03861e-32 4.73515e-33 1.28834e-33 7.84601e-33 5.35322e-34 1.76256e-32 -2.14758e-33 -5.24973e-35 1.05067e-34 8.66283e-35 1.54837e-34 -6.69047e-33 -2.47692e-34 5.86582e-34 1.84503e-33 1.40371e-33 8.43603e-34 -4.52784e-34 3.57405e-33 3.494e-33 -4.6023e-35 1.49121e-33 1.39933e-33 7.03573e-34 -3.06508e-34 1.2529e-33 3.65266e-33 3.26099e-35 -5.83084e-35 -4.23781e-35 8.65885e-35 -4.58663e-35 1.59924e-34 -6.99422e-33 1.01931e-36 6.23976e-36 1.41477e-33 7.0538e-35 5.34395e-34 -7.10681e-34 2.23568e-33 7.87863e-11 1.06777e-34
1.02e-05 2049.26 0.00037646 0.000178289 0.00030691 0.000649818 0.000226845 0.000874331 1.02032e-07 2.7232e-08 8.12247e-31 2.52964e-31 0.0040622 7.82027e-33 1.00379e-32 1.08038e-32 7.20608e-33 1.20588e-31 2.48764e-32 4.53814e-29 1.40522e-29 3.17881e-32 9.22773e-32 1.71904e-33 -3.83537e-34 1.50322e-33 8.55965e-33 1.20462e-31 1.89906e-32 3.12747e-32 2.06013e-33 1.88053e-33 7.73812e-33 5.88131e-32 1.45e-33 1.2457e-32 2.78798e-34 1.47854e-32 -1.44102e-34 3.29749e-34 7.51048e-34 3.11161e-35 -1.91008e-34 1.6267e-33 3.38117e-35 1.80335e-34 -3.09938e-33 -2.12828e-34 8.44025e-35 2.30843e-34 1.55761e-33 4.42769e-33 1.44433e-32 6.26897e-33 4.1427e-33 1.03344e-32 4.71783e-33 1.22731e-33 7.72735e-33 5.29432e-34 1.74774e-32 -2.11529e-33 -5.17099e-35 1.04678e-34 8.49564e-35 1.54147e-34 -6.63194e-33 -2.45531e-34 5.94155e-34 1.82786e-33 1.40434e-33 8.42525e-34 -4.51621e-34 3.56255e-33 3.45795e-33 -4.13641e-35 1.48681e-33 1.39535e-33 6.99959e-34 -2.95377e-34 1.23663e-33 3.61314e-33 3.24911e-35 -5.78464e-35 -4.21028e-35 8.59254e-35 -4.53875e-35 1.58335e-34 -6.93971e-33 1.00171e-36 6.11329e-36 1.36289e-33 6.71003e-35 5.11149e-34 -6.82113e-34 2.14805e-33 7.8721e-11 1.05644e-34
1.03e-05 2052.68 0.000374723 0.000178155 0.000306412 0.000649403 0.000227482 0.000875022 1.01499e-07 2.71713e-08 8.2583e-31 2.57194e-31 0.0040622 7.73196e-33 9.98195e-33 1.07814e-32 7.16514e-33 1.19729e-31 2.4543e-32 4.59848e-29 1.447e-29 3.15834e-32 9.15144e-32 1.7222e-33 -3.78929e-34 1.48628e-33 8.52232e-33 1.19711e-31 1.88776e-32 3.08933e-32 2.04879e-33 1.85969e-33 7.71613e-33 5.82981e-32 1.4432e-33 1.23169e-32 2.758e-34 1.4661e-32 -1.42504e-34 3.25189e-34 7.46696e-34 3.04433e-35 -1.89241e-34 1.62622e-33 3.22983e-35 1.78499e-34 -3.08584e-33 -2.11367e-34 7.95285e-35 2.29794e-34 1.5465e-33 4.33881e-33 1.43679e-32 6.24271e-33 4.12481e-33 1.02838e-32 4.70091e-33 1.1682e-33 7.61118e-33 5.23667e-34 1.73321e-32 -2.08362e-33 -5.09425e-35 1.04298e-34 8.3339e-35 1.53474e-34 -6.57455e-33 -2.43409e-34 6.0155e-34 1.81109e-33 1.40502e-33 8.41462e-34 -4.50472e-34 3.55135e-33 3.42239e-33 -3.67241e-35 1.48246e-33 1.39147e-33 6.9641e-34 -2.84506e-34 1.22074e-33 3.57443e-33 3.23747e-35 -5.73942e-35 -4.18331e-35 8.52772e-35 -4.49198e-35 1.56781e-34 -6.88619e-33 9.8464e-37 5.99133e-36 1.31239e-33 6.378e-35 4.88716e-34 -6.54446e-34 2.06311e-33 7.86535e-11 1.04535e-34
1.04e-05 2056.09 0.000373002 0.000178022 0.000305912 0.000648996 0.000228112 0.000875708 1.00974e-07 2.71098e-08 8.39337e-31 2.614e-31 0.0040622 7.64539e-33 9.92695e-33 1.07595e-32 7.12489e-33 1.18887e-31 2.42199e-32 4.65789e-29 1.48911e-29 3.13825e-32 9.07681e-32 1.72531e-33 -3.74416e-34 1.46975e-33 8.48573e-33 1.1898e-31 1.8766e-32 3.05221e-32 2.03763e-33 1.83933e-33 7.69462e-33 5.77921e-32 1.4365e-33 1.21792e-32 2.72874e-34 1.45386e-32 -1.4094e-34 3.20751e-34 7.42423e-34 2.97948e-35 -1.8751e-34 1.62565e-33 3.08532e-35 1.76703e-34 -3.07253e-33 -2.0993e-34 7.48082e-35 2.28757e-34 1.53558e-33 4.2526e-33 1.42935e-32 6.21693e-33 4.10724e-33 1.02341e-32 4.68435e-33 1.1111e-33 7.49738e-33 5.18021e-34 1.71894e-32 -2.05255e-33 -5.01942e-35 1.03928e-34 8.17729e-35 1.52817e-34 -6.51822e-33 -2.41324e-34 6.08772e-34 1.79468e-33 1.40575e-33 8.40408e-34 -4.49334e-34 3.54041e-33 3.38729e-33 -3.21026e-35 1.47815e-33 1.38767e-33 6.9292e-34 -2.73886e-34 1.20519e-33 3.53648e-33 3.22603e-35 -5.6951e-35 -4.15686e-35 8.46428e-35 -4.44625e-35 1.5526e-34 -6.83359e-33 9.68072e-37 5.87362e-36 1.26333e-33 6.05823e-35 4.67114e-34 -6.27704e-34 1.98091e-33 7.85838e-11 1.03447e-34
1.05e-05 2059.47 0.000371296 0.000177889 0.00030541 0.000648594 0.000228736 0.000876389 1.00455e-07 2.70476e-08 8.52767e-31 2.65583e-31 0.0040622 7.56044e-33 9.87278e-33 1.07381e-32 7.08527e-33 1.18061e-31 2.39065e-32 4.7164e-29 1.53154e-29 3.11852e-32 9.00373e-32 1.72835e-33 -3.69993e-34 1.4536e-33 8.44983e-33 1.18267e-31 1.86557e-32 3.01603e-32 2.02663e-33 1.81944e-33 7.67352e-33 5.72947e-32 1.42989e-33 1.2044e-32 2.70016e-34 1.44178e-32 -1.39411e-34 3.1643e-34 7.38224e-34 2.91691e-35 -1.85812e-34 1.62497e-33 2.94757e-35 1.74945e-34 -3.05945e-33 -2.08515e-34 7.0234e-35 2.2773e-34 1.52483e-33 4.16892e-33 1.42202e-32 6.1916e-33 4.08997e-33 1.01853e-32 4.6681e-33 1.0561e-33 7.38581e-33 5.12489e-34 1.70492e-32 -2.02203e-33 -4.94638e-35 1.03567e-34 8.02554e-35 1.52175e-34 -6.46287e-33 -2.39274e-34 6.15822e-34 1.77862e-33 1.40653e-33 8.39358e-34 -4.48204e-34 3.5297e-33 3.35261e-33 -2.74998e-35 1.47388e-33 1.38395e-33 6.89483e-34 -2.63505e-34 1.18997e-33 3.49925e-33 3.21479e-35 -5.65165e-35 -4.1309e-35 8.40212e-35 -4.40151e-35 1.53771e-34 -6.78185e-33 9.51979e-37 5.7599e-36 1.21574e-33 5.75109e-35 4.46358e-34 -6.01905e-34 1.90154e-33 7.85119e-11 1.02381e-34
1.06e-05 2062.83 0.000369606 0.000177756 0.000304907 0.000648199 0.000229354 0.000877066 9.99438e-08 2.69846e-08 8.66124e-31 2.69743e-31 0.0040622 7.47702e-33 9.81939e-33 1.0717e-32 7.04623e-33 1.1725e-31 2.36022e-32 4.77403e-29 1.57429e-29 3.09913e-32 8.93213e-32 1.73132e-33 -3.65656e-34 1.4378e-33 8.41456e-33 1.17569e-31 1.85466e-32 2.98076e-32 2.01579e-33 1.79997e-33 7.6528e-33 5.68053e-32 1.42337e-33 1.1911e-32 2.67221e-34 1.42987e-32 -1.37913e-34 3.12219e-34 7.34093e-34 2.8565e-35 -1.84145e-34 1.62418e-33 2.81651e-35 1.73222e-34 -3.04657e-33 -2.07121e-34 6.5799e-35 2.26712e-34 1.51424e-33 4.08765e-33 1.41477e-32 6.16667e-33 4.07296e-33 1.01373e-32 4.65215e-33 1.00325e-33 7.27637e-33 5.07065e-34 1.69112e-32 -1.99204e-33 -4.87506e-35 1.03213e-34 7.87837e-35 1.51547e-34 -6.40846e-33 -2.37256e-34 6.22706e-34 1.76288e-33 1.40734e-33 8.38308e-34 -4.47081e-34 3.51921e-33 3.31832e-33 -2.29161e-35 1.46964e-33 1.3803e-33 6.86097e-34 -2.53355e-34 1.17506e-33 3.46268e-33 3.20372e-35 -5.609e-35 -4.1054e-35 8.34117e-35 -4.35769e-35 1.52311e-34 -6.7309e-33 9.36337e-37 5.64993e-36 1.16966e-33 5.45687e-35 4.26455e-34 -5.77064e-34 1.82502e-33 7.84379e-11 1.01334e-34
1.07e-05 2066.17 0.000367931 0.000177622 0.000304403 0.000647809 0.000229966 0.000877738 9.9439e-08 2.69208e-08 8.79406e-31 2.73879e-31 0.0040622 7.39506e-33 9.76671e-33 1.06962e-32 7.00772e-33 1.16452e-31 2.33065e-32 4.83079e-29 1.61733e-29 3.08003e-32 8.86189e-32 1.73422e-33 -3.61401e-34 1.42234e-33 8.37989e-33 1.16886e-31 1.84385e-32 2.94632e-32 2.0051e-33 1.78092e-33 7.63239e-33 5.63238e-32 1.41692e-33 1.17802e-32 2.64488e-34 1.41812e-32 -1.36446e-34 3.08112e-34 7.30028e-34 2.79812e-35 -1.82508e-34 1.62328e-33 2.692e-35 1.71532e-34 -3.03388e-33 -2.05747e-34 6.14972e-35 2.25702e-34 1.50381e-33 4.00866e-33 1.40761e-32 6.14211e-33 4.0562e-33 1.009e-32 4.63645e-33 9.52616e-34 7.16896e-33 5.01746e-34 1.67755e-32 -1.96256e-33 -4.80538e-35 1.02866e-34 7.73557e-35 1.50931e-34 -6.3549e-33 -2.3527e-34 6.29427e-34 1.74745e-33 1.40818e-33 8.37256e-34 -4.45964e-34 3.50889e-33 3.2844e-33 -1.83521e-35 1.46542e-33 1.37671e-33 6.82757e-34 -2.43428e-34 1.16046e-33 3.42675e-33 3.1928e-35 -5.56712e-35 -4.08033e-35 8.28137e-35 -4.31475e-35 1.5088e-34 -6.68069e-33 9.21125e-37 5.54351e-36 1.12511e-33 5.17575e-35 4.07407e-34 -5.53186e-34 1.75137e-33 7.83618e-11 1.00307e-34
1.08e-05 2069.49 0.000366271 0.000177488 0.000303898 0.000647424 0.000230572 0.000878406 9.8941e-08 2.68564e-08 8.92616e-31 2.77993e-31 0.0040622 7.31449e-33 9.71467e-33 1.06756e-32 6.9697e-33 1.15667e-31 2.30188e-32 4.8867e-29 1.66067e-29 3.06123e-32 8.79296e-32 1.73704e-33 -3.57225e-34 1.40721e-33 8.34577e-33 1.16217e-31 1.83315e-32 2.91268e-32 1.99454e-33 1.76225e-33 7.61225e-33 5.58497e-32 1.41053e-33 1.16514e-32 2.61813e-34 1.40651e-32 -1.35008e-34 3.04105e-34 7.26024e-34 2.74166e-35 -1.80899e-34 1.62228e-33 2.57389e-35 1.69874e-34 -3.02137e-33 -2.04391e-34 5.73229e-35 2.24699e-34 1.49352e-33 3.93187e-33 1.40053e-32 6.1179e-33 4.03965e-33 1.00434e-32 4.621e-33 9.04211e-34 7.06349e-33 4.96527e-34 1.66419e-32 -1.93356e-33 -4.73725e-35 1.02527e-34 7.5969e-35 1.50327e-34 -6.30217e-33 -2.33313e-34 6.35987e-34 1.73232e-33 1.40904e-33 8.36199e-34 -4.4485e-34 3.49875e-33 3.25084e-33 -1.38088e-35 1.46122e-33 1.37318e-33 6.7946e-34 -2.33715e-34 1.14614e-33 3.39142e-33 3.18203e-35 -5.52597e-35 -4.05567e-35 8.22264e-35 -4.27265e-35 1.49476e-34 -6.63119e-33 9.0632e-37 5.44042e-36 1.0821e-33 4.90782e-35 3.89211e-34 -5.30271e-34 1.68061e-33 7.82837e-11 9.92977e-35
1.09e-05 2072.79 0.000364625 0.000177353 0.000303392 0.000647045 0.000231172 0.000879071 9.84494e-08 2.67912e-08 9.05753e-31 2.82085e-31 0.0040622 7.23524e-33 9.66323e-33 1.06553e-32 6.93213e-33 1.14894e-31 2.27388e-32 4.94179e-29 1.70428e-29 3.04268e-32 8.72527e-32 1.73977e-33 -3.53124e-34 1.39238e-33 8.31218e-33 1.1556e-31 1.82253e-32 2.8798e-32 1.98412e-33 1.74396e-33 7.59236e-33 5.53828e-32 1.40421e-33 1.15245e-32 2.59193e-34 1.39505e-32 -1.33598e-34 3.00192e-34 7.22078e-34 2.68702e-35 -1.79317e-34 1.62116e-33 2.46198e-35 1.68247e-34 -3.00901e-33 -2.03053e-34 5.32711e-35 2.23703e-34 1.48338e-33 3.85718e-33 1.39352e-32 6.094e-33 4.02331e-33 9.99751e-33 4.60577e-33 8.58054e-34 6.95989e-33 4.91405e-34 1.65103e-32 -1.90502e-33 -4.67062e-35 1.02194e-34 7.46217e-35 1.49734e-34 -6.25021e-33 -2.31385e-34 6.42391e-34 1.71747e-33 1.40992e-33 8.35134e-34 -4.4374e-34 3.48876e-33 3.21761e-33 -9.2873e-36 1.45703e-33 1.3697e-33 6.76203e-34 -2.24211e-34 1.1321e-33 3.35666e-33 3.1714e-35 -5.48552e-35 -4.03139e-35 8.16494e-35 -4.23135e-35 1.48098e-34 -6.58236e-33 8.91906e-37 5.34049e-36 1.04064e-33 4.65305e-35 3.71858e-34 -5.08315e-34 1.61272e-33 7.82036e-11 9.83062e-35
1.1e-05 2076.07 0.000362995 0.000177217 0.000302887 0.000646671 0.000231766 0.000879732 9.79643e-08 2.67254e-08 9.1882e-31 2.86154e-31 0.0040622 7.15725e-33 9.61236e-33 1.06351e-32 6.89497e-33 1.14132e-31 2.24661e-32 4.99606e-29 1.74816e-29 3.02438e-32 8.65875e-32 1.74242e-33 -3.49096e-34 1.37784e-33 8.27908e-33 1.14916e-31 1.81201e-32 2.84764e-32 1.97382e-33 1.72602e-33 7.57269e-33 5.49229e-32 1.39794e-33 1.13995e-32 2.56627e-34 1.38371e-32 -1.32215e-34 2.9637e-34 7.18187e-34 2.63412e-35 -1.77762e-34 1.61993e-33 2.35608e-35 1.66649e-34 -2.99681e-33 -2.01731e-34 4.93369e-35 2.22712e-34 1.47336e-33 3.78449e-33 1.38658e-32 6.07041e-33 4.00715e-33 9.95218e-33 4.59075e-33 8.14141e-34 6.85809e-33 4.86376e-34 1.63806e-32 -1.87692e-33 -4.60543e-35 1.01867e-34 7.33119e-35 1.49152e-34 -6.199e-33 -2.29484e-34 6.48641e-34 1.70289e-33 1.41082e-33 8.34061e-34 -4.42633e-34 3.4789e-33 3.1847e-33 -4.7889e-36 1.45286e-33 1.36628e-33 6.72985e-34 -2.14909e-34 1.11832e-33 3.32245e-33 3.16089e-35 -5.44573e-35 -4.00749e-35 8.10821e-35 -4.19082e-35 1.46744e-34 -6.53417e-33 8.77865e-37 5.24355e-36 1.00074e-33 4.41136e-35 3.55336e-34 -4.87309e-34 1.54767e-33 7.81215e-11 9.73316e-35
1.11e-05 2079.32 0.000361378 0.000177081 0.000302381 0.000646301 0.000232354 0.000880389 9.74855e-08 2.66589e-08 9.31816e-31 2.90202e-31 0.0040622 7.08048e-33 9.56201e-33 1.0615e-32 6.85822e-33 1.13381e-31 2.22004e-32 5.04954e-29 1.7923e-29 3.00632e-32 8.59336e-32 1.74497e-33 -3.45138e-34 1.36359e-33 8.24646e-33 1.14282e-31 1.80157e-32 2.81615e-32 1.96363e-33 1.70842e-33 7.5532e-33 5.44696e-32 1.39172e-33 1.12763e-32 2.54111e-34 1.37251e-32 -1.30857e-34 2.92635e-34 7.14349e-34 2.58285e-35 -1.76232e-34 1.61858e-33 2.25595e-35 1.65079e-34 -2.98476e-33 -2.00426e-34 4.55162e-35 2.21727e-34 1.46348e-33 3.71374e-33 1.3797e-32 6.0471e-33 3.99117e-33 9.90741e-33 4.57592e-33 7.72455e-34 6.75802e-33 4.81438e-34 1.62528e-32 -1.84925e-33 -4.54162e-35 1.01546e-34 7.20381e-35 1.48581e-34 -6.14848e-33 -2.27609e-34 6.54741e-34 1.68857e-33 1.41174e-33 8.32976e-34 -4.41528e-34 3.46916e-33 3.1521e-33 -3.15022e-37 1.44869e-33 1.36289e-33 6.69803e-34 -2.05802e-34 1.10479e-33 3.28876e-33 3.1505e-35 -5.40658e-35 -3.98394e-35 8.05242e-35 -4.15102e-35 1.45414e-34 -6.48658e-33 8.64182e-37 5.14946e-36 9.62377e-34 4.18257e-35 3.39628e-34 -4.67238e-34 1.48544e-33 7.80374e-11 9.63732e-35
1.12e-05 2082.56 0.000359776 0.000176943 0.000301875 0.000645936 0.000232937 0.000881043 9.70128e-08 2.65919e-08 9.44742e-31 2.94228e-31 0.0040622 7.00488e-33 9.51215e-33 1.05951e-32 6.82184e-33 1.12641e-31 2.19412e-32 5.10224e-29 1.83668e-29 2.98848e-32 8.52905e-32 1.74743e-33 -3.41248e-34 1.34961e-33 8.21428e-33 1.13659e-31 1.7912e-32 2.78533e-32 1.95356e-33 1.69116e-33 7.53388e-33 5.40229e-32 1.38554e-33 1.11549e-32 2.51645e-34 1.36143e-32 -1.29524e-34 2.88983e-34 7.10561e-34 2.53315e-35 -1.74726e-34 1.61713e-33 2.16136e-35 1.63536e-34 -2.97284e-33 -1.99135e-34 4.18048e-35 2.20746e-34 1.45372e-33 3.64485e-33 1.37289e-32 6.02406e-33 3.97535e-33 9.86318e-33 4.56128e-33 7.32966e-34 6.65964e-33 4.76588e-34 1.61268e-32 -1.822e-33 -4.47915e-35 1.0123e-34 7.07985e-35 1.48019e-34 -6.09865e-33 -2.2576e-34 6.60694e-34 1.6745e-33 1.41266e-33 8.3188e-34 -4.40424e-34 3.45954e-33 3.1198e-33 4.13278e-36 1.44453e-33 1.35955e-33 6.66656e-34 -1.96888e-34 1.09152e-33 3.25557e-33 3.14021e-35 -5.36804e-35 -3.96074e-35 7.99753e-35 -4.11194e-35 1.44106e-34 -6.43957e-33 8.50841e-37 5.05807e-36 9.25539e-34 3.96643e-35 3.24715e-34 -4.48085e-34 1.42596e-33 7.79515e-11 9.54307e-35
1.13e-05 2085.77 0.000358188 0.000176805 0.000301368 0.000645576 0.000233513 0.000881693 9.65463e-08 2.65243e-08 9.576e-31 2.98232e-31 0.0040622 6.93041e-33 9.46277e-33 1.05752e-32 6.78581e-33 1.1191e-31 2.16884e-32 5.15418e-29 1.8813e-29 2.97085e-32 8.46577e-32 1.7498e-33 -3.37424e-34 1.33588e-33 8.18254e-33 1.13046e-31 1.78091e-32 2.75513e-32 1.94361e-33 1.67421e-33 7.51471e-33 5.35825e-32 1.37942e-33 1.10351e-32 2.49225e-34 1.35047e-32 -1.28216e-34 2.85412e-34 7.06823e-34 2.48494e-35 -1.73244e-34 1.61556e-33 2.07205e-35 1.62019e-34 -2.96106e-33 -1.9786e-34 3.8199e-35 2.1977e-34 1.44409e-33 3.57775e-33 1.36614e-32 6.00127e-33 3.95968e-33 9.81946e-33 4.5468e-33 6.95633e-34 6.56288e-33 4.71823e-34 1.60024e-32 -1.79516e-33 -4.41797e-35 1.0092e-34 6.95919e-35 1.47466e-34 -6.04946e-33 -2.23935e-34 6.66503e-34 1.66067e-33 1.41359e-33 8.30771e-34 -4.39323e-34 3.45001e-33 3.0878e-33 8.55287e-36 1.44038e-33 1.35625e-33 6.63542e-34 -1.88159e-34 1.07848e-33 3.22287e-33 3.13003e-35 -5.33009e-35 -3.93786e-35 7.94349e-35 -4.07354e-35 1.42821e-34 -6.39312e-33 8.37831e-37 4.96925e-36 8.90205e-34 3.76262e-35 3.10572e-34 -4.29827e-34 1.36918e-33 7.78637e-11 9.45034e-35
1.14e-05 2088.97 0.000356613 0.000176666 0.000300863 0.00064522 0.000234084 0.000882341 9.60857e-08 2.64561e-08 9.70389e-31 3.02215e-31 0.0040622 6.85704e-33 9.41383e-33 1.05554e-32 6.75012e-33 1.11189e-31 2.14416e-32 5.20537e-29 1.92614e-29 2.95342e-32 8.4035e-32 1.75208e-33 -3.33664e-34 1.32241e-33 8.15121e-33 1.12443e-31 1.77069e-32 2.72553e-32 1.93375e-33 1.65756e-33 7.49567e-33 5.31482e-32 1.37333e-33 1.0917e-32 2.46851e-34 1.33963e-32 -1.26931e-34 2.81918e-34 7.03132e-34 2.43815e-35 -1.71786e-34 1.61389e-33 1.98777e-35 1.60528e-34 -2.9494e-33 -1.96598e-34 3.46953e-35 2.18798e-34 1.43457e-33 3.51237e-33 1.35944e-32 5.97872e-33 3.94416e-33 9.77623e-33 4.53249e-33 6.604e-34 6.46772e-33 4.67141e-34 1.58798e-32 -1.76871e-33 -4.35804e-35 1.00614e-34 6.84168e-35 1.46922e-34 -6.0009e-33 -2.22134e-34 6.72171e-34 1.64708e-33 1.41453e-33 8.29649e-34 -4.38222e-34 3.44057e-33 3.05609e-33 1.29436e-35 1.43623e-33 1.35299e-33 6.6046e-34 -1.79613e-34 1.06568e-33 3.19063e-33 3.11995e-35 -5.29272e-35 -3.9153e-35 7.89029e-35 -4.03579e-35 1.41558e-34 -6.34722e-33 8.25137e-37 4.88289e-36 8.56347e-34 3.57079e-35 2.97175e-34 -4.12441e-34 1.31502e-33 7.77741e-11 9.3591e-35
1.15e-05 2092.15 0.000355053 0.000176525 0.000300357 0.000644868 0.00023465 0.000882985 9.56311e-08 2.63873e-08 9.8311e-31 3.06177e-31 0.0040622 6.78473e-33 9.36533e-33 1.05357e-32 6.71476e-33 1.10477e-31 2.12007e-32 5.25583e-29 1.9712e-29 2.93619e-32 8.34219e-32 1.75426e-33 -3.29966e-34 1.30919e-33 8.12028e-33 1.11848e-31 1.76055e-32 2.69652e-32 1.924e-33 1.64122e-33 7.47675e-33 5.272e-32 1.36728e-33 1.08004e-32 2.44521e-34 1.32891e-32 -1.25668e-34 2.78498e-34 6.99486e-34 2.39272e-35 -1.70349e-34 1.61211e-33 1.90826e-35 1.59061e-34 -2.93786e-33 -1.95351e-34 3.12903e-35 2.1783e-34 1.42516e-33 3.44867e-33 1.3528e-32 5.95641e-33 3.92877e-33 9.73346e-33 4.51833e-33 6.27207e-34 6.37411e-33 4.6254e-34 1.57588e-32 -1.74264e-33 -4.29932e-35 1.00313e-34 6.7272e-35 1.46387e-34 -5.95295e-33 -2.20356e-34 6.777e-34 1.63372e-33 1.41547e-33 8.28512e-34 -4.37123e-34 3.43121e-33 3.02466e-33 1.73032e-35 1.43209e-33 1.34977e-33 6.57409e-34 -1.71246e-34 1.0531e-33 3.15885e-33 3.10997e-35 -5.25591e-35 -3.89304e-35 7.83789e-35 -3.99869e-35 1.40315e-34 -6.30184e-33 8.1275e-37 4.79887e-36 8.23932e-34 3.3905e-35 2.84495e-34 -3.95898e-34 1.26342e-33 7.76827e-11 9.2693e-35
1.16e-05 2095.3 0.000353505 0.000176384 0.000299851 0.00064452 0.00023521 0.000883626 9.51822e-08 2.63181e-08 9.95764e-31 3.10118e-31 0.0040622 6.71346e-33 9.31723e-33 1.0516e-32 6.6797e-33 1.09774e-31 2.09653e-32 5.30558e-29 2.01646e-29 2.91915e-32 8.28182e-32 1.75635e-33 -3.26329e-34 1.2962e-33 8.08974e-33 1.11262e-31 1.75047e-32 2.66807e-32 1.91435e-33 1.62515e-33 7.45795e-33 5.22976e-32 1.36128e-33 1.06854e-32 2.42233e-34 1.3183e-32 -1.24427e-34 2.7515e-34 6.95884e-34 2.34858e-35 -1.68934e-34 1.61023e-33 1.83326e-35 1.57618e-34 -2.92644e-33 -1.94117e-34 2.79808e-35 2.16866e-34 1.41586e-33 3.38658e-33 1.34621e-32 5.93432e-33 3.91352e-33 9.69113e-33 4.50432e-33 5.95982e-34 6.28201e-33 4.58017e-34 1.56393e-32 -1.71695e-33 -4.24176e-35 1.00017e-34 6.61564e-35 1.4586e-34 -5.90558e-33 -2.186e-34 6.83095e-34 1.62057e-33 1.41641e-33 8.27362e-34 -4.36025e-34 3.42193e-33 2.99351e-33 2.16299e-35 1.42794e-33 1.34658e-33 6.54388e-34 -1.63053e-34 1.04075e-33 3.12751e-33 3.10007e-35 -5.21963e-35 -3.87108e-35 7.78626e-35 -3.96221e-35 1.39092e-34 -6.25697e-33 8.00658e-37 4.7171e-36 7.92923e-34 3.2213e-35 2.72504e-34 -3.8017e-34 1.21428e-33 7.75896e-11 9.1809e-35
1.17e-05 2098.44 0.000351971 0.000176242 0.000299347 0.000644176 0.000235765 0.000884265 9.4739e-08 2.62484e-08 1.00835e-30 3.14038e-31 0.0040622 6.64319e-33 9.26954e-33 1.04963e-32 6.64495e-33 1.0908e-31 2.07353e-32 5.35463e-29 2.06192e-29 2.9023e-32 8.22236e-32 1.75834e-33 -3.22751e-34 1.28344e-33 8.05956e-33 1.10684e-31 1.74046e-32 2.64016e-32 1.9048e-33 1.60937e-33 7.43924e-33 5.18809e-32 1.35531e-33 1.0572e-32 2.39986e-34 1.3078e-32 -1.23207e-34 2.71872e-34 6.92326e-34 2.3057e-35 -1.6754e-34 1.60824e-33 1.7625e-35 1.56198e-34 -2.91513e-33 -1.92896e-34 2.4764e-35 2.15905e-34 1.40668e-33 3.32605e-33 1.33968e-32 5.91245e-33 3.89839e-33 9.64924e-33 4.49045e-33 5.66649e-34 6.19138e-33 4.5357e-34 1.55214e-32 -1.69163e-33 -4.18535e-35 9.97256e-35 6.50688e-35 1.45341e-34 -5.85879e-33 -2.16866e-34 6.88358e-34 1.60764e-33 1.41735e-33 8.26197e-34 -4.34929e-34 3.41271e-33 2.96263e-33 2.59221e-35 1.4238e-33 1.34342e-33 6.51395e-34 -1.55031e-34 1.02861e-33 3.09659e-33 3.09027e-35 -5.18388e-35 -3.84941e-35 7.73539e-35 -3.92634e-35 1.37888e-34 -6.21259e-33 7.8885e-37 4.63748e-36 7.63282e-34 3.06271e-35 2.61171e-34 -3.65225e-34 1.16752e-33 7.74948e-11 9.09386e-35
1.18e-05 2101.55 0.00035045 0.000176098 0.000298842 0.000643836 0.000236314 0.0008849 9.43015e-08 2.61782e-08 1.02087e-30 3.17938e-31 0.0040622 6.57391e-33 9.22224e-33 1.04767e-32 6.61049e-33 1.08394e-31 2.05105e-32 5.403e-29 2.10757e-29 2.88562e-32 8.16378e-32 1.76024e-33 -3.19231e-34 1.2709e-33 8.02976e-33 1.10114e-31 1.73051e-32 2.61277e-32 1.89534e-33 1.59386e-33 7.42063e-33 5.14699e-32 1.34937e-33 1.046e-32 2.37779e-34 1.2974e-32 -1.22008e-34 2.68662e-34 6.88809e-34 2.264e-35 -1.66167e-34 1.60616e-33 1.69574e-35 1.548e-34 -2.90393e-33 -1.91688e-34 2.16368e-35 2.14948e-34 1.3976e-33 3.26703e-33 1.3332e-32 5.8908e-33 3.88338e-33 9.60776e-33 4.47671e-33 5.39125e-34 6.10221e-33 4.49198e-34 1.54049e-32 -1.66667e-33 -4.13004e-35 9.94381e-35 6.40083e-35 1.4483e-34 -5.81254e-33 -2.15154e-34 6.93492e-34 1.59493e-33 1.41829e-33 8.25018e-34 -4.33835e-34 3.40355e-33 2.93203e-33 3.01781e-35 1.41966e-33 1.34029e-33 6.4843e-34 -1.47178e-34 1.01668e-33 3.06609e-33 3.08054e-35 -5.14863e-35 -3.82802e-35 7.68525e-35 -3.89105e-35 1.36704e-34 -6.1687e-33 7.77317e-37 4.55992e-36 7.34963e-34 2.9142e-35 2.50464e-34 -3.51031e-34 1.12304e-33 7.73983e-11 9.00816e-35
1.19e-05 2104.65 0.000348941 0.000175954 0.000298338 0.0006435 0.000236858 0.000885533 9.38695e-08 2.61077e-08 1.03333e-30 3.21818e-31 0.0040622 6.50559e-33 9.17531e-33 1.04571e-32 6.57632e-33 1.07716e-31 2.02907e-32 5.45069e-29 2.15338e-29 2.86912e-32 8.10606e-32 1.76204e-33 -3.15767e-34 1.25857e-33 8.0003e-33 1.09552e-31 1.72063e-32 2.58589e-32 1.88597e-33 1.57861e-33 7.40211e-33 5.10643e-32 1.34348e-33 1.03494e-32 2.35611e-34 1.28712e-32 -1.2083e-34 2.65516e-34 6.85333e-34 2.22345e-35 -1.64815e-34 1.60398e-33 1.63273e-35 1.53424e-34 -2.89284e-33 -1.90493e-34 1.85966e-35 2.13995e-34 1.38862e-33 3.20948e-33 1.32677e-32 5.86934e-33 3.86849e-33 9.56669e-33 4.46311e-33 5.13323e-34 6.01445e-33 4.44899e-34 1.529e-32 -1.64207e-33 -4.07581e-35 9.91548e-35 6.29739e-35 1.44326e-34 -5.76684e-33 -2.13463e-34 6.985e-34 1.58241e-33 1.41923e-33 8.23823e-34 -4.32742e-34 3.39444e-33 2.9017e-33 3.43961e-35 1.41552e-33 1.33719e-33 6.45493e-34 -1.39491e-34 1.00495e-33 3.03599e-33 3.0709e-35 -5.11388e-35 -3.8069e-35 7.63582e-35 -3.85633e-35 1.35538e-34 -6.12528e-33 7.66051e-37 4.48434e-36 7.07922e-34 2.77526e-35 2.40352e-34 -3.37556e-34 1.08074e-33 7.73003e-11 8.92376e-35
1.2e-05 2107.73 0.000347445 0.000175808 0.000297835 0.000643168 0.000237396 0.000886163 9.3443e-08 2.60366e-08 1.04572e-30 3.25677e-31 0.0040622 6.4382e-33 9.12875e-33 1.04375e-32 6.54242e-33 1.07047e-31 2.00757e-32 5.49773e-29 2.19937e-29 2.85279e-32 8.04917e-32 1.76375e-33 -3.12358e-34 1.24646e-33 7.97119e-33 1.08997e-31 1.71082e-32 2.55951e-32 1.8767e-33 1.56362e-33 7.38367e-33 5.0664e-32 1.33761e-33 1.02403e-32 2.3348e-34 1.27694e-32 -1.1967e-34 2.62434e-34 6.81897e-34 2.184e-35 -1.63482e-34 1.6017e-33 1.57322e-35 1.5207e-34 -2.88185e-33 -1.8931e-34 1.56408e-35 2.13044e-34 1.37975e-33 3.15334e-33 1.32039e-32 5.84808e-33 3.85372e-33 9.52601e-33 4.44964e-33 4.89154e-34 5.92808e-33 4.4067e-34 1.51764e-32 -1.61782e-33 -4.02262e-35 9.88755e-35 6.19646e-35 1.43829e-34 -5.72167e-33 -2.11791e-34 7.03384e-34 1.5701e-33 1.42017e-33 8.22615e-34 -4.31652e-34 3.38538e-33 2.87163e-33 3.85745e-35 1.41138e-33 1.33413e-33 6.42582e-34 -1.31966e-34 9.93431e-34 3.00629e-33 3.06133e-35 -5.07961e-35 -3.78604e-35 7.58708e-35 -3.82216e-35 1.34391e-34 -6.08233e-33 7.55041e-37 4.41067e-36 6.8211e-34 2.64535e-35 2.30803e-34 -3.24765e-34 1.04054e-33 7.72006e-11 8.84062e-35
1.21e-05 2110.79 0.000345962 0.000175662 0.000297332 0.000642839 0.00023793 0.00088679 9.30219e-08 2.59653e-08 1.05805e-30 3.29517e-31 0.0040622 6.37174e-33 9.08255e-33 1.04179e-32 6.50879e-33 1.06384e-31 1.98654e-32 5.54413e-29 2.24551e-29 2.83663e-32 7.99309e-32 1.76537e-33 -3.09003e-34 1.23455e-33 7.94241e-33 1.0845e-31 1.70107e-32 2.5336e-32 1.86751e-33 1.54887e-33 7.3653e-33 5.0269e-32 1.33179e-33 1.01326e-32 2.31385e-34 1.26687e-32 -1.1853e-34 2.59413e-34 6.785e-34 2.1456e-35 -1.62168e-34 1.59933e-33 1.517e-35 1.50736e-34 -2.87096e-33 -1.88139e-34 1.27668e-35 2.12097e-34 1.37098e-33 3.09858e-33 1.31406e-32 5.82702e-33 3.83905e-33 9.48571e-33 4.4363e-33 4.66529e-34 5.84307e-33 4.3651e-34 1.50642e-32 -1.59391e-33 -3.97045e-35 9.86e-35 6.09797e-35 1.4334e-34 -5.67701e-33 -2.1014e-34 7.08147e-34 1.55798e-33 1.4211e-33 8.21392e-34 -4.30564e-34 3.37637e-33 2.84184e-33 4.27118e-35 1.40724e-33 1.33109e-33 6.39697e-34 -1.24602e-34 9.82105e-34 2.97697e-33 3.05184e-35 -5.04582e-35 -3.76545e-35 7.53901e-35 -3.78854e-35 1.33261e-34 -6.03983e-33 7.4428e-37 4.33884e-36 6.5748e-34 2.52392e-35 2.21785e-34 -3.12625e-34 1.00232e-33 7.70994e-11 8.75873e-35
1.22e-05 2113.83 0.000344491 0.000175515 0.00029683 0.000642514 0.000238458 0.000887415 9.2606e-08 2.58935e-08 1.07032e-30 3.33337e-31 0.0040622 6.30617e-33 9.0367e-33 1.03983e-32 6.47543e-33 1.0573e-31 1.96595e-32 5.5899e-29 2.29179e-29 2.82064e-32 7.93782e-32 1.7669e-33 -3.057e-34 1.22284e-33 7.91396e-33 1.07909e-31 1.69138e-32 2.50817e-32 1.8584e-33 1.53437e-33 7.34701e-33 4.98791e-32 1.32599e-33 1.00262e-32 2.29325e-34 1.2569e-32 -1.17409e-34 2.56452e-34 6.75141e-34 2.10822e-35 -1.60873e-34 1.59688e-33 1.46384e-35 1.49423e-34 -2.86017e-33 -1.86979e-34 9.97217e-36 2.11154e-34 1.36231e-33 3.04515e-33 1.30777e-32 5.80615e-33 3.8245e-33 9.44578e-33 4.42307e-33 4.45356e-34 5.7594e-33 4.32417e-34 1.49534e-32 -1.57035e-33 -3.91927e-35 9.83283e-35 6.00182e-35 1.42857e-34 -5.63285e-33 -2.08508e-34 7.12793e-34 1.54605e-33 1.42202e-33 8.20154e-34 -4.29478e-34 3.36739e-33 2.81231e-33 4.68065e-35 1.40311e-33 1.32808e-33 6.36837e-34 -1.17395e-34 9.70972e-34 2.94803e-33 3.04243e-35 -5.01248e-35 -3.74511e-35 7.4916e-35 -3.75545e-35 1.32148e-34 -5.99777e-33 7.3376e-37 4.26877e-36 6.33981e-34 2.41044e-35 2.13268e-34 -3.01102e-34 9.65991e-34 7.69967e-11 8.67806e-35
1.23e-05 2116.86 0.000343033 0.000175367 0.000296329 0.000642192 0.000238981 0.000888037 9.21954e-08 2.58214e-08 1.08252e-30 3.37137e-31 0.0040622 6.24148e-33 8.9912e-33 1.03788e-32 6.44232e-33 1.05083e-31 1.9458e-32 5.63505e-29 2.33821e-29 2.80481e-32 7.88331e-32 1.76833e-33 -3.02449e-34 1.21132e-33 7.88583e-33 1.07376e-31 1.68176e-32 2.48318e-32 1.84938e-33 1.5201e-33 7.32879e-33 4.94942e-32 1.32023e-33 9.92121e-33 2.273e-34 1.24704e-32 -1.16306e-34 2.53548e-34 6.7182e-34 2.07182e-35 -1.59596e-34 1.59434e-33 1.41353e-35 1.48129e-34 -2.84948e-33 -1.85832e-34 7.25461e-36 2.10213e-34 1.35373e-33 2.99302e-33 1.30154e-32 5.78547e-33 3.81005e-33 9.40622e-33 4.40997e-33 4.25545e-34 5.67705e-33 4.2839e-34 1.4844e-32 -1.54712e-33 -3.86905e-35 9.80602e-35 5.90795e-35 1.42381e-34 -5.58918e-33 -2.06896e-34 7.17323e-34 1.53432e-33 1.42294e-33 8.18903e-34 -4.28395e-34 3.35844e-33 2.78306e-33 5.0857e-35 1.39897e-33 1.3251e-33 6.34003e-34 -1.10342e-34 9.60027e-34 2.91945e-33 3.03309e-35 -4.9796e-35 -3.72501e-35 7.44483e-35 -3.72287e-35 1.31052e-34 -5.95614e-33 7.23473e-37 4.20041e-36 6.11563e-34 2.3044e-35 2.05221e-34 -2.90164e-34 9.31458e-34 7.68925e-11 8.59857e-35
1.24e-05 2119.86 0.000341586 0.000175217 0.000295828 0.000641874 0.000239499 0.000888656 9.17899e-08 2.5749e-08 1.09466e-30 3.40918e-31 0.0040622 6.17766e-33 8.94604e-33 1.03592e-32 6.40948e-33 1.04443e-31 1.92608e-32 5.67961e-29 2.38476e-29 2.78914e-32 7.82957e-32 1.76968e-33 -2.99248e-34 1.2e-33 7.85802e-33 1.06849e-31 1.67219e-32 2.45864e-32 1.84044e-33 1.50606e-33 7.31065e-33 4.91142e-32 1.31451e-33 9.81753e-33 2.25308e-34 1.23727e-32 -1.1522e-34 2.50701e-34 6.68534e-34 2.03637e-35 -1.58337e-34 1.59172e-33 1.36587e-35 1.46855e-34 -2.83888e-33 -1.84696e-34 4.61184e-36 2.09276e-34 1.34525e-33 2.94214e-33 1.29535e-32 5.76497e-33 3.7957e-33 9.36702e-33 4.39698e-33 4.07007e-34 5.596e-33 4.24428e-34 1.47358e-32 -1.52422e-33 -3.81978e-35 9.77957e-35 5.81627e-35 1.41911e-34 -5.546e-33 -2.05302e-34 7.21741e-34 1.52276e-33 1.42385e-33 8.17638e-34 -4.27316e-34 3.34952e-33 2.75406e-33 5.4862e-35 1.39484e-33 1.32214e-33 6.31193e-34 -1.03443e-34 9.49267e-34 2.89124e-33 3.02382e-35 -4.94715e-35 -3.70516e-35 7.39868e-35 -3.69079e-35 1.29972e-34 -5.91495e-33 7.13412e-37 4.13369e-36 5.90177e-34 2.20526e-35 1.97615e-34 -2.79779e-34 8.98624e-34 7.67869e-11 8.52024e-35
1.25e-05 2122.85 0.000340151 0.000175067 0.000295328 0.00064156 0.000240012 0.000889272 9.13896e-08 2.56763e-08 1.10674e-30 3.4468e-31 0.0040622 6.11469e-33 8.90121e-33 1.03396e-32 6.37688e-33 1.0381e-31 1.90676e-32 5.72358e-29 2.43143e-29 2.77363e-32 7.77656e-32 1.77093e-33 -2.96097e-34 1.18886e-33 7.83051e-33 1.06328e-31 1.66269e-32 2.43453e-32 1.83159e-33 1.49225e-33 7.29256e-33 4.8739e-32 1.30881e-33 9.71515e-33 2.23348e-34 1.22761e-32 -1.14152e-34 2.47908e-34 6.65285e-34 2.00182e-35 -1.57096e-34 1.58902e-33 1.32069e-35 1.456e-34 -2.82838e-33 -1.83571e-34 2.0417e-36 2.08342e-34 1.33686e-33 2.89248e-33 1.28921e-32 5.74465e-33 3.78146e-33 9.32816e-33 4.38411e-33 3.89656e-34 5.51621e-33 4.20527e-34 1.46289e-32 -1.50164e-33 -3.77143e-35 9.75347e-35 5.72673e-35 1.41448e-34 -5.50328e-33 -2.03726e-34 7.26049e-34 1.51138e-33 1.42475e-33 8.16359e-34 -4.26239e-34 3.34062e-33 2.72534e-33 5.88202e-35 1.3907e-33 1.31921e-33 6.28407e-34 -9.66936e-35 9.38689e-34 2.86338e-33 3.01462e-35 -4.91513e-35 -3.68555e-35 7.35315e-35 -3.65921e-35 1.28909e-34 -5.87417e-33 7.0357e-37 4.06857e-36 5.69773e-34 2.11256e-35 1.90422e-34 -2.69914e-34 8.67396e-34 7.66799e-11 8.44305e-35
1.26e-05 2125.82 0.000338728 0.000174916 0.000294829 0.000641248 0.00024052 0.000889886 9.09942e-08 2.56033e-08 1.11876e-30 3.48423e-31 0.0040622 6.05255e-33 8.85672e-33 1.03201e-32 6.34454e-33 1.03185e-31 1.88784e-32 5.76698e-29 2.47822e-29 2.75828e-32 7.72428e-32 1.7721e-33 -2.92993e-34 1.1779e-33 7.80331e-33 1.05814e-31 1.65326e-32 2.41084e-32 1.82281e-33 1.47866e-33 7.27454e-33 4.83686e-32 1.30315e-33 9.61405e-33 2.21419e-34 1.21805e-32 -1.13101e-34 2.45169e-34 6.62071e-34 1.96815e-35 -1.55873e-34 1.58625e-33 1.27781e-35 1.44364e-34 -2.81796e-33 -1.82457e-34 -4.57921e-37 2.07411e-34 1.32856e-33 2.84401e-33 1.28312e-32 5.7245e-33 3.76732e-33 9.28964e-33 4.37135e-33 3.73409e-34 5.43767e-33 4.16688e-34 1.45233e-32 -1.47939e-33 -3.72397e-35 9.7277e-35 5.63924e-35 1.40991e-34 -5.46103e-33 -2.02168e-34 7.30249e-34 1.50018e-33 1.42565e-33 8.15066e-34 -4.25167e-34 3.33175e-33 2.69687e-33 6.27303e-35 1.38657e-33 1.31631e-33 6.25645e-34 -9.00922e-35 9.28288e-34 2.83586e-33 3.00548e-35 -4.88354e-35 -3.66617e-35 7.30822e-35 -3.6281e-35 1.27861e-34 -5.83381e-33 6.9394e-37 4.00499e-36 5.50303e-34 2.0258e-35 1.83615e-34 -2.6054e-34 8.37684e-34 7.65715e-11 8.36698e-35
1.27e-05 2128.77 0.000337316 0.000174765 0.000294331 0.00064094 0.000241023 0.000890498 9.06038e-08 2.55301e-08 1.13072e-30 3.52147e-31 0.0040622 5.99123e-33 8.81255e-33 1.03005e-32 6.31243e-33 1.02566e-31 1.8693e-32 5.80981e-29 2.5251e-29 2.74308e-32 7.67271e-32 1.77319e-33 -2.89937e-34 1.16711e-33 7.7764e-33 1.05306e-31 1.64388e-32 2.38756e-32 1.81411e-33 1.46528e-33 7.25659e-33 4.80027e-32 1.29753e-33 9.51422e-33 2.19522e-34 1.20858e-32 -1.12066e-34 2.42481e-34 6.58891e-34 1.93533e-35 -1.54666e-34 1.58341e-33 1.23707e-35 1.43146e-34 -2.80764e-33 -1.81354e-34 -2.88906e-36 2.06484e-34 1.32035e-33 2.79669e-33 1.27708e-32 5.70453e-33 3.75327e-33 9.25146e-33 4.3587e-33 3.58185e-34 5.36037e-33 4.12908e-34 1.44188e-32 -1.45746e-33 -3.67739e-35 9.70226e-35 5.55375e-35 1.40539e-34 -5.41923e-33 -2.00628e-34 7.34344e-34 1.48915e-33 1.42653e-33 8.13761e-34 -4.24098e-34 3.32289e-33 2.66868e-33 6.65912e-35 1.38244e-33 1.31343e-33 6.22905e-34 -8.36364e-35 9.18062e-34 2.80868e-33 2.99641e-35 -4.85235e-35 -3.64701e-35 7.26387e-35 -3.59747e-35 1.26829e-34 -5.79385e-33 6.84516e-37 3.94289e-36 5.3172e-34 1.94454e-35 1.77168e-34 -2.51627e-34 8.09401e-34 7.64618e-11 8.29199e-35
1.28e-05 2131.71 0.000335916 0.000174612 0.000293834 0.000640635 0.000241522 0.000891107 9.02182e-08 2.54566e-08 1.14261e-30 3.55852e-31 0.0040622 5.93071e-33 8.7687e-33 1.0281e-32 6.28057e-33 1.01954e-31 1.85114e-32 5.8521e-29 2.57207e-29 2.72804e-32 7.62183e-32 1.77418e-33 -2.86928e-34 1.1565e-33 7.74978e-33 1.04804e-31 1.63457e-32 2.36468e-32 1.80548e-33 1.45212e-33 7.2387e-33 4.76414e-32 1.29194e-33 9.41562e-33 2.17654e-34 1.19921e-32 -1.11048e-34 2.39843e-34 6.55745e-34 1.90333e-35 -1.53476e-34 1.58049e-33 1.19833e-35 1.41945e-34 -2.79741e-33 -1.80262e-34 -5.25368e-36 2.05559e-34 1.31223e-33 2.75048e-33 1.27108e-32 5.68473e-33 3.73933e-33 9.2136e-33 4.34616e-33 3.43908e-34 5.28428e-33 4.09187e-34 1.43156e-32 -1.43584e-33 -3.63165e-35 9.67714e-35 5.4702e-35 1.40094e-34 -5.37787e-33 -1.99104e-34 7.38337e-34 1.47829e-33 1.4274e-33 8.12442e-34 -4.23034e-34 3.31405e-33 2.64074e-33 7.04018e-35 1.3783e-33 1.31057e-33 6.20189e-34 -7.73239e-35 9.08007e-34 2.78183e-33 2.98741e-35 -4.82157e-35 -3.62808e-35 7.22009e-35 -3.5673e-35 1.25812e-34 -5.7543e-33 6.75291e-37 3.88223e-36 5.13978e-34 1.86836e-35 1.71057e-34 -2.43149e-34 7.82463e-34 7.63509e-11 8.21808e-35
1.29e-05 2134.63 0.000334527 0.000174459 0.000293337 0.000640334 0.000242015 0.000891713 8.98374e-08 2.53829e-08 1.15445e-30 3.59538e-31 0.0040622 5.87098e-33 8.72518e-33 1.02615e-32 6.24895e-33 1.01348e-31 1.83334e-32 5.89385e-29 2.61913e-29 2.71315e-32 7.57163e-32 1.7751e-33 -2.83964e-34 1.14605e-33 7.72344e-33 1.04308e-31 1.62532e-32 2.3422e-32 1.79693e-33 1.43915e-33 7.22087e-33 4.72845e-32 1.28638e-33 9.31825e-33 2.15815e-34 1.18994e-32 -1.10045e-34 2.37254e-34 6.52633e-34 1.87211e-35 -1.52303e-34 1.57752e-33 1.16143e-35 1.40762e-34 -2.78726e-33 -1.79181e-34 -7.55369e-36 2.04639e-34 1.3042e-33 2.70536e-33 1.26513e-32 5.66509e-33 3.72548e-33 9.17607e-33 4.33372e-33 3.30507e-34 5.20937e-33 4.05522e-34 1.42136e-32 -1.41453e-33 -3.58675e-35 9.65234e-35 5.38852e-35 1.39655e-34 -5.33695e-33 -1.97598e-34 7.42229e-34 1.4676e-33 1.42826e-33 8.11111e-34 -4.21974e-34 3.30522e-33 2.61307e-33 7.41612e-35 1.37418e-33 1.30774e-33 6.17495e-34 -7.11526e-35 8.9812e-34 2.75531e-33 2.97847e-35 -4.79118e-35 -3.60936e-35 7.17687e-35 -3.53757e-35 1.24809e-34 -5.71514e-33 6.6626e-37 3.82297e-36 4.97033e-34 1.79685e-35 1.6526e-34 -2.35077e-34 7.56793e-34 7.62386e-11 8.14522e-35
1.3e-05 2137.53 0.000333149 0.000174304 0.000292842 0.000640035 0.000242504 0.000892317 8.94614e-08 2.5309e-08 1.16623e-30 3.63207e-31 0.0040622 5.81203e-33 8.68197e-33 1.02419e-32 6.21756e-33 1.00749e-31 1.81588e-32 5.93508e-29 2.66627e-29 2.69841e-32 7.5221e-32 1.77593e-33 -2.81044e-34 1.13577e-33 7.69739e-33 1.03818e-31 1.61613e-32 2.32009e-32 1.78845e-33 1.42639e-33 7.2031e-33 4.69319e-32 1.28085e-33 9.22209e-33 2.14004e-34 1.18077e-32 -1.09058e-34 2.34713e-34 6.49553e-34 1.84166e-35 -1.51145e-34 1.57448e-33 1.12627e-35 1.39596e-34 -2.7772e-33 -1.7811e-34 -9.79092e-36 2.03721e-34 1.29625e-33 2.6613e-33 1.25922e-32 5.64563e-33 3.71172e-33 9.13885e-33 4.3214e-33 3.17914e-34 5.13564e-33 4.01914e-34 1.41127e-32 -1.39353e-33 -3.54267e-35 9.62783e-35 5.30867e-35 1.39221e-34 -5.29646e-33 -1.96109e-34 7.46024e-34 1.45706e-33 1.42911e-33 8.09768e-34 -4.20919e-34 3.29639e-33 2.58567e-33 7.78682e-35 1.37005e-33 1.30493e-33 6.14823e-34 -6.512e-35 8.88398e-34 2.72911e-33 2.9696e-35 -4.76118e-35 -3.59086e-35 7.1342e-35 -3.50829e-35 1.23821e-34 -5.67636e-33 6.57417e-37 3.76506e-36 4.80842e-34 1.72964e-35 1.59755e-34 -2.27388e-34 7.32314e-34 7.61251e-11 8.07338e-35
1.31e-05 2140.41 0.000331783 0.00017415 0.000292347 0.00063974 0.000242988 0.000892919 8.90901e-08 2.52349e-08 1.17795e-30 3.66857e-31 0.0040622 5.75384e-33 8.63907e-33 1.02224e-32 6.18641e-33 1.00157e-31 1.79877e-32 5.97579e-29 2.71348e-29 2.68382e-32 7.47321e-32 1.77667e-33 -2.78168e-34 1.12565e-33 7.67161e-33 1.03333e-31 1.60701e-32 2.29835e-32 1.78005e-33 1.41382e-33 7.18539e-33 4.65837e-32 1.27536e-33 9.12711e-33 2.12221e-34 1.17169e-32 -1.08086e-34 2.32218e-34 6.46505e-34 1.81195e-35 -1.50003e-34 1.57138e-33 1.09271e-35 1.38447e-34 -2.76723e-33 -1.77049e-34 -1.19671e-35 2.02807e-34 1.28839e-33 2.61826e-33 1.25336e-32 5.62632e-33 3.69806e-33 9.10195e-33 4.30917e-33 3.06065e-34 5.06306e-33 3.98359e-34 1.40129e-32 -1.37283e-33 -3.49937e-35 9.60363e-35 5.23058e-35 1.38792e-34 -5.25638e-33 -1.94635e-34 7.49723e-34 1.44669e-33 1.42995e-33 8.08413e-34 -4.19869e-34 3.28757e-33 2.55853e-33 8.15223e-35 1.36592e-33 1.30215e-33 6.12173e-34 -5.92241e-35 8.78837e-34 2.70322e-33 2.96078e-35 -4.73155e-35 -3.57257e-35 7.09207e-35 -3.47943e-35 1.22847e-34 -5.63797e-33 6.48756e-37 3.70845e-36 4.65364e-34 1.6664e-35 1.54522e-34 -2.20058e-34 7.08956e-34 7.60105e-11 8.00255e-35
1.32e-05 2143.28 0.000330427 0.000173994 0.000291853 0.000639447 0.000243468 0.000893518 8.87234e-08 2.51606e-08 1.18961e-30 3.70489e-31 0.0040622 5.6964e-33 8.59647e-33 1.02029e-32 6.15548e-33 9.95702e-32 1.78199e-32 6.01601e-29 2.76074e-29 2.66937e-32 7.42497e-32 1.77734e-33 -2.75335e-34 1.11569e-33 7.6461e-33 1.02854e-31 1.59794e-32 2.27698e-32 1.77171e-33 1.40144e-33 7.16774e-33 4.62396e-32 1.2699e-33 9.0333e-33 2.10464e-34 1.1627e-32 -1.07129e-34 2.29769e-34 6.43489e-34 1.78295e-35 -1.48876e-34 1.56823e-33 1.06066e-35 1.37314e-34 -2.75734e-33 -1.75999e-34 -1.40841e-35 2.01896e-34 1.28061e-33 2.57622e-33 1.24754e-32 5.60718e-33 3.68449e-33 9.06535e-33 4.29705e-33 2.94902e-34 4.99162e-33 3.94858e-34 1.39143e-32 -1.35243e-33 -3.45685e-35 9.57971e-35 5.1542e-35 1.38369e-34 -5.21672e-33 -1.93178e-34 7.53328e-34 1.43648e-33 1.43077e-33 8.07046e-34 -4.18825e-34 3.27875e-33 2.53165e-33 8.51224e-35 1.3618e-33 1.29939e-33 6.09545e-34 -5.34625e-35 8.69434e-34 2.67763e-33 2.95203e-35 -4.7023e-35 -3.55448e-35 7.05046e-35 -3.451e-35 1.21887e-34 -5.59995e-33 6.40272e-37 3.65312e-36 4.50561e-34 1.6068e-35 1.49543e-34 -2.13065e-34 6.86651e-34 7.58947e-11 7.93271e-35
1.33e-05 2146.13 0.000329081 0.000173837 0.000291361 0.000639158 0.000243943 0.000894115 8.83613e-08 2.50862e-08 1.20122e-30 3.74103e-31 0.0040622 5.6397e-33 8.55419e-33 1.01834e-32 6.12478e-33 9.899e-32 1.76554e-32 6.05573e-29 2.80806e-29 2.65507e-32 7.37736e-32 1.77793e-33 -2.72544e-34 1.10588e-33 7.62086e-33 1.02381e-31 1.58894e-32 2.25597e-32 1.76344e-33 1.38925e-33 7.15015e-33 4.58996e-32 1.26447e-33 8.94064e-33 2.08734e-34 1.15381e-32 -1.06186e-34 2.27363e-34 6.40503e-34 1.75464e-35 -1.47764e-34 1.56503e-33 1.03002e-35 1.36196e-34 -2.74753e-33 -1.74959e-34 -1.61434e-35 2.00989e-34 1.27291e-33 2.53514e-33 1.24177e-32 5.58819e-33 3.67101e-33 9.02905e-33 4.28503e-33 2.84371e-34 4.92129e-33 3.91409e-34 1.38167e-32 -1.33233e-33 -3.41509e-35 9.55609e-35 5.07948e-35 1.37951e-34 -5.17746e-33 -1.91736e-34 7.56843e-34 1.42641e-33 1.43158e-33 8.05667e-34 -4.17786e-34 3.26994e-33 2.50503e-33 8.8668e-35 1.35768e-33 1.29665e-33 6.06937e-34 -4.7833e-35 8.60187e-34 2.65235e-33 2.94334e-35 -4.67342e-35 -3.5366e-35 7.00937e-35 -3.42298e-35 1.20941e-34 -5.56231e-33 6.3196e-37 3.59902e-36 4.36395e-34 1.55054e-35 1.44801e-34 -2.06388e-34 6.65338e-34 7.57777e-11 7.86384e-35
1.34e-05 2148.96 0.000327747 0.00017368 0.000290869 0.000638872 0.000244414 0.000894709 8.80036e-08 2.50116e-08 1.21276e-30 3.77699e-31 0.0040622 5.58373e-33 8.51221e-33 1.01639e-32 6.09431e-33 9.84159e-32 1.74939e-32 6.09498e-29 2.85543e-29 2.64092e-32 7.33035e-32 1.77844e-33 -2.69794e-34 1.09622e-33 7.59588e-33 1.01913e-31 1.57999e-32 2.2353e-32 1.75524e-33 1.37725e-33 7.13262e-33 4.55637e-32 1.25908e-33 8.84912e-33 2.07029e-34 1.14501e-32 -1.05257e-34 2.25001e-34 6.37549e-34 1.727e-35 -1.46667e-34 1.56178e-33 1.00069e-35 1.35095e-34 -2.7378e-33 -1.73929e-34 -1.81467e-35 2.00085e-34 1.26529e-33 2.49501e-33 1.23605e-32 5.56936e-33 3.65762e-33 8.99305e-33 4.27311e-33 2.74422e-34 4.85207e-33 3.88011e-34 1.37202e-32 -1.31252e-33 -3.37407e-35 9.53273e-35 5.00638e-35 1.37538e-34 -5.1386e-33 -1.90309e-34 7.60268e-34 1.4165e-33 1.43238e-33 8.04278e-34 -4.16752e-34 3.26112e-33 2.47868e-33 9.21584e-35 1.35356e-33 1.29393e-33 6.04351e-34 -4.23335e-35 8.51092e-34 2.62737e-33 2.9347e-35 -4.64489e-35 -3.51891e-35 6.96879e-35 -3.39536e-35 1.20008e-34 -5.52503e-33 6.23814e-37 3.54612e-36 4.22832e-34 1.49736e-35 1.4028e-34 -2.00008e-34 6.44956e-34 7.56597e-11 7.79592e-35
1.35e-05 2151.78 0.000326422 0.000173523 0.000290378 0.000638588 0.00024488 0.000895301 8.76505e-08 2.4937e-08 1.22425e-30 3.81278e-31 0.0040622 5.52847e-33 8.47052e-33 1.01444e-32 6.06407e-33 9.78476e-32 1.73355e-32 6.13376e-29 2.90283e-29 2.6269e-32 7.28395e-32 1.77887e-33 -2.67084e-34 1.08671e-33 7.57116e-33 1.0145e-31 1.57111e-32 2.21498e-32 1.74711e-33 1.36542e-33 7.11515e-33 4.52317e-32 1.25371e-33 8.75872e-33 2.0535e-34 1.13631e-32 -1.04343e-34 2.2268e-34 6.34624e-34 1.70001e-35 -1.45585e-34 1.55848e-33 9.72589e-36 1.34009e-34 -2.72815e-33 -1.72908e-34 -2.00955e-35 1.99185e-34 1.25775e-33 2.45579e-33 1.23037e-32 5.55069e-33 3.64432e-33 8.95733e-33 4.26129e-33 2.6501e-34 4.78393e-33 3.84663e-34 1.36248e-32 -1.293e-33 -3.33377e-35 9.50965e-35 4.93485e-35 1.3713e-34 -5.10013e-33 -1.88898e-34 7.63607e-34 1.40674e-33 1.43315e-33 8.02878e-34 -4.15725e-34 3.25229e-33 2.45258e-33 9.55931e-35 1.34945e-33 1.29123e-33 6.01785e-34 -3.69617e-35 8.42147e-34 2.60268e-33 2.92613e-35 -4.61671e-35 -3.50142e-35 6.9287e-35 -3.36814e-35 1.19088e-34 -5.4881e-33 6.15831e-37 3.49437e-36 4.09839e-34 1.44702e-35 1.35965e-34 -1.93906e-34 6.25451e-34 7.55406e-11 7.72893e-35
1.36e-05 2154.58 0.000325108 0.000173364 0.000289889 0.000638308 0.000245341 0.000895891 8.73017e-08 2.48622e-08 1.23569e-30 3.8484e-31 0.0040622 5.47391e-33 8.42913e-33 1.01249e-32 6.03404e-33 9.72853e-32 1.718e-32 6.17209e-29 2.95027e-29 2.61302e-32 7.23814e-32 1.77923e-33 -2.64414e-34 1.07734e-33 7.54669e-33 1.00992e-31 1.56229e-32 2.19498e-32 1.73904e-33 1.35376e-33 7.09774e-33 4.49037e-32 1.24838e-33 8.66942e-33 2.03694e-34 1.12769e-32 -1.03441e-34 2.204e-34 6.31729e-34 1.67364e-35 -1.44517e-34 1.55514e-33 9.45646e-36 1.32938e-34 -2.71858e-33 -1.71897e-34 -2.19914e-35 1.98288e-34 1.25029e-33 2.41747e-33 1.22473e-32 5.53216e-33 3.63111e-33 8.92191e-33 4.24956e-33 2.56091e-34 4.71685e-33 3.81364e-34 1.35304e-32 -1.27376e-33 -3.29417e-35 9.48684e-35 4.86484e-35 1.36727e-34 -5.06204e-33 -1.87502e-34 7.66861e-34 1.39712e-33 1.43392e-33 8.01467e-34 -4.14704e-34 3.24346e-33 2.42675e-33 9.89716e-35 1.34534e-33 1.28856e-33 5.99239e-34 -3.17155e-35 8.33349e-34 2.57827e-33 2.91761e-35 -4.58887e-35 -3.48412e-35 6.88909e-35 -3.3413e-35 1.1818e-34 -5.45154e-33 6.08005e-37 3.44375e-36 3.97384e-34 1.39928e-35 1.31843e-34 -1.88067e-34 6.06772e-34 7.54204e-11 7.66286e-35
1.37e-05 2157.37 0.000323804 0.000173205 0.0002894 0.00063803 0.000245798 0.000896478 8.69572e-08 2.47874e-08 1.24707e-30 3.88384e-31 0.0040622 5.42005e-33 8.38804e-33 1.01054e-32 6.00423e-33 9.67287e-32 1.70275e-32 6.20998e-29 2.99773e-29 2.59929e-32 7.19291e-32 1.77951e-33 -2.61782e-34 1.06811e-33 7.52247e-33 1.00539e-31 1.55353e-32 2.17531e-32 1.73104e-33 1.34228e-33 7.08039e-33 4.45795e-32 1.24309e-33 8.58121e-33 2.02063e-34 1.11916e-32 -1.02554e-34 2.1816e-34 6.28863e-34 1.64789e-35 -1.43463e-34 1.55176e-33 9.1979e-36 1.31882e-34 -2.70909e-33 -1.70896e-34 -2.38358e-35 1.97395e-34 1.24291e-33 2.38001e-33 1.21914e-32 5.51379e-33 3.61798e-33 8.88677e-33 4.23793e-33 2.4763e-34 4.65083e-33 3.78113e-34 1.3437e-32 -1.25481e-33 -3.25526e-35 9.46428e-35 4.79631e-35 1.36329e-34 -5.02433e-33 -1.8612e-34 7.70032e-34 1.38765e-33 1.43467e-33 8.00047e-34 -4.1369e-34 3.23462e-33 2.40118e-33 1.02293e-34 1.34123e-33 1.28591e-33 5.96713e-34 -2.65925e-35 8.24695e-34 2.55414e-33 2.90915e-35 -4.56137e-35 -3.46701e-35 6.84997e-35 -3.31485e-35 1.17286e-34 -5.41532e-33 6.00333e-37 3.39423e-36 3.85439e-34 1.35396e-35 1.27901e-34 -1.82474e-34 5.88871e-34 7.52992e-11 7.59769e-35
1.38e-05 2160.14 0.000322511 0.000173046 0.000288912 0.000637755 0.000246251 0.000897063 8.6617e-08 2.47124e-08 1.25839e-30 3.91911e-31 0.0040622 5.36686e-33 8.34724e-33 1.0086e-32 5.97464e-33 9.61778e-32 1.68777e-32 6.24743e-29 3.04521e-29 2.58569e-32 7.14825e-32 1.77972e-33 -2.59189e-34 1.05902e-33 7.4985e-33 1.00092e-31 1.54483e-32 2.15596e-32 1.7231e-33 1.33097e-33 7.0631e-33 4.4259e-32 1.23782e-33 8.49407e-33 2.00454e-34 1.11072e-32 -1.01679e-34 2.15959e-34 6.26025e-34 1.62272e-35 -1.42422e-34 1.54833e-33 8.94956e-36 1.3084e-34 -2.69967e-33 -1.69904e-34 -2.563e-35 1.96505e-34 1.23559e-33 2.34338e-33 1.21359e-32 5.49557e-33 3.60494e-33 8.8519e-33 4.2264e-33 2.39589e-34 4.58583e-33 3.74909e-34 1.33446e-32 -1.23614e-33 -3.21703e-35 9.44198e-35 4.72922e-35 1.35935e-34 -4.98698e-33 -1.84752e-34 7.73122e-34 1.37832e-33 1.4354e-33 7.98616e-34 -4.12682e-34 3.22576e-33 2.37587e-33 1.05558e-34 1.33713e-33 1.28327e-33 5.94207e-34 -2.15908e-35 8.16182e-34 2.53029e-33 2.90074e-35 -4.5342e-35 -3.45008e-35 6.81131e-35 -3.28877e-35 1.16403e-34 -5.37945e-33 5.92809e-37 3.34577e-36 3.73976e-34 1.31087e-35 1.24129e-34 -1.77114e-34 5.71704e-34 7.51771e-11 7.5334e-35
1.39e-05 2162.9 0.000321227 0.000172886 0.000288426 0.000637483 0.0002467 0.000897645 8.62811e-08 2.46374e-08 1.26966e-30 3.95421e-31 0.0040622 5.31434e-33 8.30672e-33 1.00665e-32 5.94526e-33 9.56325e-32 1.67306e-32 6.28445e-29 3.09269e-29 2.57222e-32 7.10414e-32 1.77986e-33 -2.56633e-34 1.05007e-33 7.47476e-33 9.96488e-32 1.53618e-32 2.13692e-32 1.71522e-33 1.31982e-33 7.04587e-33 4.39423e-32 1.23259e-33 8.40799e-33 1.98868e-34 1.10238e-32 -1.00817e-34 2.13796e-34 6.23215e-34 1.59812e-35 -1.41395e-34 1.54488e-33 8.71086e-36 1.29813e-34 -2.69033e-33 -1.68921e-34 -2.73755e-35 1.95619e-34 1.22836e-33 2.30758e-33 1.20808e-32 5.47749e-33 3.59199e-33 8.81731e-33 4.21496e-33 2.3194e-34 4.52186e-33 3.71751e-34 1.32532e-32 -1.21774e-33 -3.17946e-35 9.41992e-35 4.66352e-35 1.35546e-34 -4.95001e-33 -1.83398e-34 7.76133e-34 1.36912e-33 1.43611e-33 7.97176e-34 -4.11681e-34 3.2169e-33 2.35082e-33 1.08766e-34 1.33303e-33 1.28066e-33 5.9172e-34 -1.6708e-35 8.07808e-34 2.50671e-33 2.89239e-35 -4.50736e-35 -3.43333e-35 6.7731e-35 -3.26305e-35 1.15533e-34 -5.34392e-33 5.8543e-37 3.29834e-36 3.6297e-34 1.26983e-35 1.20515e-34 -1.71972e-34 5.55229e-34 7.5054e-11 7.46997e-35
1.4e-05 2165.64 0.000319953 0.000172725 0.00028794 0.000637213 0.000247144 0.000898226 8.59493e-08 2.45624e-08 1.28088e-30 3.98914e-31 0.0040622 5.26249e-33 8.26649e-33 1.00471e-32 5.9161e-33 9.50926e-32 1.65862e-32 6.32106e-29 3.14019e-29 2.55889e-32 7.06058e-32 1.77992e-33 -2.54114e-34 1.04125e-33 7.45127e-33 9.92107e-32 1.5276e-32 2.11818e-32 1.7074e-33 1.30883e-33 7.0287e-33 4.36292e-32 1.22738e-33 8.32296e-33 1.97304e-34 1.09411e-32 -9.99673e-35 2.11669e-34 6.20433e-34 1.57407e-35 -1.40382e-34 1.54139e-33 8.48127e-36 1.28799e-34 -2.68106e-33 -1.67948e-34 -2.90736e-35 1.94736e-34 1.22119e-33 2.27258e-33 1.20262e-32 5.45955e-33 3.57912e-33 8.78299e-33 4.20361e-33 2.24653e-34 4.45889e-33 3.68638e-34 1.31627e-32 -1.19961e-33 -3.14253e-35 9.39811e-35 4.59919e-35 1.35161e-34 -4.91338e-33 -1.82058e-34 7.79067e-34 1.36006e-33 1.4368e-33 7.95726e-34 -4.10687e-34 3.20802e-33 2.32602e-33 1.11916e-34 1.32894e-33 1.27807e-33 5.89252e-34 -1.19421e-35 7.9957e-34 2.4834e-33 2.88409e-35 -4.48083e-35 -3.41676e-35 6.73535e-35 -3.23769e-35 1.14674e-34 -5.30872e-33 5.78191e-37 3.25191e-36 3.52397e-34 1.23071e-35 1.17051e-34 -1.67036e-34 5.39407e-34 7.493e-11 7.40739e-35
1.41e-05 2168.36 0.000318688 0.000172564 0.000287456 0.000636946 0.000247584 0.000898804 8.56217e-08 2.44873e-08 1.29204e-30 4.0239e-31 0.0040622 5.21128e-33 8.22655e-33 1.00276e-32 5.88714e-33 9.45582e-32 1.64444e-32 6.35727e-29 3.18768e-29 2.54569e-32 7.01756e-32 1.77992e-33 -2.51631e-34 1.03255e-33 7.428e-33 9.87773e-32 1.51908e-32 2.09974e-32 1.69965e-33 1.298e-33 7.01159e-33 4.33198e-32 1.22221e-33 8.23895e-33 1.95762e-34 1.08594e-32 -9.913e-35 2.09579e-34 6.17679e-34 1.55057e-35 -1.39381e-34 1.53786e-33 8.26028e-36 1.27799e-34 -2.67187e-33 -1.66984e-34 -3.07254e-35 1.93857e-34 1.2141e-33 2.23834e-33 1.1972e-32 5.44176e-33 3.56633e-33 8.74893e-33 4.19235e-33 2.17702e-34 4.3969e-33 3.6557e-34 1.30732e-32 -1.18176e-33 -3.10624e-35 9.37654e-35 4.53618e-35 1.34781e-34 -4.87711e-33 -1.80732e-34 7.81925e-34 1.35113e-33 1.43748e-33 7.94267e-34 -4.097e-34 3.19912e-33 2.30148e-33 1.15008e-34 1.32485e-33 1.2755e-33 5.86804e-34 -7.29089e-36 7.91465e-34 2.46036e-33 2.87584e-35 -4.45462e-35 -3.40037e-35 6.69804e-35 -3.21268e-35 1.13827e-34 -5.27385e-33 5.7109e-37 3.20646e-36 3.42233e-34 1.19337e-35 1.13727e-34 -1.62296e-34 5.24204e-34 7.4805e-11 7.34565e-35
1.42e-05 2171.07 0.000317434 0.000172402 0.000286973 0.000636682 0.00024802 0.00089938 8.52981e-08 2.44122e-08 1.30315e-30 4.0585e-31 0.0040622 5.16071e-33 8.18688e-33 1.00082e-32 5.8584e-33 9.40291e-32 1.63051e-32 6.39308e-29 3.23516e-29 2.53261e-32 6.97507e-32 1.77985e-33 -2.49183e-34 1.02399e-33 7.40497e-33 9.83486e-32 1.51062e-32 2.08159e-32 1.69195e-33 1.28732e-33 6.99454e-33 4.30138e-32 1.21707e-33 8.15596e-33 1.94241e-34 1.07785e-32 -9.83047e-35 2.07524e-34 6.14951e-34 1.52758e-35 -1.38393e-34 1.53431e-33 8.04744e-36 1.26813e-34 -2.66275e-33 -1.66028e-34 -3.23323e-35 1.92982e-34 1.20708e-33 2.20486e-33 1.19182e-32 5.42411e-33 3.55363e-33 8.71513e-33 4.18118e-33 2.11064e-34 4.33588e-33 3.62545e-34 1.29846e-32 -1.16417e-33 -3.07055e-35 9.3552e-35 4.47445e-35 1.34405e-34 -4.84119e-33 -1.79418e-34 7.84711e-34 1.34234e-33 1.43814e-33 7.92799e-34 -4.0872e-34 3.19021e-33 2.2772e-33 1.18042e-34 1.32076e-33 1.27294e-33 5.84374e-34 -2.75225e-36 7.83491e-34 2.43757e-33 2.86765e-35 -4.42871e-35 -3.38414e-35 6.66117e-35 -3.18801e-35 1.12992e-34 -5.23931e-33 5.64121e-37 3.16196e-36 3.32459e-34 1.15768e-35 1.10535e-34 -1.5774e-34 5.09587e-34 7.46792e-11 7.28472e-35
1.43e-05 2173.76 0.000316188 0.000172239 0.00028649 0.000636421 0.000248452 0.000899953 8.49786e-08 2.43371e-08 1.31421e-30 4.09293e-31 0.0040622 5.11077e-33 8.1475e-33 9.98881e-33 5.82986e-33 9.35052e-32 1.61683e-32 6.42851e-29 3.28263e-29 2.51967e-32 6.93309e-32 1.77971e-33 -2.4677e-34 1.01554e-33 7.38216e-33 9.79244e-32 1.50221e-32 2.06372e-32 1.68431e-33 1.27679e-33 6.97754e-33 4.27114e-32 1.21196e-33 8.07397e-33 1.9274e-34 1.06984e-32 -9.74911e-35 2.05503e-34 6.12249e-34 1.5051e-35 -1.37417e-34 1.53073e-33 7.84233e-36 1.2584e-34 -2.6537e-33 -1.65082e-34 -3.38954e-35 1.9211e-34 1.20012e-33 2.17212e-33 1.18649e-32 5.40659e-33 3.54101e-33 8.6816e-33 4.1701e-33 2.04719e-34 4.27582e-33 3.59563e-34 1.28969e-32 -1.14684e-33 -3.03548e-35 9.33408e-35 4.41398e-35 1.34034e-34 -4.8056e-33 -1.78118e-34 7.87424e-34 1.33367e-33 1.43878e-33 7.91323e-34 -4.07748e-34 3.18127e-33 2.25317e-33 1.21019e-34 1.31668e-33 1.27041e-33 5.81962e-34 1.67593e-36 7.75645e-34 2.41504e-33 2.8595e-35 -4.4031e-35 -3.36809e-35 6.62471e-35 -3.16368e-35 1.12167e-34 -5.20509e-33 5.57283e-37 3.11838e-36 3.23054e-34 1.12354e-35 1.07468e-34 -1.53359e-34 4.95524e-34 7.45526e-11 7.2246e-35
1.44e-05 2176.44 0.000314952 0.000172077 0.000286009 0.000636162 0.00024888 0.000900525 8.4663e-08 2.4262e-08 1.32521e-30 4.1272e-31 0.0040622 5.06144e-33 8.10838e-33 9.96942e-33 5.80153e-33 9.29865e-32 1.60338e-32 6.46356e-29 3.33007e-29 2.50685e-32 6.89162e-32 1.7795e-33 -2.44391e-34 1.00722e-33 7.35957e-33 9.75046e-32 1.49387e-32 2.04613e-32 1.67673e-33 1.26642e-33 6.96061e-33 4.24123e-32 1.20688e-33 7.99297e-33 1.9126e-34 1.06192e-32 -9.66891e-35 2.03516e-34 6.09574e-34 1.48311e-35 -1.36454e-34 1.52713e-33 7.64455e-36 1.24879e-34 -2.64472e-33 -1.64144e-34 -3.54159e-35 1.91242e-34 1.19324e-33 2.14008e-33 1.1812e-32 5.38921e-33 3.52847e-33 8.64831e-33 4.15911e-33 1.98646e-34 4.2167e-33 3.56622e-34 1.28101e-32 -1.12977e-33 -3.00099e-35 9.31319e-35 4.35473e-35 1.33666e-34 -4.77034e-33 -1.76831e-34 7.90068e-34 1.32513e-33 1.4394e-33 7.89838e-34 -4.06784e-34 3.17232e-33 2.2294e-33 1.23938e-34 1.3126e-33 1.2679e-33 5.79569e-34 5.99573e-36 7.67925e-34 2.39275e-33 2.85141e-35 -4.37779e-35 -3.3522e-35 6.58868e-35 -3.13968e-35 1.11354e-34 -5.17118e-33 5.5057e-37 3.0757e-36 3.14e-34 1.09085e-35 1.04519e-34 -1.49142e-34 4.81987e-34 7.44251e-11 7.16527e-35
1.45e-05 2179.11 0.000313726 0.000171913 0.000285529 0.000635905 0.000249304 0.000901094 8.43514e-08 2.41869e-08 1.33616e-30 4.16131e-31 0.0040622 5.01273e-33 8.06954e-33 9.95005e-33 5.77339e-33 9.24729e-32 1.59017e-32 6.49825e-29 3.37749e-29 2.49416e-32 6.85065e-32 1.77923e-33 -2.42045e-34 9.99021e-34 7.33721e-33 9.70892e-32 1.48558e-32 2.02882e-32 1.66921e-33 1.25618e-33 6.94374e-33 4.21167e-32 1.20184e-33 7.91294e-33 1.89799e-34 1.05408e-32 -9.58983e-35 2.01561e-34 6.06923e-34 1.46159e-35 -1.35503e-34 1.5235e-33 7.45374e-36 1.23931e-34 -2.63581e-33 -1.63215e-34 -3.68948e-35 1.90378e-34 1.18642e-33 2.10875e-33 1.17595e-32 5.37197e-33 3.51601e-33 8.61528e-33 4.1482e-33 1.9283e-34 4.1585e-33 3.53723e-34 1.27242e-32 -1.11296e-33 -2.96707e-35 9.29252e-35 4.29666e-35 1.33302e-34 -4.73542e-33 -1.75556e-34 7.92643e-34 1.31671e-33 1.43999e-33 7.88345e-34 -4.05827e-34 3.16334e-33 2.20588e-33 1.26798e-34 1.30853e-33 1.2654e-33 5.77193e-34 1.02092e-35 7.60328e-34 2.37072e-33 2.84337e-35 -4.35277e-35 -3.33647e-35 6.55306e-35 -3.11601e-35 1.10551e-34 -5.13759e-33 5.43981e-37 3.03388e-36 3.0528e-34 1.05951e-35 1.01682e-34 -1.45083e-34 4.6895e-34 7.42969e-11 7.10671e-35
1.46e-05 2181.76 0.000312508 0.00017175 0.00028505 0.000635652 0.000249724 0.000901661 8.40437e-08 2.41118e-08 1.34706e-30 4.19525e-31 0.0040622 4.96462e-33 8.03097e-33 9.9307e-33 5.74546e-33 9.19643e-32 1.57718e-32 6.53258e-29 3.42489e-29 2.48159e-32 6.81017e-32 1.7789e-33 -2.39732e-34 9.90936e-34 7.31506e-33 9.66781e-32 1.47735e-32 2.01177e-32 1.66175e-33 1.24609e-33 6.92692e-33 4.18244e-32 1.19682e-33 7.83387e-33 1.88358e-34 1.04632e-32 -9.51186e-35 1.99639e-34 6.04299e-34 1.44054e-35 -1.34563e-34 1.51985e-33 7.26957e-36 1.22996e-34 -2.62697e-33 -1.62295e-34 -3.83333e-35 1.89518e-34 1.17967e-33 2.07808e-33 1.17074e-32 5.35486e-33 3.50362e-33 8.58249e-33 4.13739e-33 1.87253e-34 4.10122e-33 3.50864e-34 1.26391e-32 -1.0964e-33 -2.93373e-35 9.27206e-35 4.23974e-35 1.32943e-34 -4.70081e-33 -1.74294e-34 7.95152e-34 1.30841e-33 1.44057e-33 7.86844e-34 -4.04879e-34 3.15435e-33 2.18261e-33 1.29602e-34 1.30447e-33 1.26292e-33 5.74835e-34 1.43185e-35 7.52852e-34 2.34892e-33 2.83538e-35 -4.32804e-35 -3.32091e-35 6.51784e-35 -3.09265e-35 1.09759e-34 -5.10431e-33 5.37511e-37 2.99292e-36 2.96878e-34 1.02945e-35 9.89508e-35 -1.41173e-34 4.56387e-34 7.41678e-11 7.04892e-35
1.47e-05 2184.39 0.0003113 0.000171586 0.000284572 0.0006354 0.00025014 0.000902226 8.37398e-08 2.40368e-08 1.35791e-30 4.22904e-31 0.0040622 4.91709e-33 7.99267e-33 9.91136e-33 5.71773e-33 9.14607e-32 1.56441e-32 6.56655e-29 3.47224e-29 2.46914e-32 6.77017e-32 1.7785e-33 -2.37451e-34 9.82965e-34 7.29312e-33 9.62712e-32 1.46918e-32 1.99498e-32 1.65434e-33 1.23614e-33 6.91017e-33 4.15353e-32 1.19183e-33 7.75575e-33 1.86935e-34 1.03865e-32 -9.43497e-35 1.97748e-34 6.01698e-34 1.41994e-35 -1.33635e-34 1.51618e-33 7.09171e-36 1.22073e-34 -2.61819e-33 -1.61383e-34 -3.97324e-35 1.88661e-34 1.17299e-33 2.04807e-33 1.16557e-32 5.33788e-33 3.49132e-33 8.54994e-33 4.12665e-33 1.81902e-34 4.04483e-33 3.48045e-34 1.25549e-32 -1.0801e-33 -2.90093e-35 9.25181e-35 4.18395e-35 1.32587e-34 -4.66653e-33 -1.73043e-34 7.97595e-34 1.30024e-33 1.44113e-33 7.85335e-34 -4.03938e-34 3.14532e-33 2.1596e-33 1.32347e-34 1.30041e-33 1.26046e-33 5.72495e-34 1.83256e-35 7.45496e-34 2.32737e-33 2.82743e-35 -4.30359e-35 -3.3055e-35 6.48301e-35 -3.0696e-35 1.08977e-34 -5.07133e-33 5.31158e-37 2.95278e-36 2.88779e-34 1.00059e-35 9.632e-35 -1.37405e-34 4.44276e-34 7.4038e-11 6.99187e-35
1.48e-05 2187.01 0.0003101 0.000171421 0.000284096 0.000635151 0.000250552 0.000902789 8.34397e-08 2.39618e-08 1.36871e-30 4.26267e-31 0.0040622 4.87015e-33 7.95464e-33 9.89204e-33 5.6902e-33 9.09619e-32 1.55186e-32 6.60019e-29 3.51955e-29 2.4568e-32 6.73064e-32 1.77804e-33 -2.35202e-34 9.75106e-34 7.27139e-33 9.58685e-32 1.46106e-32 1.97844e-32 1.64699e-33 1.22633e-33 6.89347e-33 4.12495e-32 1.18687e-33 7.67857e-33 1.85531e-34 1.03105e-32 -9.35915e-35 1.95887e-34 5.99123e-34 1.39977e-35 -1.32719e-34 1.51249e-33 6.91987e-36 1.21162e-34 -2.60949e-33 -1.60479e-34 -4.1093e-35 1.87808e-34 1.16637e-33 2.0187e-33 1.16044e-32 5.32103e-33 3.47909e-33 8.51763e-33 4.116e-33 1.76765e-34 3.98933e-33 3.45265e-34 1.24715e-32 -1.06403e-33 -2.86867e-35 9.23176e-35 4.12925e-35 1.32235e-34 -4.63255e-33 -1.71805e-34 7.99975e-34 1.29218e-33 1.44166e-33 7.83819e-34 -4.03005e-34 3.13628e-33 2.13683e-33 1.35035e-34 1.29636e-33 1.25802e-33 5.70172e-34 2.22324e-35 7.38255e-34 2.30605e-33 2.81954e-35 -4.27941e-35 -3.29024e-35 6.44857e-35 -3.04686e-35 1.08205e-34 -5.03865e-33 5.24919e-37 2.91345e-36 2.80968e-34 9.72853e-36 9.37846e-35 -1.33772e-34 4.32595e-34 7.39075e-11 6.93555e-35
1.49e-05 2189.62 0.000308909 0.000171256 0.00028362 0.000634905 0.00025096 0.000903349 8.31434e-08 2.38869e-08 1.37946e-30 4.29614e-31 0.0040622 4.82378e-33 7.91687e-33 9.87274e-33 5.66287e-33 9.04679e-32 1.53952e-32 6.6335e-29 3.56681e-29 2.44459e-32 6.69158e-32 1.77752e-33 -2.32984e-34 9.67357e-34 7.24986e-33 9.54698e-32 1.453e-32 1.96216e-32 1.63969e-33 1.21665e-33 6.87684e-33 4.09669e-32 1.18194e-33 7.60231e-33 1.84145e-34 1.02354e-32 -9.28437e-35 1.94057e-34 5.96571e-34 1.38003e-35 -1.31814e-34 1.50878e-33 6.75379e-36 1.20262e-34 -2.60085e-33 -1.59583e-34 -4.24162e-35 1.86958e-34 1.15981e-33 1.98996e-33 1.15535e-32 5.30431e-33 3.46694e-33 8.48556e-33 4.10543e-33 1.71827e-34 3.9347e-33 3.42523e-34 1.23889e-32 -1.04822e-33 -2.83694e-35 9.21192e-35 4.07561e-35 1.31887e-34 -4.59888e-33 -1.70578e-34 8.02292e-34 1.28424e-33 1.44218e-33 7.82296e-34 -4.02081e-34 3.1272e-33 2.11431e-33 1.37666e-34 1.29231e-33 1.2556e-33 5.67866e-34 2.60411e-35 7.31128e-34 2.28496e-33 2.81169e-35 -4.2555e-35 -3.27514e-35 6.41452e-35 -3.02442e-35 1.07444e-34 -5.00627e-33 5.18791e-37 2.87489e-36 2.73433e-34 9.46188e-36 9.134e-35 -1.30267e-34 4.21324e-34 7.37763e-11 6.87996e-35
1.5e-05 2192.21 0.000307727 0.000171091 0.000283146 0.000634661 0.000251364 0.000903908 8.28508e-08 2.3812e-08 1.39016e-30 4.32946e-31 0.0040622 4.77797e-33 7.87936e-33 9.85346e-33 5.63572e-33 8.99787e-32 1.52739e-32 6.66648e-29 3.61403e-29 2.4325e-32 6.65297e-32 1.77694e-33 -2.30796e-34 9.59716e-34 7.22854e-33 9.50752e-32 1.445e-32 1.94612e-32 1.63244e-33 1.2071e-33 6.86026e-33 4.06875e-32 1.17704e-33 7.52697e-33 1.82777e-34 1.0161e-32 -9.21062e-35 1.92255e-34 5.94043e-34 1.3607e-35 -1.3092e-34 1.50505e-33 6.59319e-36 1.19374e-34 -2.59227e-33 -1.58696e-34 -4.37029e-35 1.86113e-34 1.15331e-33 1.96182e-33 1.15031e-32 5.28772e-33 3.45487e-33 8.45372e-33 4.09494e-33 1.6708e-34 3.88092e-33 3.39818e-34 1.23072e-32 -1.03264e-33 -2.80573e-35 9.19227e-35 4.02302e-35 1.31542e-34 -4.56551e-33 -1.69363e-34 8.0455e-34 1.27641e-33 1.44267e-33 7.80766e-34 -4.01165e-34 3.1181e-33 2.09204e-33 1.40239e-34 1.28827e-33 1.25319e-33 5.65577e-34 2.97535e-35 7.24114e-34 2.2641e-33 2.80389e-35 -4.23186e-35 -3.26019e-35 6.38084e-35 -3.00227e-35 1.06692e-34 -4.97417e-33 5.1277e-37 2.8371e-36 2.6616e-34 9.20534e-36 8.89817e-35 -1.26884e-34 4.10444e-34 7.36445e-11 6.82508e-35
1.51e-05 2194.79 0.000306554 0.000170925 0.000282673 0.000634419 0.000251765 0.000904464 8.25618e-08 2.37372e-08 1.4008e-30 4.36263e-31 0.0040622 4.73272e-33 7.8421e-33 9.8342e-33 5.60877e-33 8.94941e-32 1.51545e-32 6.69914e-29 3.66118e-29 2.42051e-32 6.61481e-32 1.7763e-33 -2.28638e-34 9.5218e-34 7.20741e-33 9.46845e-32 1.43706e-32 1.93031e-32 1.62525e-33 1.19768e-33 6.84375e-33 4.04111e-32 1.17217e-33 7.45252e-33 1.81426e-34 1.00874e-32 -9.13786e-35 1.90483e-34 5.91538e-34 1.34177e-35 -1.30037e-34 1.50131e-33 6.43784e-36 1.18498e-34 -2.58376e-33 -1.57816e-34 -4.4954e-35 1.85271e-34 1.14688e-33 1.93427e-33 1.1453e-32 5.27125e-33 3.44287e-33 8.42211e-33 4.08454e-33 1.62512e-34 3.82798e-33 3.37151e-34 1.22262e-32 -1.0173e-33 -2.77503e-35 9.17281e-35 3.97144e-35 1.31201e-34 -4.53244e-33 -1.68159e-34 8.06748e-34 1.2687e-33 1.44314e-33 7.79229e-34 -4.00257e-34 3.10898e-33 2.07001e-33 1.42756e-34 1.28424e-33 1.2508e-33 5.63304e-34 3.33716e-35 7.17209e-34 2.24347e-33 2.79613e-35 -4.20848e-35 -3.24538e-35 6.34753e-35 -2.98041e-35 1.0595e-34 -4.94237e-33 5.06855e-37 2.80005e-36 2.59139e-34 8.95837e-36 8.67058e-35 -1.23619e-34 3.99937e-34 7.35119e-11 6.77089e-35
1.52e-05 2197.35 0.000305389 0.000170759 0.000282201 0.00063418 0.000252161 0.000905018 8.22765e-08 2.36625e-08 1.4114e-30 4.39564e-31 0.0040622 4.68802e-33 7.80511e-33 9.81496e-33 5.58201e-33 8.9014e-32 1.50371e-32 6.73149e-29 3.70828e-29 2.40865e-32 6.5771e-32 1.7756e-33 -2.2651e-34 9.44748e-34 7.18649e-33 9.42977e-32 1.42917e-32 1.91475e-32 1.61811e-33 1.18838e-33 6.82729e-33 4.01378e-32 1.16733e-33 7.37896e-33 1.80092e-34 1.00146e-32 -9.06609e-35 1.88738e-34 5.89056e-34 1.32323e-35 -1.29164e-34 1.49756e-33 6.28751e-36 1.17632e-34 -2.57531e-33 -1.56945e-34 -4.61704e-35 1.84434e-34 1.14051e-33 1.9073e-33 1.14033e-32 5.2549e-33 3.43094e-33 8.39073e-33 4.07421e-33 1.58115e-34 3.77587e-33 3.3452e-34 1.2146e-32 -1.0022e-33 -2.74482e-35 9.15354e-35 3.92084e-35 1.30864e-34 -4.49966e-33 -1.66966e-34 8.08888e-34 1.26109e-33 1.44358e-33 7.77685e-34 -3.99358e-34 3.09982e-33 2.04823e-33 1.45217e-34 1.28021e-33 1.24843e-33 5.61048e-34 3.68973e-35 7.10411e-34 2.22306e-33 2.78842e-35 -4.18535e-35 -3.23072e-35 6.31458e-35 -2.95884e-35 1.05217e-34 -4.91085e-33 5.01043e-37 2.76372e-36 2.52357e-34 8.72049e-36 8.45083e-35 -1.20465e-34 3.89787e-34 7.33788e-11 6.71739e-35
1.53e-05 2199.9 0.000304232 0.000170593 0.00028173 0.000633943 0.000252555 0.00090557 8.19948e-08 2.35879e-08 1.42196e-30 4.4285e-31 0.0040622 4.64385e-33 7.76837e-33 9.79574e-33 5.55544e-33 8.85386e-32 1.49216e-32 6.76354e-29 3.75531e-29 2.39689e-32 6.53981e-32 1.77485e-33 -2.2441e-34 9.37417e-34 7.16575e-33 9.39147e-32 1.42133e-32 1.89941e-32 1.61103e-33 1.17921e-33 6.8109e-33 3.98675e-32 1.16251e-33 7.30628e-33 1.78775e-34 9.94257e-33 -8.99528e-35 1.8702e-34 5.86597e-34 1.30507e-35 -1.28302e-34 1.4938e-33 6.14199e-36 1.16778e-34 -2.56693e-33 -1.56081e-34 -4.73529e-35 1.836e-34 1.1342e-33 1.88088e-33 1.1354e-32 5.23867e-33 3.41909e-33 8.35956e-33 4.06396e-33 1.5388e-34 3.72458e-33 3.31925e-34 1.20666e-32 -9.87328e-34 -2.7151e-35 9.13446e-35 3.8712e-35 1.3053e-34 -4.46716e-33 -1.65785e-34 8.10972e-34 1.2536e-33 1.44401e-33 7.76134e-34 -3.98467e-34 3.09064e-33 2.02668e-33 1.47622e-34 1.27619e-33 1.24608e-33 5.58808e-34 4.03325e-35 7.03719e-34 2.20287e-33 2.78076e-35 -4.16248e-35 -3.2162e-35 6.28198e-35 -2.93754e-35 1.04493e-34 -4.87961e-33 4.95331e-37 2.7281e-36 2.45806e-34 8.49124e-36 8.23858e-35 -1.17418e-34 3.79978e-34 7.3245e-11 6.66456e-35
1.54e-05 2202.44 0.000303084 0.000170426 0.00028126 0.000633708 0.000252944 0.000906121 8.17167e-08 2.35133e-08 1.43246e-30 4.4612e-31 0.0040622 4.60022e-33 7.73187e-33 9.77655e-33 5.52906e-33 8.80675e-32 1.4808e-32 6.7953e-29 3.80226e-29 2.38524e-32 6.50295e-32 1.77404e-33 -2.22339e-34 9.30186e-34 7.14521e-33 9.35355e-32 1.41356e-32 1.88429e-32 1.60399e-33 1.17016e-33 6.79456e-33 3.96002e-32 1.15772e-33 7.23446e-33 1.77474e-34 9.87128e-33 -8.92542e-35 1.85329e-34 5.8416e-34 1.28728e-35 -1.2745e-34 1.49002e-33 6.00107e-36 1.15934e-34 -2.55861e-33 -1.55225e-34 -4.85024e-35 1.82769e-34 1.12795e-33 1.85501e-33 1.13051e-32 5.22257e-33 3.40731e-33 8.32862e-33 4.05379e-33 1.49798e-34 3.67409e-33 3.29365e-34 1.19879e-32 -9.72685e-34 -2.68585e-35 9.11555e-35 3.8225e-35 1.30199e-34 -4.43495e-33 -1.64614e-34 8.13001e-34 1.24621e-33 1.4444e-33 7.74578e-34 -3.97585e-34 3.08142e-33 2.00538e-33 1.4997e-34 1.27218e-33 1.24374e-33 5.56585e-34 4.36791e-35 6.97131e-34 2.18289e-33 2.77314e-35 -4.13985e-35 -3.20183e-35 6.24974e-35 -2.91652e-35 1.03779e-34 -4.84864e-33 4.89717e-37 2.69316e-36 2.39474e-34 8.2702e-36 8.03349e-35 -1.14472e-34 3.70496e-34 7.31106e-11 6.61239e-35
1.55e-05 2204.97 0.000301944 0.000170259 0.000280792 0.000633475 0.00025333 0.000906669 8.14421e-08 2.34389e-08 1.44291e-30 4.49376e-31 0.0040622 4.55711e-33 7.69563e-33 9.75737e-33 5.50286e-33 8.76009e-32 1.46961e-32 6.82677e-29 3.84915e-29 2.3737e-32 6.46651e-32 1.77318e-33 -2.20296e-34 9.23052e-34 7.12485e-33 9.31599e-32 1.40583e-32 1.8694e-32 1.59701e-33 1.16123e-33 6.77828e-33 3.93358e-32 1.15297e-33 7.1635e-33 1.76189e-34 9.80074e-33 -8.85649e-35 1.83664e-34 5.81745e-34 1.26985e-35 -1.26609e-34 1.48623e-33 5.86457e-36 1.151e-34 -2.55034e-33 -1.54377e-34 -4.96197e-35 1.81943e-34 1.12175e-33 1.82968e-33 1.12566e-32 5.20658e-33 3.3956e-33 8.29789e-33 4.04369e-33 1.45862e-34 3.6244e-33 3.26839e-34 1.191e-32 -9.58268e-34 -2.65707e-35 9.09683e-35 3.77471e-35 1.29871e-34 -4.40302e-33 -1.63453e-34 8.14977e-34 1.23892e-33 1.44478e-33 7.73015e-34 -3.96711e-34 3.07218e-33 1.98432e-33 1.52264e-34 1.26818e-33 1.24142e-33 5.54377e-34 4.69389e-35 6.90644e-34 2.16312e-33 2.76556e-35 -4.11747e-35 -3.18759e-35 6.21784e-35 -2.89577e-35 1.03074e-34 -4.81795e-33 4.84198e-37 2.65889e-36 2.33353e-34 8.05698e-36 7.83524e-35 -1.11625e-34 3.61325e-34 7.29757e-11 6.56086e-35
1.56e-05 2207.48 0.000300813 0.000170092 0.000280324 0.000633245 0.000253712 0.000907215 8.11709e-08 2.33646e-08 1.45332e-30 4.52618e-31 0.0040622 4.51451e-33 7.65964e-33 9.73822e-33 5.47685e-33 8.71386e-32 1.45861e-32 6.85795e-29 3.89595e-29 2.36227e-32 6.43048e-32 1.77227e-33 -2.1828e-34 9.16015e-34 7.10467e-33 9.27879e-32 1.39816e-32 1.85472e-32 1.59007e-33 1.15242e-33 6.76206e-33 3.90743e-32 1.14824e-33 7.09338e-33 1.7492e-34 9.73093e-33 -8.78847e-35 1.82025e-34 5.79351e-34 1.25277e-35 -1.25777e-34 1.48244e-33 5.73229e-36 1.14278e-34 -2.54214e-33 -1.53536e-34 -5.07055e-35 1.81121e-34 1.11562e-33 1.80486e-33 1.12084e-32 5.19071e-33 3.38396e-33 8.26738e-33 4.03367e-33 1.42066e-34 3.57548e-33 3.24347e-34 1.18327e-32 -9.44073e-34 -2.62874e-35 9.07827e-35 3.72782e-35 1.29547e-34 -4.37136e-33 -1.62303e-34 8.169e-34 1.23174e-33 1.44513e-33 7.71446e-34 -3.95847e-34 3.06291e-33 1.9635e-33 1.54503e-34 1.26418e-33 1.23911e-33 5.52184e-34 5.01137e-35 6.84256e-34 2.14357e-33 2.75803e-35 -4.09533e-35 -3.17348e-35 6.18627e-35 -2.87527e-35 1.02377e-34 -4.78752e-33 4.78772e-37 2.62527e-36 2.27434e-34 7.8512e-36 7.64354e-35 -1.08871e-34 3.52454e-34 7.28402e-11 6.50998e-35
1.57e-05 2209.97 0.000299689 0.000169925 0.000279858 0.000633016 0.000254091 0.000907759 8.09032e-08 2.32904e-08 1.46368e-30 4.55844e-31 0.0040622 4.47242e-33 7.62389e-33 9.71909e-33 5.45101e-33 8.66806e-32 1.44778e-32 6.88887e-29 3.94268e-29 2.35095e-32 6.39486e-32 1.7713e-33 -2.16291e-34 9.09071e-34 7.08468e-33 9.24196e-32 1.39055e-32 1.84026e-32 1.58319e-33 1.14372e-33 6.7459e-33 3.88157e-32 1.14353e-33 7.02409e-33 1.73665e-34 9.66186e-33 -8.72134e-35 1.80411e-34 5.76979e-34 1.23603e-35 -1.24955e-34 1.47863e-33 5.60408e-36 1.13465e-34 -2.534e-33 -1.52702e-34 -5.17607e-35 1.80303e-34 1.10954e-33 1.78054e-33 1.11607e-32 5.17495e-33 3.37239e-33 8.23708e-33 4.02373e-33 1.38403e-34 3.52732e-33 3.21889e-34 1.17563e-32 -9.30099e-34 -2.60086e-35 9.05989e-35 3.68179e-35 1.29226e-34 -4.33996e-33 -1.61163e-34 8.18772e-34 1.22466e-33 1.44545e-33 7.69872e-34 -3.9499e-34 3.0536e-33 1.94291e-33 1.56688e-34 1.26019e-33 1.23683e-33 5.50007e-34 5.32053e-35 6.77965e-34 2.12422e-33 2.75054e-35 -4.07343e-35 -3.15951e-35 6.15504e-35 -2.85504e-35 1.01689e-34 -4.75737e-33 4.73438e-37 2.59228e-36 2.21708e-34 7.65253e-36 7.4581e-35 -1.06206e-34 3.43869e-34 7.27042e-11 6.45973e-35
1.58e-05 2212.46 0.000298573 0.000169757 0.000279393 0.00063279 0.000254466 0.000908301 8.06389e-08 2.32164e-08 1.47399e-30 4.59056e-31 0.0040622 4.43083e-33 7.58839e-33 9.69999e-33 5.42536e-33 8.62269e-32 1.43711e-32 6.91952e-29 3.98932e-29 2.33973e-32 6.35963e-32 1.77028e-33 -2.14329e-34 9.0222e-34 7.06487e-33 9.20547e-32 1.38299e-32 1.826e-32 1.57636e-33 1.13513e-33 6.7298e-33 3.85599e-32 1.13886e-33 6.95563e-33 1.72426e-34 9.59351e-33 -8.65509e-35 1.78821e-34 5.74628e-34 1.21962e-35 -1.24143e-34 1.47482e-33 5.47977e-36 1.12662e-34 -2.52592e-33 -1.51876e-34 -5.2786e-35 1.79488e-34 1.10351e-33 1.75672e-33 1.11133e-32 5.15931e-33 3.3609e-33 8.20698e-33 4.01386e-33 1.34866e-34 3.47992e-33 3.19464e-34 1.16805e-32 -9.1634e-34 -2.57342e-35 9.04167e-35 3.63661e-35 1.28908e-34 -4.30883e-33 -1.60033e-34 8.20594e-34 1.21768e-33 1.44576e-33 7.68291e-34 -3.94143e-34 3.04427e-33 1.92256e-33 1.58818e-34 1.25621e-33 1.23455e-33 5.47846e-34 5.62155e-35 6.71771e-34 2.10507e-33 2.74309e-35 -4.05176e-35 -3.14567e-35 6.12414e-35 -2.83506e-35 1.0101e-34 -4.72747e-33 4.68192e-37 2.55991e-36 2.16167e-34 7.46065e-36 7.27867e-35 -1.03627e-34 3.35559e-34 7.25677e-11 6.41009e-35
1.59e-05 2214.93 0.000297465 0.000169589 0.00027893 0.000632567 0.000254838 0.000908841 8.03779e-08 2.31425e-08 1.48426e-30 4.62253e-31 0.0040622 4.38973e-33 7.55312e-33 9.68091e-33 5.39989e-33 8.57772e-32 1.42661e-32 6.9499e-29 4.03586e-29 2.32861e-32 6.3248e-32 1.76921e-33 -2.12392e-34 8.95459e-34 7.04523e-33 9.16933e-32 1.37548e-32 1.81194e-32 1.56957e-33 1.12666e-33 6.71376e-33 3.83068e-32 1.13421e-33 6.88797e-33 1.71202e-34 9.52588e-33 -8.5897e-35 1.77255e-34 5.72297e-34 1.20353e-35 -1.2334e-34 1.471e-33 5.3592e-36 1.11869e-34 -2.51789e-33 -1.51058e-34 -5.3782e-35 1.78678e-34 1.09755e-33 1.73337e-33 1.10663e-32 5.14378e-33 3.34947e-33 8.17709e-33 4.00406e-33 1.31451e-34 3.43326e-33 3.1707e-34 1.16054e-32 -9.02796e-34 -2.5464e-35 9.02362e-35 3.59225e-35 1.28593e-34 -4.27796e-33 -1.58913e-34 8.22367e-34 1.2108e-33 1.44603e-33 7.66706e-34 -3.93304e-34 3.0349e-33 1.90244e-33 1.60896e-34 1.25223e-33 1.23229e-33 5.45699e-34 5.91459e-35 6.65669e-34 2.08613e-33 2.73568e-35 -4.03031e-35 -3.13196e-35 6.09356e-35 -2.81533e-35 1.00338e-34 -4.69783e-33 4.63032e-37 2.52815e-36 2.10805e-34 7.27524e-36 7.10499e-35 -1.01131e-34 3.27513e-34 7.24307e-11 6.36106e-35
1.6e-05 2217.39 0.000296365 0.000169421 0.000278467 0.000632345 0.000255206 0.000909379 8.01203e-08 2.30687e-08 1.49448e-30 4.65436e-31 0.0040622 4.34912e-33 7.5181e-33 9.66185e-33 5.3746e-33 8.53317e-32 1.41628e-32 6.98003e-29 4.08232e-29 2.31759e-32 6.29034e-32 1.76809e-33 -2.10481e-34 8.88787e-34 7.02576e-33 9.13353e-32 1.36803e-32 1.79808e-32 1.56283e-33 1.11829e-33 6.69778e-33 3.80565e-32 1.12958e-33 6.82112e-33 1.69992e-34 9.45895e-33 -8.52516e-35 1.75712e-34 5.69987e-34 1.18775e-35 -1.22546e-34 1.46718e-33 5.24224e-36 1.11086e-34 -2.50993e-33 -1.50246e-34 -5.47495e-35 1.77871e-34 1.09164e-33 1.71049e-33 1.10196e-32 5.12837e-33 3.3381e-33 8.1474e-33 3.99433e-33 1.2815e-34 3.38733e-33 3.14709e-34 1.1531e-32 -8.89463e-34 -2.51981e-35 9.00573e-35 3.54871e-35 1.28281e-34 -4.24735e-33 -1.57803e-34 8.24093e-34 1.20401e-33 1.44628e-33 7.65115e-34 -3.92474e-34 3.0255e-33 1.88255e-33 1.6292e-34 1.24827e-33 1.23005e-33 5.43568e-34 6.19983e-35 6.5966e-34 2.06738e-33 2.72832e-35 -4.00909e-35 -3.11838e-35 6.06329e-35 -2.79585e-35 9.96754e-35 -4.66845e-33 4.57958e-37 2.49697e-36 2.05613e-34 7.09603e-36 6.93683e-35 -9.87136e-35 3.1972e-34 7.22932e-11 6.31262e-35
1.61e-05 2219.83 0.000295273 0.000169252 0.000278006 0.000632125 0.000255571 0.000909915 7.9866e-08 2.29951e-08 1.50465e-30 4.68605e-31 0.0040622 4.30898e-33 7.48331e-33 9.64282e-33 5.34948e-33 8.48903e-32 1.4061e-32 7.00991e-29 4.12868e-29 2.30667e-32 6.25627e-32 1.76693e-33 -2.08595e-34 8.82202e-34 7.00647e-33 9.09806e-32 1.36063e-32 1.78442e-32 1.55614e-33 1.11003e-33 6.68186e-33 3.78089e-32 1.12499e-33 6.75505e-33 1.68797e-34 9.39273e-33 -8.46145e-35 1.74193e-34 5.67697e-34 1.17229e-35 -1.21762e-34 1.46335e-33 5.12873e-36 1.10312e-34 -2.50202e-33 -1.49441e-34 -5.56892e-35 1.77068e-34 1.08578e-33 1.68807e-33 1.09733e-32 5.11306e-33 3.32681e-33 8.11791e-33 3.98468e-33 1.24961e-34 3.34211e-33 3.12379e-34 1.14572e-32 -8.76338e-34 -2.49362e-35 8.98799e-35 3.50595e-35 1.27972e-34 -4.21699e-33 -1.56702e-34 8.25772e-34 1.19732e-33 1.44651e-33 7.63519e-34 -3.91653e-34 3.01607e-33 1.86288e-33 1.64893e-34 1.24431e-33 1.22782e-33 5.41451e-34 6.47744e-35 6.53741e-34 2.04882e-33 2.72099e-35 -3.98809e-35 -3.10492e-35 6.03333e-35 -2.7766e-35 9.90204e-35 -4.63932e-33 4.52966e-37 2.46636e-36 2.00586e-34 6.92274e-36 6.77397e-35 -9.6372e-35 3.12171e-34 7.21553e-11 6.26477e-35
1.62e-05 2222.27 0.000294188 0.000169084 0.000277546 0.000631907 0.000255932 0.000910449 7.9615e-08 2.29217e-08 1.51478e-30 4.7176e-31 0.0040622 4.26932e-33 7.44876e-33 9.62382e-33 5.32453e-33 8.44528e-32 1.39607e-32 7.03955e-29 4.17494e-29 2.29586e-32 6.22257e-32 1.76571e-33 -2.06734e-34 8.75703e-34 6.98734e-33 9.06292e-32 1.35328e-32 1.77094e-32 1.5495e-33 1.10188e-33 6.66599e-33 3.7564e-32 1.12042e-33 6.68976e-33 1.67615e-34 9.32719e-33 -8.39855e-35 1.72696e-34 5.65427e-34 1.15712e-35 -1.20986e-34 1.45951e-33 5.01855e-36 1.09548e-34 -2.49416e-33 -1.48644e-34 -5.66017e-35 1.7627e-34 1.07997e-33 1.66609e-33 1.09274e-32 5.09786e-33 3.31558e-33 8.08862e-33 3.97509e-33 1.21877e-34 3.2976e-33 3.10079e-34 1.13841e-32 -8.63418e-34 -2.46784e-35 8.97041e-35 3.46395e-35 1.27666e-34 -4.18688e-33 -1.5561e-34 8.27406e-34 1.19072e-33 1.44671e-33 7.61917e-34 -3.9084e-34 3.00661e-33 1.84345e-33 1.66813e-34 1.24036e-33 1.22561e-33 5.39349e-34 6.74757e-35 6.47909e-34 2.03046e-33 2.71371e-35 -3.96731e-35 -3.09159e-35 6.00368e-35 -2.75759e-35 9.83734e-35 -4.61044e-33 4.48056e-37 2.43632e-36 1.95716e-34 6.75513e-36 6.61618e-35 -9.41034e-35 3.04855e-34 7.20169e-11 6.2175e-35
1.63e-05 2224.69 0.000293111 0.000168915 0.000277087 0.000631692 0.000256291 0.000910981 7.93671e-08 2.28484e-08 1.52487e-30 4.749e-31 0.0040622 4.23012e-33 7.41443e-33 9.60484e-33 5.29976e-33 8.40193e-32 1.3862e-32 7.06896e-29 4.22109e-29 2.28514e-32 6.18924e-32 1.76445e-33 -2.04897e-34 8.69287e-34 6.96838e-33 9.0281e-32 1.34598e-32 1.75766e-32 1.54291e-33 1.09382e-33 6.65018e-33 3.73217e-32 1.11587e-33 6.62525e-33 1.66447e-34 9.26235e-33 -8.33645e-35 1.71221e-34 5.63176e-34 1.14224e-35 -1.2022e-34 1.45568e-33 4.91158e-36 1.08792e-34 -2.48636e-33 -1.47853e-34 -5.74876e-35 1.75475e-34 1.07422e-33 1.64454e-33 1.08818e-32 5.08276e-33 3.30441e-33 8.05952e-33 3.96557e-33 1.18895e-34 3.25379e-33 3.07809e-34 1.13117e-32 -8.50701e-34 -2.44245e-35 8.95298e-35 3.42271e-35 1.27363e-34 -4.15701e-33 -1.54528e-34 8.28996e-34 1.18422e-33 1.44688e-33 7.60311e-34 -3.90036e-34 2.99711e-33 1.82424e-33 1.68683e-34 1.23642e-33 1.22342e-33 5.37261e-34 7.0104e-35 6.42165e-34 2.0123e-33 2.70647e-35 -3.94674e-35 -3.07837e-35 5.97434e-35 -2.73882e-35 9.77342e-35 -4.5818e-33 4.43224e-37 2.40682e-36 1.90999e-34 6.59295e-36 6.46327e-35 -9.19048e-35 2.97763e-34 7.18781e-11 6.1708e-35
1.64e-05 2227.09 0.000292041 0.000168746 0.000276629 0.000631478 0.000256645 0.000911511 7.91225e-08 2.27752e-08 1.53491e-30 4.78027e-31 0.0040622 4.19137e-33 7.38034e-33 9.58589e-33 5.27516e-33 8.35896e-32 1.37647e-32 7.09813e-29 4.26714e-29 2.27451e-32 6.15626e-32 1.76314e-33 -2.03084e-34 8.62954e-34 6.94958e-33 8.99361e-32 1.33873e-32 1.74455e-32 1.53636e-33 1.08587e-33 6.63444e-33 3.7082e-32 1.11136e-33 6.56149e-33 1.65292e-34 9.19818e-33 -8.27513e-35 1.69767e-34 5.60945e-34 1.12764e-35 -1.19462e-34 1.45184e-33 4.80769e-36 1.08046e-34 -2.47862e-33 -1.4707e-34 -5.83476e-35 1.74685e-34 1.06852e-33 1.62342e-33 1.08366e-32 5.06778e-33 3.29332e-33 8.03061e-33 3.95613e-33 1.16009e-34 3.21066e-33 3.0557e-34 1.12399e-32 -8.38183e-34 -2.41745e-35 8.9357e-35 3.3822e-35 1.27062e-34 -4.12738e-33 -1.53455e-34 8.30542e-34 1.1778e-33 1.44703e-33 7.587e-34 -3.89241e-34 2.98759e-33 1.80526e-33 1.70502e-34 1.23248e-33 1.22123e-33 5.35187e-34 7.26607e-35 6.36505e-34 1.99431e-33 2.69926e-35 -3.92638e-35 -3.06528e-35 5.94528e-35 -2.72027e-35 9.71026e-35 -4.55341e-33 4.38469e-37 2.37785e-36 1.86426e-34 6.43598e-36 6.31505e-35 -8.97734e-35 2.90887e-34 7.17389e-11 6.12465e-35
1.65e-05 2229.49 0.000290979 0.000168576 0.000276173 0.000631266 0.000256997 0.00091204 7.88811e-08 2.27023e-08 1.5449e-30 4.8114e-31 0.0040622 4.15308e-33 7.34648e-33 9.56696e-33 5.25073e-33 8.31638e-32 1.36689e-32 7.12707e-29 4.31309e-29 2.26398e-32 6.12364e-32 1.76179e-33 -2.01294e-34 8.56703e-34 6.93094e-33 8.95942e-32 1.33154e-32 1.73163e-32 1.52985e-33 1.07802e-33 6.61875e-33 3.68448e-32 1.10686e-33 6.49849e-33 1.64151e-34 9.13468e-33 -8.21459e-35 1.68335e-34 5.58732e-34 1.11332e-35 -1.18713e-34 1.448e-33 4.70677e-36 1.07309e-34 -2.47092e-33 -1.46293e-34 -5.91823e-35 1.73898e-34 1.06287e-33 1.6027e-33 1.07917e-32 5.05289e-33 3.28228e-33 8.00189e-33 3.94675e-33 1.13216e-34 3.1682e-33 3.03359e-34 1.11688e-32 -8.25862e-34 -2.39283e-35 8.91856e-35 3.34241e-35 1.26765e-34 -4.09799e-33 -1.52391e-34 8.32046e-34 1.17147e-33 1.44715e-33 7.57085e-34 -3.88455e-34 2.97803e-33 1.78649e-33 1.72271e-34 1.22856e-33 1.21906e-33 5.33128e-34 7.51475e-35 6.30928e-34 1.97652e-33 2.6921e-35 -3.90623e-35 -3.05231e-35 5.91652e-35 -2.70194e-35 9.64785e-35 -4.52525e-33 4.3379e-37 2.3494e-36 1.81995e-34 6.284e-36 6.17134e-35 -8.77068e-35 2.8422e-34 7.15994e-11 6.07905e-35
1.66e-05 2231.87 0.000289924 0.000168407 0.000275717 0.000631057 0.000257345 0.000912566 7.86427e-08 2.26295e-08 1.55485e-30 4.84239e-31 0.0040622 4.11523e-33 7.31284e-33 9.54806e-33 5.22647e-33 8.27418e-32 1.35744e-32 7.1558e-29 4.35892e-29 2.25355e-32 6.09137e-32 1.7604e-33 -1.99527e-34 8.5053e-34 6.91246e-33 8.92555e-32 1.3244e-32 1.71889e-32 1.52339e-33 1.07026e-33 6.60312e-33 3.66102e-32 1.1024e-33 6.43622e-33 1.63023e-34 9.07185e-33 -8.15481e-35 1.66923e-34 5.56539e-34 1.09927e-35 -1.17972e-34 1.44416e-33 4.60871e-36 1.0658e-34 -2.46329e-33 -1.45522e-34 -5.99923e-35 1.73115e-34 1.05727e-33 1.58239e-33 1.07472e-32 5.03811e-33 3.27131e-33 7.97336e-33 3.93743e-33 1.10513e-34 3.1264e-33 3.01177e-34 1.10982e-32 -8.13735e-34 -2.36858e-35 8.90157e-35 3.30331e-35 1.26469e-34 -4.06883e-33 -1.51336e-34 8.33509e-34 1.16524e-33 1.44724e-33 7.55465e-34 -3.87678e-34 2.96844e-33 1.76795e-33 1.73991e-34 1.22465e-33 1.21691e-33 5.31083e-34 7.75659e-35 6.25433e-34 1.9589e-33 2.68497e-35 -3.88628e-35 -3.03945e-35 5.88805e-35 -2.68384e-35 9.58618e-35 -4.49733e-33 4.29185e-37 2.32146e-36 1.77698e-34 6.1368e-36 6.03196e-35 -8.57024e-35 2.77752e-34 7.14595e-11 6.03399e-35
1.67e-05 2234.24 0.000288876 0.000168237 0.000275263 0.000630849 0.00025769 0.000913091 7.84075e-08 2.25569e-08 1.56476e-30 4.87324e-31 0.0040622 4.07782e-33 7.27943e-33 9.5292e-33 5.20237e-33 8.23235e-32 1.34814e-32 7.1843e-29 4.40464e-29 2.24321e-32 6.05944e-32 1.75896e-33 -1.97783e-34 8.44436e-34 6.89414e-33 8.89198e-32 1.3173e-32 1.70631e-32 1.51698e-33 1.0626e-33 6.58754e-33 3.63781e-32 1.09796e-33 6.37469e-33 1.61907e-34 9.00967e-33 -8.09577e-35 1.65531e-34 5.54363e-34 1.08548e-35 -1.17239e-34 1.44031e-33 4.51341e-36 1.0586e-34 -2.4557e-33 -1.44759e-34 -6.07781e-35 1.72337e-34 1.05172e-33 1.56247e-33 1.0703e-32 5.02343e-33 3.2604e-33 7.94501e-33 3.92819e-33 1.07895e-34 3.08526e-33 2.99024e-34 1.10283e-32 -8.01799e-34 -2.3447e-35 8.88472e-35 3.2649e-35 1.26177e-34 -4.0399e-33 -1.50289e-34 8.34932e-34 1.15908e-33 1.44731e-33 7.53841e-34 -3.86909e-34 2.95882e-33 1.74962e-33 1.75662e-34 1.22074e-33 1.21477e-33 5.29051e-34 7.99173e-35 6.20018e-34 1.94147e-33 2.67788e-35 -3.86653e-35 -3.0267e-35 5.85985e-35 -2.66595e-35 9.52524e-35 -4.46965e-33 4.24652e-37 2.29401e-36 1.73531e-34 5.99421e-36 5.89675e-35 -8.3758e-35 2.71476e-34 7.13192e-11 5.98946e-35
1.68e-05 2236.6 0.000287836 0.000168068 0.000274811 0.000630643 0.000258032 0.000913613 7.81754e-08 2.24845e-08 1.57462e-30 4.90396e-31 0.0040622 4.04084e-33 7.24624e-33 9.51035e-33 5.17845e-33 8.19089e-32 1.33897e-32 7.2126e-29 4.45024e-29 2.23295e-32 6.02785e-32 1.75748e-33 -1.96061e-34 8.38418e-34 6.87596e-33 8.85871e-32 1.31026e-32 1.69391e-32 1.51061e-33 1.05504e-33 6.57203e-33 3.61485e-32 1.09354e-33 6.31387e-33 1.60804e-34 8.94814e-33 -8.03746e-35 1.64159e-34 5.52206e-34 1.07195e-35 -1.16515e-34 1.43647e-33 4.42077e-36 1.05148e-34 -2.44817e-33 -1.44002e-34 -6.15404e-35 1.71562e-34 1.04622e-33 1.54293e-33 1.06592e-32 5.00885e-33 3.24955e-33 7.91684e-33 3.919e-33 1.05359e-34 3.04475e-33 2.96898e-34 1.0959e-32 -7.90051e-34 -2.32117e-35 8.868e-35 3.22715e-35 1.25887e-34 -4.0112e-33 -1.49251e-34 8.36316e-34 1.15301e-33 1.44735e-33 7.52212e-34 -3.86149e-34 2.94917e-33 1.73151e-33 1.77285e-34 1.21684e-33 1.21265e-33 5.27033e-34 8.22032e-35 6.14681e-34 1.92421e-33 2.67083e-35 -3.84697e-35 -3.01407e-35 5.83194e-35 -2.64828e-35 9.46501e-35 -4.44219e-33 4.2019e-37 2.26705e-36 1.69489e-34 5.85603e-36 5.76555e-35 -8.18712e-35 2.65386e-34 7.11786e-11 5.94546e-35
1.69e-05 2238.95 0.000286802 0.000167898 0.000274359 0.000630439 0.000258371 0.000914134 7.79462e-08 2.24123e-08 1.58445e-30 4.93455e-31 0.0040622 4.00429e-33 7.21328e-33 9.49154e-33 5.15468e-33 8.1498e-32 1.32993e-32 7.24069e-29 4.49572e-29 2.22279e-32 5.99659e-32 1.75596e-33 -1.94361e-34 8.32476e-34 6.85794e-33 8.82573e-32 1.30327e-32 1.68167e-32 1.50429e-33 1.04756e-33 6.55657e-33 3.59212e-32 1.08915e-33 6.25377e-33 1.59713e-34 8.88725e-33 -7.97987e-35 1.62807e-34 5.50067e-34 1.05867e-35 -1.15798e-34 1.43263e-33 4.33069e-36 1.04445e-34 -2.44069e-33 -1.43251e-34 -6.22796e-35 1.70792e-34 1.04077e-33 1.52376e-33 1.06157e-32 4.99437e-33 3.23877e-33 7.88885e-33 3.90989e-33 1.02903e-34 3.00488e-33 2.948e-34 1.08903e-32 -7.7849e-34 -2.29799e-35 8.85142e-35 3.19006e-35 1.256e-34 -3.98271e-33 -1.48221e-34 8.37661e-34 1.14703e-33 1.44736e-33 7.50579e-34 -3.85398e-34 2.93948e-33 1.71361e-33 1.78861e-34 1.21295e-33 1.21054e-33 5.25028e-34 8.44252e-35 6.09421e-34 1.90713e-33 2.66381e-35 -3.82762e-35 -3.00155e-35 5.80429e-35 -2.63082e-35 9.40549e-35 -4.41496e-33 4.15797e-37 2.24056e-36 1.65568e-34 5.72209e-36 5.63821e-35 -8.00401e-35 2.59474e-34 7.10377e-11 5.90196e-35
1.7e-05 2241.29 0.000285775 0.000167728 0.000273909 0.000630237 0.000258707 0.000914653 7.77201e-08 2.23403e-08 1.59422e-30 4.965e-31 0.0040622 3.96815e-33 7.18053e-33 9.47276e-33 5.13108e-33 8.10906e-32 1.32102e-32 7.26858e-29 4.54108e-29 2.21272e-32 5.96566e-32 1.75439e-33 -1.92682e-34 8.26607e-34 6.84007e-33 8.79304e-32 1.29633e-32 1.6696e-32 1.49801e-33 1.04018e-33 6.54117e-33 3.56964e-32 1.08478e-33 6.19438e-33 1.58634e-34 8.82699e-33 -7.92298e-35 1.61474e-34 5.47946e-34 1.04563e-35 -1.1509e-34 1.42879e-33 4.24309e-36 1.03749e-34 -2.43326e-33 -1.42507e-34 -6.29962e-35 1.70025e-34 1.03537e-33 1.50496e-33 1.05725e-32 4.97999e-33 3.22804e-33 7.86103e-33 3.90083e-33 1.00521e-34 2.96562e-33 2.92728e-34 1.08222e-32 -7.67111e-34 -2.27516e-35 8.83497e-35 3.1536e-35 1.25315e-34 -3.95445e-33 -1.47199e-34 8.38969e-34 1.14113e-33 1.44734e-33 7.48942e-34 -3.84655e-34 2.92977e-33 1.69593e-33 1.8039e-34 1.20907e-33 1.20844e-33 5.23037e-34 8.65846e-35 6.04236e-34 1.89022e-33 2.65683e-35 -3.80845e-35 -2.98914e-35 5.77692e-35 -2.61356e-35 9.34665e-35 -4.38796e-33 4.11472e-37 2.21453e-36 1.61763e-34 5.59223e-36 5.51458e-35 -7.82624e-35 2.53734e-34 7.08964e-11 5.85898e-35
1.71e-05 2243.61 0.000284756 0.000167558 0.000273459 0.000630037 0.00025904 0.00091517 7.7497e-08 2.22685e-08 1.60396e-30 4.99533e-31 0.0040622 3.93243e-33 7.148e-33 9.45401e-33 5.10763e-33 8.06868e-32 1.31223e-32 7.29628e-29 4.58632e-29 2.20274e-32 5.93506e-32 1.75279e-33 -1.91025e-34 8.20812e-34 6.82234e-33 8.76064e-32 1.28943e-32 1.65769e-32 1.49177e-33 1.03288e-33 6.52583e-33 3.5474e-32 1.08044e-33 6.13567e-33 1.57566e-34 8.76736e-33 -7.86679e-35 1.60159e-34 5.45842e-34 1.03283e-35 -1.14389e-34 1.42495e-33 4.15788e-36 1.03062e-34 -2.42588e-33 -1.41769e-34 -6.36909e-35 1.69263e-34 1.03002e-33 1.48651e-33 1.05297e-32 4.96571e-33 3.21738e-33 7.83339e-33 3.89184e-33 9.82129e-35 2.92697e-33 2.90683e-34 1.07546e-32 -7.55912e-34 -2.25266e-35 8.81865e-35 3.11776e-35 1.25032e-34 -3.92641e-33 -1.46186e-34 8.40241e-34 1.1353e-33 1.4473e-33 7.47301e-34 -3.83921e-34 2.92002e-33 1.67845e-33 1.81872e-34 1.2052e-33 1.20635e-33 5.21059e-34 8.86827e-35 5.99126e-34 1.87349e-33 2.64989e-35 -3.78947e-35 -2.97684e-35 5.74981e-35 -2.5965e-35 9.2885e-35 -4.36117e-33 4.07213e-37 2.18895e-36 1.5807e-34 5.46628e-36 5.39454e-35 -7.65363e-35 2.48159e-34 7.07549e-11 5.81649e-35
1.72e-05 2245.92 0.000283743 0.000167387 0.000273012 0.000629839 0.000259369 0.000915686 7.72769e-08 2.21969e-08 1.61365e-30 5.02552e-31 0.0040622 3.89712e-33 7.11568e-33 9.43528e-33 5.08435e-33 8.02865e-32 1.30357e-32 7.32378e-29 4.63143e-29 2.19284e-32 5.90476e-32 1.75115e-33 -1.89388e-34 8.15087e-34 6.80476e-33 8.72852e-32 1.28259e-32 1.64593e-32 1.48557e-33 1.02568e-33 6.51054e-33 3.52538e-32 1.07612e-33 6.07765e-33 1.56511e-34 8.70836e-33 -7.81128e-35 1.58863e-34 5.43755e-34 1.02026e-35 -1.13696e-34 1.42111e-33 4.07497e-36 1.02383e-34 -2.41854e-33 -1.41037e-34 -6.4364e-35 1.68505e-34 1.02471e-33 1.46841e-33 1.04872e-32 4.95152e-33 3.20677e-33 7.80593e-33 3.88291e-33 9.59745e-35 2.88893e-33 2.88664e-34 1.06876e-32 -7.44892e-34 -2.2305e-35 8.80245e-35 3.08253e-35 1.24752e-34 -3.89857e-33 -1.4518e-34 8.41476e-34 1.12956e-33 1.44723e-33 7.45656e-34 -3.83195e-34 2.91024e-33 1.66118e-33 1.8331e-34 1.20134e-33 1.20428e-33 5.19094e-34 9.0721e-35 5.94087e-34 1.85692e-33 2.64299e-35 -3.77067e-35 -2.96464e-35 5.72297e-35 -2.57964e-35 9.23101e-35 -4.33461e-33 4.03018e-37 2.16382e-36 1.54484e-34 5.3441e-36 5.27795e-35 -7.48599e-35 2.42745e-34 7.06132e-11 5.77449e-35
1.73e-05 2248.22 0.000282737 0.000167217 0.000272565 0.000629642 0.000259696 0.000916199 7.70596e-08 2.21255e-08 1.62331e-30 5.05558e-31 0.0040622 3.8622e-33 7.08357e-33 9.41659e-33 5.06123e-33 7.98896e-32 1.29503e-32 7.35109e-29 4.67642e-29 2.18302e-32 5.87478e-32 1.74947e-33 -1.87772e-34 8.09433e-34 6.78732e-33 8.69668e-32 1.27579e-32 1.63433e-32 1.47942e-33 1.01856e-33 6.49531e-33 3.5036e-32 1.07182e-33 6.02031e-33 1.55467e-34 8.64996e-33 -7.75644e-35 1.57584e-34 5.41685e-34 1.00791e-35 -1.13011e-34 1.41728e-33 3.99428e-36 1.01711e-34 -2.41126e-33 -1.40311e-34 -6.50161e-35 1.6775e-34 1.01945e-33 1.45065e-33 1.0445e-32 4.93742e-33 3.19623e-33 7.77863e-33 3.87404e-33 9.38033e-35 2.85147e-33 2.86671e-34 1.06212e-32 -7.34046e-34 -2.20865e-35 8.78638e-35 3.04789e-35 1.24475e-34 -3.87095e-33 -1.44182e-34 8.42677e-34 1.12389e-33 1.44714e-33 7.44008e-34 -3.82478e-34 2.90043e-33 1.64412e-33 1.84703e-34 1.19749e-33 1.20222e-33 5.17142e-34 9.27008e-35 5.8912e-34 1.84053e-33 2.63612e-35 -3.75206e-35 -2.95255e-35 5.69637e-35 -2.56298e-35 9.17418e-35 -4.30826e-33 3.98887e-37 2.13911e-36 1.51003e-34 5.22555e-36 5.16469e-35 -7.32315e-35 2.37485e-34 7.04711e-11 5.73297e-35
1.74e-05 2250.51 0.000281738 0.000167047 0.000272119 0.000629447 0.000260019 0.000916711 7.68453e-08 2.20544e-08 1.63292e-30 5.08551e-31 0.0040622 3.82769e-33 7.05168e-33 9.39792e-33 5.03826e-33 7.94962e-32 1.28661e-32 7.37822e-29 4.72128e-29 2.1733e-32 5.84511e-32 1.74776e-33 -1.86176e-34 8.03848e-34 6.77002e-33 8.66511e-32 1.26904e-32 1.62288e-32 1.47331e-33 1.01152e-33 6.48014e-33 3.48205e-32 1.06755e-33 5.96364e-33 1.54434e-34 8.59217e-33 -7.70226e-35 1.56323e-34 5.39632e-34 9.9579e-36 -1.12333e-34 1.41345e-33 3.91575e-36 1.01047e-34 -2.40403e-33 -1.39592e-34 -6.56477e-35 1.67e-34 1.01423e-33 1.43322e-33 1.04031e-32 4.92342e-33 3.18574e-33 7.7515e-33 3.86523e-33 9.1697e-35 2.81459e-33 2.84703e-34 1.05553e-32 -7.23373e-34 -2.18713e-35 8.77044e-35 3.01384e-35 1.24199e-34 -3.84353e-33 -1.43193e-34 8.43844e-34 1.11831e-33 1.44701e-33 7.42355e-34 -3.8177e-34 2.8906e-33 1.62726e-33 1.86051e-34 1.19365e-33 1.20018e-33 5.15203e-34 9.46234e-35 5.84222e-34 1.82429e-33 2.62928e-35 -3.73363e-35 -2.94056e-35 5.67004e-35 -2.54651e-35 9.118e-35 -4.28213e-33 3.94818e-37 2.11482e-36 1.47622e-34 5.11049e-36 5.05464e-35 -7.16493e-35 2.32373e-34 7.03289e-11 5.69192e-35
1.75e-05 2252.79 0.000280745 0.000166876 0.000271675 0.000629254 0.00026034 0.000917221 7.66338e-08 2.19834e-08 1.64248e-30 5.11531e-31 0.0040622 3.79356e-33 7.02e-33 9.37929e-33 5.01545e-33 7.91061e-32 1.27831e-32 7.40517e-29 4.76601e-29 2.16365e-32 5.81574e-32 1.746e-33 -1.846e-34 7.9833e-34 6.75286e-33 8.6338e-32 1.26234e-32 1.61158e-32 1.46724e-33 1.00457e-33 6.46502e-33 3.46072e-32 1.0633e-33 5.90762e-33 1.53412e-34 8.53498e-33 -7.64872e-35 1.5508e-34 5.37595e-34 9.83884e-36 -1.11662e-34 1.40962e-33 3.83929e-36 1.00391e-34 -2.39684e-33 -1.38878e-34 -6.62592e-35 1.66254e-34 1.00906e-33 1.4161e-33 1.03616e-32 4.90951e-33 3.1753e-33 7.72454e-33 3.85649e-33 8.9653e-35 2.77828e-33 2.8276e-34 1.049e-32 -7.1287e-34 -2.16591e-35 8.75461e-35 2.98035e-35 1.23926e-34 -3.81632e-33 -1.4221e-34 8.44978e-34 1.11279e-33 1.44686e-33 7.407e-34 -3.8107e-34 2.88073e-33 1.6106e-33 1.87357e-34 1.18982e-33 1.19815e-33 5.13276e-34 9.64901e-35 5.79392e-34 1.80822e-33 2.62248e-35 -3.71537e-35 -2.92867e-35 5.64395e-35 -2.53023e-35 9.06246e-35 -4.2562e-33 3.9081e-37 2.09094e-36 1.44338e-34 4.99879e-36 4.94768e-35 -7.01117e-35 2.27405e-34 7.01864e-11 5.65134e-35
1.76e-05 2255.05 0.000279759 0.000166706 0.000271232 0.000629063 0.000260658 0.000917729 7.64252e-08 2.19127e-08 1.65201e-30 5.14498e-31 0.0040622 3.75982e-33 6.98852e-33 9.36069e-33 4.99279e-33 7.87193e-32 1.27012e-32 7.43195e-29 4.8106e-29 2.15409e-32 5.78667e-32 1.74421e-33 -1.83044e-34 7.92879e-34 6.73583e-33 8.60277e-32 1.25569e-32 1.60042e-32 1.46121e-33 9.97693e-34 6.44996e-33 3.43961e-32 1.05908e-33 5.85226e-33 1.52402e-34 8.47838e-33 -7.59582e-35 1.53853e-34 5.35575e-34 9.72188e-36 -1.10998e-34 1.40579e-33 3.76484e-36 9.97415e-35 -2.38971e-33 -1.38171e-34 -6.68511e-35 1.65512e-34 1.00394e-33 1.39931e-33 1.03204e-32 4.89569e-33 3.16493e-33 7.69774e-33 3.8478e-33 8.7669e-35 2.74254e-33 2.80841e-34 1.04252e-32 -7.02534e-34 -2.14501e-35 8.7389e-35 2.94742e-35 1.23655e-34 -3.7893e-33 -1.41236e-34 8.46079e-34 1.10735e-33 1.44668e-33 7.3904e-34 -3.80378e-34 2.87083e-33 1.59415e-33 1.88619e-34 1.186e-33 1.19613e-33 5.11362e-34 9.83021e-35 5.7463e-34 1.79231e-33 2.61571e-35 -3.69729e-35 -2.91688e-35 5.6181e-35 -2.51413e-35 9.00754e-35 -4.23049e-33 3.86861e-37 2.06746e-36 1.41147e-34 4.89033e-36 4.84371e-35 -6.86172e-35 2.22575e-34 7.00437e-11 5.61122e-35
1.77e-05 2257.31 0.00027878 0.000166535 0.00027079 0.000628873 0.000260972 0.000918235 7.62193e-08 2.18422e-08 1.6615e-30 5.17453e-31 0.0040622 3.72646e-33 6.95725e-33 9.34212e-33 4.97029e-33 7.83358e-32 1.26204e-32 7.45855e-29 4.85507e-29 2.14461e-32 5.75789e-32 1.74239e-33 -1.81506e-34 7.87494e-34 6.71894e-33 8.57199e-32 1.24908e-32 1.58941e-32 1.45522e-33 9.90901e-34 6.43496e-33 3.41872e-32 1.05488e-33 5.79754e-33 1.51401e-34 8.42237e-33 -7.54355e-35 1.52643e-34 5.33571e-34 9.60698e-36 -1.10342e-34 1.40197e-33 3.69233e-36 9.90997e-35 -2.38261e-33 -1.37469e-34 -6.74237e-35 1.64774e-34 9.98856e-34 1.38282e-33 1.02795e-32 4.88197e-33 3.15461e-33 7.6711e-33 3.83917e-33 8.57428e-35 2.70734e-33 2.78946e-34 1.03609e-32 -6.92363e-34 -2.1244e-35 8.72331e-35 2.91503e-35 1.23387e-34 -3.76249e-33 -1.40268e-34 8.47148e-34 1.10199e-33 1.44647e-33 7.37377e-34 -3.79694e-34 2.86091e-33 1.57789e-33 1.8984e-34 1.18219e-33 1.19412e-33 5.09461e-34 1.00061e-34 5.69932e-34 1.77656e-33 2.60898e-35 -3.67938e-35 -2.90519e-35 5.5925e-35 -2.49822e-35 8.95323e-35 -4.20498e-33 3.82971e-37 2.04438e-36 1.38047e-34 4.78498e-36 4.74262e-35 -6.71642e-35 2.1788e-34 6.99008e-11 5.57156e-35
1.78e-05 2259.55 0.000277807 0.000166364 0.00027035 0.000628685 0.000261284 0.00091874 7.60163e-08 2.17719e-08 1.67095e-30 5.20396e-31 0.0040622 3.69347e-33 6.92619e-33 9.32358e-33 4.94794e-33 7.79556e-32 1.25406e-32 7.48498e-29 4.89939e-29 2.13521e-32 5.7294e-32 1.74053e-33 -1.79988e-34 7.82172e-34 6.70218e-33 8.54147e-32 1.24252e-32 1.57854e-32 1.44927e-33 9.84188e-34 6.42001e-33 3.39805e-32 1.0507e-33 5.74345e-33 1.50412e-34 8.36694e-33 -7.49189e-35 1.51449e-34 5.31582e-34 9.49409e-36 -1.09692e-34 1.39816e-33 3.6217e-36 9.8465e-35 -2.37557e-33 -1.36773e-34 -6.79777e-35 1.6404e-34 9.93819e-34 1.36663e-33 1.02389e-32 4.86833e-33 3.14435e-33 7.64462e-33 3.83059e-33 8.38723e-35 2.67269e-33 2.77075e-34 1.02972e-32 -6.82354e-34 -2.10408e-35 8.70783e-35 2.88317e-35 1.2312e-34 -3.73587e-33 -1.39308e-34 8.48186e-34 1.0967e-33 1.44623e-33 7.35711e-34 -3.79019e-34 2.85096e-33 1.56182e-33 1.91019e-34 1.17839e-33 1.19213e-33 5.07571e-34 1.01767e-34 5.653e-34 1.76097e-33 2.60228e-35 -3.66164e-35 -2.8936e-35 5.56714e-35 -2.48249e-35 8.89953e-35 -4.17967e-33 3.79137e-37 2.02168e-36 1.35034e-34 4.68264e-36 4.64431e-35 -6.57514e-35 2.13313e-34 6.97577e-11 5.53234e-35
1.79e-05 2261.79 0.00027684 0.000166194 0.000269911 0.000628499 0.000261593 0.000919242 7.5816e-08 2.17019e-08 1.68036e-30 5.23325e-31 0.0040622 3.66085e-33 6.89532e-33 9.30507e-33 4.92573e-33 7.75786e-32 1.2462e-32 7.51125e-29 4.94358e-29 2.12589e-32 5.7012e-32 1.73864e-33 -1.78488e-34 7.76914e-34 6.68555e-33 8.51121e-32 1.23601e-32 1.56781e-32 1.44336e-33 9.77553e-34 6.40512e-33 3.37759e-32 1.04654e-33 5.68999e-33 1.49432e-34 8.31208e-33 -7.44084e-35 1.50271e-34 5.2961e-34 9.38316e-36 -1.09049e-34 1.39435e-33 3.55289e-36 9.78374e-35 -2.36857e-33 -1.36083e-34 -6.85133e-35 1.6331e-34 9.88824e-34 1.35074e-33 1.01986e-32 4.85478e-33 3.13414e-33 7.6183e-33 3.82208e-33 8.20555e-35 2.63857e-33 2.75227e-34 1.02339e-32 -6.72505e-34 -2.08406e-35 8.69247e-35 2.85184e-35 1.22856e-34 -3.70944e-33 -1.38355e-34 8.49194e-34 1.09147e-33 1.44597e-33 7.34042e-34 -3.78353e-34 2.84097e-33 1.54595e-33 1.92157e-34 1.1746e-33 1.19015e-33 5.05694e-34 1.03422e-34 5.6073e-34 1.74553e-33 2.59562e-35 -3.64406e-35 -2.8821e-35 5.54201e-35 -2.46693e-35 8.84643e-35 -4.15456e-33 3.7536e-37 1.99935e-36 1.32104e-34 4.5832e-36 4.54869e-35 -6.43774e-35 2.08871e-34 6.96144e-11 5.49355e-35
1.8e-05 2264.01 0.000275879 0.000166023 0.000269472 0.000628314 0.000261899 0.000919743 7.56185e-08 2.16321e-08 1.68972e-30 5.26243e-31 0.0040622 3.6286e-33 6.86466e-33 9.2866e-33 4.90368e-33 7.72047e-32 1.23844e-32 7.53736e-29 4.98764e-29 2.11664e-32 5.67327e-32 1.73672e-33 -1.77006e-34 7.71718e-34 6.66904e-33 8.48119e-32 1.22954e-32 1.55721e-32 1.43749e-33 9.70994e-34 6.39029e-33 3.35734e-32 1.04241e-33 5.63715e-33 1.48463e-34 8.25778e-33 -7.39037e-35 1.49109e-34 5.27652e-34 9.27415e-36 -1.08413e-34 1.39054e-33 3.48583e-36 9.72167e-35 -2.36161e-33 -1.35398e-34 -6.90309e-35 1.62584e-34 9.83871e-34 1.33513e-33 1.01586e-32 4.84131e-33 3.12399e-33 7.59213e-33 3.81362e-33 8.02905e-35 2.60498e-33 2.73402e-34 1.01712e-32 -6.62813e-34 -2.06432e-35 8.67721e-35 2.82101e-35 1.22593e-34 -3.6832e-33 -1.37409e-34 8.50173e-34 1.08632e-33 1.44568e-33 7.3237e-34 -3.77694e-34 2.83097e-33 1.53027e-33 1.93256e-34 1.17081e-33 1.18818e-33 5.03829e-34 1.05028e-34 5.56223e-34 1.73025e-33 2.58899e-35 -3.62665e-35 -2.8707e-35 5.51711e-35 -2.45155e-35 8.79392e-35 -4.12966e-33 3.71637e-37 1.97739e-36 1.29256e-34 4.48656e-36 4.45566e-35 -6.30408e-35 2.0455e-34 6.9471e-11 5.4552e-35
1.81e-05 2266.22 0.000274925 0.000165852 0.000269036 0.000628131 0.000262203 0.000920243 7.54237e-08 2.15625e-08 1.69905e-30 5.29148e-31 0.0040622 3.5967e-33 6.8342e-33 9.26815e-33 4.88177e-33 7.68339e-32 1.23078e-32 7.56331e-29 5.03155e-29 2.10748e-32 5.64563e-32 1.73476e-33 -1.75542e-34 7.66584e-34 6.65267e-33 8.45142e-32 1.22312e-32 1.54674e-32 1.43166e-33 9.64509e-34 6.3755e-33 3.3373e-32 1.0383e-33 5.58492e-33 1.47504e-34 8.20405e-33 -7.3405e-35 1.47962e-34 5.25711e-34 9.16701e-36 -1.07784e-34 1.38675e-33 3.42047e-36 9.66028e-35 -2.3547e-33 -1.3472e-34 -6.9531e-35 1.61862e-34 9.78961e-34 1.3198e-33 1.01189e-32 4.82793e-33 3.11389e-33 7.56612e-33 3.80521e-33 7.85755e-35 2.57191e-33 2.71599e-34 1.0109e-32 -6.53277e-34 -2.04486e-35 8.66206e-35 2.79068e-35 1.22333e-34 -3.65714e-33 -1.36471e-34 8.51122e-34 1.08124e-33 1.44535e-33 7.30694e-34 -3.77043e-34 2.82093e-33 1.51478e-33 1.94315e-34 1.16704e-33 1.18622e-33 5.01976e-34 1.06585e-34 5.51776e-34 1.71512e-33 2.58239e-35 -3.6094e-35 -2.85939e-35 5.49244e-35 -2.43634e-35 8.74198e-35 -4.10494e-33 3.67968e-37 1.95579e-36 1.26487e-34 4.39261e-36 4.36514e-35 -6.17404e-35 2.00345e-34 6.93274e-11 5.41727e-35
1.82e-05 2268.42 0.000273977 0.000165681 0.0002686 0.00062795 0.000262503 0.00092074 7.52316e-08 2.14932e-08 1.70834e-30 5.32041e-31 0.0040622 3.56516e-33 6.80393e-33 9.24974e-33 4.86001e-33 7.64663e-32 1.22322e-32 7.5891e-29 5.07532e-29 2.09839e-32 5.61825e-32 1.73277e-33 -1.74096e-34 7.61509e-34 6.63641e-33 8.42189e-32 1.21674e-32 1.53641e-32 1.42587e-33 9.58099e-34 6.36078e-33 3.31746e-32 1.03421e-33 5.53329e-33 1.46555e-34 8.15087e-33 -7.2912e-35 1.4683e-34 5.23784e-34 9.06171e-36 -1.07161e-34 1.38295e-33 3.35676e-36 9.59957e-35 -2.34784e-33 -1.34046e-34 -7.0014e-35 1.61145e-34 9.74092e-34 1.30474e-33 1.00795e-32 4.81464e-33 3.10384e-33 7.54026e-33 3.79686e-33 7.69085e-35 2.53934e-33 2.69819e-34 1.00473e-32 -6.43893e-34 -2.02567e-35 8.64702e-35 2.76083e-35 1.22075e-34 -3.63127e-33 -1.35539e-34 8.52043e-34 1.07622e-33 1.44501e-33 7.29016e-34 -3.76401e-34 2.81087e-33 1.49948e-33 1.95335e-34 1.16328e-33 1.18428e-33 5.00134e-34 1.08094e-34 5.47388e-34 1.70014e-33 2.57582e-35 -3.59231e-35 -2.84818e-35 5.46799e-35 -2.4213e-35 8.69061e-35 -4.08043e-33 3.64352e-37 1.93454e-36 1.23793e-34 4.30126e-36 4.27704e-35 -6.0475e-35 1.96253e-34 6.91837e-11 5.37976e-35
1.83e-05 2270.61 0.000273036 0.00016551 0.000268166 0.00062777 0.000262801 0.000921236 7.50421e-08 2.14241e-08 1.71759e-30 5.34922e-31 0.0040622 3.53397e-33 6.77386e-33 9.23137e-33 4.8384e-33 7.61016e-32 1.21577e-32 7.61475e-29 5.11896e-29 2.08937e-32 5.59114e-32 1.73076e-33 -1.72667e-34 7.56493e-34 6.62028e-33 8.39261e-32 1.2104e-32 1.5262e-32 1.42011e-33 9.51761e-34 6.34611e-33 3.29783e-32 1.03014e-33 5.48225e-33 1.45615e-34 8.09823e-33 -7.24246e-35 1.45713e-34 5.21872e-34 8.9582e-36 -1.06545e-34 1.37917e-33 3.29464e-36 9.53951e-35 -2.34102e-33 -1.33378e-34 -7.04802e-35 1.60431e-34 9.69265e-34 1.28995e-33 1.00403e-32 4.80143e-33 3.09384e-33 7.51455e-33 3.78857e-33 7.52881e-35 2.50727e-33 2.68061e-34 9.98602e-33 -6.34659e-34 -2.00674e-35 8.63208e-35 2.73147e-35 1.21818e-34 -3.60558e-33 -1.34613e-34 8.52937e-34 1.07127e-33 1.44463e-33 7.27334e-34 -3.75766e-34 2.80078e-33 1.48437e-33 1.96317e-34 1.15953e-33 1.18235e-33 4.98305e-34 1.09556e-34 5.43059e-34 1.6853e-33 2.56928e-35 -3.57538e-35 -2.83705e-35 5.44376e-35 -2.40643e-35 8.6398e-35 -4.0561e-33 3.60788e-37 1.91363e-36 1.21173e-34 4.21243e-36 4.19129e-35 -5.92434e-35 1.9227e-34 6.90399e-11 5.34266e-35
1.84e-05 2272.79 0.0002721 0.000165339 0.000267732 0.000627592 0.000263097 0.000921731 7.48553e-08 2.13553e-08 1.7268e-30 5.37791e-31 0.0040622 3.50312e-33 6.74398e-33 9.21302e-33 4.81693e-33 7.574e-32 1.2084e-32 7.64024e-29 5.16245e-29 2.08043e-32 5.5643e-32 1.72871e-33 -1.71255e-34 7.51536e-34 6.60428e-33 8.36355e-32 1.20412e-32 1.51613e-32 1.4144e-33 9.45495e-34 6.33149e-33 3.2784e-32 1.0261e-33 5.43181e-33 1.44685e-34 8.04614e-33 -7.19428e-35 1.44611e-34 5.19974e-34 8.85643e-36 -1.05935e-34 1.37539e-33 3.23407e-36 9.48011e-35 -2.33424e-33 -1.32716e-34 -7.093e-35 1.59721e-34 9.64477e-34 1.27543e-33 1.00015e-32 4.7883e-33 3.0839e-33 7.48898e-33 3.78032e-33 7.37125e-35 2.47569e-33 2.66324e-34 9.92527e-33 -6.25573e-34 -1.98809e-35 8.61724e-35 2.70256e-35 1.21564e-34 -3.58007e-33 -1.33695e-34 8.53803e-34 1.06639e-33 1.44422e-33 7.2565e-34 -3.7514e-34 2.79067e-33 1.46943e-33 1.97262e-34 1.15579e-33 1.18043e-33 4.96486e-34 1.10973e-34 5.38788e-34 1.67062e-33 2.56278e-35 -3.5586e-35 -2.82602e-35 5.41976e-35 -2.39171e-35 8.58954e-35 -4.03196e-33 3.57274e-37 1.89306e-36 1.18624e-34 4.12603e-36 4.1078e-35 -5.80446e-35 1.88393e-34 6.88959e-11 5.30597e-35
1.85e-05 2274.96 0.00027117 0.000165168 0.0002673 0.000627416 0.000263389 0.000922223 7.46711e-08 2.12867e-08 1.73598e-30 5.40648e-31 0.0040622 3.47261e-33 6.7143e-33 9.19471e-33 4.7956e-33 7.53814e-32 1.20113e-32 7.66559e-29 5.2058e-29 2.07157e-32 5.53771e-32 1.72663e-33 -1.69861e-34 7.46635e-34 6.58838e-33 8.33473e-32 1.19787e-32 1.50617e-32 1.40872e-33 9.39299e-34 6.31693e-33 3.25916e-32 1.02208e-33 5.38194e-33 1.43765e-34 7.99458e-33 -7.14664e-35 1.43522e-34 5.18091e-34 8.75638e-36 -1.05331e-34 1.37162e-33 3.17499e-36 9.42135e-35 -2.3275e-33 -1.32059e-34 -7.13638e-35 1.59015e-34 9.5973e-34 1.26115e-33 9.963e-33 4.77526e-33 3.07401e-33 7.46357e-33 3.77213e-33 7.21803e-35 2.4446e-33 2.64608e-34 9.86499e-33 -6.16632e-34 -1.96969e-35 8.6025e-35 2.67412e-35 1.21311e-34 -3.55474e-33 -1.32783e-34 8.54643e-34 1.06157e-33 1.44379e-33 7.23963e-34 -3.74521e-34 2.78053e-33 1.45468e-33 1.98171e-34 1.15206e-33 1.17852e-33 4.9468e-34 1.12345e-34 5.34572e-34 1.65607e-33 2.55631e-35 -3.54197e-35 -2.81507e-35 5.39596e-35 -2.37716e-35 8.53983e-35 -4.00801e-33 3.53809e-37 1.87282e-36 1.16143e-34 4.04196e-36 4.02651e-35 -5.68773e-35 1.84617e-34 6.87519e-11 5.26968e-35
1.86e-05 2277.12 0.000270246 0.000164998 0.00026687 0.000627241 0.000263679 0.000922714 7.44895e-08 2.12184e-08 1.74511e-30 5.43493e-31 0.0040622 3.44243e-33 6.68481e-33 9.17643e-33 4.77441e-33 7.50257e-32 1.19396e-32 7.69079e-29 5.249e-29 2.06277e-32 5.51139e-32 1.72452e-33 -1.68482e-34 7.41791e-34 6.57261e-33 8.30614e-32 1.19167e-32 1.49634e-32 1.40308e-33 9.33172e-34 6.30242e-33 3.24012e-32 1.01808e-33 5.33264e-33 1.42853e-34 7.94355e-33 -7.09955e-35 1.42448e-34 5.16223e-34 8.658e-36 -1.04734e-34 1.36785e-33 3.11736e-36 9.36322e-35 -2.32081e-33 -1.31407e-34 -7.17819e-35 1.58314e-34 9.55023e-34 1.24713e-33 9.92476e-33 4.76229e-33 3.06417e-33 7.4383e-33 3.764e-33 7.06899e-35 2.41398e-33 2.62913e-34 9.80517e-33 -6.07835e-34 -1.95154e-35 8.58786e-35 2.64612e-35 1.21061e-34 -3.52958e-33 -1.31877e-34 8.55458e-34 1.05681e-33 1.44333e-33 7.22273e-34 -3.7391e-34 2.77037e-33 1.44011e-33 1.99043e-34 1.14834e-33 1.17662e-33 4.92884e-34 1.13674e-34 5.30412e-34 1.64168e-33 2.54987e-35 -3.5255e-35 -2.80421e-35 5.37238e-35 -2.36277e-35 8.49064e-35 -3.98424e-33 3.50394e-37 1.8529e-36 1.13729e-34 3.96016e-36 3.94733e-35 -5.57408e-35 1.8094e-34 6.86078e-11 5.23378e-35
1.87e-05 2279.27 0.000269328 0.000164827 0.00026644 0.000627067 0.000263966 0.000923203 7.43104e-08 2.11503e-08 1.75421e-30 5.46326e-31 0.0040622 3.41259e-33 6.6555e-33 9.15819e-33 4.75336e-33 7.46729e-32 1.18687e-32 7.71586e-29 5.29206e-29 2.05405e-32 5.48531e-32 1.72239e-33 -1.67121e-34 7.37002e-34 6.55695e-33 8.27778e-32 1.18551e-32 1.48662e-32 1.39748e-33 9.27113e-34 6.28797e-33 3.22127e-32 1.0141e-33 5.28391e-33 1.41951e-34 7.89304e-33 -7.05298e-35 1.41388e-34 5.14368e-34 8.56126e-36 -1.04142e-34 1.3641e-33 3.06114e-36 9.30571e-35 -2.31415e-33 -1.30761e-34 -7.21847e-35 1.57616e-34 9.50354e-34 1.23335e-33 9.8868e-33 4.74941e-33 3.05438e-33 7.41317e-33 3.75591e-33 6.92399e-35 2.38382e-33 2.61238e-34 9.74582e-33 -5.99179e-34 -1.93364e-35 8.57332e-35 2.61857e-35 1.20812e-34 -3.50459e-33 -1.30978e-34 8.56247e-34 1.05212e-33 1.44284e-33 7.20581e-34 -3.73307e-34 2.76019e-33 1.42571e-33 1.9988e-34 1.14463e-33 1.17473e-33 4.911e-34 1.14961e-34 5.26305e-34 1.62742e-33 2.54345e-35 -3.50917e-35 -2.79344e-35 5.34901e-35 -2.34853e-35 8.44199e-35 -3.96066e-33 3.47025e-37 1.8333e-36 1.11379e-34 3.88055e-36 3.87021e-35 -5.46338e-35 1.77358e-34 6.84635e-11 5.19827e-35
1.88e-05 2281.4 0.000268416 0.000164656 0.000266012 0.000626895 0.000264251 0.000923691 7.41339e-08 2.10824e-08 1.76327e-30 5.49148e-31 0.0040622 3.38307e-33 6.62638e-33 9.13998e-33 4.73245e-33 7.43229e-32 1.17988e-32 7.74079e-29 5.33498e-29 2.0454e-32 5.45949e-32 1.72023e-33 -1.65775e-34 7.32268e-34 6.54141e-33 8.24963e-32 1.1794e-32 1.47703e-32 1.39191e-33 9.21121e-34 6.27357e-33 3.20261e-32 1.01014e-33 5.23574e-33 1.41058e-34 7.84304e-33 -7.00694e-35 1.4034e-34 5.12528e-34 8.46612e-36 -1.03557e-34 1.36035e-33 3.00627e-36 9.24881e-35 -2.30754e-33 -1.30119e-34 -7.25724e-35 1.56922e-34 9.45724e-34 1.21981e-33 9.84911e-33 4.7366e-33 3.04464e-33 7.38818e-33 3.74788e-33 6.7829e-35 2.35413e-33 2.59584e-34 9.68693e-33 -5.90661e-34 -1.91599e-35 8.55887e-35 2.59144e-35 1.20565e-34 -3.47977e-33 -1.30085e-34 8.57011e-34 1.04749e-33 1.44232e-33 7.18886e-34 -3.72711e-34 2.74998e-33 1.41149e-33 2.00682e-34 1.14093e-33 1.17286e-33 4.89327e-34 1.16206e-34 5.22252e-34 1.6133e-33 2.53707e-35 -3.49298e-35 -2.78275e-35 5.32584e-35 -2.33445e-35 8.39385e-35 -3.93726e-33 3.43704e-37 1.814e-36 1.09091e-34 3.80306e-36 3.79507e-35 -5.35555e-35 1.73869e-34 6.83193e-11 5.16314e-35
1.89e-05 2283.53 0.00026751 0.000164485 0.000265585 0.000626725 0.000264533 0.000924177 7.39599e-08 2.10149e-08 1.77229e-30 5.51958e-31 0.0040622 3.35387e-33 6.59745e-33 9.1218e-33 4.71168e-33 7.39758e-32 1.17297e-32 7.76558e-29 5.37775e-29 2.03682e-32 5.43391e-32 1.71804e-33 -1.64445e-34 7.27587e-34 6.52598e-33 8.22171e-32 1.17333e-32 1.46755e-32 1.38638e-33 9.15195e-34 6.25922e-33 3.18413e-32 1.0062e-33 5.18811e-33 1.40174e-34 7.79356e-33 -6.9614e-35 1.39307e-34 5.10701e-34 8.37254e-36 -1.02977e-34 1.35661e-33 2.95273e-36 9.19252e-35 -2.30097e-33 -1.29483e-34 -7.29455e-35 1.56233e-34 9.41133e-34 1.2065e-33 9.81171e-33 4.72387e-33 3.03495e-33 7.36333e-33 3.73989e-33 6.64558e-35 2.32489e-33 2.57949e-34 9.62849e-33 -5.8228e-34 -1.89858e-35 8.54451e-35 2.56473e-35 1.2032e-34 -3.45512e-33 -1.29199e-34 8.57751e-34 1.04292e-33 1.44178e-33 7.17188e-34 -3.72123e-34 2.73976e-33 1.39744e-33 2.0145e-34 1.13724e-33 1.17099e-33 4.87565e-34 1.17411e-34 5.18251e-34 1.59933e-33 2.53072e-35 -3.47694e-35 -2.77214e-35 5.30287e-35 -2.32052e-35 8.34622e-35 -3.91403e-33 3.40429e-37 1.79501e-36 1.06863e-34 3.72761e-36 3.72185e-35 -5.2505e-35 1.7047e-34 6.81749e-11 5.12839e-35
1.9e-05 2285.65 0.00026661 0.000164314 0.000265159 0.000626556 0.000264812 0.000924661 7.37884e-08 2.09476e-08 1.78128e-30 5.54757e-31 0.0040622 3.32499e-33 6.5687e-33 9.10365e-33 4.69105e-33 7.36315e-32 1.16615e-32 7.79024e-29 5.42038e-29 2.02831e-32 5.40857e-32 1.71582e-33 -1.63131e-34 7.22958e-34 6.51066e-33 8.194e-32 1.1673e-32 1.45818e-32 1.38088e-33 9.09334e-34 6.24493e-33 3.16584e-32 1.00229e-33 5.14103e-33 1.39298e-34 7.74458e-33 -6.91638e-35 1.38286e-34 5.08887e-34 8.2805e-36 -1.02404e-34 1.35287e-33 2.90046e-36 9.13682e-35 -2.29444e-33 -1.28852e-34 -7.33042e-35 1.55547e-34 9.36579e-34 1.19342e-33 9.77457e-33 4.71122e-33 3.02531e-33 7.33862e-33 3.73196e-33 6.51191e-35 2.29609e-33 2.56334e-34 9.57049e-33 -5.74034e-34 -1.8814e-35 8.53025e-35 2.53843e-35 1.20077e-34 -3.43064e-33 -1.28318e-34 8.58468e-34 1.0384e-33 1.4412e-33 7.15488e-34 -3.71542e-34 2.72951e-33 1.38356e-33 2.02184e-34 1.13357e-33 1.16914e-33 4.85814e-34 1.18576e-34 5.14301e-34 1.58549e-33 2.5244e-35 -3.46105e-35 -2.76162e-35 5.28011e-35 -2.30673e-35 8.29909e-35 -3.89099e-33 3.37198e-37 1.77631e-36 1.04694e-34 3.65414e-36 3.65049e-35 -5.14813e-35 1.67157e-34 6.80306e-11 5.094e-35
1.91e-05 2287.76 0.000265715 0.000164143 0.000264734 0.000626389 0.000265089 0.000925144 7.36195e-08 2.08805e-08 1.79023e-30 5.57544e-31 0.0040622 3.29643e-33 6.54014e-33 9.08555e-33 4.67055e-33 7.329e-32 1.15941e-32 7.81477e-29 5.46286e-29 2.01986e-32 5.38347e-32 1.71358e-33 -1.61832e-34 7.18382e-34 6.49544e-33 8.16651e-32 1.16131e-32 1.44892e-32 1.37542e-33 9.03536e-34 6.23069e-33 3.14774e-32 9.98391e-34 5.09449e-33 1.38431e-34 7.6961e-33 -6.87184e-35 1.37278e-34 5.07088e-34 8.18995e-36 -1.01836e-34 1.34915e-33 2.84944e-36 9.08171e-35 -2.28795e-33 -1.28226e-34 -7.36489e-35 1.54865e-34 9.32062e-34 1.18057e-33 9.73771e-33 4.69865e-33 3.01571e-33 7.31405e-33 3.72407e-33 6.38177e-35 2.26773e-33 2.54739e-34 9.51294e-33 -5.65919e-34 -1.86445e-35 8.51608e-35 2.51253e-35 1.19835e-34 -3.40631e-33 -1.27444e-34 8.59161e-34 1.03395e-33 1.4406e-33 7.13786e-34 -3.70969e-34 2.71924e-33 1.36985e-33 2.02886e-34 1.1299e-33 1.1673e-33 4.84073e-34 1.19702e-34 5.10401e-34 1.57178e-33 2.51811e-35 -3.44529e-35 -2.75117e-35 5.25754e-35 -2.2931e-35 8.25246e-35 -3.86811e-33 3.34012e-37 1.7579e-36 1.02581e-34 3.58258e-36 3.58094e-35 -5.04837e-35 1.63928e-34 6.78862e-11 5.05998e-35
1.92e-05 2289.86 0.000264825 0.000163973 0.000264311 0.000626223 0.000265364 0.000925625 7.34529e-08 2.08137e-08 1.79914e-30 5.6032e-31 0.0040622 3.26817e-33 6.51175e-33 9.06747e-33 4.65018e-33 7.29511e-32 1.15276e-32 7.83917e-29 5.50519e-29 2.01149e-32 5.35861e-32 1.71132e-33 -1.60548e-34 7.13856e-34 6.48034e-33 8.13922e-32 1.15537e-32 1.43978e-32 1.37e-33 8.97802e-34 6.2165e-33 3.12981e-32 9.94516e-34 5.04848e-33 1.37573e-34 7.64811e-33 -6.8278e-35 1.36282e-34 5.05301e-34 8.10087e-36 -1.01273e-34 1.34544e-33 2.79962e-36 9.02717e-35 -2.2815e-33 -1.27604e-34 -7.39798e-35 1.54188e-34 9.27582e-34 1.16793e-33 9.70112e-33 4.68615e-33 3.00617e-33 7.28961e-33 3.71624e-33 6.25505e-35 2.2398e-33 2.53162e-34 9.45581e-33 -5.57935e-34 -1.84774e-35 8.50199e-35 2.48703e-35 1.19595e-34 -3.38215e-33 -1.26576e-34 8.59832e-34 1.02955e-33 1.43997e-33 7.12081e-34 -3.70403e-34 2.70895e-33 1.35631e-33 2.03555e-34 1.12625e-33 1.16547e-33 4.82344e-34 1.20791e-34 5.0655e-34 1.55821e-33 2.51185e-35 -3.42967e-35 -2.74081e-35 5.23517e-35 -2.2796e-35 8.20631e-35 -3.84541e-33 3.30869e-37 1.73977e-36 1.00522e-34 3.51287e-36 3.51313e-35 -4.95114e-35 1.6078e-34 6.77417e-11 5.02633e-35
1.93e-05 2291.94 0.000263942 0.000163802 0.000263889 0.000626058 0.000265635 0.000926104 7.32888e-08 2.07472e-08 1.80802e-30 5.63084e-31 0.0040622 3.24021e-33 6.48355e-33 9.04943e-33 4.62995e-33 7.2615e-32 1.14618e-32 7.86345e-29 5.54737e-29 2.00318e-32 5.33397e-32 1.70903e-33 -1.59279e-34 7.0938e-34 6.46534e-33 8.11215e-32 1.14946e-32 1.43074e-32 1.36461e-33 8.92129e-34 6.20236e-33 3.11206e-32 9.90662e-34 5.00299e-33 1.36722e-34 7.60061e-33 -6.78424e-35 1.35299e-34 5.03527e-34 8.01322e-36 -1.00717e-34 1.34173e-33 2.75097e-36 8.9732e-35 -2.27509e-33 -1.26988e-34 -7.42973e-35 1.53514e-34 9.23139e-34 1.15551e-33 9.66479e-33 4.67373e-33 2.99667e-33 7.2653e-33 3.70845e-33 6.13163e-35 2.21229e-33 2.51604e-34 9.39912e-33 -5.50079e-34 -1.83124e-35 8.488e-35 2.46192e-35 1.19357e-34 -3.35814e-33 -1.25713e-34 8.60481e-34 1.02521e-33 1.43932e-33 7.10374e-34 -3.69845e-34 2.69864e-33 1.34294e-33 2.04193e-34 1.1226e-33 1.16364e-33 4.80625e-34 1.21842e-34 5.02747e-34 1.54477e-33 2.50561e-35 -3.41419e-35 -2.73053e-35 5.21298e-35 -2.26625e-35 8.16065e-35 -3.82288e-33 3.27769e-37 1.72192e-36 9.85163e-35 3.44495e-36 3.44701e-35 -4.85634e-35 1.57712e-34 6.75973e-11 4.99302e-35
1.94e-05 2294.02 0.000263064 0.000163631 0.000263468 0.000625895 0.000265905 0.000926582 7.31271e-08 2.06809e-08 1.81686e-30 5.65837e-31 0.0040622 3.21256e-33 6.45552e-33 9.03142e-33 4.60985e-33 7.22816e-32 1.13969e-32 7.8876e-29 5.58941e-29 1.99493e-32 5.30957e-32 1.70671e-33 -1.58024e-34 7.04954e-34 6.45045e-33 8.08528e-32 1.1436e-32 1.42181e-32 1.35925e-33 8.86517e-34 6.18828e-33 3.09449e-32 9.86829e-34 4.95801e-33 1.3588e-34 7.55359e-33 -6.74115e-35 1.34328e-34 5.01767e-34 7.92698e-36 -1.00165e-34 1.33803e-33 2.70346e-36 8.91979e-35 -2.26872e-33 -1.26377e-34 -7.46016e-35 1.52844e-34 9.18732e-34 1.14329e-33 9.62873e-33 4.66138e-33 2.98721e-33 7.24113e-33 3.70071e-33 6.0114e-35 2.1852e-33 2.50064e-34 9.34285e-33 -5.42348e-34 -1.81497e-35 8.47408e-35 2.43718e-35 1.1912e-34 -3.3343e-33 -1.24856e-34 8.61108e-34 1.02093e-33 1.43863e-33 7.08665e-34 -3.69293e-34 2.68831e-33 1.32972e-33 2.04799e-34 1.11897e-33 1.16183e-33 4.78916e-34 1.22858e-34 4.98992e-34 1.53146e-33 2.49941e-35 -3.39884e-35 -2.72033e-35 5.19099e-35 -2.25304e-35 8.11546e-35 -3.80052e-33 3.24711e-37 1.70435e-36 9.65619e-35 3.37877e-36 3.38253e-35 -4.76392e-35 1.54719e-34 6.74528e-11 4.96007e-35
1.95e-05 2296.09 0.000262191 0.000163461 0.000263048 0.000625733 0.000266172 0.000927058 7.29679e-08 2.06149e-08 1.82566e-30 5.6858e-31 0.0040622 3.1852e-33 6.42767e-33 9.01345e-33 4.58988e-33 7.19507e-32 1.13327e-32 7.91163e-29 5.6313e-29 1.98675e-32 5.28539e-32 1.70438e-33 -1.56784e-34 7.00577e-34 6.43565e-33 8.05861e-32 1.13778e-32 1.41298e-32 1.35393e-33 8.80965e-34 6.17425e-33 3.07709e-32 9.83015e-34 4.91355e-33 1.35046e-34 7.50705e-33 -6.69853e-35 1.33369e-34 5.00019e-34 7.84211e-36 -9.96195e-35 1.33434e-33 2.65704e-36 8.86693e-35 -2.26238e-33 -1.2577e-34 -7.48931e-35 1.52178e-34 9.1436e-34 1.13128e-33 9.59292e-33 4.6491e-33 2.97781e-33 7.21708e-33 3.69301e-33 5.89427e-35 2.15851e-33 2.48542e-34 9.287e-33 -5.34741e-34 -1.79891e-35 8.46026e-35 2.41282e-35 1.18885e-34 -3.3106e-33 -1.24005e-34 8.61713e-34 1.0167e-33 1.43792e-33 7.06954e-34 -3.68749e-34 2.67797e-33 1.31667e-33 2.05375e-34 1.11534e-33 1.16003e-33 4.77218e-34 1.23838e-34 4.95283e-34 1.51829e-33 2.49323e-35 -3.38362e-35 -2.7102e-35 5.16918e-35 -2.23997e-35 8.07073e-35 -3.77832e-33 3.21693e-37 1.68704e-36 9.46572e-35 3.31426e-36 3.31964e-35 -4.67379e-35 1.51801e-34 6.73084e-11 4.92746e-35
1.96e-05 2298.15 0.000261323 0.00016329 0.00026263 0.000625573 0.000266436 0.000927533 7.2811e-08 2.05491e-08 1.83443e-30 5.71311e-31 0.0040622 3.15814e-33 6.4e-33 8.99552e-33 4.57004e-33 7.16225e-32 1.12693e-32 7.93555e-29 5.67304e-29 1.97864e-32 5.26143e-32 1.70202e-33 -1.55559e-34 6.96247e-34 6.42096e-33 8.03214e-32 1.13199e-32 1.40426e-32 1.34864e-33 8.75471e-34 6.16027e-33 3.05986e-32 9.79222e-34 4.86959e-33 1.3422e-34 7.46097e-33 -6.65636e-35 1.32421e-34 4.98284e-34 7.75858e-36 -9.90789e-35 1.33067e-33 2.6117e-36 8.81461e-35 -2.25609e-33 -1.25168e-34 -7.5172e-35 1.51516e-34 9.10023e-34 1.11947e-33 9.55737e-33 4.6369e-33 2.96845e-33 7.19316e-33 3.68536e-33 5.78013e-35 2.13223e-33 2.47038e-34 9.23157e-33 -5.27257e-34 -1.78306e-35 8.44651e-35 2.38882e-35 1.18652e-34 -3.28706e-33 -1.2316e-34 8.62299e-34 1.01253e-33 1.43718e-33 7.0524e-34 -3.68212e-34 2.66761e-33 1.30378e-33 2.05922e-34 1.11173e-33 1.15825e-33 4.7553e-34 1.24784e-34 4.91619e-34 1.50524e-33 2.48708e-35 -3.36853e-35 -2.70015e-35 5.14756e-35 -2.22703e-35 8.02646e-35 -3.75629e-33 3.18716e-37 1.66999e-36 9.28006e-35 3.25139e-36 3.25829e-35 -4.58589e-35 1.48955e-34 6.7164e-11 4.89519e-35
1.97e-05 2300.2 0.000260461 0.000163119 0.000262212 0.000625414 0.000266699 0.000928006 7.26564e-08 2.04837e-08 1.84317e-30 5.74031e-31 0.0040622 3.13136e-33 6.3725e-33 8.97762e-33 4.55033e-33 7.12969e-32 1.12067e-32 7.95934e-29 5.71464e-29 1.97059e-32 5.23769e-32 1.69963e-33 -1.54347e-34 6.91964e-34 6.40637e-33 8.00587e-32 1.12625e-32 1.39563e-32 1.34339e-33 8.70036e-34 6.14634e-33 3.0428e-32 9.75448e-34 4.82613e-33 1.33402e-34 7.41536e-33 -6.61465e-35 1.31485e-34 4.96561e-34 7.67638e-36 -9.85436e-35 1.327e-33 2.56739e-36 8.76283e-35 -2.24983e-33 -1.24571e-34 -7.54386e-35 1.50858e-34 9.05722e-34 1.10785e-33 9.52208e-33 4.62476e-33 2.95913e-33 7.16938e-33 3.67776e-33 5.6689e-35 2.10634e-33 2.45552e-34 9.17654e-33 -5.19892e-34 -1.76743e-35 8.43285e-35 2.36518e-35 1.1842e-34 -3.26367e-33 -1.2232e-34 8.62863e-34 1.00841e-33 1.43641e-33 7.03525e-34 -3.67682e-34 2.65723e-33 1.29104e-33 2.06439e-34 1.10813e-33 1.15647e-33 4.73853e-34 1.25696e-34 4.88001e-34 1.49231e-33 2.48096e-35 -3.35357e-35 -2.69017e-35 5.12612e-35 -2.21422e-35 7.98264e-35 -3.73442e-33 3.15778e-37 1.6532e-36 9.09907e-35 3.19008e-36 3.19844e-35 -4.50014e-35 1.46178e-34 6.70195e-11 4.86325e-35
1.98e-05 2302.24 0.000259605 0.000162949 0.000261796 0.000625256 0.000266958 0.000928478 7.25042e-08 2.04185e-08 1.85187e-30 5.7674e-31 0.0040622 3.10487e-33 6.34517e-33 8.95975e-33 4.53074e-33 7.09738e-32 1.11448e-32 7.98302e-29 5.75609e-29 1.9626e-32 5.21417e-32 1.69723e-33 -1.53149e-34 6.87728e-34 6.39188e-33 7.97979e-32 1.12055e-32 1.38711e-32 1.33817e-33 8.64659e-34 6.13246e-33 3.02591e-32 9.71694e-34 4.78315e-33 1.32592e-34 7.37021e-33 -6.57338e-35 1.3056e-34 4.9485e-34 7.59546e-36 -9.80135e-35 1.32334e-33 2.52409e-36 8.71157e-35 -2.24361e-33 -1.23978e-34 -7.56931e-35 1.50204e-34 9.01454e-34 1.09642e-33 9.48704e-33 4.6127e-33 2.94986e-33 7.14571e-33 3.6702e-33 5.56047e-35 2.08085e-33 2.44083e-34 9.12192e-33 -5.12645e-34 -1.75199e-35 8.41926e-35 2.34188e-35 1.1819e-34 -3.24043e-33 -1.21486e-34 8.63408e-34 1.00434e-33 1.43562e-33 7.01807e-34 -3.67159e-34 2.64684e-33 1.27846e-33 2.06928e-34 1.10454e-33 1.1547e-33 4.72185e-34 1.26575e-34 4.84426e-34 1.47952e-33 2.47487e-35 -3.33874e-35 -2.68027e-35 5.10485e-35 -2.20155e-35 7.93927e-35 -3.71271e-33 3.12879e-37 1.63665e-36 8.9226e-35 3.13031e-36 3.14003e-35 -4.41649e-35 1.43469e-34 6.68752e-11 4.83164e-35
1.99e-05 2304.27 0.000258753 0.000162779 0.000261381 0.0006251 0.000267216 0.000928948 7.23543e-08 2.03535e-08 1.86053e-30 5.79438e-31 0.0040622 3.07866e-33 6.31801e-33 8.94192e-33 4.51128e-33 7.06532e-32 1.10836e-32 8.00659e-29 5.79738e-29 1.95467e-32 5.19086e-32 1.6948e-33 -1.51964e-34 6.83537e-34 6.37749e-33 7.9539e-32 1.11489e-32 1.37868e-32 1.33298e-33 8.59337e-34 6.11863e-33 3.00918e-32 9.6796e-34 4.74066e-33 1.3179e-34 7.32552e-33 -6.53256e-35 1.29647e-34 4.93152e-34 7.51581e-36 -9.74885e-35 1.31969e-33 2.48178e-36 8.66084e-35 -2.23742e-33 -1.2339e-34 -7.59358e-35 1.49553e-34 8.97221e-34 1.08519e-33 9.45225e-33 4.60071e-33 2.94064e-33 7.12217e-33 3.66269e-33 5.45477e-35 2.05573e-33 2.4263e-34 9.06769e-33 -5.05514e-34 -1.73676e-35 8.40575e-35 2.31893e-35 1.17961e-34 -3.21733e-33 -1.20657e-34 8.63933e-34 1.00032e-33 1.4348e-33 7.00088e-34 -3.66642e-34 2.63643e-33 1.26604e-33 2.07388e-34 1.10096e-33 1.15294e-33 4.70528e-34 1.27422e-34 4.80895e-34 1.46684e-33 2.4688e-35 -3.32404e-35 -2.67044e-35 5.08377e-35 -2.18901e-35 7.89633e-35 -3.69117e-33 3.10018e-37 1.62036e-36 8.75052e-35 3.07201e-36 3.08303e-35 -4.33487e-35 1.40826e-34 6.67308e-11 4.80036e-35
2e-05 2306.29 0.000257907 0.000162608 0.000260968 0.000624945 0.000267471 0.000929416 7.22067e-08 2.02888e-08 1.86916e-30 5.82126e-31 0.0040622 3.05273e-33 6.29102e-33 8.92412e-33 4.49195e-33 7.03351e-32 1.10231e-32 8.03004e-29 5.83854e-29 1.94681e-32 5.16776e-32 1.69236e-33 -1.50793e-34 6.79391e-34 6.36319e-33 7.9282e-32 1.10926e-32 1.37035e-32 1.32783e-33 8.54071e-34 6.10485e-33 2.99262e-32 9.64245e-34 4.69865e-33 1.30995e-34 7.28127e-33 -6.49216e-35 1.28744e-34 4.91465e-34 7.43739e-36 -9.69685e-35 1.31605e-33 2.44041e-36 8.61061e-35 -2.23127e-33 -1.22807e-34 -7.6167e-35 1.48907e-34 8.93021e-34 1.07413e-33 9.41771e-33 4.58878e-33 2.93145e-33 7.09876e-33 3.65522e-33 5.3517e-35 2.03099e-33 2.41195e-34 9.01386e-33 -4.98497e-34 -1.72173e-35 8.39233e-35 2.29632e-35 1.17733e-34 -3.19438e-33 -1.19834e-34 8.64439e-34 9.96352e-34 1.43395e-33 6.98367e-34 -3.66132e-34 2.62601e-33 1.25376e-33 2.07821e-34 1.09739e-33 1.15119e-33 4.6888e-34 1.28238e-34 4.77406e-34 1.45429e-33 2.46277e-35 -3.30945e-35 -2.66069e-35 5.06285e-35 -2.17659e-35 7.85383e-35 -3.66978e-33 3.07195e-37 1.6043e-36 8.58269e-35 3.01515e-36 3.02739e-35 -4.25522e-35 1.38246e-34 6.65865e-11 4.76939e-35
