temperature, L2
1654.07, 5.18498e-05
2420.11, 5.34243e-06
1180.43, 1.68969e-07
1314.05, 0.000108545
1378.19, 3.15054e-06
2479.17, 4.18301e-05
1607.81, 2.72067e-05
1830.85, 1.3769e-05
1153.8, 3.65083e-06
2395.09, 2.47126e-06
2326.45, 1.86944e-05
1635.02, 4.30897e-05
1923.39, 6.08382e-05
1287.49, 1.10583e-05
2448.4, 5.09356e-06
1302.14, 3.77496e-05
1869.28, 3.21417e-05
2363.67, 2.13273e-05
1211.37, 1.26683e-05
1726.61, 5.34076e-05
1506.49, 6.57423e-05
1670.4, 9.97549e-06
1034.48, 1.66432e-06
1053.2, 2.33544e-06
1223.65, 5.41709e-06
1785.27, 2.38958e-05
1538.33, 0.000138074
1159.09, 4.21748e-06
1490.47, 3.22942e-05
1665.28, 1.00384e-05
2058.14, 5.12704e-06
2024.14, 4.76015e-06
1112.48, 1.40489e-05
2401.16, 2.72948e-06
1475.79, 0.000467514
2088.25, 8.54846e-06
1532.54, 2.769e-06
2149.77, 4.70063e-06
2486.4, 1.31905e-05
1194.49, 4.11725e-07
1352.05, 1.58144e-05
1492.14, 5.68917e-06
2498.87, 0.000515737
2322.2, 6.01395e-06
2076.85, 1.2814e-05
2337.05, 3.79138e-06
1495.65, 1.45537e-05
2046.59, 1.42762e-05
1253.84, 1.68626e-05
1472.44, 3.58717e-06
2089.19, 1.28904e-05
1772.68, 0.000860703
2125.24, 6.31823e-06
1308.58, 1.21211e-05
2211.92, 3.65876e-05
1136.44, 4.49239e-06
1298.77, 1.43018e-05
1018.53, 1.58248e-05
1783.84, 6.90216e-06
1638.98, 9.21315e-05
1305.97, 1.99766e-05
1973.75, 8.65928e-06
2474.73, 1.44239e-05
2170.93, 3.42038e-05
1529.59, 5.21982e-05
1912.56, 4.683e-06
2358.53, 9.27479e-06
1746.31, 2.15565e-05
1905.34, 2.02519e-05
1357.12, 1.55945e-05
2189.66, 6.74435e-06
1001.73, 4.29305e-05
2465.82, 9.76943e-06
1662.1, 1.13498e-05
1188.31, 0.000389839
1036.85, 1.22953e-05
1081.57, 1.9297e-06
1657.58, 3.74248e-05
1441.87, 1.75798e-05
1213.71, 6.18849e-06
1970.37, 1.62198e-05
1136.01, 4.36941e-05
1336.86, 9.07435e-06
1137.86, 0.00023036
1635.06, 4.45655e-05
1933.53, 5.07102e-05
1692.01, 2.11906e-05
2264.31, 0.000186172
1777.03, 9.28944e-06
1431.49, 4.08994e-05
1136.94, 2.39975e-05
2433.46, 2.489e-06
2100.95, 7.66486e-06
1096.11, 5.37237e-05
1974.21, 3.4189e-05
2210.11, 3.74251e-06
1963.77, 8.35684e-06
1807.84, 0.000145422
2023.85, 5.23064e-05
2131.8, 2.25497e-05
2048.07, 9.46906e-06
1774.29, 0.000277672
1308.51, 2.24786e-05
1368.31, 2.6602e-06
1090.88, 1.23713e-05
1251.69, 1.21309e-05
1232.87, 3.3675e-06
2131.53, 1.07346e-05
1157.24, 1.13079e-05
1837.62, 6.38522e-05
2257.26, 1.22217e-05
1595.37, 1.2987e-05
2349.28, 2.14232e-05
2314.4, 4.09962e-05
1895.6, 9.78097e-06
1446.98, 5.99452e-05
2494.73, 1.12638e-05
2334.63, 3.35015e-06
1404.51, 9.39164e-05
2476.15, 3.63955e-06
1738.31, 3.46493e-05
1017.25, 3.62307e-05
2391.35, 1.13676e-05
2445.45, 8.30979e-06
1009.04, 0.000653362
1245.02, 6.67337e-06
2188.08, 4.89448e-06
1791.32, 2.11166e-05
1095.33, 1.78746e-05
1321.6, 7.64632e-05
2034, 3.03958e-05
1700.02, 1.65144e-05
1749.85, 4.2883e-05
1618.79, 3.94925e-06
2310.31, 1.83436e-05
1423.82, 8.04051e-05
1305.38, 1.62947e-05
1898.13, 0.00552507
2102.24, 0.000157686
2084.66, 1.31621e-05
1379.94, 3.30729e-05
2425.29, 1.64941e-06
1186.88, 4.80925e-05
1268.78, 4.33795e-07
1684.83, 1.05045e-05
1906.52, 5.01148e-06
1911.62, 1.82415e-05
1421.11, 0.000259321
1992.03, 2.2848e-05
2234.4, 1.60256e-05
1308.56, 4.32085e-05
2117.7, 1.6113e-05
2355.24, 1.02109e-05
2335.67, 4.06942e-06
1057.88, 0.000261871
1273.69, 0.00011703
1391.07, 1.10957e-05
2482.43, 7.61532e-06
1795.3, 1.74688e-05
1184.93, 1.49979e-06
1490.17, 1.10119e-05
1875.81, 1.25031e-05
1735.24, 1.35744e-05
1049.96, 2.73993e-05
1600.58, 1.74095e-05
1017.41, 3.54644e-05
1172.25, 0.000188802
1777.49, 2.52671e-06
1659.67, 1.82919e-05
2468.4, 4.28234e-06
2389.28, 4.37749e-06
1213.92, 1.59696e-05
2138.96, 5.67172e-06
2070.61, 0.000155438
2239.29, 2.86933e-06
2484.36, 2.50031e-05
2053.39, 1.39544e-05
1840.22, 3.03276e-05
1755.76, 1.89885e-05
1449.06, 4.61944e-06
2032.56, 1.75649e-05
2047.24, 5.66385e-05
2035.97, 3.62312e-06
2442.2, 1.29605e-05
1487.91, 9.1081e-06
1876.83, 4.53523e-05
1589.07, 5.61385e-05
2450.66, 1.2993e-05
1466.1, 0.000196181
2222.48, 7.04727e-06
2282.32, 1.04549e-05
2496.92, 2.12514e-05
1767.49, 0.000430668
1915.81, 9.28123e-06
2288.66, 1.13181e-05
1051.18, 0.000106396
1078.73, 2.80606e-05
1381.72, 2.43138e-05
1907.45, 4.99739e-05
1239.35, 1.03381e-06
1666.85, 2.97364e-05
1090.19, 2.92368e-05
2247.91, 6.29778e-06
2084.97, 2.91568e-05
1107.49, 1.04502e-05
1304.51, 2.2418e-05
2372.99, 2.28245e-05
1832.45, 3.37577e-05
1521.47, 5.36627e-05
1544.58, 4.92856e-05
2463.75, 8.94505e-06
2353.55, 2.10728e-05
1823.42, 1.79631e-05
1574.62, 1.4257e-05
1170.46, 0.000138193
2428.65, 3.00587e-06
1224.76, 5.41519e-06
1194.09, 3.80545e-06
1592.78, 8.00865e-06
1060.13, 5.37478e-06
1585.5, 5.75137e-06
1321.05, 2.39235e-05
2022.01, 4.80964e-05
1607.78, 0.000180377
1712.28, 0.00011867
1782.16, 1.27445e-05
2270.26, 2.15402e-05
2047.21, 1.561e-05
1920.94, 0.000128188
1445.65, 1.4597e-05
2328.46, 1.09782e-05
1504.65, 9.37828e-06
2280.72, 2.40605e-06
1181.48, 7.25146e-06
2191.93, 1.25924e-05
1111.64, 2.8902e-07
2085.19, 1.0895e-05
1889.13, 7.11123e-05
1622.51, 8.2988e-05
2350.91, 6.08225e-06
2199.94, 1.71158e-05
1168.77, 7.22071e-06
2195.78, 6.40258e-06
1815.58, 2.40014e-05
2364, 0.000107643
2356.51, 1.10126e-05
1316.05, 0.000102241
2120.19, 2.70048e-06
1499.24, 5.50114e-06
1680.74, 8.61321e-05
2055.48, 4.57245e-05
1243.86, 5.53195e-06
1625.95, 0.000304386
1080.07, 1.42208e-05
1523.46, 7.1058e-05
1574.89, 6.80265e-05
1750.64, 2.14143e-06
2057.7, 0.000106775
2171.84, 5.60407e-06
2055.59, 1.10841e-05
2140.88, 1.2343e-05
1229.98, 1.1777e-06
1287.43, 2.30243e-05
2129.42, 1.18795e-05
1322.47, 1.01221e-05
1590, 0.000175263
1215.29, 9.11882e-07
1803.69, 5.7534e-05
2359.92, 1.02995e-05
1311.87, 1.49697e-05
2310, 8.71391e-06
2256.8, 6.66102e-06
1632.62, 1.21537e-05
1950.77, 3.39508e-05
2032.04, 1.05917e-05
1717.59, 5.17316e-05
1557.91, 3.78011e-06
2368.66, 3.04602e-06
1743.84, 3.83074e-05
1587.69, 8.44151e-06
1287.09, 7.74818e-06
2468.44, 6.72804e-05
1128.94, 2.2619e-05
1452.25, 0.000109229
2240.95, 6.07509e-06
1867.05, 4.99399e-05
1384.5, 0.000204881
1070.62, 1.09064e-05
1427.93, 2.39466e-05
1973.23, 7.30251e-06
2351.26, 9.24973e-06
1401.02, 9.411e-06
2062.35, 6.30241e-06
2389.33, 0.000962371
2105.74, 3.23761e-06
1780.27, 7.50597e-05
1569.58, 9.20012e-05
2097, 2.87062e-05
1888.15, 2.07239e-06
1826.57, 5.82181e-06
2487.74, 9.72458e-05
2313, 5.98432e-06
2012.41, 1.21443e-05
1817.48, 2.20364e-05
1747.85, 4.71886e-05
1551.9, 4.14587e-05
1108.33, 2.13194e-05
1908.03, 2.98623e-06
1296.16, 1.17149e-05
1438.4, 4.11943e-06
1612.71, 6.56631e-05
1971.22, 0.000144868
1802.19, 1.89007e-05
1310.95, 0.000131864
2476.58, 2.25962e-05
1759.88, 2.09578e-05
2209.22, 2.55858e-06
1471.98, 3.13583e-05
1540.26, 1.18381e-05
2081.1, 5.91086e-06
2185.45, 1.98866e-05
1383.96, 0.000107175
2104.04, 2.47276e-05
2390.8, 4.40965e-06
1775.87, 3.2058e-05
1086.57, 2.59803e-05
2469.05, 2.42805e-05
1358.59, 5.7345e-05
1668.2, 5.93632e-05
1688.88, 1.26529e-05
2424.2, 7.96829e-07
2390.7, 9.47724e-06
1733.07, 1.55416e-05
1239.98, 2.30878e-06
2090.94, 3.96198e-06
1372.63, 1.99733e-05
2314.46, 9.10358e-06
1777.24, 1.17528e-05
1717.3, 1.71057e-05
1949.05, 3.38303e-05
1352.53, 3.53655e-05
1239.15, 1.20336e-06
2193.02, 4.47412e-06
2054.08, 7.20581e-05
2029.37, 4.5293e-05
1801.77, 5.11585e-05
2158.54, 6.00476e-06
2376.09, 3.91018e-06
1275.6, 1.1474e-05
1159.02, 1.08315e-05
1498.97, 3.29118e-05
1229.47, 7.94731e-06
1095.96, 0.000120874
2138.3, 1.59341e-05
2340.96, 3.41974e-06
1943.16, 2.29742e-05
1992.81, 0.000123443
1944.31, 7.16187e-06
1194.24, 2.20532e-05
1618.69, 8.39274e-06
1886.49, 0.00118224
1571.86, 4.37294e-05
1632.78, 4.83104e-05
1883.32, 1.35387e-05
1123.29, 6.7649e-06
2252.85, 3.50557e-05
1570.71, 9.76088e-06
1743.1, 5.34652e-05
2381.8, 1.12632e-05
1931.12, 5.11661e-06
2160.32, 1.63267e-05
2038.14, 3.10993e-05
2148.16, 1.13641e-05
1131.91, 3.78097e-06
2329.1, 7.90925e-06
1162.08, 2.22429e-05
2067.18, 1.14856e-05
1365.73, 4.72575e-06
2322.62, 5.28987e-06
2409.55, 3.75086e-06
2209.65, 4.98828e-06
1939.96, 5.84783e-06
2226.05, 5.58169e-06
2214.87, 2.19372e-05
1607.87, 0.000211283
2090.8, 5.31483e-05
1286.25, 1.83239e-05
1082.52, 0.000307633
1697.97, 3.39585e-05
2337.15, 1.24657e-05
2379.02, 7.80625e-06
1139.85, 0.000226673
1384.02, 1.56601e-05
1085.12, 0.000116375
1272.14, 5.98251e-06
2257.23, 1.04677e-05
2173.24, 2.64289e-05
2206.36, 9.43936e-06
1481.36, 2.70021e-05
1313.9, 6.84516e-06
1618.6, 1.36527e-05
1583.66, 0.00101411
2040.61, 5.29707e-06
1235.64, 6.56615e-06
1922.99, 3.74353e-06
1447.16, 2.13651e-05
2107.37, 6.72443e-06
2416.46, 2.46304e-05
1314.47, 6.12822e-05
1913.71, 3.20913e-06
2083.03, 1.7513e-05
2127.19, 3.04189e-06
1778.45, 1.23023e-05
2286.12, 5.65654e-06
1309.25, 2.6384e-05
2036.09, 7.65948e-06
2070.35, 6.05943e-06
1728.35, 4.61582e-05
1823.66, 6.01201e-06
2384.57, 3.0394e-06
1401.92, 0.000550619
1191.77, 8.91426e-06
1921.98, 0.000131243
2172.69, 0.000122738
1170.41, 5.08233e-06
1002.27, 0.00053603
2470.88, 6.55388e-06
2168.12, 3.29319e-05
1448.22, 6.86811e-05
2143.12, 4.93684e-06
1853.27, 2.11007e-05
1605.34, 8.53709e-06
2167.67, 2.35777e-05
1670.08, 0.000233146
2291.78, 4.33779e-06
1464.45, 1.98997e-05
2168.32, 1.22426e-05
2299.44, 1.2384e-05
1804.5, 2.85674e-05
1927, 4.33842e-05
2267.3, 3.93647e-05
1907.94, 8.11625e-06
1239.21, 3.40734e-06
1459.04, 3.45473e-05
1454.67, 1.95184e-05
2350.31, 3.03541e-06
1580.24, 1.33814e-05
2159.05, 2.28083e-05
2185.56, 8.83794e-06
1293.4, 2.48429e-05
1443.42, 2.45036e-05
1782.85, 3.59554e-06
1680.15, 5.33377e-06
1218.51, 0.000133284
2332.74, 3.98361e-05
1851.04, 5.5292e-06
1529.77, 2.04401e-05
1260.23, 8.92947e-06
1234.36, 1.56863e-05
2412.66, 8.57789e-06
1307.17, 0.000140355
1512.14, 0.000174962
1733.19, 9.7499e-05
2481.63, 9.45339e-06
1007.49, 4.36802e-07
1346.3, 1.72815e-05
2291.46, 7.29896e-06
1301.37, 2.1132e-05
1625.21, 1.41904e-05
2383.87, 5.09144e-06
1110.06, 1.58246e-06
1921.83, 1.42578e-05
1510.44, 5.82079e-06
2179.48, 9.8086e-06
1838.71, 3.89468e-05
2286.78, 4.47402e-06
1691.3, 8.23119e-06
1222.92, 1.51773e-05
1582.49, 2.43695e-05
1865.27, 3.07315e-05
1015.37, 0.000210382
2120.34, 3.66363e-05
1102.52, 0.000112391
1796.05, 9.09709e-05
1815.09, 2.53488e-05
2246.34, 7.96089e-06
1360.08, 7.95191e-06
1504.84, 6.65404e-06
1736.97, 0.000405932
2077.03, 1.39781e-05
1096.14, 1.08073e-05
1808.47, 0.000429595
2318.52, 5.05708e-06
1261.84, 1.23864e-05
1016.41, 2.06484e-05
1694.06, 1.535e-06
1699.95, 7.40365e-05
1147.39, 4.84709e-06
2136.43, 2.63355e-05
1844.71, 6.29762e-06
1877.63, 0.000128369
2423.65, 8.13155e-06
1325.09, 3.35722e-05
2018.08, 7.26944e-06
1867.58, 0.00010977
2035.32, 9.70095e-06
2050.12, 9.90592e-06
2232.28, 1.77012e-06
1261.54, 3.90533e-05
1329.14, 0.000115246
1433.29, 6.77315e-06
2365.67, 4.22031e-06
1590.02, 5.15625e-05
2296.64, 5.42449e-05
2358.44, 6.29128e-06
1616.38, 0.000116581
1402.52, 1.30357e-05
1092.75, 1.57864e-06
1734.07, 3.14686e-05
1620.58, 3.68097e-06
1429.85, 4.01074e-05
1854.06, 4.96963e-05
2492.31, 1.30247e-05
1314.22, 2.84471e-05
1557.69, 1.16407e-05
1592.09, 9.23465e-06
2079.45, 2.58225e-05
1075.42, 8.1439e-05
1214.76, 8.98491e-07
1507.64, 4.05267e-05
2237.6, 2.18717e-05
1185.85, 6.51147e-06
1961.03, 1.87105e-05
1232.96, 1.35063e-05
2217.46, 9.01583e-06
1529.5, 2.68702e-05
1942.57, 7.83901e-06
1522.32, 2.46428e-05
1265.42, 9.60938e-05
1392.33, 6.60409e-06
1917.86, 1.74821e-05
1280.15, 7.76578e-06
1381, 0.000111187
1644.48, 3.80238e-05
1425.68, 6.53264e-06
1988.54, 8.2515e-06
1348.4, 9.52402e-06
1792.51, 5.64565e-05
1481.21, 1.52221e-05
1664.75, 9.01941e-06
1184.04, 2.87823e-05
2085.85, 1.87447e-05
1425.74, 1.14306e-05
1846.13, 2.11495e-05
1382.88, 1.25056e-05
1891.84, 6.47437e-05
2428.89, 3.92415e-06
1837.8, 1.257e-05
1288.25, 1.93798e-05
1119.67, 1.2378e-05
1070.19, 2.92143e-06
1479.62, 8.43999e-06
2090.2, 6.03642e-06
1484.33, 0.000155616
2260.56, 1.07093e-05
1093.04, 1.30665e-05
1122.27, 3.26128e-06
1509.64, 3.74686e-05
2180.45, 7.92422e-06
1501.6, 1.82401e-05
1321.64, 2.83011e-06
2467.62, 1.19121e-05
1875.66, 6.71391e-06
1421.8, 3.54126e-05
2452.25, 4.79714e-06
1234.76, 1.15381e-05
1964.6, 1.60322e-05
1308.81, 1.06779e-05
1327.38, 7.41759e-06
1443.97, 0.000291163
1217.25, 3.76607e-05
2467.49, 4.63871e-06
1619.17, 3.77067e-06
1597.9, 0.000157282
1712.48, 3.01283e-05
1157.63, 1.59167e-06
1245.34, 4.1591e-05
1135.49, 5.85915e-06
1682.88, 0.000255237
1852.34, 2.90126e-05
1325.23, 8.02061e-06
2280.25, 7.38639e-06
1599.59, 1.50741e-05
2070.92, 1.3019e-05
1768.49, 7.46174e-05
2200.33, 3.5705e-06
2490.63, 4.50445e-05
2361.65, 1.93071e-05
1362.16, 9.51006e-06
2078.92, 0.00104914
1809.59, 1.24588e-05
1605.19, 9.14e-05
2475.85, 2.4959e-06
1558.2, 2.47474e-06
1300.03, 5.28824e-05
1906.29, 5.71935e-06
1091, 4.50597e-05
2459.1, 5.9731e-05
1143.72, 2.4274e-05
2082.92, 4.54778e-06
1708.82, 1.52619e-05
1595.18, 2.09024e-05
2482.82, 6.7893e-06
2355.83, 9.57976e-06
2079.42, 6.72167e-06
1709.53, 1.53662e-05
2236.08, 1.96632e-05
1619.21, 0.000191886
2378.85, 5.80265e-06
2395.79, 2.97748e-05
1975.37, 1.48745e-05
1485.46, 4.80369e-05
1770, 2.94467e-05
1331.84, 7.40123e-05
2089.02, 2.80589e-05
2219.43, 3.32595e-05
1368.47, 1.90816e-05
1898.01, 1.8748e-05
2104.99, 4.87543e-05
1632.67, 0.000272394
1570.76, 0.000383178
1354.14, 2.75115e-06
2434.07, 6.35198e-06
2252.42, 1.42479e-05
1124.91, 5.64669e-06
2050.13, 5.09481e-06
1343.49, 1.27508e-06
1000.88, 8.98875e-07
1182.9, 8.81749e-07
1197.68, 3.70859e-07
1175.12, 3.42322e-06
2345.07, 1.30011e-05
1004.13, 2.75815e-05
2298.39, 4.60588e-06
1869.1, 3.04899e-05
1887.24, 3.39442e-05
1325.87, 1.2607e-05
1219.23, 5.37765e-05
1809.34, 9.1162e-05
2192.07, 7.39021e-06
1650.83, 1.25571e-05
1324.65, 7.20281e-06
2393.19, 5.5129e-06
1783.92, 0.000141936
1305.49, 1.18597e-05
1605.18, 5.52101e-06
2326.96, 1.06098e-05
2353.82, 1.14238e-05
1163.61, 7.54399e-06
2138.49, 5.64023e-05
1661.27, 1.20937e-05
1488.01, 2.43466e-06
1524.79, 5.75985e-06
2343.04, 5.78717e-06
1940.78, 7.15106e-06
2411.02, 8.78333e-06
2436.4, 1.8988e-05
2080.68, 1.23531e-05
1558.03, 2.51714e-05
1924.36, 1.07728e-05
1649.2, 0.000161164
2067.03, 1.06709e-05
1411.19, 5.51475e-05
1037.56, 3.47273e-05
1803.98, 7.01585e-05
1730.28, 4.56972e-05
1305.21, 0.000103907
1956.47, 5.4131e-06
1702.21, 0.000140699
1837.64, 1.83486e-05
1805.64, 1.09324e-05
1023.41, 6.87257e-05
2398.64, 5.25453e-06
2284.87, 4.09312e-05
1276.9, 1.19777e-05
2109.81, 8.15623e-06
1745.63, 6.0957e-05
2469.53, 8.7609e-05
1869.44, 9.49576e-05
1040.47, 2.541e-05
1897.56, 1.11445e-05
1244.83, 4.9671e-06
1702.64, 4.59884e-05
1979.82, 2.71241e-05
2125.56, 8.42781e-06
2109.35, 4.98795e-06
2155.36, 3.72282e-05
1867.74, 4.87664e-06
1851.19, 2.62085e-05
2039.73, 0.000119665
1236.9, 4.25334e-05
1152.09, 1.49675e-05
1196.46, 4.86955e-06
1827.86, 2.23068e-05
1503.65, 9.87012e-05
2329.78, 7.93695e-06
2305.79, 9.65817e-06
1616.7, 1.92959e-05
1008.34, 3.22769e-05
1773.84, 3.35959e-05
1818.58, 1.37756e-05
1565.96, 7.37571e-06
2127.4, 3.32845e-05
2398.53, 7.15953e-05
2350.06, 1.72711e-05
1224.73, 1.95735e-05
1768.09, 2.78884e-05
1464.29, 2.48103e-05
1885.84, 1.44353e-05
1840.42, 1.52499e-06
1162.59, 1.55665e-06
1974.55, 8.17667e-06
2107.84, 6.40207e-06
1093.47, 6.31298e-05
1810.19, 3.24875e-05
1912.04, 8.13274e-05
2297.6, 5.65848e-06
1874.01, 1.07e-05
1798.78, 7.91663e-05
2466.87, 5.67137e-06
2380.78, 8.43811e-06
1971.87, 5.45186e-06
1612.02, 4.90051e-05
2335.3, 6.91099e-06
2083.38, 1.19378e-05
1165.57, 0.000229707
2190.69, 6.01273e-06
2206.55, 1.30846e-05
2191.39, 2.48994e-05
2138.34, 1.04236e-05
2490.71, 0.000118137
1351.99, 0.000101206
2004.93, 2.3006e-05
1392.57, 0.000466055
1445.13, 2.08506e-05
1083.2, 1.24253e-05
2164.06, 6.69079e-06
1168.33, 3.89824e-06
1685.66, 6.67649e-05
2097.7, 9.49982e-06
1236.49, 2.19356e-05
1704.54, 1.44288e-05
2298.54, 8.61752e-06
2459.25, 4.77049e-06
1162.9, 9.60594e-06
1584.58, 2.47752e-06
1489.59, 2.12653e-06
1338.16, 1.356e-05
2070.92, 0.00180235
1589.55, 9.08529e-06
1751.95, 4.74948e-05
2184.85, 5.434e-05
1178.02, 1.96439e-05
1586.45, 6.2839e-05
2023.69, 9.01627e-06
1865.55, 2.77132e-05
1828.27, 2.57506e-05
1386.36, 4.85975e-05
2088.81, 5.28668e-06
1004.83, 1.87263e-05
1013.73, 1.79041e-05
1797.52, 6.23638e-06
1481.4, 4.33949e-05
1069.92, 8.05208e-07
1873.18, 2.3733e-06
1228.9, 5.65464e-06
1127.37, 5.54825e-06
1465.17, 9.81887e-06
1072.89, 3.21362e-05
1537.61, 1.02824e-05
1857.04, 7.40687e-05
1428.37, 7.15544e-06
2471.42, 4.37384e-06
2135.49, 2.08867e-05
1916.27, 8.22112e-05
2348.33, 2.95324e-06
1502.99, 8.50188e-06
1950.57, 3.97315e-05
1385.78, 6.35257e-05
2114.8, 1.14339e-05
1229.85, 4.72692e-05
1408.75, 1.63565e-05
2278.1, 4.73954e-06
1620.45, 1.45451e-05
1255.79, 1.82166e-05
1876.71, 1.32393e-05
1551.38, 2.2858e-06
2296.94, 9.36867e-06
1113.5, 5.65092e-07
1104.78, 2.10508e-06
2178.86, 1.11358e-05
2052.53, 1.40418e-05
1600.47, 3.3004e-05
2485.27, 2.55333e-05
1131.12, 3.41295e-05
2349.77, 3.97527e-06
1488.28, 1.08871e-05
1557.22, 1.4521e-05
1171.5, 8.76407e-06
2276.9, 1.52975e-05
2067.14, 8.96062e-06
1266.09, 9.32707e-06
1925.8, 6.49874e-05
1267.29, 1.50566e-06
1771.41, 5.62704e-06
2166.22, 8.91091e-06
1483.49, 8.27762e-06
2166.25, 1.69704e-06
1826.3, 1.08653e-05
2237.75, 3.54487e-06
1901.58, 2.56621e-05
2297.44, 4.93994e-05
1918.52, 5.18396e-06
1804.88, 5.66987e-06
1054.76, 1.82308e-05
1664.76, 1.30571e-05
2330.94, 3.34899e-06
1822.33, 4.02791e-05
1326, 0.000110491
2133.98, 3.11317e-05
1131.26, 4.94815e-05
1898.32, 1.11731e-05
2298.19, 8.65414e-06
1882.56, 1.73316e-05
1035.31, 0.000190203
1633.5, 4.4991e-05
1331.35, 0.000134641
2375.06, 2.75678e-05
1155.94, 1.06181e-05
1710.27, 1.80456e-06
2494.77, 1.29023e-05
2230.44, 4.21776e-05
1406.97, 1.05516e-05
1048.48, 0.00172264
1390.05, 2.80944e-05
1836.47, 1.45053e-05
1944.47, 1.58262e-05
1217.24, 1.52604e-05
2287.1, 5.04744e-06
1655.78, 9.16623e-05
1268.41, 1.56198e-06
1672.47, 3.27981e-05
1104.06, 1.66843e-05
1449.07, 1.65656e-05
1010.75, 6.58928e-05
1478.16, 6.36231e-05
1023.26, 0.000161665
1910.34, 0.000225503
1772.69, 5.18901e-05
2310.28, 7.12952e-05
1470.46, 0.000194398
2186.09, 1.26254e-05
1433.73, 0.000618076
1876.77, 6.14579e-06
1117.38, 0.000115757
2462.34, 7.91725e-06
1231.35, 1.64878e-05
1425.3, 3.50913e-06
1737.44, 9.15657e-06
2046.23, 3.07449e-05
2073.69, 3.55793e-06
2470.55, 3.68517e-06
1806.23, 5.30931e-06
2105.3, 2.0506e-05
1028.19, 2.04098e-05
1831.63, 4.28512e-05
1497.82, 1.51153e-05
1744.69, 1.85937e-05
1271.84, 0.000459159
2090.18, 1.50071e-05
1784.79, 1.06504e-05
2205.23, 9.01492e-06
2154.82, 3.06555e-06
1927.71, 1.11999e-05
1451.15, 2.38992e-05
1137.06, 5.93384e-05
2101.69, 5.85292e-06
1287.56, 2.35959e-05
1117.74, 3.49305e-05
1592.62, 0.000142761
2199.06, 1.87234e-05
1543.5, 9.58319e-06
1152.49, 2.17362e-05
2342.55, 8.46619e-06
1297.59, 1.91594e-06
1293.56, 3.36017e-05
2489.45, 3.19747e-05
1223.8, 3.15292e-05
2478.83, 2.14011e-05
1040, 1.3059e-05
2376.08, 3.09697e-06
1739.14, 1.08335e-05
2336.78, 6.92695e-06
2245.04, 1.28065e-05
2478.35, 7.89135e-06
1975.21, 1.7016e-05
2354.22, 1.17409e-05
1089.67, 0.000236281
1143.53, 3.51975e-06
1648.92, 1.83812e-05
1716.8, 5.21033e-06
2014.59, 7.45426e-05
1552.19, 4.34057e-06
1911.31, 7.24071e-06
2245.18, 9.08167e-06
1459.53, 1.69903e-05
1296.3, 1.18873e-06
1696.95, 0.000130113
1854.07, 6.999e-06
2007.31, 5.07175e-06
1116.52, 3.83618e-05
1176.41, 2.19978e-05
1626.73, 1.62603e-05
2272.05, 3.45432e-05
2378.12, 4.08246e-06
1389.4, 1.3081e-05
1312.94, 8.15995e-05
1538.18, 5.93538e-06
2318.31, 1.18981e-05
2255.88, 3.23706e-06
2081.12, 1.70779e-05
1914.71, 9.31225e-06
2335.68, 6.46636e-06
1325.34, 3.63521e-06
1129.25, 1.76853e-05
1258.09, 0.00010898
2106.44, 0.000145708
1937.42, 2.96065e-05
1495.24, 2.05925e-05
1825.33, 7.93333e-06
1344.76, 3.00202e-05
1568.82, 1.73067e-05
2453.23, 1.02526e-05
2414.57, 4.72105e-06
1996.76, 1.36868e-05
1829.2, 0.000280123
1731.88, 0.000100965
2168.55, 4.00764e-05
2350.54, 1.44572e-05
1321.33, 2.42301e-05
1358.13, 5.06361e-06
2383.5, 3.79207e-06
1812.83, 5.8277e-05
1355.18, 6.7586e-06
1025.37, 0.000256873
2483.24, 1.58479e-05
2227.57, 1.72852e-05
2291.47, 0.000292493
1960.25, 0.000184738
2215.8, 5.39445e-05
2030.18, 2.29614e-06
1667.25, 4.1991e-05
2460.95, 4.74627e-06
1228.2, 5.71845e-05
2376.48, 8.99492e-06
2438.48, 4.63531e-06
1397.38, 1.24259e-05
1501.77, 1.4888e-06
1221.69, 2.13092e-06
1161.62, 7.84426e-06
1949.64, 6.82483e-06
2266.92, 1.07089e-05
1852.99, 7.95314e-06
1130.21, 1.20997e-06
1706.65, 1.52278e-05
1934.11, 6.97852e-06
1880.39, 7.06993e-06
2234.17, 8.55027e-05
2421.93, 1.5751e-05
1018.58, 1.76349e-05
1085.16, 0.000133842
1427.57, 1.8756e-05
1006.13, 0.000251789
1012.15, 0.023485
1908.29, 7.79141e-06
2124.87, 2.20132e-05
1249.58, 5.65557e-06
1316.86, 1.99555e-05
1225.45, 2.18291e-06
1752.51, 4.45007e-05
2414.21, 1.72077e-05
1323.02, 8.25489e-05
2362.88, 2.43485e-06
2451.65, 3.56508e-05
1556.43, 1.04997e-05
1477.69, 2.38401e-06
2019.3, 2.33583e-05
2246.2, 1.52848e-05
2292.05, 5.81392e-05
1260.08, 7.57588e-06
1421.6, 0.000142325
1048.3, 0.00117607
2178.88, 7.83068e-06
1362.77, 1.42281e-05
1468.32, 4.69938e-05
1782.4, 4.10171e-06
1695.75, 0.000942259
2305.99, 0.000151132
1752.04, 0.000253287
1979.73, 8.71972e-07
2143.49, 0.000471023
1457.93, 1.1119e-05
2278.72, 1.99619e-05
2148.64, 3.84239e-06
2208.32, 6.62945e-06
1514.83, 7.02868e-06
1824.26, 5.59679e-05
1918.97, 4.15765e-06
1174.45, 3.28467e-06
1948.5, 0.000234843
2190.28, 2.24242e-05
1765.06, 9.11232e-06
1823.55, 5.13469e-06
2091.39, 3.83548e-06
1543.92, 1.38205e-05
2210.29, 5.53643e-06
2191.25, 2.54705e-05
1841.48, 6.98661e-05
1640.15, 1.41781e-05
2041.13, 9.09095e-06
2029.08, 9.28245e-05
1457.36, 4.22228e-05
1697.31, 3.85007e-05
2388.17, 1.58005e-06
1295.52, 1.63485e-05
2402.32, 3.75792e-06
1870.03, 4.27969e-05
1515.17, 1.81613e-06
1221.98, 3.38965e-05
1696.02, 8.94246e-05
2194.71, 6.79774e-06
1415.75, 8.66056e-06
1294.31, 8.67366e-06
2404.19, 2.45231e-05
2453.51, 1.35721e-05
1804.25, 2.88133e-05
1510.22, 7.41719e-05
1989.25, 0.000468041
2028.88, 8.48803e-06
1462.43, 4.92972e-05
2403.7, 5.72404e-05
1089.01, 6.04198e-06
1838.71, 8.72003e-06
1934.72, 8.35983e-06
1439.98, 1.30874e-05
1061.76, 1.53458e-05
1688.09, 5.83906e-06
1359.98, 7.26064e-05
1281.05, 1.66344e-05
1361.55, 2.79938e-05
1959.46, 0.000117945
2025.75, 1.68246e-05
2181.57, 5.72948e-06
2112.51, 1.21938e-05
1382.02, 9.30571e-06
2341.53, 6.55824e-06
2217.38, 7.39224e-06
1689.09, 1.36385e-05
1050.37, 0.000318928
2013.92, 2.7862e-05
1813.25, 0.000251566
2449.29, 4.06449e-06
2158.9, 1.44433e-05
1194.98, 9.81531e-06
1507.64, 3.20516e-05
1221.47, 1.04188e-05
1888.88, 1.72394e-05
2489.96, 7.70301e-05
1109.04, 5.22813e-05
1089.97, 2.48398e-05
1654.94, 2.40689e-05
1207.05, 2.80179e-05
2253.31, 5.73708e-06
2432.4, 1.00573e-05
1792.11, 2.11967e-05
1342.78, 5.18126e-05
1725.73, 5.98271e-05
2049.36, 6.56301e-06
1833.44, 2.32266e-05
1232.78, 5.37573e-06
1999.39, 1.3817e-05
2132.3, 2.19311e-05
1120.69, 5.20644e-05
1807.4, 1.39369e-05
1586.15, 4.89829e-06
1491.63, 1.46694e-05
2250.14, 5.82977e-06
2073.39, 1.33745e-05
2249.97, 4.48234e-06
2186.14, 1.44671e-05
1763.69, 1.66424e-05
1574.61, 3.41942e-06
1897.29, 9.81775e-06
1776.83, 2.91244e-05
2205.35, 2.442e-06
1973.87, 1.66942e-05
1899.32, 8.68585e-05
1944.3, 1.6875e-05
1945.66, 1.17322e-05
2263.51, 3.57698e-06
1741.82, 1.44319e-05
1573.23, 2.32489e-05
1566.9, 2.25644e-05
2226.35, 6.38169e-06
1749.4, 4.25019e-05
1542.89, 1.57878e-05
1756.61, 0.000112006
1612.18, 3.46874e-05
1824.33, 1.50133e-05
1853.48, 6.81904e-05
1048.12, 0.00022461
1426.23, 1.04677e-06
2343.33, 1.47844e-05
1760.68, 8.34273e-05
1607.38, 2.37872e-05
1200.57, 1.93234e-06
1437.86, 1.56124e-05
2383.9, 4.58235e-06
1521.34, 2.65326e-05
1183.55, 9.22501e-07
2011.1, 3.13736e-05
2238.9, 7.0088e-05
1122.22, 0.000162818
1867.39, 3.36448e-05
1907.31, 2.17989e-05
2438.04, 3.61294e-06
1299.05, 1.57851e-05
2395.66, 7.17412e-06
2441.35, 2.35672e-05
1638.8, 7.59786e-06
1809.81, 4.18342e-06
2078.29, 8.59668e-06
2157.89, 1.44338e-05
2251.27, 5.15362e-05
1166.06, 1.8751e-06
1628.56, 1.12404e-05
1964.68, 0.00033707
2443.11, 1.48859e-05
1219.35, 1.37358e-06
2294.31, 3.23269e-06
2018.96, 1.46892e-05
1639, 0.000286783
1865.1, 2.37326e-05
1024.11, 1.77159e-05
1682.66, 6.72662e-06
2388.98, 3.72197e-06
1468.24, 5.89762e-05
2182.97, 5.90597e-06
1172.53, 1.47798e-06
2306.35, 6.38808e-05
1698.74, 1.93081e-05
2498.24, 1.19154e-05
2134.22, 1.37877e-05
1788.48, 8.44543e-06
2188.16, 2.02976e-06
2110.69, 1.04456e-05
2323.6, 2.32417e-05
1641.28, 3.75341e-06
1718.24, 7.52103e-06
2123.59, 5.51376e-06
1387.98, 5.9014e-06
1181.83, 6.45778e-06
1869.66, 5.53513e-06
1374.73, 1.17602e-05
2496.68, 7.8314e-06
1405.69, 3.1024e-06
2339.99, 1.80012e-05
2131.4, 6.84978e-05
1524.64, 1.97668e-05
1338.83, 7.54824e-06
1349.2, 0.000152409
2116.34, 4.22957e-06
1889.24, 4.28548e-06
1632.11, 0.00013013
1717.87, 4.42272e-06
1869.84, 1.12177e-05
1611.34, 3.9268e-05
1141.67, 5.30685e-06
2271.9, 0.00120977
1438.14, 2.17377e-05
1059.99, 0.000643342
1823.09, 0.000390783
2402.38, 3.42237e-06
1626.02, 1.35598e-05
1640.96, 7.79049e-05
2461.29, 2.48437e-06
1344.46, 4.49369e-05
2475.21, 5.17616e-06
1585.04, 2.37085e-06
2116.89, 3.13154e-05
1583.35, 1.63161e-05
1145.43, 8.39451e-06
2079.55, 7.67844e-06
1896.45, 2.3384e-05
2146.5, 1.17392e-05
1790.02, 9.70233e-06
1545.09, 6.12146e-06
1959.87, 5.52391e-06
2155.08, 1.66353e-05
1373.48, 2.76854e-06
1161.58, 2.49056e-05
1962.95, 6.77806e-06
1248.14, 7.8123e-05
2326.94, 6.41598e-06
1812.31, 6.2401e-06
2091.58, 1.96435e-06
1470.53, 3.76263e-05
1679.38, 4.28982e-06
1789.38, 3.24677e-06
1177.28, 4.01571e-06
1801.6, 7.17799e-06
1234.7, 2.01199e-05
2156.69, 7.88881e-05
2003.99, 1.5695e-05
1116.07, 1.97837e-05
1208.64, 3.90982e-06
1733.16, 3.80062e-05
1168.21, 1.4245e-05
1731.08, 6.52382e-06
2414.61, 1.44251e-05
1575.59, 6.62866e-05
1889.51, 5.75585e-06
2444.2, 9.46177e-06
1885, 3.25336e-05
2204.37, 1.37102e-05
1328.77, 3.38543e-05
1605.27, 0.000242389
2134.63, 5.05715e-06
2361.42, 5.02779e-06
1187.65, 4.61012e-06
1398.23, 1.08876e-06
1659.9, 8.08799e-06
1199.79, 7.21215e-06
1354.9, 2.01302e-05
1725.47, 0.000143211
2007.63, 3.68268e-06
2169.17, 2.31918e-05
2085.68, 1.04157e-05
1126.17, 5.31609e-06
2478.11, 1.74539e-05
1277.52, 2.2328e-06
2378.38, 2.18941e-05
1621.08, 2.63596e-05
1274.39, 2.86302e-06
2338.32, 6.59505e-06
1683.47, 1.29767e-05
2069.76, 8.48287e-06
1868.23, 6.08462e-05
2481.38, 1.04093e-05
1865.16, 2.85351e-05
1525.89, 5.02996e-05
1324.71, 0.000164021
2489.89, 7.92838e-06
2457.76, 2.44116e-06
1502.67, 1.39502e-05
1854.68, 7.67941e-05
1062, 1.61579e-05
1151.52, 3.06492e-05
1627.65, 1.77396e-05
2381.02, 3.41662e-06
1918.05, 2.63353e-06
1989.93, 4.84951e-06
2233.47, 7.65737e-06
1620.32, 0.00011703
2057.9, 1.97891e-06
2187.85, 1.38502e-05
1049.65, 2.31682e-06
1542.98, 3.50611e-05
1141.62, 1.1527e-06
1074.55, 5.30119e-05
1478.88, 9.68067e-06
2182.83, 4.28533e-06
1932.52, 1.3934e-05
1440.28, 5.81316e-05
1471.77, 0.000349801
1651.22, 1.23565e-05
1745.12, 1.01709e-05
2188.93, 3.378e-06
1490.79, 0.000101858
1581.94, 1.43258e-05
1375.26, 0.000114165
2144.75, 9.57175e-06
1798.52, 8.30119e-06
1413.71, 1.5984e-05
1184.42, 9.75542e-06
2155.24, 6.88274e-05
1691.21, 1.24554e-05
1450.41, 1.84068e-06
2085, 6.26392e-06
2140.52, 1.52132e-05
2103.88, 0.00015478
1024.06, 7.61556e-06
1112.29, 0.000169449
1817.22, 0.000282051
2268.07, 6.40136e-06
2022, 4.01593e-06
1209.07, 5.68968e-05
1882.15, 8.89999e-06
1543.56, 9.40589e-06
1078.99, 1.42264e-05
2216.05, 1.31241e-05
1135.52, 4.26884e-06
1913.17, 4.95618e-05
1650.53, 1.75747e-05
1993.29, 1.97113e-05
1672.98, 7.70974e-06
2200.67, 0.000123804
2336.18, 1.36379e-05
1382.73, 6.11993e-06
1800.92, 2.99838e-06
1270.04, 2.18801e-05
1976.91, 7.45666e-06
1794.55, 7.82562e-06
2286.35, 2.86072e-05
1012.36, 3.03344e-05
1673.58, 5.35097e-05
1616.11, 9.01898e-06
1283.33, 6.18884e-06
1945.1, 8.97982e-06
1323.91, 7.06971e-06
1909.23, 1.21885e-05
1692.42, 0.000125104
2140.29, 2.77559e-06
1723.97, 5.27011e-05
1278.2, 6.3264e-06
1906.49, 2.8373e-05
1235.97, 1.96427e-06
1578.03, 3.32002e-05
2087.78, 0.000100077
1963.02, 3.99837e-06
1833.42, 8.79561e-05
2355.31, 9.71592e-06
1478.6, 5.52267e-05
1235.84, 1.7113e-06
1216.29, 1.96453e-05
1007.48, 2.12443e-05
1190.11, 2.11205e-06
2066.56, 4.07063e-06
2113.46, 3.10282e-06
1025.58, 4.28303e-05
2063.75, 6.17042e-06
2343.94, 5.63228e-05
1330.85, 4.59924e-06
2464.84, 8.75011e-06
1535.48, 6.39883e-06
1901.65, 8.8025e-06
1713.34, 0.000222001
1930.48, 8.8528e-06
1404.73, 1.95788e-05
2259.72, 1.72062e-06
2114.93, 9.81177e-06
1207.88, 3.25811e-06
1841.6, 1.0559e-05
1252.69, 2.91588e-05
1165.86, 1.97804e-06
2145.75, 2.57766e-05
1030.82, 4.83159e-05
2445.95, 5.70649e-06
2243.76, 8.31739e-06
1068.81, 1.83074e-06
1597.39, 4.62955e-06
2180.38, 1.21383e-05
2083.23, 1.72867e-05
1819.45, 4.69759e-05
1336.57, 9.28607e-06
2178.19, 5.25399e-06
1736.15, 2.38069e-05
1901.59, 5.83951e-06
1334.25, 5.53287e-06
1307.38, 1.40419e-05
1481.08, 0.000323421
2195.97, 1.51689e-05
2495.87, 4.78631e-05
1787.53, 5.43721e-05
1233.05, 2.84123e-06
1566.89, 1.35863e-05
2493.19, 1.16063e-05
2050.94, 9.02919e-05
1157.99, 5.4622e-06
1854.9, 5.33718e-05
2252.84, 0.000133546
1249.97, 2.01146e-05
2423.05, 1.13345e-05
2179.69, 3.7132e-06
1837.01, 1.28152e-05
1514.13, 5.59911e-05
1596.11, 0.00122392
1575.73, 4.93648e-05
2392.45, 6.74478e-06
2078.22, 8.13441e-06
1028.05, 3.06212e-05
2258.54, 3.08287e-05
1435.23, 8.55077e-06
1095.61, 8.69646e-06
1620.7, 0.00324117
2257.23, 1.43541e-05
2350.23, 5.49726e-06
1175.62, 8.17976e-07
2405.59, 3.66701e-06
1125.58, 4.35265e-06
2353.01, 2.12267e-06
2076.91, 1.89623e-05
1825.7, 1.83635e-05
2033.13, 1.29256e-05
1026.29, 2.11596e-05
1768.77, 9.38757e-06
1027.04, 0.000101024
2041.07, 4.14732e-06
2333.9, 1.20242e-05
1445.25, 0.000151081
2327.99, 2.10598e-06
1110.23, 9.36978e-06
2471.63, 2.67431e-05
1080.98, 0.000179634
1682.71, 0.000206519
1914.8, 1.06631e-05
1998.54, 7.71573e-05
1222.3, 2.08705e-06
2045.36, 3.43257e-05
1958.09, 3.91026e-05
1414.94, 9.49707e-06
1914.66, 7.60568e-06
1321.58, 5.76432e-05
1281.84, 4.34748e-05
2165.29, 5.40484e-06
1721.17, 3.93728e-06
1955.85, 6.0263e-05
2144.26, 4.33356e-05
1366.82, 1.37777e-05
2097.66, 1.79838e-05
1580.32, 6.56561e-05
1516.5, 4.61012e-06
1336.14, 1.85103e-05
1745.18, 5.03091e-06
1421.28, 2.27675e-06
1413.59, 1.08103e-05
1242.91, 1.22723e-06
2039.11, 2.53933e-05
2474.27, 3.27321e-06
1174.82, 2.30951e-06
2216.4, 4.32478e-06
1339.3, 5.03461e-05
2144.8, 7.17682e-06
2088.87, 3.84351e-06
1033.1, 0.000208784
2411.99, 7.41349e-06
1111.67, 2.46258e-05
1305.08, 7.76707e-06
1230.63, 3.74371e-06
2152.95, 5.43818e-05
2344.91, 1.21776e-05
1892.93, 2.96312e-06
2105.98, 4.58678e-06
2078.4, 1.10016e-05
2284.74, 9.51005e-06
1941.65, 3.14769e-05
1003.53, 2.63387e-05
1695.89, 1.36844e-05
1341.36, 1.56488e-05
2049.52, 8.90787e-06
2450.88, 1.58556e-06
1390.11, 3.65294e-05
1891.73, 2.42033e-05
2139.26, 5.56444e-06
1079.28, 4.58164e-05
2348.88, 2.21235e-06
1285.98, 7.96085e-05
1216.93, 2.45966e-05
1556.08, 0.000172793
1176.58, 5.53312e-06
2294.93, 6.55728e-05
1194.19, 6.17385e-07
2480.98, 2.42141e-05
2006.25, 1.85247e-05
1446.12, 1.25653e-05
2240.46, 3.52215e-05
1106.68, 3.45901e-06
2310.33, 1.33075e-05
1255.05, 5.08788e-06
1551.75, 0.000343625
1142.46, 0.000223136
2460.59, 1.49167e-05
2332.01, 2.02679e-05
2058.02, 9.55462e-06
2075.92, 1.16892e-05
1832.94, 2.93471e-05
1887.4, 4.60252e-06
1346.44, 1.45134e-05
1573.26, 3.88167e-06
2463.14, 1.89522e-05
2301.48, 7.45629e-06
1163.11, 5.92133e-06
2368.59, 3.97137e-06
1825.37, 5.86493e-05
1045.6, 0.000123037
1041.66, 0.00020505
1673.25, 6.40602e-06
2459.98, 6.54195e-06
1537.55, 2.46714e-05
1718.31, 3.96843e-05
1757.19, 1.53055e-05
1525.28, 3.86511e-06
1738.07, 4.22314e-05
1073.48, 6.47689e-05
2065.59, 1.3062e-05
2181.93, 7.51544e-06
1434.58, 5.02387e-06
2219.06, 6.72318e-06
2128.28, 0.000155748
1632.95, 3.57943e-06
1561.14, 1.25389e-05
1201.71, 6.03497e-05
1922.56, 7.15661e-06
1193.37, 3.58135e-06
1232.5, 1.57836e-05
1965.52, 9.16119e-06
1986.23, 1.13791e-05
1461.76, 7.47881e-06
1578.52, 1.04879e-05
2372.38, 0.000172305
1408.73, 1.67733e-05
1489.22, 4.34463e-06
1324, 2.44339e-05
2257.7, 9.0437e-06
1203.17, 2.6215e-06
1932.95, 2.59211e-05
1207.49, 6.45996e-06
1798.54, 8.48915e-05
1386.35, 6.3137e-05
2422.75, 1.90676e-06
2322.05, 1.11721e-05
1673.43, 0.000360237
1114.95, 1.3631e-06
2141.11, 1.16799e-05
2459.7, 2.16276e-05
2355.9, 4.38788e-06
2238.49, 1.15569e-06
1658.33, 2.78813e-05
1338.76, 7.59133e-06
2307.44, 4.35631e-06
2281.37, 9.23265e-06
1945.23, 7.89845e-06
1802.81, 0.000230849
2122.94, 3.66844e-05
1617.91, 3.30274e-05
1936.9, 2.28768e-05
2395.02, 1.02472e-05
1201.03, 1.24871e-06
2223.73, 1.73666e-05
1842.63, 2.68989e-05
2146.78, 5.38332e-06
1550.58, 9.07465e-06
2261.24, 1.40108e-05
1998.33, 6.87306e-06
1369.58, 1.1841e-05
2482.65, 5.00839e-05
1599.77, 2.58911e-05
1157.08, 3.17173e-05
1394.97, 3.54392e-07
2189.73, 1.21856e-05
1859.37, 1.01015e-05
1206.79, 3.24631e-06
1191.73, 7.70128e-06
1870.36, 4.04831e-05
2059.06, 7.22165e-06
1147.87, 1.62926e-06
1089.09, 0.000176677
1769.03, 1.49616e-05
1133.39, 6.95768e-06
2121.9, 1.36351e-05
1046.98, 0.000168107
2326.88, 1.70966e-05
2231.16, 1.08821e-05
1840.77, 4.55001e-05
1897.34, 8.10627e-06
2319.73, 5.12193e-06
2259.25, 1.84245e-06
1746.75, 2.49801e-05
1908.36, 0.000161738
2482.16, 0.000135337
2394.87, 0.000869173
1171.13, 3.20276e-06
1166.31, 7.09085e-06
1824.86, 2.1017e-05
1907.86, 8.46185e-06
1233.9, 1.85898e-06
1048.63, 0.00028748
1422.19, 2.84056e-05
1194.12, 6.92294e-06
1391.55, 1.19699e-05
1375.83, 1.63426e-05
1408.89, 3.34758e-05
2001.27, 5.49453e-06
1708.03, 3.86286e-06
1325.59, 9.94817e-06
1204.57, 1.71657e-06
1749.71, 4.0032e-05
2475.44, 3.03391e-06
1896.56, 1.16936e-05
2285.68, 2.73884e-05
2207.36, 8.78904e-07
1854.57, 5.22583e-06
1951.44, 8.62854e-06
1319.68, 1.7182e-05
1416.95, 0.000130326
1974.66, 2.06116e-05
1917.84, 1.58833e-05
1814.23, 6.97324e-05
1181.47, 7.8535e-07
2116.56, 5.75922e-06
1404.63, 0.000242604
1391.71, 0.000124343
2335.11, 4.14373e-06
1842.67, 4.35692e-06
2127.62, 4.62351e-06
2153.28, 5.36994e-06
1169.61, 8.74331e-06
1697.88, 0.000131509
2055.99, 4.20574e-05
1494.25, 0.000109775
1938.58, 5.75841e-06
2131.1, 6.61245e-06
1436.86, 3.4721e-05
1090.32, 1.18322e-05
1211.48, 2.90169e-06
1834.69, 6.43184e-06
2316.07, 1.19121e-05
1212.38, 2.71827e-06
1844.79, 1.12978e-05
1058.33, 3.65653e-05
2328.88, 2.08553e-05
1762.02, 2.63463e-06
1377.53, 5.35652e-05
1333.89, 1.64e-06
1239.55, 3.66211e-07
1106.89, 2.00523e-06
1986.44, 2.04785e-05
2498.66, 1.56412e-05
1109.85, 1.12918e-05
1650.04, 4.09339e-06
1881.38, 1.75447e-05
1933.1, 4.66468e-06
1898.75, 7.94196e-06
2067.88, 7.6815e-06
1894.9, 2.36592e-05
2194.38, 6.41536e-05
1083.15, 1.24153e-05
1140.26, 5.85038e-05
1421.05, 0.000311359
1308.12, 0.00053766
1283.62, 6.84518e-05
2148.11, 6.74263e-06
1180.04, 6.91983e-06
1536.24, 1.73941e-05
1648.98, 2.23964e-05
2139.19, 9.65245e-06
2414.11, 1.84889e-05
2179.44, 2.94142e-05
1200.77, 6.2478e-06
1240.58, 5.99585e-05
2002.92, 1.07564e-05
2418.28, 8.87736e-05
2261.67, 9.55236e-06
1342.97, 1.83743e-05
1998.41, 6.56121e-06
1773.58, 3.53772e-05
2427.71, 7.68412e-05
1540.33, 0.000223432
1990.02, 8.21338e-06
1283.14, 9.76362e-06
2148.12, 2.70606e-05
1789.31, 2.01526e-05
1665.56, 8.27908e-06
1150.85, 2.55049e-05
1224.5, 1.52758e-05
2125.06, 5.94482e-06
1812.91, 6.13895e-06
1503.94, 3.9431e-06
1942.23, 2.0365e-05
1916.23, 3.7828e-05
1872.89, 5.08634e-06
2129.87, 1.41264e-05
2329.13, 3.27702e-06
1663.62, 3.43014e-05
1378.07, 3.32055e-05
1909.27, 2.35096e-05
1346.95, 0.000127847
1003.5, 0.000124972
2054.98, 2.05706e-05
1891.76, 3.01581e-05
2430.73, 2.81949e-06
1038.54, 2.59575e-05
2004.31, 3.03458e-05
1851.23, 2.01204e-05
1796.6, 1.7775e-05
2134.24, 3.41238e-06
1725.57, 2.51936e-05
1186.89, 1.65334e-05
2196.15, 2.17063e-05
1274.4, 1.1435e-05
1496.83, 0.000181908
1151.02, 4.12843e-05
2408.93, 7.51272e-05
1301.01, 2.09753e-06
1543.66, 7.34912e-05
2066.04, 0.000109025
1403.97, 1.44583e-05
1943.41, 1.66336e-05
2346.78, 1.11098e-05
1616.7, 1.30216e-05
2248.43, 1.51578e-05
2046.51, 6.45147e-06
1956.98, 6.55618e-06
1278.6, 1.03013e-05
1741.7, 1.10821e-05
1823, 9.77038e-06
1011.03, 6.25702e-05
2033.02, 1.3287e-06
2330.72, 6.47734e-06
2221.74, 3.48862e-06
2104.55, 0.000920543
1513.47, 1.94063e-05
1122.55, 2.236e-05
1220.63, 9.58201e-06
1696.76, 7.45597e-06
1609.02, 8.69291e-05
1585.03, 2.77673e-05
1148.47, 4.69946e-05
2415.94, 2.97617e-06
1289.79, 2.05469e-05
1508.26, 2.8481e-05
1464.69, 1.39672e-05
1687.94, 3.5362e-05
1930.83, 2.72303e-05
2244.53, 6.16481e-06
1681.73, 5.9916e-05
1830.07, 1.11201e-05
2367.73, 7.68602e-06
1873.73, 1.81327e-05
1594.79, 1.17819e-05
1906.32, 0.000146214
2270.26, 1.19564e-05
1871.59, 4.37742e-05
1498.36, 1.1194e-05
1672.49, 5.81561e-05
2241.83, 6.69778e-06
1275.66, 5.02119e-05
1175.37, 6.62122e-06
1315.2, 2.57948e-05
1168.03, 2.44701e-06
1124.25, 1.46211e-05
2175.52, 1.33343e-05
1389.05, 2.84336e-06
2396.92, 6.26574e-05
1857.83, 0.000134802
1288.52, 2.01111e-06
1743.25, 2.97566e-05
1972.19, 6.38445e-06
1243.41, 1.11819e-05
2337.21, 1.44523e-05
1630.51, 9.67713e-06
2363.06, 1.90173e-05
1538.87, 2.95944e-05
2058.85, 1.02718e-05
2494.31, 1.67463e-06
1400.28, 0.000392843
2177.79, 5.53816e-06
2498.27, 5.31923e-06
1916.36, 5.98288e-05
2365.03, 6.58655e-06
1940.8, 1.01879e-05
2434.78, 2.27147e-06
1960.95, 4.76358e-06
1579.93, 4.46723e-05
1126.18, 3.19251e-06
1372.28, 2.08984e-05
2462.95, 9.28059e-06
1240.04, 1.41504e-05
1181.26, 1.32334e-06
1706.06, 1.0106e-05
1205.36, 3.52977e-05
2188.15, 1.4449e-05
2205.75, 1.48107e-05
1478.74, 2.02592e-05
2471.43, 1.5988e-05
1095.53, 4.65031e-05
1784.77, 0.000194305
1352.16, 2.12029e-05
1317.74, 1.15654e-05
2193.96, 1.52257e-05
2074.92, 4.9351e-06
1206.53, 3.55415e-05
1177.68, 9.40306e-06
2157.14, 6.6255e-06
1849.81, 7.80232e-06
1450.19, 9.67235e-06
1942.45, 3.44858e-05
1626.62, 6.48845e-05
1697.08, 1.30697e-05
1377.72, 0.000139728
2446.53, 4.39042e-05
1712.25, 1.73441e-05
2196.12, 1.11259e-05
1107.51, 1.6437e-05
2121.24, 1.30591e-05
1731.73, 0.00031641
1778.39, 2.80452e-05
2153.05, 1.23754e-05
1442.58, 1.85311e-05
1140.67, 2.33128e-05
1104.33, 7.9334e-05
2295.14, 3.10488e-05
1812.57, 1.12021e-05
1886.87, 8.68621e-06
2289.97, 3.06398e-06
1596.51, 1.23204e-05
1047.76, 3.65066e-05
1865.5, 1.65645e-05
2467.93, 2.19208e-05
2087.64, 2.01384e-06
2485.96, 7.38957e-06
1789.41, 5.61756e-07
1748.82, 4.18328e-06
2448.92, 1.33707e-05
1508.02, 3.28143e-05
1610.53, 1.14211e-05
1091.28, 0.00012545
1620.07, 2.34486e-05
1971.29, 1.59465e-05
1427.64, 2.49176e-05
2234.88, 6.4041e-06
2376.48, 4.98414e-06
2231.01, 1.04923e-05
1292.17, 5.59421e-06
1780.02, 2.18849e-05
2465.56, 5.40657e-05
2366.67, 7.8927e-06
1004.81, 0.000144416
2268.03, 9.41152e-06
1788.72, 1.11949e-05
1283.75, 5.32324e-06
1780.43, 9.58781e-06
1527.9, 0.000987883
1425.87, 8.4242e-06
2136.74, 8.43926e-06
1859.74, 2.32928e-05
2418.42, 5.98309e-06
1240.29, 2.58128e-05
1253.14, 1.10776e-05
2436.73, 3.46858e-05
2043.91, 8.54033e-06
2054.39, 2.22242e-05
2409.04, 2.36116e-05
2183.64, 1.00178e-05
2279.76, 1.66994e-05
1228.75, 1.10869e-05
1717.88, 8.57505e-06
2161.4, 9.07788e-06
1376.2, 1.16019e-05
1249.98, 7.00704e-05
1235.91, 1.75723e-05
1700.17, 2.34205e-05
1660.39, 5.75452e-06
1811.98, 7.5578e-05
1038.53, 1.18367e-05
2326.63, 1.34811e-05
2484.99, 3.88682e-05
1717.75, 9.11707e-06
1866.4, 7.25787e-05
1688.3, 1.12937e-05
2336.84, 6.33846e-05
1016.99, 0.000236394
1772.1, 1.16259e-05
2063.09, 1.09686e-05
1324.33, 3.45093e-05
1026.69, 3.63609e-06
1210.62, 1.41235e-05
1838.79, 1.48994e-05
2246.37, 7.635e-06
1221.69, 3.09823e-06
1881.89, 1.44017e-05
1726.11, 0.000140579
1381.43, 1.8059e-05
2357.92, 3.6513e-05
1123.78, 4.04682e-06
1843.96, 1.32221e-05
2405.56, 5.5551e-06
2320.91, 2.80729e-05
1573.83, 1.22212e-05
1922.71, 0.000678626
1446.18, 4.52625e-06
1355.43, 2.95092e-05
1310.64, 8.18134e-06
2204.25, 1.11015e-05
1184.26, 8.10357e-06
2000.98, 1.1301e-05
1033.17, 8.55529e-05
2124.84, 6.53408e-06
1190.37, 1.64508e-06
1103.89, 4.7749e-05
1533.44, 4.40777e-05
2366.77, 6.56976e-06
2224.92, 1.81388e-05
1948.16, 1.44453e-05
2203.81, 9.30808e-06
1800.21, 1.93114e-06
2047.71, 0.00066929
1338.98, 0.000478033
2265.51, 1.222e-05
1063.28, 9.64685e-06
2263.93, 4.09585e-06
1126, 4.34703e-05
2318.77, 2.13604e-05
1049.34, 3.54968e-05
2286.5, 1.02937e-05
1913.22, 0.000425448
2309.18, 2.23116e-06
1730.78, 1.18044e-05
2112.09, 5.55521e-05
1940.23, 3.46856e-05
1366.51, 1.02208e-05
2004.23, 3.1088e-06
1289.43, 1.49798e-05
1295.69, 2.22779e-05
1978.65, 8.77001e-06
2201.43, 0.000123923
1297.09, 1.119e-05
2082.59, 3.64064e-06
1898.76, 8.54924e-05
1673.45, 0.00013905
1877.07, 4.39892e-06
1630.97, 8.97157e-06
2125.57, 2.53091e-05
1358.31, 1.72578e-05
2157.55, 1.60377e-05
2105.26, 2.98655e-06
1356.95, 2.88377e-05
2463.31, 1.0083e-05
1466.11, 3.00639e-06
1842.57, 7.53097e-05
1172.58, 9.11165e-05
1182.98, 1.55524e-07
2437.14, 3.00876e-06
1555.77, 9.21083e-05
1800.06, 1.8664e-05
2013.29, 0.000156894
1222.67, 4.54617e-06
1204.68, 1.23771e-05
1599.15, 0.000138833
1383.48, 0.000170101
1144.86, 1.52833e-05
1639.67, 1.09014e-05
1855.48, 7.64838e-06
1381.83, 6.81099e-06
1852.13, 2.43552e-05
2329.33, 2.75982e-05
1808.72, 2.11527e-05
2315.38, 3.1848e-05
1845.59, 1.72796e-05
2447.44, 4.32865e-06
1355.14, 8.09082e-06
2090.11, 1.44637e-05
2270.34, 7.83987e-06
1259.52, 2.81631e-06
1942.49, 4.4772e-05
1016.66, 0.000194721
1986.72, 4.27762e-05
1740.96, 1.01576e-05
2430.45, 0.00012837
2067.94, 5.6257e-06
1295.08, 2.26988e-05
2196.9, 3.44911e-05
2114.09, 6.36984e-06
1091.31, 8.91084e-05
1237.41, 1.2401e-06
2490.39, 7.55537e-06
1822.59, 5.25594e-06
1765.65, 3.34481e-05
1551.83, 1.6127e-05
2409.32, 5.09046e-05
2418.09, 9.99913e-05
2252.17, 3.77974e-06
1430.75, 6.45855e-06
2497.26, 0.000179789
1239.85, 4.31541e-05
1273.61, 0.000138213
1210.45, 2.89556e-06
2221.3, 3.31718e-05
1002.37, 0.000822588
2139.24, 7.20831e-06
1490.76, 3.23043e-06
2425.81, 0.000113847
1580.53, 3.71686e-06
2130.2, 9.02103e-05
2454.26, 6.29134e-06
1237.14, 9.18706e-06
2375.48, 1.00697e-05
2124.81, 5.33084e-06
2249.15, 6.97424e-06
2070.23, 5.18732e-06
2453.78, 3.20477e-05
2438.5, 3.75029e-05
1805.96, 6.49703e-05
1853.58, 9.8522e-06
1133.82, 1.37756e-05
2027.85, 8.06467e-06
1681, 4.89288e-06
1260.68, 6.28072e-05
1710.1, 7.8667e-05
2240.37, 2.58932e-05
2132.82, 5.86748e-05
1040, 0.000295804
2285.78, 2.55273e-06
1920.89, 1.1598e-05
1231.85, 8.28643e-06
1399.18, 7.6886e-06
2363.01, 2.81732e-06
2155.37, 5.03408e-06
1627.39, 4.79281e-06
1272.7, 7.33442e-06
1277.14, 4.57657e-06
1300.84, 8.65458e-06
1194.99, 2.42059e-06
1993.49, 9.02005e-06
2430.82, 7.74194e-06
2050.64, 5.81876e-06
2405.97, 3.92419e-05
1154.96, 8.08803e-06
2409.62, 3.59812e-05
1485.84, 1.20274e-05
2183.95, 8.40366e-06
2053.75, 1.5037e-05
2258.74, 1.19334e-05
2355.53, 1.74713e-06
1289.78, 7.9227e-06
2349.82, 1.68039e-06
2402.16, 7.73172e-06
1017.61, 0.000110923
2304.47, 1.22793e-05
1633.04, 5.50698e-05
2101.15, 9.08141e-05
2038.42, 3.55691e-05
1433.52, 4.71279e-05
1441.67, 3.13684e-06
1572.06, 2.35999e-06
1854.37, 1.75721e-05
1101.6, 2.01905e-06
1125.71, 9.11267e-06
1247.93, 7.53527e-07
1132.95, 1.44281e-05
1651.71, 2.19165e-05
2399.97, 1.24589e-05
1222.64, 2.09584e-05
2373.86, 1.74613e-05
1648.74, 5.35652e-05
1797.67, 8.62047e-05
2000.74, 7.87544e-06
1982.4, 5.754e-05
1946.8, 2.16241e-05
1901.35, 9.4525e-05
1886.11, 0.000863581
2077.59, 5.43273e-06
2125.04, 2.36089e-05
1493.09, 9.35196e-05
1272.69, 5.23678e-05
1039.12, 0.000140059
1326.9, 2.24415e-05
2061.75, 1.55134e-05
1659.5, 5.90319e-05
1331.44, 0.000190975
1056.73, 4.2773e-05
1000.92, 3.14207e-05
1435.74, 5.4377e-05
2054.54, 3.736e-06
1921.04, 4.12935e-06
2221.95, 8.20067e-06
1533.24, 5.86544e-05
1855.58, 1.6221e-05
1148.49, 2.71127e-05
2363.69, 3.44043e-06
2209.51, 6.92585e-06
1746.84, 9.15815e-06
1464.28, 9.21971e-05
2236.01, 1.36717e-05
1494.85, 2.86556e-06
1929.12, 8.66485e-06
1685.67, 2.67141e-06
2494.7, 3.75603e-06
2203.07, 9.07507e-06
1205.02, 5.68557e-06
2013.09, 0.000447221
1920.51, 1.26315e-05
1425.17, 1.32363e-05
1563.68, 2.84912e-05
2114.79, 4.64318e-06
1857.73, 2.99189e-05
2109.22, 1.51495e-05
1801.52, 0.0003151
2009.71, 4.15726e-05
1357.36, 3.87136e-05
1488.55, 1.05246e-05
1255.48, 7.75111e-06
1571.46, 4.64457e-05
1900.01, 0.000112483
1048.61, 0.000128026
1851.12, 1.049e-05
1279.27, 3.13565e-06
1162.38, 6.66818e-06
1017.62, 4.55228e-05
2105.44, 6.16224e-06
1584.68, 4.76605e-05
1076.57, 0.00240993
1079.11, 2.41575e-05
1655.79, 1.7393e-05
1306.77, 2.08451e-05
1536.35, 9.99059e-06
2177.28, 1.76016e-05
2238.88, 8.44586e-05
2088.21, 5.51975e-06
1100.86, 3.67308e-05
1880.73, 7.62577e-05
1146.43, 8.35259e-07
1332.98, 4.28361e-05
1057.04, 0.000109696
1781.24, 0.000105001
1920.29, 4.17988e-06
2489.93, 1.39805e-05
1826.98, 7.5253e-06
2386.71, 9.5344e-06
1512.62, 7.11372e-06
1379.72, 2.23517e-05
1460.89, 0.00209047
2341.31, 5.32271e-06
1973.26, 1.62404e-05
2162.32, 1.38573e-05
1484.4, 6.73729e-06
1407.6, 1.6062e-05
2198.14, 7.54964e-05
2056.82, 1.34108e-05
2474.51, 6.65496e-05
1132.92, 5.16431e-05
2367.42, 5.64005e-06
1700.54, 1.66751e-05
2417.73, 2.61796e-06
1871.26, 1.6117e-05
2458.47, 1.04322e-05
1323.51, 3.19576e-05
1156.77, 1.73649e-06
1625.66, 9.15397e-05
1499.15, 1.71684e-05
2238.42, 2.00266e-05
2353.96, 1.60631e-05
1605.16, 3.18184e-05
1785.53, 1.71921e-05
1160.21, 2.13163e-07
1598.36, 4.10778e-06
1521.86, 0.000157981
1703.47, 7.60876e-06
1668.11, 4.31684e-05
1760.46, 9.952e-05
1136.6, 1.02186e-06
2057.23, 3.59092e-06
1935.98, 4.69365e-05
1057.77, 8.08735e-07
1502.09, 0.00113658
1412.32, 4.81766e-05
2211.25, 6.85646e-06
1530.5, 2.71982e-05
2060.94, 1.35577e-05
1876.71, 1.53428e-05
1121.65, 1.19675e-05
1973.01, 4.09505e-06
1088.67, 4.08668e-05
1027.14, 3.09842e-05
1900.22, 4.77505e-05
2338.43, 3.47819e-05
2314.01, 1.43729e-05
2045.43, 2.21336e-05
1592.18, 7.64399e-07
1932.04, 7.81773e-06
1161.5, 4.68228e-06
1396.32, 1.32507e-05
1597.48, 3.45226e-06
2008.17, 7.3165e-06
2206.27, 8.49778e-06
1718.83, 8.59267e-06
1062.55, 8.26743e-06
2138.65, 6.45076e-05
1493.34, 1.2312e-05
2482.28, 3.67374e-06
2100.74, 9.50814e-06
2273.14, 7.98866e-06
1466.18, 9.8184e-06
2048.05, 4.71912e-06
1426.42, 1.37667e-05
2360.29, 1.19527e-05
1108.03, 1.87112e-05
2458.53, 1.35186e-05
2418.42, 5.59305e-05
2450.41, 9.13189e-06
1580.29, 3.66454e-05
2010.65, 7.20069e-06
2016.18, 9.05821e-06
2384.09, 4.96694e-06
1385.62, 0.00449359
1012.92, 9.87188e-06
2355.13, 3.5316e-06
1137.87, 9.07788e-06
1630.36, 0.000107991
1716.92, 1.31896e-05
1890.87, 1.58692e-05
1786.63, 0.000327696
1978.37, 1.83377e-05
1310.72, 6.44947e-05
1932.15, 1.99947e-05
2307.44, 1.82863e-05
1964.63, 1.69454e-05
2425.49, 5.52911e-06
2013.17, 1.61989e-05
2333.07, 4.78315e-06
2163.22, 0.000207835
1437.42, 5.10025e-05
1438.14, 0.00016576
2381.67, 3.52797e-06
1540.46, 3.29093e-05
2301.41, 1.02446e-06
1152.22, 6.92961e-06
2114.11, 8.25754e-05
1951.3, 1.19114e-05
1515.24, 6.02827e-06
1873.45, 3.82936e-05
1434.8, 1.682e-05
1868.55, 2.87762e-05
2399.23, 8.81787e-06
1627.47, 1.33553e-05
1731.27, 1.15861e-05
2356.82, 2.51485e-06
1810.87, 0.00166481
1105.88, 3.16553e-05
2069.34, 0.000170214
2067.85, 7.78687e-06
2176.35, 1.59461e-05
1895.9, 4.20019e-06
2476.75, 6.56582e-06
2433.7, 0.000132394
2491.07, 2.55191e-06
1497.23, 1.22196e-05
2489.31, 7.08823e-06
2377.46, 5.70097e-06
1331.56, 5.61862e-06
1121.37, 2.14505e-05
2047.78, 2.53368e-05
1054.49, 9.28325e-05
2341.47, 5.06169e-05
1884.23, 1.7678e-06
1784.55, 2.47e-05
2118.63, 9.77902e-06
2303.59, 1.43977e-05
2038.7, 6.1484e-06
1619.79, 1.25993e-05
1797.19, 7.40736e-06
1889.07, 9.91853e-06
2331.64, 2.20335e-05
1557.68, 5.14953e-05
1023.74, 2.65256e-05
1851.3, 2.01268e-05
2081.03, 3.96846e-05
2278.26, 1.14314e-05
1602.66, 5.44869e-05
1622.29, 1.6054e-05
2487.68, 4.87534e-06
2476.22, 4.22567e-05
1742.95, 9.87248e-06
2073.91, 7.02448e-06
2233.51, 5.3418e-06
2181.73, 6.76577e-06
1718.86, 7.51026e-06
1111.81, 1.74629e-06
1962.07, 4.91354e-05
1782.69, 3.42805e-05
2487.41, 6.25595e-06
1034.19, 0.000522532
1105.77, 6.88293e-05
1403.96, 4.10336e-05
1242.97, 4.84178e-07
1796.3, 1.55301e-06
1768.12, 5.54012e-05
2020.82, 3.41011e-06
2371.43, 5.66669e-06
1100.15, 1.04878e-05
1398.4, 5.4311e-05
1216.59, 9.09851e-06
1124.45, 1.41614e-05
2243.84, 4.19449e-05
2182.48, 2.80223e-05
2437.79, 1.14598e-05
2332.76, 9.2277e-06
1476.17, 5.48875e-06
1418.92, 6.51647e-06
2406.55, 1.08395e-05
1645.13, 4.70446e-05
1529.75, 8.94668e-06
2287.98, 3.95627e-05
1511.74, 3.02299e-06
1365.17, 4.30569e-05
1535.06, 2.86437e-06
2249.17, 1.45426e-05
1184.71, 9.36232e-07
1904.6, 7.85188e-06
1801.31, 8.82559e-06
2429.71, 1.46814e-05
1835.16, 1.13498e-05
1004.54, 8.06681e-05
1491.58, 5.85499e-05
1477.87, 4.10383e-06
1488.75, 0.000189569
2187.62, 1.57222e-05
1436.4, 1.68359e-05
1334.34, 2.82622e-06
2261.86, 2.23392e-05
1149.15, 4.94346e-06
2209.78, 1.26623e-05
1359.91, 1.08217e-05
2076.82, 4.94284e-06
1534.01, 8.59799e-06
1330.37, 1.0067e-05
1907.38, 1.04416e-05
1494.76, 1.28818e-05
2219.36, 1.99495e-05
1265.08, 2.8511e-05
1824.27, 1.71189e-05
2142.16, 1.2584e-05
1861.57, 0.000102686
1850.6, 1.71599e-05
1576.09, 2.45599e-05
1644.53, 7.99867e-06
1857.68, 1.09465e-05
1392.35, 3.11522e-06
1762.3, 1.3777e-05
1393.29, 3.59949e-05
2374.15, 0.000638322
2145.39, 1.91269e-06
1823.28, 7.18129e-05
1183.9, 3.35043e-06
1391.85, 2.59455e-05
1971.86, 1.52214e-05
1024.57, 9.85004e-05
2162.21, 1.53016e-05
1511.42, 4.00886e-06
2444.07, 1.69159e-05
1856.31, 4.012e-05
1822.46, 9.87701e-06
1687.35, 0.000271235
1624.07, 1.22739e-05
2485.02, 1.40799e-05
2321.31, 2.82227e-05
1820.1, 6.60216e-06
1945.78, 3.00327e-06
1316.65, 1.55095e-05
1846.59, 1.44936e-05
2166.5, 1.31596e-05
1044.61, 1.38181e-05
1586.99, 3.5874e-05
1766.54, 0.0001831
2024.23, 1.18876e-05
1509.83, 8.40704e-05
1394.6, 4.96024e-06
1587.79, 1.78867e-06
2308.77, 7.52002e-06
1828.32, 1.06138e-05
1916.32, 1.62173e-05
1282.93, 2.8874e-06
2427.6, 1.40269e-05
2401.14, 9.24599e-06
1498.08, 1.6979e-05
1051.55, 3.04203e-05
1924.86, 9.41061e-06
1149.74, 7.75096e-07
1641.97, 5.11486e-05
1450.42, 1.09507e-05
1965.44, 0.00102302
1088.37, 2.66877e-05
2091.37, 3.28464e-05
1757.75, 1.08355e-05
1643.66, 1.17677e-05
2385.01, 2.09074e-05
2212.47, 3.58541e-06
2476.63, 2.15584e-05
1221.88, 9.14894e-06
1496.37, 9.56727e-05
1443.99, 1.44248e-05
2377.1, 3.21672e-06
2118.56, 5.37512e-06
1500.93, 5.76123e-06
1263.12, 4.79879e-06
2195.91, 2.83721e-05
1375.45, 6.88044e-06
1730.9, 4.05549e-05
1119.43, 1.82235e-05
2007.34, 2.32868e-05
1052.71, 1.29462e-05
1825.88, 3.66139e-05
2271.45, 1.79375e-05
1194.76, 2.55377e-06
1822.09, 5.22986e-06
1085.82, 3.08273e-05
1479.44, 1.92527e-05
1895.14, 2.82834e-06
1966.01, 9.28257e-06
2417.38, 2.39694e-05
1747.34, 0.000119857
1918.65, 0.000149247
2005.96, 7.03003e-06
1976.92, 1.46765e-05
1526.79, 2.02714e-05
2481.96, 5.22465e-06
2154.21, 1.17983e-05
2084.67, 1.971e-05
1813.57, 1.32442e-05
2319.61, 8.51452e-06
2234.96, 5.84398e-06
1102.82, 1.59835e-06
1357.47, 2.53264e-05
1268.8, 7.05009e-05
1622.93, 1.96586e-05
2126.51, 4.83718e-05
1607.8, 1.68965e-05
2328.9, 2.25248e-06
1344.44, 1.64818e-05
1494.48, 1.2615e-05
1430.34, 4.55345e-06
1145.01, 3.25105e-07
1410.6, 8.16607e-05
2312.33, 1.71676e-06
1365.61, 5.73671e-06
1670.99, 4.73861e-05
2383.67, 1.39267e-05
2325.23, 1.88504e-05
2047.83, 3.22772e-06
1766.1, 1.20995e-05
1289.84, 1.33825e-05
1827.86, 3.43482e-05
2375.03, 2.24179e-06
1953.52, 8.99041e-06
1747.84, 4.1529e-05
1822.81, 1.44553e-05
1553.82, 1.37019e-06
2343.07, 6.83009e-06
2422.29, 1.63126e-05
2348, 5.17581e-06
1816.38, 1.6509e-05
2129.14, 5.68885e-06
1292.18, 1.62887e-05
1385.77, 9.08619e-05
1421.97, 1.56371e-06
2109.66, 4.57135e-06
1102.8, 7.72914e-06
1431.77, 5.03765e-05
2159.37, 1.04529e-05
2267.26, 7.93386e-06
2307.8, 6.84498e-06
1823.87, 1.42873e-05
1509.3, 7.28639e-06
2252.96, 1.24087e-05
1790.69, 5.74795e-05
1254.41, 3.91616e-05
2330.38, 2.26459e-06
2274.67, 0.000377832
1979.23, 2.67121e-05
1889.28, 9.57248e-06
1009.76, 2.16742e-05
2124.57, 7.73649e-05
2470.21, 2.41745e-05
1358.79, 1.35761e-05
1920.56, 3.12275e-05
1564.33, 6.08465e-06
1155.96, 3.2827e-06
1052.6, 4.16365e-05
1936.24, 3.57132e-05
2405.22, 5.18068e-06
1100.07, 1.89302e-05
1790.07, 1.16352e-05
1174.94, 6.82601e-06
1268.76, 8.4845e-05
2102.99, 8.28862e-06
2473.65, 1.32346e-05
2101.68, 1.1291e-05
1676.76, 2.65282e-05
1887.86, 1.15474e-05
2156.7, 4.15597e-06
1813.33, 2.00512e-05
1458.77, 0.000138446
1075.7, 9.46098e-05
1501.85, 0.000158499
1233.94, 2.10433e-05
1932.5, 6.64106e-06
1629.43, 1.87944e-05
1987.11, 2.32165e-05
1015, 0.000149282
1621.8, 2.45169e-05
2201.59, 6.30125e-06
2359.69, 4.93577e-06
1707.54, 3.1003e-05
2080.84, 9.90829e-06
2470.42, 0.000108003
1168.05, 3.69096e-05
1574.94, 2.23602e-05
2109.05, 6.84619e-06
2150.22, 6.30366e-06
1656.75, 2.33047e-06
2204.44, 1.95016e-05
1501.9, 1.30491e-05
2011.21, 1.0319e-05
2466.6, 3.21896e-05
1607.84, 4.79174e-06
2147.49, 7.38863e-06
2058.25, 3.21009e-06
2487.52, 7.95984e-06
1826.01, 1.42265e-05
1477.79, 9.25997e-05
1097.67, 2.66204e-05
1217.38, 1.80201e-05
2292.87, 1.83244e-05
1945.37, 1.39196e-05
2083.61, 5.77743e-06
1785.85, 0.000363684
1375.66, 5.49381e-05
1462.92, 2.09465e-05
2055.73, 8.83598e-06
1464.34, 1.10194e-05
1112.14, 8.9666e-05
2430.21, 4.64532e-06
2441.82, 4.62239e-06
1391.04, 1.90555e-05
2012.42, 1.55587e-05
1221.26, 2.90039e-05
1011.34, 3.87684e-05
2098.92, 7.03267e-05
2117.45, 1.98033e-05
1736.81, 2.21865e-05
1087.14, 3.63465e-06
2026.5, 2.96275e-06
1064.01, 1.80489e-05
1488.13, 3.9526e-05
2056.73, 0.000257261
1202.52, 3.86062e-05
1940.22, 1.05195e-05
1328.79, 4.01979e-05
1802.33, 0.000936996
1417.4, 0.000736239
1834.63, 9.35264e-05
1974.33, 1.04109e-05
1972.48, 9.69852e-06
1177.61, 1.48784e-05
1048.66, 1.71688e-05
1117.34, 4.99557e-05
1646.94, 9.97432e-05
2339.96, 3.88667e-06
2128.77, 6.2046e-05
1104.74, 1.65163e-05
2392.23, 4.29815e-05
2275.86, 7.80879e-06
1359.23, 8.05375e-05
1644.31, 4.74998e-06
1637.02, 1.52991e-05
2078.86, 6.8773e-06
1724.81, 0.000808946
1068.67, 8.74009e-06
1067.99, 1.43693e-06
2272.39, 3.72079e-05
1386.37, 6.76196e-05
2148.14, 2.68119e-05
1992.79, 3.67786e-06
1858.23, 7.56489e-06
1636.39, 1.32833e-05
2286.69, 1.54063e-06
1018.5, 0.000105069
1944.35, 8.95808e-06
2099.09, 1.00862e-05
2176.65, 9.08072e-06
2169.92, 7.44359e-06
1626.69, 5.4082e-05
1224.47, 1.18376e-05
2426.65, 0.00024445
1479.56, 0.000128579
1216.01, 4.88102e-06
2029.3, 9.51945e-06
1184.52, 1.48753e-05
1080.58, 3.07412e-05
2183.1, 3.64138e-06
2028.47, 2.93925e-06
1191.96, 1.23347e-07
2241.36, 3.23006e-06
1445.32, 0.000132754
2065.9, 2.9769e-05
1572.24, 4.47166e-05
2310.68, 6.13205e-06
2178.24, 4.0994e-06
2036.59, 3.93951e-05
1468.19, 2.41587e-06
2212.31, 9.62297e-06
1345.18, 7.95724e-05
2267.99, 1.43091e-05
1427.33, 1.24088e-05
1203.42, 1.19894e-05
2401.42, 6.52194e-06
1258.95, 5.19543e-06
1077.65, 1.67517e-06
2482.38, 3.50213e-05
1244.03, 4.10366e-05
1248.9, 3.31536e-06
1878.16, 0.000112221
1626.48, 2.63999e-06
1807.34, 9.85678e-06
1048.13, 0.000922579
2204.31, 2.58314e-05
2492.24, 2.7084e-05
2343.98, 2.54844e-05
1899.81, 2.47426e-05
2445.55, 1.11756e-05
1487.05, 0.000167897
1184.25, 2.21083e-05
2363.42, 1.41715e-05
1598.52, 6.66127e-06
2288.45, 3.83694e-06
1992.72, 1.33382e-05
2155.48, 1.51487e-05
1214.9, 4.18073e-06
1476.96, 2.24658e-05
1891.88, 3.80959e-05
1454.43, 0.000150095
2019.7, 7.76603e-06
1515.6, 1.52688e-05
2232.56, 2.13271e-05
1328.56, 1.34059e-05
2159.6, 1.102e-05
1652.89, 1.8989e-05
1043.69, 1.85292e-06
2300.24, 4.55331e-06
1332.92, 7.18949e-06
1446.01, 1.30832e-05
2499.56, 1.00341e-05
1807.2, 6.16093e-06
1627.68, 5.04023e-05
2416.22, 2.68299e-05
1637.6, 1.65184e-05
1240.81, 3.49065e-06
1756.3, 1.73988e-05
1979.75, 1.52997e-05
1006.6, 2.42467e-05
1227.8, 0.000134359
2142.38, 4.3936e-06
1283.59, 1.0038e-05
1672.62, 3.51585e-06
2123.03, 1.05328e-05
1900.11, 3.45062e-05
1232.98, 6.93065e-06
1588.47, 7.59806e-06
1111.36, 0.000109388
1481.97, 3.50937e-06
1082.3, 4.26402e-06
1663.33, 4.47162e-06
1504.42, 2.97165e-06
1602.79, 4.15005e-06
1210.68, 2.76139e-06
2484.94, 6.22457e-06
1460.36, 1.27546e-05
1790.64, 2.77701e-05
1906.57, 2.14631e-05
1771.22, 3.69978e-05
1339.29, 6.44279e-06
2114.01, 3.9077e-05
1593.9, 1.23506e-05
2306.95, 1.36999e-05
1874.46, 2.72439e-06
2117.71, 5.26051e-05
1028.46, 0.000455375
2412.63, 1.61237e-05
2354.59, 4.86968e-06
2158.38, 5.30825e-05
1995.76, 2.04313e-05
1542.43, 4.13373e-05
1142.81, 6.79e-06
1872.38, 7.66241e-06
1227.84, 1.33884e-05
1247.18, 1.52723e-05
1933.05, 3.4258e-06
1994.67, 9.51827e-06
2179.94, 1.86167e-05
1054.96, 5.21619e-05
1676.78, 2.00794e-05
2082.57, 6.05723e-06
1993.64, 1.31679e-05
2304.87, 5.32429e-06
2459.2, 5.6465e-06
1993.01, 2.29874e-06
1430.89, 1.29531e-05
1995.95, 6.24526e-05
1141.53, 4.45466e-06
1355.25, 7.82575e-05
1835.09, 9.19042e-05
1478.31, 2.73483e-05
1444.88, 8.90026e-06
1374.8, 5.4116e-06
1817.78, 9.46979e-06
1896.32, 1.51593e-05
1523.3, 9.71437e-05
2304.56, 2.0143e-06
2410.14, 1.69117e-05
1410.14, 1.176e-05
1651.58, 6.23354e-06
1702.71, 1.56654e-05
2040.14, 5.87912e-05
1529.74, 9.5123e-05
2382.51, 5.05009e-06
2472.96, 6.70743e-06
1677.41, 1.98423e-05
1957.47, 3.8533e-06
1179.26, 1.2778e-05
2299.76, 2.26795e-05
1293.82, 2.85212e-05
1395.11, 1.37675e-05
1451.12, 7.5297e-05
1266.75, 2.45215e-05
1810.27, 0.000100249
1663.99, 1.9106e-05
1835.73, 6.05304e-06
1682.84, 8.34195e-05
1236.91, 1.35081e-05
2030.51, 4.33548e-06
1404.87, 8.37824e-06
1195.42, 0.000106128
1400.81, 1.21108e-05
1030.81, 8.40143e-05
1279.94, 0.000653734
1079.61, 3.12365e-05
1283.69, 1.47542e-06
1056.67, 3.29087e-07
1374.28, 5.53068e-05
2204.53, 1.70875e-05
2483.16, 1.87831e-05
1078.58, 2.82214e-06
2148.14, 1.51196e-05
1954.75, 6.08854e-06
1284.34, 1.45831e-05
2021.23, 1.84561e-05
1487.78, 2.12117e-05
1551.61, 8.62024e-06
1909.51, 1.88785e-05
1305.08, 7.55518e-07
1993.94, 4.74481e-06
1871.28, 1.5335e-05
1866.81, 6.1643e-06
1147.03, 0.000113512
2054.3, 2.04248e-05
2460.98, 8.80109e-06
2007.28, 6.28751e-05
1371.44, 1.13407e-05
2499.84, 1.15386e-05
2251.88, 2.05044e-05
1588.55, 1.40603e-05
2023.88, 9.00198e-06
1397.34, 1.30227e-05
1568.69, 3.05645e-05
1596.92, 0.000548674
1340.39, 0.000253953
1018.09, 0.000393161
1044.83, 4.58476e-06
1475.01, 1.79841e-05
2105.28, 1.83508e-06
1281.99, 1.85718e-05
1481.74, 0.000126638
1522.68, 1.18421e-05
1384.09, 1.05314e-05
1563.92, 4.04241e-05
1540.83, 8.63237e-06
2030.19, 1.89183e-05
1673, 6.81021e-05
1323.15, 0.000254236
1077.25, 4.6447e-05
1947.04, 1.3788e-05
1904.51, 5.31441e-05
1380.61, 4.12565e-05
1714.92, 4.25376e-05
1458.81, 0.000143657
1293.12, 1.4014e-05
1543.32, 0.000292789
1775.44, 0.000135097
1184.6, 2.48658e-06
1311.51, 2.12961e-05
2211.03, 7.43684e-06
1308.31, 1.88309e-06
1927.46, 1.72126e-05
1073.29, 5.53527e-05
1840.59, 0.000121169
1825.38, 1.33495e-05
2227.44, 7.0387e-06
2400.75, 4.69963e-06
2452.39, 2.91051e-05
1824.72, 0.000182886
1556.56, 4.74845e-06
1852.83, 1.60273e-05
1430.14, 1.82397e-06
2265.48, 2.6266e-06
1851.14, 8.81689e-06
2328.28, 4.17308e-06
1352.61, 0.000188761
2494.85, 2.44344e-05
1685.44, 0.000401452
1623.99, 8.51669e-06
1235.25, 9.99618e-07
1907.44, 7.09379e-05
1578.66, 1.37333e-05
1901.1, 1.25597e-05
1455.48, 4.12856e-06
1067.07, 2.85309e-05
1862.56, 6.32746e-06
1013.28, 3.63591e-05
1029.25, 2.89753e-05
1460.2, 1.01085e-05
2040.99, 4.27169e-05
1465.77, 1.20733e-05
1045.74, 5.45269e-06
1982.77, 1.43856e-05
2356.12, 7.31908e-06
2358.55, 1.11117e-05
1124.15, 1.90905e-05
2208.06, 6.15881e-06
1092.26, 3.51921e-05
1658.18, 0.000251803
1566.98, 4.0266e-05
2470.15, 4.48774e-06
2193.9, 2.24188e-05
1121.8, 3.73004e-06
1771.63, 1.06196e-05
1566.46, 8.86404e-06
2459.05, 7.7576e-06
2221.68, 1.69298e-05
2452.08, 4.95037e-06
1581.97, 1.66903e-06
1794.64, 8.45275e-06
1721.94, 2.49169e-06
1246.82, 0.000417001
1031.56, 3.15611e-05
1991.1, 4.2357e-06
1643.19, 4.94527e-06
2120.82, 6.37631e-06
1526.96, 1.16005e-05
1096.26, 1.28178e-05
1479.6, 0.000208594
1396.39, 1.76859e-05
2086.76, 5.07076e-06
2276.11, 3.53908e-05
1332.75, 8.97081e-05
2125.25, 6.84557e-06
1730.74, 4.66526e-05
1517.49, 9.22245e-06
1863.11, 1.26009e-05
2344.66, 6.64448e-05
1047.55, 0.000386225
1299.1, 2.21981e-05
1877.21, 0.000737451
1344.41, 3.41052e-06
1278.08, 2.70602e-05
1194.04, 2.74162e-06
2156.49, 5.10177e-06
1921.16, 1.09325e-05
2307.04, 9.41031e-06
2321.13, 7.47182e-06
2046.1, 6.18502e-06
1794.47, 1.08873e-05
1462.24, 5.3089e-05
2041.24, 7.83493e-06
2247.78, 1.52578e-05
2035.64, 2.5588e-05
1334.6, 1.19003e-05
1071.62, 0.000180974
2009.98, 3.79985e-05
1805.89, 2.4991e-05
1562.8, 1.97839e-05
1823.02, 0.00425156
1044.95, 0.000138562
2113.56, 2.83958e-05
2085.88, 7.70209e-06
1273.53, 1.08996e-05
1678.37, 1.00309e-05
1881.42, 2.43602e-05
2173.94, 1.4279e-05
1606.75, 1.34169e-05
1701.53, 1.3668e-05
2235.47, 1.45739e-05
1915.18, 9.5147e-05
2242.18, 8.00631e-06
1967.22, 6.38326e-05
2255.86, 6.5411e-06
1708.53, 2.74708e-06
1366.44, 0.00014872
1679.82, 3.40563e-06
2092.94, 1.17854e-05
1436.87, 1.84736e-05
1073.76, 2.84703e-05
1030.36, 1.19928e-05
2308.96, 4.28696e-05
1346.76, 3.91656e-06
2375.47, 5.86864e-06
1163.34, 9.57648e-07
1912.7, 7.07875e-05
2429.53, 7.22553e-06
1369.67, 1.49884e-06
1393.7, 2.44041e-05
2387.66, 7.46899e-06
1601.18, 0.000109203
1204.59, 8.10896e-05
1989.89, 3.22165e-06
2338.53, 1.18622e-05
1318.7, 4.39522e-05
1622.06, 1.12872e-05
1838.6, 8.54356e-06
1633.18, 1.85536e-05
2206.37, 9.76107e-06
2358.96, 9.81139e-06
2094.39, 2.69966e-06
1661.18, 5.54186e-05
1367.63, 3.8408e-05
1385, 2.50715e-06
1072.98, 3.00618e-05
1776.68, 0.00218184
1079.87, 9.37867e-06
1024.61, 0.000125325
1455.45, 0.000170549
1461.29, 2.15443e-05
2198.94, 3.45028e-05
1024.83, 0.000646357
1054.67, 3.11378e-05
1038.57, 9.81289e-05
2035.66, 3.89876e-05
1495.06, 9.86727e-05
2290.85, 3.363e-06
2332.12, 5.70911e-05
1214.24, 3.86623e-06
2194.31, 4.31892e-06
1237.48, 4.59497e-06
1277.9, 1.27136e-05
1356.14, 3.39726e-05
1341.06, 2.54539e-05
1510.59, 2.56675e-05
1200.09, 5.34062e-05
2416.24, 2.07003e-05
2180.04, 4.11598e-05
1303.78, 5.11926e-06
1256.63, 1.48831e-06
1445.07, 1.37286e-05
1808.27, 1.22174e-05
1161.85, 1.04877e-05
1413.17, 5.88173e-05
2214.47, 0.00026701
2399.91, 1.20186e-05
1502.29, 6.84512e-06
1880.08, 1.61499e-05
1288.35, 3.01114e-06
1222.19, 9.8698e-06
1505.2, 7.71804e-05
2251.88, 3.57065e-06
1924.16, 6.6802e-06
1161.45, 4.7034e-05
1811.38, 3.57017e-06
1012.77, 1.41328e-05
2495.23, 7.08067e-05
2299.54, 6.54225e-06
1004.08, 3.82239e-05
1312.46, 0.00106785
1625.1, 5.77245e-06
2078.84, 5.54553e-06
1123.17, 2.44628e-05
1408.72, 3.41538e-05
1622.98, 5.50066e-06
1756.58, 7.43505e-06
2127.93, 1.38431e-05
2072.7, 4.25034e-06
1361.02, 3.10216e-06
2048.72, 1.91117e-05
1836.3, 5.10187e-05
1139.2, 4.74022e-06
1389.24, 0.000165461
1481.2, 0.000214171
1334.79, 8.82725e-06
1759.29, 4.31785e-06
1013.24, 0.000104315
2097.72, 8.99924e-06
2118.88, 3.34973e-06
2004.8, 2.548e-05
1189.16, 7.44628e-06
2226.81, 4.03112e-05
2452.04, 1.1627e-05
1306.96, 2.63464e-05
2458.53, 3.14932e-05
1059.9, 7.60134e-05
1021.14, 8.20454e-05
2457.21, 6.29493e-06
2222.34, 1.04194e-05
2264.84, 3.88249e-06
2271.65, 1.00111e-05
1846.61, 2.29246e-05
2254.23, 1.55808e-05
1454.32, 2.04728e-05
2311.09, 2.83427e-06
2046.33, 1.78752e-06
1354.98, 4.20113e-05
2105.26, 2.05111e-05
1147.2, 2.46079e-05
2304.97, 8.27049e-06
1755.06, 5.68784e-06
1227.72, 2.40036e-05
1472.7, 4.01966e-06
1998.2, 5.21549e-06
1513.23, 1.29191e-05
2122.39, 0.000104818
1145.11, 5.03862e-05
2031.55, 6.46585e-06
1744.18, 6.83649e-05
1970.77, 1.60299e-05
1998.09, 7.49727e-06
2266.69, 7.24068e-06
1023.17, 0.00231677
1982.16, 4.06581e-05
1445.91, 1.18367e-05
1735.07, 1.29338e-05
1466.9, 1.93773e-05
1180.89, 6.71592e-06
1707.74, 0.000133223
2298.34, 5.18554e-06
2200.35, 3.79425e-05
1563.93, 1.09386e-05
2447.76, 2.79418e-06
1319.94, 3.99821e-06
2104.79, 9.14635e-06
1611.2, 2.25187e-06
1735.56, 1.70676e-05
1289.14, 1.31217e-05
2342.9, 0.000376244
2069.8, 5.00882e-06
1243.52, 2.99955e-05
2261.71, 7.98259e-06
2039.01, 1.90181e-05
2340.86, 4.71341e-06
1862.47, 1.03044e-05
1595.18, 3.73569e-06
1550.61, 7.12816e-06
1035.45, 2.48921e-05
2180.51, 2.15153e-05
2245.98, 3.93435e-06
1123.99, 1.39511e-05
2200.66, 8.3777e-06
1880.25, 8.53474e-05
1991.78, 2.973e-05
2455.31, 6.08704e-06
1794.77, 0.000318956
2062.15, 9.09865e-06
1655.18, 5.96849e-05
2158.59, 1.44373e-05
1722.41, 4.86567e-06
1428.62, 2.72808e-06
1318.91, 0.000114621
1558.8, 4.42549e-05
2236.34, 1.57461e-05
2249.67, 1.99859e-05
1017.96, 3.34121e-05
2092.01, 8.39567e-06
1747.87, 1.33198e-05
2245.72, 2.42795e-05
1820.54, 0.0015274
1250.65, 1.83031e-06
1087.54, 2.69768e-05
1904.55, 2.46528e-05
2133.78, 1.25217e-05
1261.62, 8.0204e-06
1163.91, 0.000102421
2294.33, 3.33657e-06
1846.17, 0.000435362
1836.25, 4.12202e-05
1742.71, 1.39456e-05
1130.56, 3.63456e-06
1758.9, 2.24399e-05
1838.16, 5.20061e-05
1116.08, 3.69981e-06
1294.85, 1.60094e-06
1058.79, 8.04604e-06
2247.3, 8.41585e-06
2481.45, 5.16422e-05
1929.69, 5.52587e-06
2092.34, 1.25356e-05
2463.53, 3.94075e-06
1716.83, 1.54549e-05
1553.63, 0.000169547
1490, 7.15353e-05
2299.35, 2.90252e-05
2353.61, 1.37599e-05
1709.24, 0.000854298
2394.77, 4.82837e-06
2011.6, 1.11584e-05
1010.17, 1.95301e-05
1062.05, 2.29049e-05
1329.03, 0.000128686
1896.12, 4.49665e-05
2304.5, 2.50155e-06
2169.05, 5.55915e-06
1523.64, 0.000211799
1459.16, 6.39208e-05
1727.03, 6.81667e-06
2037.7, 3.10424e-05
1246.58, 4.13379e-06
1269.62, 3.5811e-06
2486.36, 2.0646e-05
1017.94, 0.000145479
2407.53, 6.86722e-06
1079.16, 3.26809e-05
1405.08, 1.37089e-05
2112.32, 1.9916e-05
1403.45, 0.00010139
2245.62, 1.88957e-05
1991.39, 3.84553e-05
2066.04, 1.72407e-05
1404.64, 2.30917e-06
1844.19, 9.55901e-06
1686.03, 9.1452e-06
1859.72, 2.34933e-05
2310.28, 6.25422e-06
1787.09, 7.13322e-06
2281.92, 3.07201e-06
2093.85, 2.61323e-05
2011.21, 1.62276e-05
2480.3, 3.99722e-05
1471.91, 1.69491e-05
2153.77, 6.22982e-06
1736.73, 6.34491e-05
1999.88, 1.79629e-06
1341.46, 0.000409772
2470.1, 1.82155e-05
1735.37, 3.09037e-05
2027.83, 1.40457e-05
1278.68, 5.85663e-05
1959.15, 8.50995e-06
2190.02, 4.43471e-06
1449.17, 2.94057e-05
1415.69, 4.0773e-06
1785.31, 5.05814e-06
2022.3, 2.68275e-05
2270.67, 1.66175e-05
1521.13, 0.000369644
1502.09, 1.24371e-05
1848.32, 4.21257e-05
2207.25, 1.27482e-05
1241.57, 4.37933e-05
2246.05, 8.32556e-06
1549.5, 1.03864e-05
1612.93, 8.17858e-06
1624.22, 0.000793371
1192.05, 0.000117953
1398.66, 1.8463e-06
1676.68, 9.67832e-06
1495.32, 8.11036e-06
2089.72, 1.51226e-05
2332.57, 1.95886e-06
2001.09, 1.20127e-05
1713.84, 5.16549e-05
1841.4, 1.7152e-05
2395.02, 9.47863e-06
1323.64, 1.43903e-05
2430.4, 1.56252e-05
1854, 8.10694e-06
2120.96, 0.000428262
1878.63, 8.09004e-06
1871.42, 0.000166016
1348.77, 7.37411e-06
1522.35, 5.89805e-05
2258.72, 1.83512e-05
2269.4, 0.000208045
1370.64, 1.34002e-05
1600.79, 1.29929e-05
2037.2, 9.3963e-06
2046.56, 4.3186e-06
1176.16, 3.47307e-06
1420.9, 7.01507e-05
1457.76, 2.62715e-05
1880.89, 4.11903e-05
1085.48, 9.26803e-06
2268.64, 2.75568e-06
2241.65, 4.43042e-06
1131.44, 1.22763e-06
1434.92, 0.000100723
1043.08, 0.000158854
1554.76, 1.50603e-05
1266.85, 9.88968e-06
1015.44, 6.59422e-05
2466.82, 4.3452e-06
1756.13, 1.09441e-05
1619.24, 0.000117192
1065.04, 0.000127808
1863.21, 4.77651e-05
1318.5, 5.14979e-05
1381.99, 5.93038e-05
2187.22, 7.49753e-05
1208.34, 2.10298e-06
2175.24, 5.31831e-06
1752.63, 6.45162e-06
2432.28, 1.98642e-05
1084.31, 6.91931e-06
1639.36, 2.6188e-05
2180.46, 9.32674e-06
1754.23, 1.00664e-05
2122.41, 1.38178e-05
1882.7, 9.72692e-06
1794.89, 8.43943e-05
1876.56, 4.73308e-05
2023.75, 4.00366e-05
1859.36, 9.1178e-06
1982.87, 1.18797e-05
1030.62, 6.84171e-05
2379.16, 5.18219e-06
1389.06, 1.36195e-05
2073.6, 2.41918e-05
2167.02, 2.31308e-05
1591.25, 1.43269e-05
1242.7, 1.43803e-05
1966.68, 6.58723e-05
1597.54, 0.000154256
2172.79, 4.05838e-05
2044.4, 2.17731e-05
1688.57, 1.66514e-05
1092.61, 3.62251e-06
1860.06, 1.20592e-05
2122.16, 2.14385e-05
1775.06, 1.13142e-05
1021.15, 2.55678e-05
1756.81, 2.82488e-05
2334.47, 1.13556e-05
2462.7, 2.2607e-05
1357.51, 4.63742e-06
2328.4, 2.84993e-05
2389.71, 2.06839e-05
2484.46, 2.60462e-05
2021.96, 7.71481e-06
2419.08, 1.3055e-06
2375.69, 3.62238e-05
1312.94, 3.58012e-05
1312.57, 0.000764886
1494.74, 1.99786e-05
2193.38, 7.55163e-06
1571.51, 0.00073033
1382.34, 4.82831e-05
2493.26, 7.20033e-05
1304.02, 7.38725e-07
1250.11, 5.83403e-06
1738.13, 0.000124056
1278.92, 7.51303e-06
1744.41, 9.78443e-06
1279.95, 6.34153e-06
2110.67, 5.64234e-06
1565.37, 2.95059e-05
1054.54, 1.38252e-05
1461.91, 5.34443e-05
1116.17, 3.63973e-06
1358.09, 1.06822e-05
1285.93, 7.42645e-06
2454.44, 1.39416e-05
2086.71, 3.18268e-05
2051.94, 8.93593e-06
1516.42, 1.16528e-06
2486.25, 2.57773e-05
1796.57, 1.14476e-05
2146.23, 2.72069e-05
1552.33, 1.95003e-06
2330.65, 3.79184e-06
2382.07, 2.47486e-05
1776.66, 1.17115e-05
1864.21, 7.19098e-06
2209.54, 2.13936e-05
1927.62, 5.61748e-05
1655.73, 1.0918e-05
2087.39, 1.68918e-05
2361.49, 2.92657e-05
1334.1, 9.90051e-05
1980.46, 2.60437e-06
1953.94, 6.52142e-05
1137.84, 3.81654e-06
2126.7, 3.53353e-06
1621.71, 3.65402e-05
2072.98, 2.11281e-05
2232.84, 4.60296e-06
2288.18, 1.71244e-05
2043.56, 3.73853e-05
1146.26, 2.06622e-06
1238.62, 5.8367e-06
1625.49, 0.000208977
1284.2, 4.75875e-06
1391.23, 9.88695e-06
1001.93, 0.000198253
1702.23, 3.69441e-05
1853.79, 1.48919e-05
1372.26, 1.44186e-05
1519.99, 4.0323e-05
1490.94, 1.50529e-05
2071.28, 6.2972e-06
2276.32, 9.76371e-06
1047.71, 0.000228861
1306.52, 3.7852e-06
1609.75, 4.26055e-05
2369.08, 3.00883e-05
2015.98, 0.000457317
2149.46, 8.00859e-06
1321.42, 7.49885e-05
2185.53, 1.2447e-05
1104.83, 4.7897e-06
1956.58, 2.94674e-05
1217.97, 1.76857e-06
1969.34, 5.44502e-06
1792.6, 1.48087e-05
1832.92, 2.41307e-05
2458.98, 4.10426e-05
1722.31, 9.55204e-05
2001.65, 6.8896e-06
2261.07, 6.78762e-06
1333.53, 8.03818e-05
1640.72, 0.000316604
1567.98, 0.000177593
2052.63, 9.15079e-06
1874.19, 5.99876e-06
2342.17, 3.91842e-05
1164.68, 6.94947e-06
1251.19, 7.1051e-05
1477.36, 0.000149438
1477.07, 8.10099e-05
2125.2, 1.90672e-06
2337.98, 2.67738e-06
1770.33, 0.000157666
1946.49, 4.22198e-06
2018.97, 6.60558e-05
1247.7, 0.000155557
2142.23, 1.64687e-05
1747.05, 4.35386e-05
1636.46, 1.86717e-06
2290.94, 7.38987e-06
1339.09, 7.96515e-06
1829.38, 4.09077e-05
1261.16, 1.02968e-05
2346.98, 4.47215e-06
1910.64, 4.85897e-05
1603.55, 0.000102208
1777.51, 5.51788e-05
1579.47, 3.39125e-06
1407.29, 1.31878e-05
1967.61, 2.03512e-05
2122.23, 9.57237e-06
1640.5, 1.59919e-06
1618.49, 0.000116402
1192.9, 2.12638e-05
1874.22, 0.000140562
1473.02, 6.16973e-06
1268.21, 4.9204e-05
2301.07, 0.000317036
1289.77, 2.27076e-05
2362.85, 7.88268e-06
2036.44, 7.47013e-06
1802, 8.03199e-06
1164.38, 6.29356e-06
1396.03, 0.000140259
1916.2, 3.93289e-05
2106.05, 6.70116e-06
1423.77, 8.41652e-05
1282.61, 1.94274e-05
2191.59, 5.06031e-06
2409.37, 8.74563e-06
1109.92, 0.00011464
2408.59, 2.67389e-06
2179.9, 2.98153e-06
1405.47, 1.09664e-05
1500.41, 4.66743e-06
1325.12, 2.79133e-05
2448.32, 6.54711e-06
1121.97, 9.5357e-05
2354.73, 3.09657e-06
2429.01, 5.15915e-06
1437.26, 1.94501e-05
1985.82, 1.00556e-05
1227.65, 2.1831e-05
1861.42, 1.67009e-05
2482.85, 2.06035e-05
1671.5, 5.21066e-06
1996.36, 3.26026e-05
1615.67, 6.74193e-05
1978.62, 7.79247e-06
1975.41, 1.87186e-05
1855.6, 6.25863e-06
1208.62, 1.17074e-07
1864.69, 1.46237e-05
2346.62, 7.99696e-06
1193.55, 2.57995e-05
1873.07, 1.43324e-05
1153.64, 1.73744e-05
1804.37, 7.22389e-05
1048.16, 1.5005e-05
1080.84, 1.52363e-05
1000.38, 3.267e-05
1301.79, 7.20666e-06
1082.98, 3.80123e-05
1809.05, 1.3628e-05
2036.29, 1.67615e-05
1139.93, 1.27944e-06
2165.7, 7.66123e-06
2057.27, 6.42097e-06
1159.31, 6.36485e-07
1677.79, 0.000138419
1562.09, 2.75583e-05
1703.23, 2.22803e-05
2407.05, 1.32676e-05
2359.82, 1.10917e-05
1349.25, 9.24586e-06
1005.03, 1.30239e-05
1372.39, 3.84728e-06
2436.66, 3.51865e-06
1152.18, 9.48801e-06
1612.22, 6.89606e-05
1802.9, 9.0587e-06
1841.22, 0.000214561
1335.81, 7.02261e-06
2168.97, 1.32659e-05
1222.13, 3.28674e-06
1798.99, 4.42491e-05
2432.5, 2.62925e-06
1703.95, 9.29639e-06
2089.59, 1.82358e-05
1411.45, 6.01749e-06
2338.57, 1.05886e-05
1278.96, 1.32126e-05
1841.74, 1.06821e-05
1844.09, 1.10507e-05
1616.77, 6.50063e-05
1643.47, 6.17393e-06
2370.35, 4.50414e-06
2035.56, 1.06839e-05
2388.66, 1.76047e-05
2096.09, 2.8704e-05
1926.8, 3.91362e-05
1417.79, 2.97827e-05
1520.11, 1.84504e-05
1325.03, 6.76608e-06
1209.36, 9.71578e-06
1425.57, 0.000200065
1683.77, 7.60606e-06
1921.31, 2.06535e-05
2115.91, 6.4105e-05
1097.03, 6.96452e-06
1394.35, 6.98897e-06
2216.85, 5.1729e-06
2323.54, 8.5433e-06
2469.72, 2.03432e-05
1410.62, 8.5178e-05
2327.47, 4.63706e-06
2445.2, 1.00478e-05
1451.04, 1.23264e-05
1277.44, 2.68135e-05
2316.13, 1.63077e-05
1917.76, 2.63737e-06
1514.97, 0.00013855
2011.5, 3.16963e-05
1571.96, 2.64788e-06
1355.34, 6.40283e-05
1115.34, 4.91566e-06
1597.39, 1.08051e-05
2421.68, 2.50174e-06
1667.28, 7.23072e-06
2184.16, 3.6283e-06
2104.29, 3.3253e-05
1078.71, 8.24928e-06
1073.98, 1.5624e-05
1886.95, 6.86419e-05
1415.18, 1.49064e-05
1560.15, 5.40291e-05
1066.77, 7.46337e-05
1764.34, 2.14276e-05
1532.56, 0.000111277
1397.55, 0.00015837
1326.6, 8.93279e-05
1106.51, 0.0512184
1637.39, 2.79783e-06
1290.17, 2.06216e-05
2015.7, 1.20683e-05
1328.33, 7.95432e-06
1669.18, 1.74223e-05
1456.23, 2.98799e-05
2270.88, 2.55485e-05
1224.97, 1.47729e-05
2485.86, 5.46931e-06
1068.41, 7.24793e-06
1329.86, 6.79528e-06
1497.13, 0.000109583
2302.78, 9.17878e-06
1921.51, 7.60274e-06
1405.46, 6.10463e-06
1255.81, 3.93977e-05
1694.97, 0.000504035
1880.45, 3.29687e-05
2486.47, 2.98416e-05
1264.02, 1.55684e-05
1332.26, 1.44402e-05
1150.9, 7.55517e-08
1885.87, 7.66613e-05
1205.53, 2.89479e-06
2399.44, 1.52379e-05
1759.87, 1.66756e-05
1412.25, 4.22267e-06
1515.16, 2.72049e-05
1921.82, 5.46823e-05
1501.97, 1.64543e-05
1307.72, 4.04971e-05
1602.8, 5.13276e-06
1348.02, 2.78658e-05
2103.08, 7.75527e-05
1036.1, 2.10953e-05
1857.12, 7.26921e-06
1194.52, 5.4885e-06
1908.5, 0.000117006
1797.85, 7.3041e-06
1587.08, 0.000138059
1962.39, 3.40694e-05
1222.81, 1.33116e-05
1093.9, 3.54836e-05
1350.89, 1.98223e-05
1950.33, 1.69823e-05
1550.74, 0.000480182
1141.41, 1.94473e-06
1631.72, 0.00019922
1060.97, 3.60345e-05
1242.18, 8.83043e-05
2496.61, 1.86451e-05
1790.46, 2.43582e-05
1970.27, 1.82774e-05
2153.63, 5.97591e-06
1704.98, 8.88079e-06
1068.73, 1.50449e-05
1719.77, 8.91561e-06
1796.88, 1.67039e-05
2396.14, 7.66438e-06
2149.9, 1.95676e-05
1400, 0.000116797
1643.54, 0.000239409
1933.47, 4.37834e-05
1923.79, 2.14867e-05
2113.49, 1.05459e-05
1065.66, 0.000208539
1338.8, 1.74214e-05
2484.83, 1.61192e-05
1325.23, 1.17143e-06
1182.04, 1.96277e-07
2381.75, 0.00187432
2000.75, 1.12539e-05
2427.33, 5.38254e-06
2013.43, 1.13235e-05
1783.64, 6.18377e-06
1754.05, 0.000135876
1023.38, 0.000100926
2029.41, 2.58804e-05
1297.27, 5.5067e-05
1987.91, 2.33534e-05
2086.98, 3.31054e-05
1785.66, 6.40476e-05
2201.79, 1.76715e-05
1247.87, 5.45919e-05
1405.31, 1.58448e-05
1310.21, 2.16818e-05
1964.72, 5.47051e-06
2124.29, 1.18887e-05
2424.09, 1.05654e-05
1172.99, 2.37681e-06
2311.95, 1.99328e-05
1426.43, 5.48533e-05
1878.6, 5.51874e-05
2486.8, 5.29885e-06
2320.89, 3.51457e-05
1418.4, 0.000265083
2301.19, 6.10584e-06
1881.73, 4.15175e-05
1742.95, 2.55865e-05
1923.63, 5.11143e-05
1045.7, 1.06472e-05
1383.81, 5.54331e-06
1370.5, 1.44661e-05
1502.77, 1.66555e-05
1940.57, 0.000127072
1795.68, 2.84985e-05
1489.91, 8.48321e-06
1411.13, 9.56596e-05
2311.02, 1.22145e-05
1827.26, 5.17464e-05
2239.28, 3.52922e-05
1902.27, 2.53182e-06
1264.16, 1.7038e-05
1473.98, 9.97455e-05
2439.14, 4.89635e-05
2381.89, 6.73768e-06
1839.04, 0.00012958
1073.02, 8.51593e-05
1766.54, 9.16507e-06
1265.59, 3.86526e-06
2148.22, 2.01082e-06
1934.05, 2.44952e-05
2215.57, 3.89511e-06
1134.13, 0.000431378
2088.07, 8.35366e-06
2453.13, 6.15912e-06
1602.92, 2.29709e-05
1192.13, 2.80337e-06
2379.05, 5.90604e-05
1894.02, 5.12169e-06
1184.86, 5.89114e-07
1995.4, 1.35894e-05
1423.22, 0.00569589
1708.94, 3.77066e-05
1279.44, 8.30695e-05
1718.38, 7.95863e-06
2349.22, 2.07009e-05
1031.48, 0.000147186
2409.52, 2.38077e-05
1166.28, 2.48896e-06
2372.15, 1.38696e-05
1338.14, 6.26172e-05
2265.41, 4.97526e-06
2053.74, 1.15449e-05
2422.42, 4.7351e-06
1704.82, 5.06343e-05
1892.38, 2.45813e-05
1941.44, 0.000111778
2068.68, 1.98647e-05
1616.52, 1.97377e-05
2418.31, 6.74194e-06
1405.42, 0.000842107
1332.23, 2.01339e-05
1970.95, 2.5095e-05
2246.1, 1.31421e-05
2060.67, 7.22882e-06
2245.33, 1.51277e-05
2425.02, 4.55588e-06
1814.96, 2.33903e-05
1524.97, 1.45464e-05
1528.45, 1.31635e-05
2384.02, 3.0455e-05
1606.94, 1.05364e-05
2037.51, 2.34108e-05
2065.26, 2.01075e-06
2033.4, 5.87032e-06
1695.33, 1.72299e-05
2171.41, 4.19026e-06
1442.7, 4.61914e-05
1467.36, 6.63229e-06
1689.21, 5.60911e-06
2054.16, 1.62757e-05
2199.04, 7.41116e-06
1719.08, 4.34862e-05
2456.18, 8.10301e-06
1333.33, 0.000238099
1579.62, 1.32622e-05
1067.47, 0.000135022
2339.04, 2.00472e-06
1592.01, 2.88687e-06
1135.32, 2.99547e-05
1689.87, 5.19951e-06
1613.44, 4.91106e-05
1770.49, 2.08346e-06
1143.15, 1.26822e-05
1952.54, 1.57407e-05
1888.83, 3.5308e-05
1206.53, 4.18757e-06
1336.89, 7.65953e-06
1366.89, 0.000374825
1908.64, 2.36017e-05
1585.88, 2.80477e-06
2154.38, 1.26509e-05
1409.87, 2.69733e-05
2173.14, 5.35127e-05
1058.35, 4.51869e-05
1759.18, 1.00375e-05
2422.84, 1.0122e-06
1492.07, 6.41633e-06
1937.34, 1.98724e-05
1618.69, 1.09988e-05
1734.37, 2.90354e-05
1685.52, 0.0022312
1096.99, 3.01565e-05
1240.95, 6.4243e-05
1431.54, 0.000107591
2087.51, 2.20594e-05
1107.76, 3.47338e-06
1867.01, 0.000160677
1180.1, 2.53312e-06
1970.42, 6.49867e-06
2333.34, 8.24774e-06
1817.98, 1.80472e-05
1665.95, 0.000141657
1822.26, 1.81416e-06
1953.35, 0.000191459
1690.53, 5.11521e-06
2437.83, 1.10725e-05
1029.18, 1.98396e-05
1488.78, 4.00915e-05
1053.55, 1.74947e-05
2051.65, 6.1693e-06
1312.89, 1.34133e-05
1518.57, 7.73492e-06
1056.71, 4.20542e-05
1133.39, 2.38683e-05
2099.23, 2.31784e-05
2349.53, 1.44922e-05
1204.93, 7.04166e-05
1628.47, 5.49664e-05
1399.2, 1.74051e-05
1885.49, 2.25712e-06
1266.12, 3.43106e-06
1511.5, 3.18447e-06
1781.13, 2.12821e-05
2142.54, 7.78296e-05
1657.13, 1.61233e-05
1004.93, 5.0672e-05
1994.31, 9.611e-06
2329.58, 4.32097e-05
2087.12, 8.32984e-06
2314.78, 5.41092e-06
1815.44, 1.4393e-05
2199.01, 7.21258e-06
1821.41, 5.20966e-06
1853.72, 8.84936e-06
1597.1, 4.74948e-06
2102.09, 5.59839e-06
2012.14, 0.000716424
2185.65, 8.18372e-06
1329.52, 2.40676e-05
1415.78, 2.72267e-05
1040.07, 2.87272e-05
2481.89, 3.53368e-06
1307.88, 5.47956e-05
1637.69, 2.1965e-05
1224.17, 1.44248e-05
2241.51, 6.33155e-06
1395.55, 0.000186663
2216.51, 7.88096e-06
2184.25, 1.05808e-05
2067.8, 1.01749e-05
1944.14, 2.28047e-05
2419.48, 4.09035e-05
1040.99, 1.77706e-05
2364.81, 1.25038e-05
1370.96, 0.000389395
1981.11, 1.88212e-05
2269.57, 1.59969e-05
2031.93, 0.000270333
1453.45, 0.000108115
1402.65, 1.71835e-05
1178.13, 5.54518e-07
2187.38, 3.42267e-06
2421.98, 2.04112e-05
1122.18, 1.74024e-05
1209.93, 2.22051e-05
1260.7, 2.97529e-05
1779.22, 5.25031e-06
1993.17, 6.47774e-06
2236.96, 1.62036e-05
1444.65, 1.25712e-05
1072.57, 8.21667e-05
1268.86, 1.92979e-05
1480.18, 0.000129956
1681.84, 2.93298e-05
1043.57, 4.28872e-05
1497.62, 9.58295e-06
1376.93, 2.71714e-05
1323.69, 5.67512e-05
2025.98, 6.46087e-06
1582.65, 3.42956e-05
1149.08, 2.29396e-05
1254.69, 9.89104e-06
2324.2, 1.7962e-05
1400.89, 2.91828e-05
1925.38, 1.4911e-05
2435.61, 6.48692e-05
1522.4, 7.04648e-05
2091.49, 8.3937e-06
2197.63, 7.44894e-06
1494.55, 7.82829e-06
2203.86, 7.2321e-06
1579.93, 2.42115e-05
1612.86, 5.26453e-05
2287.66, 1.72497e-05
2199.29, 3.17687e-06
2354.18, 2.79703e-05
2171.21, 7.80178e-05
1289.9, 2.22347e-06
1498.11, 5.58626e-06
2062.91, 5.27437e-06
2121.2, 2.07864e-05
1198.38, 3.96841e-05
2340.71, 0.000165304
1551.46, 5.93995e-06
2370.76, 2.44538e-05
2176.92, 9.54165e-05
1275.94, 9.68956e-06
1476.93, 0.000223884
2082.92, 3.31917e-05
1484.19, 5.59167e-05
1169.1, 3.16624e-06
1018.17, 8.51361e-05
1633.4, 0.000256587
1868.42, 3.08841e-06
1229.09, 4.78476e-05
1271.7, 7.74614e-05
2246.24, 2.19002e-06
2490.07, 1.31732e-05
2152.47, 5.30104e-06
1132.16, 0.00012214
2323.15, 5.03615e-05
2154.8, 6.06339e-06
2215.24, 9.79377e-06
1289.81, 2.49108e-05
1449.78, 1.98919e-05
2081.33, 2.22468e-05
1961.12, 0.000144636
2330.24, 5.48555e-06
2002.67, 1.98163e-05
1877.06, 0.000157432
1583.64, 3.7691e-05
2404.16, 1.92422e-06
1956.45, 0.00033658
1723.55, 0.000109061
1265.33, 3.13451e-06
2378.25, 7.35782e-06
2467.14, 1.00931e-05
1795.94, 2.13269e-05
1725.61, 9.48225e-05
2150.66, 9.58276e-06
1269.39, 7.02602e-05
2372.65, 5.12145e-05
2066.19, 5.87677e-05
2419.55, 6.47652e-06
2158.01, 1.93848e-05
2152.24, 4.92872e-05
1442.61, 1.11899e-05
2458.84, 3.69825e-06
1234.24, 2.38143e-05
1697.25, 5.95097e-06
1048.22, 6.88914e-06
2416.25, 5.82595e-06
1984.44, 5.76298e-06
1590.11, 1.54133e-05
1589.99, 0.00454294
1036.26, 1.14831e-05
2354.32, 3.22537e-06
1860.12, 4.80103e-05
1095.81, 1.85948e-05
1318.97, 2.00348e-05
2100.42, 7.82219e-06
1430.42, 0.000484325
1561.78, 7.62674e-05
1042.54, 8.54588e-05
2193.83, 7.65239e-06
1032.33, 7.81412e-05
2374.28, 2.02871e-05
2108.53, 8.13336e-06
2158.44, 5.31235e-05
2187.33, 4.46273e-05
1626.82, 1.95008e-05
1803.9, 1.84088e-05
1682.14, 1.06658e-05
1522.64, 7.77817e-05
1839.6, 1.16279e-05
1959.16, 2.81054e-06
2377.16, 4.65347e-05
1713.93, 2.11286e-05
1319.15, 0.000220552
1927.66, 0.000888533
2442.99, 8.81585e-06
2203.48, 5.26963e-06
1111.83, 1.15196e-05
1485.01, 0.000101405
1625.23, 1.75245e-05
1693.89, 2.19213e-05
2091.34, 6.55839e-06
1023.31, 1.63072e-05
1153.98, 1.25676e-05
1001.91, 8.20669e-05
1826.91, 1.50463e-05
1352.06, 5.82983e-05
1196.78, 1.52856e-05
2262.67, 6.5186e-06
1572.18, 8.66499e-06
1077.83, 2.56559e-05
2391.87, 4.83218e-06
1809.33, 2.40283e-05
1815.58, 9.24684e-06
1781.87, 7.49214e-05
2165.8, 2.04436e-05
1971.34, 7.87455e-06
1493.6, 4.59647e-05
1082.98, 0.000272499
2010.74, 1.25129e-05
1387.16, 1.8248e-06
1149.33, 0.000183587
1808.51, 2.98014e-05
1235.76, 7.9633e-06
2116.1, 5.92086e-06
1575.2, 6.57354e-05
1282.43, 3.04447e-06
1696.3, 8.72197e-06
2309.18, 6.45468e-06
2297.78, 7.22482e-06
1456.94, 1.50083e-05
2464.1, 8.446e-06
1614.6, 0.000427021
1998.6, 8.06274e-06
1470.96, 9.66677e-06
1595.26, 0.000144656
2166.81, 4.76266e-06
2359.84, 1.772e-05
1745.53, 4.55932e-05
2302.86, 4.39e-06
1570.65, 0.000201176
1776.38, 8.89927e-06
1053.9, 0.000403884
2190, 3.81186e-06
1736.8, 1.12066e-05
1391.5, 1.39543e-05
1941.25, 7.92594e-06
1146.57, 3.95283e-05
1032.98, 3.08407e-06
2418.8, 4.64886e-06
1187.48, 2.47894e-06
1153.75, 8.76269e-06
1446.1, 5.38296e-06
1502.72, 3.96819e-06
2443.43, 0.00011791
1098.75, 2.05493e-05
2130.06, 2.67168e-05
1614.75, 2.37852e-05
2054.08, 8.79263e-06
1381.16, 9.492e-05
1377.6, 1.24393e-05
1725.36, 0.00152209
2391.26, 3.68625e-05
1317.6, 1.79289e-05
1969.33, 1.71001e-05
1747.98, 3.47287e-05
1682.63, 4.86875e-06
1301.15, 4.90306e-06
1688.96, 2.92751e-05
1477.17, 4.03491e-06
1686.88, 0.000265284
1573.91, 4.41545e-06
2299.54, 1.36569e-05
2201.66, 8.19577e-06
1505.33, 9.71352e-06
2472.34, 6.73294e-06
2058.61, 3.4554e-06
1671.69, 4.14946e-05
1073.17, 6.71437e-06
2462.45, 1.04586e-05
1371.65, 1.43683e-05
1747.04, 3.70272e-05
1689.95, 0.000324213
2026.17, 9.93851e-06
2423.8, 2.66504e-05
2189.91, 2.4937e-05
2440.98, 2.40574e-05
1215.71, 2.46351e-05
1057.87, 1.242e-05
1920.23, 2.70878e-05
1711.41, 8.4231e-05
1106.5, 5.81746e-05
1126.08, 1.14565e-05
1318.57, 2.06814e-05
1958.27, 1.84804e-05
2031.95, 3.01859e-05
1476.45, 1.29171e-05
1159.58, 2.85675e-07
2212.98, 2.45783e-05
2078.75, 5.65238e-06
2282.06, 8.17869e-06
2157.55, 1.13731e-05
1281.9, 0.00069161
1290.98, 7.24572e-06
1037.64, 8.65283e-06
1164.3, 3.31286e-05
2166.23, 5.33889e-06
1087.76, 2.06885e-05
1062.61, 7.48051e-05
1555.5, 7.09035e-05
2104.74, 1.06143e-05
1915.78, 0.000103572
1465.91, 7.86976e-06
1208.31, 1.32356e-06
2495.26, 1.18882e-05
2181.79, 7.11534e-06
2381.88, 2.44981e-06
2418.6, 9.64261e-06
1192.92, 4.95468e-06
2033.72, 1.50145e-05
1039.47, 1.19654e-05
1204.85, 2.49454e-06
1524.65, 8.96248e-05
1422.27, 6.77253e-05
1095.27, 3.09276e-07
1054.05, 3.67482e-06
1971.57, 1.03364e-05
2037.15, 5.45877e-06
2300.28, 4.57087e-06
2026.2, 2.74184e-05
2081.26, 3.51089e-05
2243.67, 1.14389e-05
2404.72, 0.000146411
1566, 3.46453e-05
1298.45, 6.32341e-05
1452.87, 0.00222349
1455.01, 9.87686e-06
2067.66, 4.36707e-06
2001.66, 2.46961e-06
1627.19, 3.35535e-06
1242.68, 2.85845e-06
1428.96, 7.48606e-06
2149.46, 1.81287e-05
1537.66, 2.6522e-05
1262.83, 4.5951e-06
2425, 1.11072e-05
1544.76, 3.8433e-06
1814.66, 9.79207e-06
2084.64, 4.72213e-06
2074.92, 1.30624e-05
1020.51, 0.000342284
1549.28, 2.52443e-05
1193.35, 1.38216e-05
1592.85, 0.000170921
1853.78, 2.16187e-06
2328.34, 5.67889e-06
1238.7, 3.57795e-05
2194.64, 1.80981e-05
2276.37, 1.41728e-05
2340.98, 7.20481e-06
1755.64, 4.35864e-05
2374.86, 1.44421e-06
1654.43, 2.3e-05
2134.62, 9.23166e-06
1873.53, 2.78787e-05
1095.54, 6.11968e-06
2425.4, 5.91143e-06
2458.52, 3.22542e-05
2255.46, 1.19864e-05
2059.53, 7.81164e-06
1647.06, 1.53483e-05
1843.36, 2.36305e-05
2251.51, 1.53124e-05
1012.72, 0.000419517
1572.78, 2.35977e-05
2262.84, 4.81695e-06
2305.6, 5.87791e-06
1551.8, 6.07926e-05
1441.14, 8.65307e-05
1290.67, 1.05516e-05
2476.29, 8.75583e-06
1757.37, 4.54454e-05
1397.14, 1.26339e-05
1854.5, 1.47268e-05
2391.54, 3.03102e-06
2455.29, 4.61827e-06
1563, 0.000154036
2243.74, 1.25045e-05
1356.12, 0.000141698
1004.31, 3.26607e-05
2173.38, 1.36021e-05
1027.76, 3.38395e-06
2208.38, 3.03598e-06
1821.47, 1.00566e-05
1266.77, 2.17821e-05
1978.23, 4.82464e-05
2010.91, 1.61646e-05
2332.77, 2.21896e-06
2480.32, 6.11786e-06
2146.33, 9.59244e-05
1375.67, 1.46702e-05
1796.59, 2.23909e-05
2134.45, 3.60602e-05
2300.02, 1.69972e-05
2098.38, 7.92065e-05
2108.07, 2.23702e-05
2247.29, 4.17025e-06
1714.02, 2.00702e-06
1984.42, 7.11345e-05
1143.17, 8.02848e-06
1652.09, 1.25634e-05
1363.67, 5.04317e-06
1374.73, 0.000122865
2335.42, 6.71517e-06
1045.5, 0.000187631
2086.28, 3.36666e-05
1401, 0.000107807
1138.36, 2.47401e-05
1057.18, 1.26368e-05
2317.97, 4.23279e-06
2299.29, 3.56795e-06
2303.25, 9.26065e-05
1523.47, 3.79479e-06
1300.06, 0.000306125
2335.15, 2.67517e-05
2338.21, 3.12724e-06
1658.44, 2.70639e-05
2468.62, 7.47997e-06
1435.56, 1.54513e-05
2441.23, 3.33138e-05
1164.88, 3.10031e-05
2468.02, 3.35984e-06
1461.28, 1.5799e-05
1925.83, 2.54115e-05
2083.11, 3.17461e-06
2145, 3.33799e-06
1326.28, 4.6078e-06
2283.15, 5.95342e-06
1051.43, 1.41533e-07
2042.14, 7.02755e-06
1128.24, 1.63761e-05
2129.73, 0.00112177
1086.51, 4.03466e-05
2095.55, 4.89767e-06
1132.16, 1.65242e-05
2048.17, 7.65891e-06
1155.88, 5.88656e-05
1379.9, 4.61411e-06
1237.41, 4.3648e-05
2024.33, 3.2527e-05
2497.1, 7.86177e-05
2246.87, 2.34222e-05
1880.64, 3.73027e-06
1952.22, 2.2198e-05
1183.82, 1.15166e-05
1557.91, 4.58173e-05
1275.87, 2.50283e-06
2158.66, 1.44131e-05
1757.18, 8.1759e-06
1412.33, 1.84361e-05
1806.92, 9.29771e-06
1394.89, 0.000140081
2385.66, 8.90021e-06
1055.33, 9.91599e-05
1890.27, 4.87288e-05
1806.68, 0.000134517
1462.04, 5.65112e-05
1285.52, 2.48311e-06
2080.48, 6.864e-06
1319.37, 2.009e-05
2349.43, 3.70229e-06
1374.21, 1.27914e-05
1920.65, 0.000182856
2354.05, 1.00079e-05
1602.43, 0.000230049
1905.23, 7.30642e-06
1049.73, 1.30931e-05
1069.69, 5.98437e-06
2185.68, 2.24673e-05
1103.31, 1.12545e-05
1793.38, 1.02104e-06
2243.7, 1.98104e-05
1545.37, 7.60044e-06
2343.16, 6.78649e-06
1412.73, 9.70458e-06
2436.57, 8.01252e-06
1539.4, 0.000103489
1438.53, 0.000106087
2174.65, 0.000246592
1674.73, 9.81266e-06
1463.63, 8.06929e-06
1735.94, 3.16376e-05
1757.33, 7.35465e-06
1679.71, 1.47632e-05
1987.04, 1.82161e-05
1421.04, 2.86129e-06
1332.56, 5.0847e-06
1871.15, 9.49283e-05
1316, 0.00020144
1081.42, 0.000192645
1000.33, 0.000341831
1622.87, 1.30567e-05
2020.68, 1.56553e-06
2287.4, 3.29259e-05
2472.24, 0.000108224
1412.29, 8.35503e-06
1961.22, 1.22564e-05
1003.26, 0.0018658
1879.07, 4.36571e-06
1258.3, 9.56e-07
1452.5, 0.000117854
2110.33, 1.03913e-05
2072.28, 1.8517e-05
2408.64, 8.70978e-06
1163.4, 2.7162e-06
1634.27, 7.00161e-06
1736.78, 5.65917e-06
1424.65, 1.08876e-05
1902.93, 3.40026e-05
2044.41, 8.08496e-06
1514.19, 1.76745e-05
2294.5, 1.10699e-05
1138.71, 3.67944e-06
2355.43, 6.64225e-06
1111.49, 1.04009e-05
1079.76, 7.36228e-05
2133.16, 6.9444e-06
1455.62, 2.21616e-05
1989.95, 8.58768e-06
1945.19, 1.67035e-05
1761.55, 1.0467e-05
1637.36, 9.40954e-06
2175.4, 7.17763e-06
2452.13, 0.000404676
2135.93, 3.93591e-05
1574.44, 0.000116623
1959.5, 7.47459e-05
1785.07, 2.88502e-05
1047.91, 3.7842e-05
2286.57, 8.59523e-06
1387.05, 8.40618e-05
1447.11, 8.33699e-06
1294.56, 3.95301e-05
1592.17, 6.52987e-06
2222.77, 2.0157e-05
1482.22, 8.55028e-05
1833.33, 2.25935e-05
1205.43, 2.77071e-05
2188.59, 1.61847e-05
2243.85, 2.74453e-06
1767.22, 3.5579e-05
1919.29, 8.33095e-06
1855.23, 9.6699e-06
1518.6, 7.81234e-06
1220.04, 9.87889e-06
1317.8, 1.22672e-05
2293.77, 2.84437e-05
1994.87, 8.41084e-06
2274.12, 1.9741e-05
1002.93, 0.000117283
1505.43, 9.41323e-06
1521.14, 1.64866e-05
1352.48, 7.34289e-05
2104.93, 8.38248e-06
1972.31, 0.00299002
1346.45, 2.15248e-05
1813.59, 0.000146323
2465.65, 2.89948e-05
1802.72, 1.3141e-05
2164.08, 0.000104974
1622.68, 0.000194356
1155.3, 8.71045e-06
1555.95, 2.68505e-05
2000.73, 1.15145e-05
2127.07, 5.13984e-06
1888.7, 1.09023e-05
2490.91, 4.40364e-06
1748.72, 1.96099e-05
1168.13, 9.73723e-06
1482.41, 3.65935e-06
1444.01, 1.41051e-05
2007.89, 9.32989e-06
2014.49, 1.83305e-05
2012.79, 2.40358e-05
1486.08, 8.01985e-06
1846.48, 1.75712e-05
1069.61, 4.80483e-05
1241, 2.70241e-05
2095.42, 7.53562e-06
2394.36, 3.5266e-05
1462.36, 2.35007e-05
2483.24, 1.44593e-05
1081.08, 0.000197387
1745.73, 0.000168384
2082.77, 1.54399e-05
2154.31, 7.23446e-06
2352.33, 5.91932e-06
2052.84, 1.58328e-05
2359.36, 2.20131e-06
1344.56, 1.53359e-05
1523.03, 8.6784e-06
2099.61, 1.87845e-05
1281.98, 0.000182193
1881.55, 1.94935e-05
2195.04, 5.68912e-06
1774.47, 1.82521e-05
2015.79, 3.24104e-05
2499.92, 4.00752e-06
1896.12, 2.75493e-05
1969.28, 5.05316e-05
1340.06, 1.71494e-05
2441.26, 6.85349e-06
1910.77, 1.06843e-05
1222.12, 6.23297e-06
2038.78, 9.40053e-06
1282.21, 0.00013004
2267.24, 6.17675e-06
1069.34, 0.00528537
2045.13, 4.60158e-05
2088.21, 3.77886e-05
1655.81, 3.32782e-05
1135.5, 2.75912e-06
1878.74, 3.96395e-05
1409.52, 3.71399e-05
2028.24, 2.18079e-05
1579.13, 3.78524e-05
1746.9, 1.34827e-05
1206.26, 1.38927e-05
1658.44, 4.6151e-05
2218.94, 3.65668e-05
1398.12, 5.60959e-06
1094.64, 3.48864e-06
1297.05, 2.83162e-06
2045.59, 1.22312e-05
1668.24, 6.31397e-06
1252.11, 6.75328e-06
1340.27, 3.67642e-05
2464.58, 1.27119e-05
1769.6, 1.7603e-05
2410.33, 2.30341e-06
1068.9, 1.57078e-07
2452.36, 6.24584e-06
1020.2, 3.66083e-05
2035.59, 4.14342e-05
1025.55, 3.0617e-05
2439.46, 5.18563e-06
1213.29, 4.30215e-06
2063.89, 0.000541548
1709.25, 1.12916e-05
1289.53, 4.62476e-06
2276.21, 1.21464e-05
1188.7, 1.19492e-05
1328.48, 1.73451e-05
1046.95, 1.44342e-06
1924.63, 4.1995e-05
2326.51, 7.64281e-06
2435.46, 5.47449e-06
2427.44, 5.86549e-06
2222.27, 1.07363e-05
1549.93, 5.07491e-06
2151.57, 1.57729e-05
1884.38, 3.76621e-05
2203.19, 0.00118572
1763.31, 1.5841e-05
1475.75, 4.00021e-05
2253, 9.63494e-06
1330.38, 1.09642e-05
1014.14, 0.000181119
2416.49, 4.46732e-06
2477.43, 7.41595e-06
1566.27, 9.5097e-05
1239.13, 2.89097e-05
1215.81, 2.19329e-06
1378.68, 4.99338e-05
2233.26, 5.82608e-06
2305.72, 6.01196e-05
1347.12, 7.0117e-05
2373.27, 5.0716e-05
2206, 5.59749e-05
1479.69, 2.91957e-06
2353.21, 2.16498e-06
1277.82, 0.00014258
1655.02, 1.96259e-05
2405.37, 2.15035e-05
1416.78, 2.05948e-06
1589.81, 1.67085e-05
2147.18, 1.13072e-05
1789.55, 1.50644e-05
1567.18, 1.25357e-05
1278.97, 0.000154055
1756.61, 7.35879e-06
2338.05, 3.63018e-05
1717.37, 6.04527e-05
1185.84, 4.77775e-06
1101.71, 5.82827e-06
1310.22, 1.40589e-05
1230.94, 7.72184e-06
1485.85, 0.00011748
2335.18, 7.9047e-06
2120.04, 4.57763e-05
1857.24, 1.09947e-05
2350.01, 9.81765e-06
1979.94, 8.97253e-06
1757.98, 1.94059e-05
1916.95, 3.07428e-05
1376.17, 1.8029e-05
2034.33, 2.79599e-05
2334.31, 2.93712e-05
1289.65, 9.87152e-05
1206.41, 2.12434e-05
1184.11, 4.56064e-07
1643.18, 1.45416e-05
1957.35, 1.21529e-05
2085.73, 7.68375e-06
1193.25, 1.31616e-06
1486.58, 1.90757e-05
1426.68, 0.000154434
1237.72, 1.86728e-06
1307.19, 3.22069e-06
1062.81, 1.10302e-06
1812.88, 7.76589e-06
1223.17, 2.87644e-05
1785.63, 9.22004e-05
1196.33, 1.355e-05
1443.29, 6.64498e-06
1123.63, 5.73243e-06
1330.16, 6.02763e-06
1409.28, 9.1551e-06
2124.74, 9.32016e-06
2133.26, 1.05148e-05
2381.48, 3.25689e-05
1177.28, 1.77903e-06
2372.84, 5.50246e-06
2196.29, 2.55498e-05
1681.37, 9.30566e-06
1468.8, 3.95074e-05
1929.12, 1.11989e-05
1587.31, 2.85571e-06
1550.18, 5.67294e-06
1705.8, 1.72281e-06
1328.13, 2.19743e-05
1956.54, 1.467e-05
2081.61, 2.67645e-05
1671.99, 1.77155e-05
1684.22, 6.48295e-05
1052.9, 8.37401e-05
2422.88, 3.98546e-06
1868.76, 5.6052e-06
1982.83, 1.79017e-05
2076.38, 3.12323e-05
1138.18, 3.80442e-05
1345.62, 2.81397e-05
2113.96, 7.27353e-06
1432.65, 0.000129569
1969.53, 6.85379e-06
1915.92, 6.29712e-06
1135.44, 1.35134e-05
2296.46, 1.95519e-05
1026.56, 7.28692e-05
2015.59, 1.20376e-05
1321.97, 5.15577e-06
2303.62, 2.77144e-06
1368.37, 1.38058e-05
1563.42, 8.18406e-05
1329.76, 1.57315e-05
1908.6, 1.65171e-05
2331.25, 3.02867e-05
2401.42, 2.28418e-05
1532.98, 1.67091e-05
2484.91, 0.000207
1678.95, 2.74976e-06
2470.37, 5.79627e-06
1110.8, 4.47888e-05
2384.83, 1.99901e-05
1425.55, 2.75455e-06
1147.07, 8.53025e-06
1147.09, 9.35625e-06
1455.1, 6.93842e-05
1332.01, 3.58238e-05
1113.55, 4.67179e-05
1654.35, 1.41023e-05
1829.99, 6.16106e-05
1196.5, 2.92377e-05
2295.02, 6.18897e-06
2480.74, 2.6189e-05
1269.95, 1.06612e-05
1790.01, 1.34252e-05
1643.69, 9.99787e-06
1841.42, 5.47195e-06
1562.73, 9.18252e-05
2177.27, 1.98962e-05
1084.53, 1.5681e-05
1799.49, 3.50381e-05
1912.99, 0.000272151
2170.77, 8.34011e-06
1630.28, 5.28753e-06
1917, 1.12388e-05
2300.99, 1.66507e-05
2474.14, 8.30182e-06
2076.67, 7.01802e-06
2121.13, 1.03801e-05
2044.63, 9.51318e-06
1503.2, 4.12431e-05
1744.09, 3.82033e-05
2171.39, 1.52059e-05
1786, 1.57032e-05
1026.33, 1.29238e-05
1883.46, 2.66338e-05
1813.89, 0.000235817
2236.92, 2.75157e-05
1973.25, 2.74826e-05
1655.38, 5.44111e-05
1164.25, 8.45471e-06
2392.79, 9.74626e-06
2034.26, 3.02775e-05
1677.9, 1.19139e-05
1965.01, 1.78656e-05
1772, 3.62214e-05
1793.85, 1.07173e-05
1423.75, 1.44281e-05
2210.44, 6.16083e-06
1148.45, 1.26207e-05
2190.52, 3.98955e-05
1570.79, 0.000728508
1495.66, 1.64854e-05
1596.71, 3.32138e-06
1942.44, 7.25018e-06
1731.94, 2.13737e-05
1940.87, 0.000103784
1413.49, 7.10399e-05
1173.38, 2.75538e-06
2213.5, 7.54223e-06
1140.2, 1.30296e-05
1498.61, 1.92183e-05
1639.88, 0.000141923
2000.91, 9.41146e-06
2036.48, 0.000182792
1563.45, 1.15894e-05
1070.31, 3.19464e-06
1757.34, 1.23234e-05
2176.68, 1.3658e-05
1960.67, 2.34389e-05
1560.31, 0.000481304
1025.31, 0.00231226
1762.36, 2.4056e-05
1876.18, 6.70211e-06
1541.59, 3.45943e-06
1183.48, 3.14598e-06
2217.85, 4.32303e-05
1950.09, 1.07119e-05
1745.52, 5.98222e-06
2304.53, 1.14927e-06
2153.99, 0.000144941
1231.04, 8.22273e-06
2198.4, 7.21274e-06
1076.49, 9.95549e-05
1145.22, 8.46425e-06
1780.53, 0.00011966
1162.4, 8.59995e-06
2290.58, 2.54835e-05
1322.68, 0.000100698
1211.06, 1.70315e-06
2150.37, 1.95454e-05
1715.02, 3.65093e-05
1151.35, 5.60799e-06
1339.01, 1.2665e-05
1171.19, 1.26592e-06
1252.49, 0.00032937
1246.83, 5.44752e-07
1823.35, 1.05561e-05
1893.22, 4.83276e-06
1650.58, 3.50545e-06
2273.35, 2.56905e-05
1217.43, 1.77785e-05
2346.61, 4.36238e-05
1440.87, 2.47423e-06
1776.26, 1.49191e-05
1841.13, 1.97845e-05
1090.39, 1.46899e-05
1091.74, 1.77762e-05
1749.45, 7.14165e-06
1228.13, 1.27448e-05
1001.05, 1.80302e-05
1363.16, 7.40096e-06
1603.59, 0.000305098
2018.32, 1.93532e-05
2219.7, 2.00205e-05
2032.31, 0.000166804
1107.87, 2.71032e-05
2148.81, 1.96437e-05
1250.84, 5.90906e-05
1618.99, 0.000120769
1133.54, 2.01274e-05
2169.39, 3.22005e-05
1880.49, 1.43904e-05
2497.27, 1.84478e-05
2058.09, 1.56705e-05
1676.9, 0.000552046
1866.66, 7.56132e-06
2086.31, 1.0841e-05
1275.47, 8.64922e-06
1870.93, 8.47023e-05
1415.29, 2.82917e-05
2197.06, 1.45852e-05
1575.8, 8.26581e-06
1273.02, 0.000219474
1730.4, 3.0019e-05
1694.64, 1.65907e-05
2414.96, 1.22792e-05
2198.02, 5.11098e-06
2210.99, 9.07654e-05
1505.31, 4.34581e-05
2315.92, 1.103e-05
2450.55, 1.83062e-05
1274.7, 1.16593e-06
1620.9, 1.30708e-05
1709.63, 5.61572e-06
1527.48, 0.000196185
2176.25, 1.51853e-05
2144.89, 3.32914e-06
2477.88, 1.44088e-05
1180.38, 6.43949e-06
2403.92, 1.35836e-06
1682.71, 5.89075e-05
1889.93, 7.32793e-06
1773.72, 6.03333e-05
1883.52, 9.90624e-07
1544.72, 1.51963e-05
2048.23, 1.34775e-05
1223.4, 6.61853e-06
2190.59, 2.06093e-05
1075.05, 1.98067e-05
1951.87, 6.49269e-06
1160.17, 1.23241e-05
1541.92, 2.13234e-05
1049.82, 1.2891e-05
1269.01, 4.51417e-05
1377.07, 3.55309e-05
2016.76, 0.000422666
1363.13, 0.000364947
2292.39, 2.79283e-06
1913.52, 9.87856e-06
2107.93, 1.11946e-05
1575.49, 1.73943e-05
2288.76, 6.19663e-06
1079.32, 3.95702e-05
1962.79, 5.67495e-05
1670.53, 1.47521e-05
1981.24, 1.72959e-05
1644.62, 4.38759e-06
2099.8, 0.000143663
2240.53, 4.34831e-06
1533.69, 3.27121e-05
1329.07, 4.2344e-06
2260.59, 3.73585e-06
1168.3, 2.188e-05
2040.05, 8.67372e-06
1479.22, 2.09219e-05
1482.91, 4.88158e-05
1813.65, 3.54539e-05
1562.67, 6.33591e-06
1460.83, 6.45155e-06
1771.07, 5.38776e-05
1214.6, 4.26255e-06
1257.18, 3.73478e-05
1454.77, 1.24895e-05
1600.68, 1.97006e-06
1033.1, 0.000124314
2220.79, 6.92212e-06
2314.25, 1.26825e-06
1674.03, 0.0585034
1751.41, 6.18987e-06
1356.24, 1.97019e-05
1253.2, 4.11584e-05
1153.33, 1.28032e-05
1046.78, 1.80818e-05
1400.82, 0.000141813
1151.08, 3.50111e-06
1254.31, 7.50711e-05
1082.42, 1.71051e-05
1215.57, 4.92222e-06
1495.34, 3.78684e-05
2146.13, 3.47267e-05
1763.96, 9.04643e-06
2288.07, 4.64835e-06
1927.66, 4.44873e-06
2201.24, 9.6962e-06
1928.17, 4.7267e-05
1171.21, 6.87324e-05
2249.02, 1.95889e-05
1359.47, 3.20655e-05
1828.73, 2.49413e-05
2011.09, 8.01639e-05
1531.45, 1.31188e-05
1726.99, 5.7484e-05
1858.89, 3.54461e-05
1763.8, 1.92545e-05
1077.15, 9.109e-06
1650.81, 1.75034e-05
1595.4, 1.12849e-05
1651.85, 0.000159637
1425.76, 7.38775e-06
1718.21, 0.000365821
2266.97, 3.11309e-05
1981.76, 1.24593e-05
1091.34, 2.13675e-05
2199.5, 4.85698e-06
2373.94, 4.90172e-06
1488.18, 6.15384e-07
2257.08, 2.01988e-05
1033.73, 0.000146836
1110.47, 1.22514e-05
1806.27, 5.77661e-06
2265.8, 3.47796e-06
2178.65, 2.3982e-05
2332.88, 4.32776e-06
1477.46, 5.76041e-06
2283.18, 6.59624e-06
1574.06, 2.34358e-05
2318.52, 1.28125e-05
1446.42, 9.90113e-06
2335.39, 3.87679e-06
1340.55, 0.000610378
2103.35, 8.45793e-06
2219.22, 1.81487e-05
1122.02, 4.5181e-05
1848.06, 1.88365e-05
1077.22, 1.75114e-05
2252.88, 8.70012e-05
2162.99, 5.06964e-06
1747.78, 7.29776e-05
1465.94, 1.0248e-05
2337.59, 3.85572e-06
1003.66, 3.02932e-05
1291, 5.96536e-06
2157.78, 6.52692e-06
1547.83, 4.36194e-06
1330.99, 4.4098e-06
1400.66, 1.56445e-05
1458.73, 0.000172422
1491.34, 0.000148376
1670.99, 1.11578e-05
1141, 1.47849e-05
2249.68, 7.24652e-06
2219.98, 5.60642e-06
2225.38, 3.62832e-05
1942.84, 2.03588e-05
1404.95, 3.87324e-05
1256.82, 6.13879e-05
2430.62, 4.24991e-06
1646.58, 5.46862e-05
2336.97, 1.26701e-05
2188.68, 0.000281162
1257.87, 0.000253555
1931.58, 6.82762e-06
1255.11, 1.07177e-05
1467.41, 6.7859e-06
1495.84, 0.000101167
1727.9, 1.33406e-05
1508.98, 0.00124109
2222.54, 3.95788e-06
2288.58, 8.12116e-06
2101.86, 2.12022e-05
2225.88, 9.36376e-06
1593.28, 6.42255e-05
1736.2, 6.95207e-06
2052.13, 7.78018e-06
2470.68, 9.76469e-06
1129.8, 6.02436e-05
1668.61, 1.48688e-05
2366.86, 1.34729e-05
1382.96, 2.82591e-05
1300.31, 5.19065e-05
1456.69, 0.000142379
1753.56, 9.4133e-06
2092.43, 4.77132e-06
1823.54, 4.88125e-05
1948.77, 1.84916e-05
2226.8, 3.10048e-06
1384.58, 2.83402e-05
1898.13, 1.24127e-05
1618.38, 6.19942e-05
1291.44, 1.07047e-05
1344.11, 7.4175e-07
2198.94, 0.000294061
2277.64, 7.09734e-06
1865.54, 1.71688e-05
2294.3, 0.000119853
1278.4, 9.41312e-05
2254.41, 8.40832e-05
2127.85, 5.28048e-06
1542.15, 4.28589e-06
1050.41, 3.26297e-06
1641.28, 2.43982e-06
1925.79, 7.53111e-06
1945.31, 7.73187e-06
2257.14, 6.23803e-06
2185.91, 1.76658e-06
1820.76, 8.08109e-06
2168.27, 1.21512e-05
1265.04, 0.000138108
1054.75, 3.79461e-05
2159.37, 1.19324e-05
1178.15, 2.16072e-07
1082.2, 1.23081e-05
2495.63, 1.88055e-05
1486.87, 4.81334e-05
1962.02, 1.01468e-05
1479.09, 3.64664e-05
1994.3, 1.80538e-05
1436.29, 1.23154e-05
2071.51, 1.29038e-05
1840.3, 8.54726e-06
2392.84, 1.46534e-05
1997.99, 2.21332e-05
1048.34, 0.000351717
1075.98, 6.17887e-05
1146.73, 1.10504e-05
2254.13, 6.62681e-06
1352.23, 2.75987e-06
1139.62, 1.57838e-05
1931.59, 2.6341e-05
2216.5, 1.12402e-05
1303.27, 1.28128e-05
1506.36, 1.05228e-06
1873.2, 1.77903e-05
1074.23, 6.09712e-06
2187.91, 7.5415e-06
1152.32, 7.01828e-06
1429.53, 1.29943e-05
1713.08, 0.000180525
1074.31, 7.71358e-05
2412.07, 7.05684e-06
1947.09, 1.98769e-05
1954.31, 8.48153e-06
1043.33, 1.28221e-05
1286.26, 2.74719e-05
2161.97, 9.54098e-06
2388.79, 4.42218e-06
2427.32, 4.82579e-06
1913.6, 1.10213e-05
2456.96, 7.22736e-05
1830.6, 1.85783e-05
1863.78, 3.01119e-05
1590, 0.000199689
2148.2, 5.49228e-06
2283.26, 3.87497e-06
1588.03, 1.04689e-05
2036.07, 5.83676e-06
1951.59, 5.46308e-05
1605.23, 4.80572e-06
1519.55, 7.82517e-06
2090.2, 1.77294e-05
2467.5, 2.7259e-06
2223.71, 1.21385e-05
2085.43, 3.11163e-05
1488.28, 1.54777e-05
1842.66, 4.33578e-05
1115.62, 9.37645e-05
1653.12, 8.21344e-05
1166.07, 9.372e-07
1996.28, 5.6239e-06
1462.61, 1.01094e-05
1993.63, 8.47713e-06
2030.78, 4.44251e-05
1635.96, 9.74999e-07
1914.37, 3.17508e-05
1879.97, 4.42966e-05
2156.52, 1.6025e-05
2166.74, 1.26351e-05
1665.53, 1.85524e-06
1843.35, 2.43125e-05
2119.89, 0.000210533
1034.37, 5.51766e-06
2128.46, 8.83886e-06
1783.3, 2.58679e-05
1268.71, 2.27751e-06
2222.97, 6.38486e-06
1239.33, 5.58825e-05
1553.82, 1.16569e-05
2018.1, 7.59014e-06
1417.83, 1.63662e-05
1071.35, 0.000240852
1200.75, 6.33242e-05
2228.62, 5.45676e-06
1596.84, 2.07196e-05
2168.49, 6.89103e-06
2467.4, 2.57713e-05
2377.87, 5.01284e-06
1258.11, 4.31857e-06
2497.56, 3.78578e-05
2403.79, 1.39239e-06
1228.84, 4.70912e-05
1069.02, 9.54154e-05
1262.07, 4.891e-05
2491.59, 1.94971e-05
1746.88, 7.76866e-06
1197.78, 5.82287e-06
1209.1, 2.07135e-05
2097.37, 1.89982e-05
2239.54, 5.52643e-06
2431.51, 5.76313e-06
2081.82, 2.0123e-05
1618.91, 8.77767e-06
1892.63, 2.54984e-05
2381.05, 4.62659e-05
2438.61, 2.09003e-06
2031.42, 4.60493e-06
1889.79, 0.000292397
1704.91, 4.21167e-06
1301.31, 2.71553e-05
2294.35, 0.00019292
1835.22, 4.82353e-05
1186.21, 2.45841e-06
1817.29, 8.30413e-06
1476.67, 1.29569e-05
2112.82, 8.81194e-06
1669.93, 8.69485e-05
2176.59, 5.64969e-06
2263.5, 3.87507e-06
1729.95, 1.19349e-05
2257.63, 1.0198e-05
1890.6, 1.85285e-06
1323.03, 6.63876e-06
1407.03, 0.000124161
1199.4, 6.33146e-06
1175.58, 8.14425e-06
1219.55, 8.85769e-06
1322.1, 9.99163e-06
1319.96, 1.12006e-06
1311.28, 2.07465e-06
2244.34, 1.49384e-05
2050.43, 9.69135e-06
1522.8, 2.6271e-06
2433.1, 1.60272e-05
2025.87, 0.000135834
2203.6, 5.15004e-05
1127.26, 1.34411e-05
2089.49, 3.03846e-05
2318.15, 7.88631e-06
1643.37, 5.38209e-06
1483.36, 0.000321542
1869.1, 2.66041e-05
1577.82, 5.11039e-06
2135.4, 1.82138e-05
1048.51, 9.9715e-07
1740.47, 1.46218e-05
1309.22, 3.69317e-06
1458.17, 5.9749e-06
2042.97, 1.17582e-05
1874.55, 2.29919e-05
1697.3, 8.28002e-05
2148.34, 6.18214e-05
2461.6, 9.57229e-06
1684.93, 0.000102576
1729.33, 1.27804e-05
2371.33, 9.72441e-06
1583.74, 8.54758e-06
1246.21, 2.83735e-06
1811.1, 9.4772e-06
1954.38, 7.62806e-06
2088.65, 6.93294e-06
1877.61, 6.28278e-06
2466.03, 7.01449e-06
1256.5, 4.73303e-06
1625.59, 9.94944e-06
2127.51, 8.3372e-05
2326.03, 3.79693e-06
2380.79, 3.27439e-05
1773.67, 7.19046e-06
1208.19, 8.34623e-06
1342.44, 1.2952e-05
1490.87, 2.01281e-05
1545.96, 2.94252e-05
2033.78, 1.18567e-05
1125.61, 0.000126756
1731.68, 5.74104e-06
2222.17, 6.97433e-06
1280.88, 5.93705e-05
2348.63, 3.23825e-06
1691.11, 1.32344e-05
1064.52, 1.84764e-05
2103.05, 1.31213e-05
2254.81, 2.61374e-06
2370.06, 1.75531e-06
1196.59, 2.06685e-06
1063.73, 1.7863e-05
1632.7, 3.29165e-05
1552.3, 6.54349e-05
2314.02, 6.00543e-06
1232.58, 5.47904e-05
1744.91, 4.21376e-05
1217.52, 1.16697e-05
2488.74, 2.44525e-05
1033.68, 1.18922e-05
1007.6, 0.000166046
1262.88, 9.02638e-05
2149.96, 1.59582e-05
1566.69, 2.41867e-05
2327.61, 5.85806e-06
1246.54, 6.73154e-06
1991.36, 2.44267e-05
1218.97, 9.19346e-06
1979.32, 1.50334e-05
2367, 8.18173e-06
2082.61, 1.33584e-05
1286.53, 7.53122e-06
2022.86, 3.92331e-06
1323.01, 1.50445e-05
1916.1, 0.000194998
1269.04, 3.09686e-05
2490.08, 1.31054e-05
1457.68, 2.22065e-06
1447.33, 4.90644e-05
1236.37, 9.27633e-06
1140.74, 2.89612e-06
1932.78, 6.50169e-06
1539.89, 4.80625e-05
2125.49, 8.14329e-06
1973.62, 9.95708e-06
1574.97, 2.43773e-05
1426.22, 9.92264e-06
1960.98, 7.43358e-06
2373.39, 4.26235e-06
1934.2, 2.8389e-05
1269.56, 5.98062e-05
1202.53, 4.40005e-06
1463.23, 2.1831e-05
1666.62, 1.61805e-05
1701.6, 3.55803e-05
1863.14, 1.01127e-05
1033.29, 1.72148e-05
1039, 6.87039e-05
2311.58, 1.72486e-05
2331.86, 0.000300468
1775.86, 4.97274e-06
1663.87, 3.86051e-05
1735.14, 4.77867e-05
1081.32, 1.028e-05
1816.35, 1.043e-05
2162.34, 6.46826e-06
1922.03, 1.55747e-05
1677.34, 6.12365e-05
2251.96, 1.129e-05
1425.94, 0.000142067
2478.9, 0.000288708
2349.58, 8.30796e-06
2370.96, 8.7217e-06
1168.92, 1.61343e-05
2495.65, 1.26767e-05
1279.44, 0.000303073
1557.88, 0.000183539
2190.92, 8.42455e-06
1134.53, 2.2009e-06
2044.29, 1.19025e-05
1336.17, 8.521e-06
1206.3, 3.47083e-05
1967.63, 2.28706e-05
2047.06, 1.42162e-05
1150.67, 3.03831e-05
2346.06, 1.65341e-05
2091.34, 8.72889e-06
1002.47, 6.02066e-05
2115.61, 4.48775e-06
1760.96, 5.49533e-05
1862.55, 0.000127183
1918.96, 7.79663e-06
1058.38, 1.20312e-05
1732.35, 1.54598e-05
2221.64, 1.26451e-05
2028.92, 4.33944e-05
1566.01, 0.00572143
2404.08, 6.05131e-06
2266.74, 1.265e-05
1562.94, 9.27408e-05
1116.72, 6.60993e-06
1786.34, 0.000175185
1585.9, 1.72225e-05
2488.17, 6.0463e-06
1939.63, 1.95781e-05
1020.47, 8.32066e-06
1611.71, 1.60141e-05
1244.42, 5.98629e-06
1954.85, 2.29254e-05
1765.03, 0.000192659
1360.38, 4.87407e-05
1886.63, 3.55197e-05
1664.68, 7.92586e-06
2424.79, 6.11584e-05
1967.96, 3.00957e-05
1219.02, 6.44132e-07
1979.21, 5.22951e-05
2111.04, 3.51167e-05
1961.2, 2.34111e-05
1767.1, 7.28109e-05
1155.25, 1.03919e-05
1872.51, 3.04822e-05
2319.58, 2.84268e-05
1904.03, 1.31531e-05
1923.54, 2.57865e-05
1393.86, 4.75774e-06
1054.45, 2.27385e-06
1321.34, 6.32986e-06
2048.12, 1.77105e-05
2063, 1.12157e-05
1620.25, 2.28188e-05
1236.26, 5.88712e-06
2414.24, 1.02724e-05
2315.71, 1.43462e-05
2123.27, 8.29244e-06
2151.98, 1.01585e-05
1246.33, 1.05094e-05
1766.51, 4.58769e-05
2274.2, 1.02513e-05
1770.15, 5.3937e-05
1044.13, 7.96906e-06
1905.76, 5.49724e-06
1625.18, 0.00351489
1021.15, 9.01148e-06
1341.19, 0.000100147
2388.34, 1.16097e-05
1459.01, 2.92734e-05
2476.34, 6.90433e-06
2278.43, 0.00114997
1030.14, 1.16883e-05
2222.85, 3.60387e-05
1475.91, 4.63652e-05
1897.59, 7.43739e-06
1720.27, 5.57016e-06
1023.62, 2.82373e-05
2436.68, 8.78084e-06
2191.38, 2.75173e-05
2343.23, 7.30437e-06
1697.47, 0.000284979
1140.79, 6.7498e-06
2193.59, 6.08446e-06
2375.01, 5.79376e-06
1711.14, 6.06553e-06
1383.4, 0.000135524
1614.73, 0.000215013
1700.53, 1.29353e-05
1558.66, 4.49768e-05
1801.11, 1.17711e-05
2137.64, 0.000175912
2351.18, 2.04283e-06
2366.98, 0.000198438
1224.57, 3.92211e-06
1285.24, 0.000178308
2426.92, 6.4055e-06
2139.8, 6.57075e-06
1627.29, 2.63969e-05
1404.92, 9.59668e-06
2024.57, 2.76837e-05
2143.97, 8.84456e-06
1059.14, 0.00012064
1535.99, 9.20658e-05
2301.75, 4.21326e-06
1303.33, 9.70489e-07
1457.34, 9.72833e-06
2444.64, 5.32598e-05
1673.77, 1.53967e-05
2190.63, 1.64291e-05
1210.4, 3.19881e-05
1345, 2.68365e-05
1838.69, 2.49164e-05
2278.12, 2.54097e-06
1348.55, 1.34732e-05
2044.78, 6.10028e-06
1217.73, 1.16916e-05
1934.14, 5.29699e-05
1333.72, 8.16535e-05
1011.82, 7.08105e-05
1223.08, 3.57118e-06
2388.77, 6.0482e-06
2091.82, 8.69346e-06
1220.66, 1.02416e-06
2422.73, 1.51888e-05
1670.18, 1.06898e-05
1934.15, 5.33941e-06
2360.1, 5.02955e-06
1541.94, 1.81396e-05
2499.44, 7.83121e-06
1803.78, 4.69312e-05
1024.01, 5.69785e-05
1740.09, 7.41958e-06
1562.04, 4.10918e-06
1800.98, 1.07776e-05
1170.15, 6.51394e-06
2476.08, 1.56652e-05
1521.92, 8.80457e-06
1158.73, 1.44361e-06
2134.56, 2.67488e-05
1494.23, 0.000249141
2426.63, 6.70259e-06
1742.18, 5.80815e-06
2488.6, 2.28564e-05
1734.94, 0.00028683
1874.96, 6.52721e-06
2160.11, 7.1164e-06
1588.78, 2.02905e-05
1926.15, 3.18905e-06
1159.19, 2.6743e-05
1292.94, 1.01167e-05
2056.15, 5.5238e-06
1553.94, 5.98041e-06
1679.59, 1.86278e-05
1226.8, 4.63627e-05
2051.54, 3.06335e-06
2256.04, 8.46174e-06
1042.6, 0.000265401
2391.31, 0.00034797
1442.34, 3.32605e-05
1932.64, 9.85584e-06
2443.03, 2.02106e-05
1175.31, 3.67166e-07
1519.4, 1.11139e-05
1256.74, 1.96561e-05
1426.79, 0.00021875
1860.63, 6.59564e-06
1824.35, 0.000101657
2336.69, 3.22509e-05
2098.75, 8.69843e-06
1643.67, 2.47596e-06
1434.41, 8.16759e-05
2038.88, 7.99191e-06
1350.92, 0.000133243
2158.78, 1.26242e-05
1431.01, 0.000157066
2118.14, 4.39908e-06
1368.27, 1.83571e-05
2399.56, 6.58344e-06
1069.8, 6.21655e-05
1716.93, 1.45893e-06
2458.31, 7.79764e-06
1315.58, 7.43494e-06
1898.61, 2.11828e-05
1699.31, 1.00043e-05
2455.96, 2.38071e-06
1945.99, 2.34559e-05
1372.56, 0.000461183
1659.32, 1.26063e-05
1790.55, 1.40821e-05
1716.96, 4.23405e-05
2255.55, 8.96851e-06
1412.89, 4.29177e-05
1578.82, 0.00014097
2387.5, 1.00438e-05
2087.28, 8.76552e-06
2392.58, 9.88481e-06
1681.04, 8.38581e-06
1625.94, 4.75872e-05
2141.38, 2.70287e-05
1755.29, 8.25254e-06
2028.92, 1.25325e-05
2082.18, 7.82296e-06
1517.25, 1.39872e-05
1752.23, 1.79402e-05
1741.66, 9.65388e-06
1283.48, 1.44628e-05
1854.33, 3.26383e-05
1023.46, 1.2074e-05
2448.69, 1.62351e-05
1327.44, 7.78857e-05
1364.76, 1.70657e-05
1087.19, 2.94715e-05
1242.72, 3.81281e-05
1826.38, 2.36011e-05
2398.01, 4.66546e-06
1268.05, 5.37336e-06
1973.02, 1.41043e-05
2466.63, 2.97937e-06
1142.14, 4.23558e-06
2083.09, 8.86303e-06
2231.53, 6.35306e-06
2142.65, 1.74237e-05
1046.09, 1.24729e-05
1102.96, 5.92965e-06
1944.49, 5.62981e-05
2388.69, 2.60491e-06
1960.87, 7.30553e-06
1789.67, 3.51292e-06
2269.35, 5.7502e-06
1174.72, 6.98649e-07
1014.15, 0.000409505
2429.75, 1.76553e-05
2178.37, 7.75634e-06
1120.58, 7.27345e-06
2474.31, 2.48651e-05
2488.75, 1.86755e-05
2135.72, 7.83826e-06
1753.68, 2.85987e-05
1476.24, 4.09745e-05
1352.95, 1.69303e-05
2041.11, 5.42152e-06
1020.62, 1.4005e-05
1130.53, 3.73463e-06
1878.5, 1.40395e-05
1950.5, 3.0889e-05
2310.79, 1.13525e-05
1244.79, 5.01023e-05
1429.85, 3.2425e-05
1247.11, 7.89536e-06
2312.09, 0.000134199
2494.32, 9.60187e-06
1241.79, 1.70893e-05
1151.89, 3.69419e-05
2117.89, 6.64932e-06
1031.2, 1.99974e-05
1195.24, 3.25616e-06
1676.98, 3.84187e-05
1944.96, 5.28655e-06
2449.2, 6.3767e-06
2017.84, 1.73757e-05
1881.08, 1.50033e-05
1211.63, 6.33319e-05
1997.17, 2.43859e-05
1847.06, 4.46647e-05
1673.67, 0.000163787
2088.2, 9.77201e-06
1999.92, 7.53161e-06
1248.15, 1.10843e-05
2164.89, 7.14475e-06
1884.53, 5.70612e-05
1731.44, 2.52197e-05
1258.91, 2.28133e-05
2077.49, 8.16202e-06
1681.93, 4.25658e-05
2063.78, 3.60769e-06
2432.34, 1.00069e-05
2419.3, 9.39686e-06
2202.77, 1.17226e-05
1785.58, 1.42736e-05
2494.73, 1.77796e-05
1016.73, 3.22643e-05
2438.67, 1.81878e-05
1093.65, 1.26343e-05
1115.29, 1.20135e-05
1823.14, 3.1637e-05
2446.33, 4.02095e-05
1970.24, 3.25911e-06
1890.4, 1.9304e-05
2101.16, 2.10506e-05
1744.31, 0.000140838
1937.18, 1.76436e-05
1968.47, 4.34764e-05
1889.38, 5.86451e-05
2179.97, 2.47559e-05
2151.85, 3.17474e-05
1735.21, 1.86717e-05
1888.98, 4.98856e-05
1993.46, 1.1005e-05
1408.39, 8.06416e-06
1355.5, 0.000111374
1204.83, 2.47038e-06
2400.42, 4.04698e-06
1289.88, 4.86837e-06
1391.42, 1.06409e-05
1223.6, 1.55175e-05
2181.34, 4.57015e-05
1037.1, 2.51483e-05
2276.43, 8.5694e-06
2346.11, 4.38219e-05
2198.01, 5.43855e-06
2478.97, 1.35206e-05
1373.73, 1.98265e-05
2054.35, 1.5344e-05
2253.89, 1.56275e-05
1268.61, 3.78824e-06
2088.29, 5.46406e-06
1292.31, 7.69911e-05
1109.19, 5.92321e-06
2136.6, 9.5384e-06
1486.32, 6.64386e-06
2477.93, 2.43788e-05
1771.54, 3.80285e-05
1474.02, 1.84372e-05
1279.07, 0.000193429
1563.75, 1.84443e-05
2240.71, 5.82649e-06
1119.69, 9.54329e-07
2451.89, 9.50954e-06
1491.43, 5.36583e-05
2364.88, 5.85969e-06
1784.77, 1.71413e-05
1084.76, 0.000171546
1973.67, 1.27805e-05
1918.28, 9.11422e-06
2411.26, 1.73503e-06
2410.95, 7.09216e-06
1912.94, 1.60549e-05
2326.74, 9.6417e-06
1586.26, 1.39959e-05
1797.99, 7.70351e-06
2367.14, 6.88325e-06
2107.01, 1.19719e-05
2185.5, 1.96594e-05
1152.51, 1.70256e-05
2118.44, 1.04151e-05
1047.06, 3.61256e-05
1261.51, 7.47854e-06
2413.75, 3.4784e-06
1645.69, 7.79696e-06
2273.25, 3.58594e-06
1304.42, 7.38919e-05
2406.53, 4.25923e-06
1235.94, 4.74265e-05
1493.14, 7.16215e-05
1541.73, 1.28565e-05
1297.76, 1.71384e-05
1348.99, 6.49541e-06
1808.32, 1.42978e-05
2353.1, 2.22751e-06
2291.77, 1.91731e-05
2034.52, 5.53778e-06
2229.11, 1.63887e-05
1020.99, 1.10128e-06
1708.27, 5.2574e-05
2379.95, 3.73174e-06
2467.52, 9.83651e-06
2190.24, 6.41491e-06
2376.97, 2.95629e-05
1154.91, 1.66352e-05
2182.16, 1.67797e-05
1848.7, 1.80085e-05
1847.98, 1.14538e-05
1906.11, 7.44141e-06
1012.58, 0.00013449
1198.96, 1.21359e-07
1988.55, 3.65287e-05
2064.84, 3.30535e-05
1559.04, 6.0487e-05
2248.96, 2.84919e-06
1620.45, 9.37924e-06
1128.23, 5.77243e-06
1754.93, 0.000448219
2375.06, 6.26395e-06
2259.71, 4.38867e-06
1875.13, 2.6626e-05
1784.36, 1.82558e-05
1393.42, 1.79079e-05
2464.63, 6.46079e-06
2318.14, 2.69487e-06
2237.49, 4.72254e-05
1941.57, 6.58625e-06
2049.67, 3.58382e-06
2252.41, 7.04198e-06
1299.32, 3.45043e-05
1765.04, 9.74493e-06
1204.27, 0.00012567
2158.75, 1.3725e-05
1771.05, 0.000137412
1056.65, 6.34067e-06
1874.83, 7.03458e-06
1870.69, 1.39419e-05
1620.65, 1.02472e-05
1843.83, 1.12593e-05
1310.17, 9.24807e-05
2311.58, 1.50876e-05
1131.5, 1.66189e-05
2272.34, 2.9653e-05
2468.94, 3.03272e-05
1351.57, 0.000128321
1884.17, 6.85283e-06
1960.94, 3.61051e-05
2059.17, 3.24132e-06
2131.64, 5.04103e-06
1983.16, 0.000502878
2324.12, 5.46742e-06
1958.62, 1.00648e-05
1859.99, 2.84222e-06
1695.21, 9.35035e-05
1542.61, 1.08379e-05
2370.81, 1.29715e-05
1596.78, 0.000110597
2218.91, 1.72566e-05
2011.47, 8.32071e-06
1428.18, 1.27702e-05
1373.74, 3.33805e-05
2218.2, 3.70509e-06
1464.02, 1.13535e-05
2198.24, 1.02708e-05
1266.47, 3.83178e-06
1516.56, 0.00012299
2011.09, 2.12642e-06
1106.25, 1.14936e-05
1413.51, 9.77381e-06
1159.74, 1.64987e-05
1311.59, 0.000193233
1315, 1.39347e-05
1183.32, 4.57894e-06
1322, 0.000473601
1947.17, 1.48548e-05
1605.51, 1.34275e-06
1434.76, 4.4705e-05
1736, 4.66142e-05
1124.54, 1.44153e-05
1828.75, 1.10139e-05
1241.23, 9.21778e-05
2297.6, 1.00575e-05
2425.11, 1.36855e-05
1052.98, 1.66247e-05
2484.22, 1.94109e-05
1913.1, 3.52431e-05
2088.15, 8.45388e-06
2403.9, 1.54277e-05
1353.94, 6.38026e-05
1570.9, 8.81842e-05
1032.07, 3.12326e-05
1975.88, 1.58222e-05
1108.43, 1.69578e-06
1042.1, 2.43356e-05
1716.12, 9.34645e-06
1253.5, 7.12956e-06
1815.44, 2.02951e-05
2226.27, 0.000109265
1356.71, 6.29167e-06
2091.54, 3.71366e-05
1272.67, 0.000135594
1879.55, 6.5208e-06
1125.5, 2.6578e-05
2102.93, 5.77526e-06
1591.39, 3.65399e-06
1488.42, 6.32665e-06
1748.57, 0.000120939
1818.18, 0.000498363
1407.64, 7.60266e-06
1458.69, 3.63947e-06
1677.67, 7.32181e-05
1930.04, 4.13443e-05
2422.88, 1.1346e-05
1245.78, 2.90841e-05
1944.98, 3.4964e-05
1540.07, 2.64776e-05
1837.76, 4.49397e-05
2034.54, 3.20949e-06
2217.71, 2.44598e-05
2335.01, 4.04642e-06
2461.64, 7.0685e-06
1100.23, 3.64061e-05
1061.68, 0.000316996
2202.03, 3.79051e-06
2262.07, 1.97209e-05
1430.06, 9.21592e-06
1242.73, 1.77155e-05
1930.34, 4.21401e-06
1431.59, 0.000237792
1463.48, 2.16397e-05
2088.8, 5.9156e-06
1051.32, 1.04063e-05
1148.99, 5.8334e-06
2081.61, 1.52362e-05
1424.11, 5.81601e-05
1934.75, 2.30561e-05
1344.64, 3.60704e-06
1782.86, 3.25236e-06
2411.28, 2.81904e-06
2467.4, 1.12321e-05
1443.21, 0.00084158
2442.71, 7.07557e-05
2145.52, 3.91771e-05
1548.77, 6.68427e-06
1368.78, 1.39211e-05
2037, 1.5996e-05
1183.35, 8.88707e-06
1185.33, 8.24658e-06
1665.77, 2.22819e-05
2069.49, 3.29536e-05
1537.84, 8.85136e-06
1053.26, 1.70088e-05
2190.74, 8.3702e-05
1660.37, 6.52505e-06
1958.23, 2.95237e-05
1725.61, 0.000452431
1869.83, 5.69143e-05
1687.75, 6.17155e-05
2110.38, 5.70971e-06
2028.86, 1.65547e-05
1651.6, 7.41899e-06
1847.3, 1.0317e-05
2440.13, 6.43631e-06
1258.7, 1.89708e-06
1471.36, 2.15706e-06
1091.52, 1.03573e-05
1409, 2.08672e-06
1922.18, 4.4362e-06
1364.27, 2.36594e-05
2353.3, 9.06936e-06
2420.18, 5.14915e-06
2088.08, 6.629e-05
1233.96, 1.40189e-05
2217.4, 1.66786e-05
2022.9, 1.10946e-05
1156.45, 2.60553e-05
2441.63, 3.53051e-06
1512.55, 2.50608e-05
1347.98, 5.03898e-05
1987.9, 7.99978e-06
1934.33, 4.06278e-05
2479.66, 3.30045e-06
2455.53, 1.76483e-05
1060.33, 1.05601e-05
1917.47, 5.46937e-06
2076.56, 2.21625e-05
2186.84, 4.2471e-06
1194.47, 1.18653e-05
2121.68, 0.00107211
1971.08, 4.07355e-06
1692.41, 0.000272807
1959.74, 4.37857e-05
1686.17, 8.50247e-06
2088.38, 4.50797e-06
1352.33, 2.82838e-06
1545.01, 1.64753e-05
1531.84, 5.02641e-05
1607.61, 1.7836e-05
1188.91, 1.33113e-05
1634.78, 0.000248967
2371.3, 3.74209e-05
1239.27, 1.2873e-06
1300.31, 9.36851e-06
1839.41, 1.39784e-05
1112.79, 2.26447e-06
1314.08, 1.31897e-05
1332.81, 3.1057e-06
1483, 2.27807e-05
1663.19, 0.000244108
2076.93, 2.62294e-05
2441.85, 1.20177e-05
2315.54, 2.72249e-05
2148.04, 1.08809e-05
2412.73, 5.28175e-05
1365.28, 1.23979e-05
1123.05, 4.67422e-06
1683.92, 3.80063e-05
1758, 1.80633e-05
2187.1, 4.44634e-05
1392.66, 9.4426e-06
1758.58, 0.00049357
2148.53, 2.06406e-05
1879.71, 1.62022e-05
2489.55, 3.72632e-06
1769.99, 2.61147e-05
2259.43, 1.49879e-05
1072.18, 2.71913e-05
2245.72, 7.0118e-06
2302.98, 3.51056e-06
1973.36, 5.85413e-06
1435.33, 2.70656e-05
1006.82, 0.000158345
2071.91, 2.61156e-05
1766.67, 4.04096e-06
1023.52, 2.34157e-05
2093.27, 2.8038e-05
2335.34, 1.02379e-05
2307.26, 2.10079e-05
1187.71, 8.54482e-06
2325.81, 4.4625e-06
1177.49, 1.94998e-06
2136.9, 1.31292e-05
1329.33, 0.000229284
1198.82, 2.63056e-06
1344.36, 1.19068e-05
1817.95, 4.42024e-06
2355.71, 2.28744e-05
1760.81, 2.30899e-05
2444.37, 7.42904e-06
1121.19, 1.05589e-05
2395.04, 4.21675e-06
1802.62, 7.51669e-06
1528.82, 6.05309e-05
2280.05, 6.81953e-06
2434.99, 6.00676e-06
1953.99, 1.94663e-05
1041.73, 2.05411e-05
2047.1, 1.63181e-05
1138.49, 1.57734e-06
1696.24, 1.04261e-05
1882.11, 6.26045e-06
1667.3, 8.47456e-05
1118.13, 1.10632e-05
1693.23, 3.43202e-05
2462.7, 6.20225e-06
2133.82, 1.35128e-05
2331.41, 4.25864e-06
1172.44, 2.53434e-06
1835.93, 5.03254e-05
1201.68, 2.48025e-06
1621.41, 3.55417e-05
1605.28, 6.40375e-05
1830.5, 4.75388e-06
2005.28, 1.34083e-05
1086.09, 0.000111568
1239.74, 5.02471e-05
1892.63, 1.65455e-05
1837.02, 5.0824e-06
1164.89, 9.55643e-07
1506.01, 2.3377e-05
1359.95, 7.00287e-05
2146.46, 1.91978e-05
2368.7, 2.89314e-05
2099.52, 2.69709e-05
1532.73, 1.73354e-05
1341.29, 2.54526e-05
2215.7, 1.02075e-05
1977.63, 6.40132e-05
1223.53, 1.58682e-06
1519.09, 8.40069e-06
1370.86, 2.11646e-05
2290.09, 8.98521e-06
1344.95, 5.4739e-06
1924.22, 2.30649e-05
2086.84, 5.13822e-06
1982.39, 1.47994e-05
2328.71, 6.19762e-06
1205.73, 2.33341e-06
1832.9, 1.80549e-05
1723.01, 1.34265e-05
1275.4, 0.000124346
1672.99, 4.22905e-06
2329.16, 2.61458e-05
1206.72, 2.02457e-05
1634.69, 6.01815e-06
1381.83, 3.20615e-05
1595.35, 3.48353e-06
2490.4, 2.05843e-05
1825.94, 4.13001e-05
1347.16, 0.000175368
1894.48, 5.43743e-05
1675.91, 3.36936e-05
1161.83, 1.36352e-06
1719.52, 1.70465e-05
1038.11, 1.94732e-06
1380.46, 7.91191e-06
2120.52, 5.69246e-06
2123.51, 0.000110443
2152.34, 3.48175e-06
1187.32, 7.65185e-07
2444.88, 4.20642e-06
2062.94, 9.58363e-06
1803.71, 9.5956e-06
1424.04, 4.5095e-06
1289.5, 7.6613e-06
1588.83, 3.19956e-05
2362.14, 1.8772e-06
2410.79, 6.3359e-05
1055.57, 6.44e-05
1639.47, 0.000167291
2438.58, 2.23404e-06
1522.28, 0.00035257
2250.82, 2.78776e-05
2053.95, 3.08906e-05
1426.36, 3.08908e-05
1969.87, 4.01068e-05
1317.27, 6.90367e-05
2231.68, 1.36195e-05
1933.02, 6.48301e-05
1918.9, 2.58095e-05
1931.95, 1.81377e-05
2331.56, 3.95383e-06
1400.04, 2.30203e-06
1701.46, 7.49499e-05
1428.42, 1.69948e-05
1076.23, 1.87434e-05
1196.43, 5.7169e-05
1488.31, 2.29707e-05
1761.75, 4.02511e-05
1910.8, 8.19237e-06
1291.01, 1.18629e-06
1971.39, 5.83296e-06
1110.22, 6.29807e-06
2237.4, 1.57127e-05
2099.19, 9.00961e-06
2226.55, 1.95418e-06
1769.43, 0.000603457
1634.6, 9.8838e-06
1740.03, 6.95158e-06
1150.4, 2.91327e-05
2285.91, 4.01087e-05
2485.5, 3.58391e-05
2409.74, 1.97818e-06
2090.44, 7.78644e-06
1713.74, 6.43989e-05
1576.99, 1.46061e-05
1153.26, 2.1201e-06
1926.84, 4.34511e-05
2477.77, 6.96686e-05
1980.21, 1.89376e-05
1968.39, 8.44406e-06
1848.59, 1.83907e-05
1066.62, 5.90823e-06
1021.62, 1.97186e-05
2085.41, 6.66363e-06
1662.96, 7.81102e-05
1956.32, 8.12408e-06
2045.08, 4.08951e-05
2272.84, 3.98267e-05
1623.71, 0.000225158
1841.36, 5.14286e-06
1074.95, 3.29925e-05
2142.65, 4.79365e-06
1425.45, 0.000246367
1664.32, 5.48454e-06
1635.13, 1.37361e-05
1450.06, 0.000135799
1672.23, 5.62331e-06
1602.74, 0.000101118
1631.73, 1.51539e-05
1629.95, 4.27325e-06
1732.01, 4.92187e-05
1275.57, 2.74861e-05
1133.49, 2.75863e-05
1388.13, 3.97418e-06
1320.54, 0.000104415
2000.21, 0.000143393
1360.49, 0.00023647
2230.36, 2.29528e-06
1334.99, 8.32318e-05
1190.46, 6.9256e-06
2134.01, 1.02938e-05
1511.09, 6.24487e-05
2482.42, 1.31858e-05
1141.13, 7.75164e-06
1616.17, 1.94739e-05
1449.57, 2.81514e-06
1435.42, 1.64321e-05
1290.1, 2.51799e-05
1687.51, 4.95998e-05
1923.59, 7.19388e-06
1461.07, 1.40618e-05
2322.28, 7.939e-06
1102.88, 4.91254e-06
1127.86, 5.27827e-06
1573.84, 1.46341e-05
1482.27, 5.0889e-06
1520.05, 8.88918e-05
1061.59, 0.000221903
2021.47, 5.91972e-06
1487.37, 3.01054e-05
2471.18, 1.05197e-05
2185.55, 8.15599e-06
1459.22, 5.75895e-05
1278.43, 1.18987e-05
1473.65, 1.30764e-05
1713.84, 8.94101e-05
1121.04, 1.30745e-05
1865.54, 5.2336e-05
1669.55, 0.00010433
1444.56, 5.77267e-06
1116, 1.85571e-05
1972.1, 9.67602e-06
2154.76, 5.74909e-06
1578.29, 1.11228e-05
1892.98, 0.000298217
2194.14, 1.00343e-05
2172.05, 1.72077e-05
2072.96, 4.40436e-06
1595.66, 4.48808e-05
2346.18, 7.33287e-06
2209.65, 4.91028e-06
2429.47, 3.70882e-05
1756.66, 5.11899e-06
2295.91, 7.0447e-06
1568.11, 2.87287e-05
2214.31, 1.78952e-06
1447.72, 0.000493621
1008.68, 7.12042e-05
1501.51, 2.87866e-05
1617.46, 3.27209e-05
1321.58, 7.83236e-06
1687.59, 0.000229498
2463.49, 4.08122e-06
1200.63, 5.07289e-06
1276.96, 1.63427e-05
1393.23, 1.10747e-05
2194.56, 8.89e-06
2024.64, 3.24581e-06
1962.6, 5.10912e-06
2427.59, 2.40858e-06
1557.79, 2.97657e-05
1318.41, 6.78343e-06
2085.06, 9.1653e-06
1474.97, 7.3403e-06
1841.02, 4.80868e-06
1084.73, 3.62038e-05
1498.52, 0.000408442
1549.03, 8.29102e-06
1388.86, 1.03733e-05
1669.64, 0.000130831
2049.95, 0.000232559
1306.02, 1.82872e-06
1006.77, 7.90807e-06
1597.99, 5.99865e-06
2185.42, 1.06122e-05
1482.19, 3.22189e-06
1910.02, 1.09581e-05
2283.79, 9.51841e-05
2457.83, 2.56715e-05
1121.3, 5.3548e-06
1359.23, 7.93932e-06
2274.55, 3.71592e-06
2010.87, 1.14949e-05
2164.36, 1.05417e-05
2479.64, 2.28693e-05
2291.72, 7.36814e-06
1816.9, 0.000184337
1276.93, 2.1155e-05
1712.65, 4.40074e-06
2225.32, 5.92221e-06
1801.65, 7.11901e-06
1363.87, 7.23862e-05
2061.27, 6.61846e-06
1567.27, 0.000340078
2487.66, 1.27195e-05
1797.64, 2.7161e-05
1999.36, 1.02259e-05
1186.8, 6.08672e-06
1946.43, 8.20888e-06
2450.21, 2.63937e-06
1985.49, 5.34996e-05
2025.48, 1.94067e-05
1127.57, 7.77411e-06
2176.71, 3.63465e-06
1391.85, 1.89417e-05
1315.03, 1.05915e-05
1753.8, 9.98393e-06
2239.88, 2.26316e-06
1347.67, 2.3971e-05
1413.03, 1.63637e-05
1845.3, 3.76458e-05
1545.86, 7.82386e-06
1812.31, 4.36439e-05
1162.52, 7.81715e-06
2329.15, 6.01478e-06
1556.26, 0.000106616
1115.7, 0.00387224
2303.28, 4.56775e-06
2203.06, 6.01271e-06
1639.78, 0.000146581
1927.36, 7.49834e-06
1006.37, 0.000101835
2210.29, 1.69214e-05
1835.96, 5.45354e-06
2429.24, 4.36535e-05
2113.98, 9.25277e-06
2019.32, 0.000415068
1840.49, 6.87578e-06
1416.21, 1.75963e-06
2250.5, 2.5003e-05
1112.68, 6.64166e-05
2050.14, 8.44861e-06
1423.56, 1.81246e-05
1268.68, 1.99876e-05
1604.72, 9.74003e-05
1859.93, 9.20517e-05
1161.51, 3.91128e-06
2293.15, 0.000111759
1475.86, 1.80146e-05
1809.36, 1.27914e-05
1501.8, 7.41313e-05
1133.59, 5.48237e-06
2390.92, 1.23084e-05
2088.58, 7.85098e-06
1004.51, 1.85603e-05
2274.32, 4.74657e-06
2199.91, 6.91502e-06
1152.99, 2.03858e-05
2267.06, 4.69693e-06
1964.55, 3.32578e-05
1229.65, 0.000340717
1502.11, 9.58902e-06
1609.97, 1.96109e-05
1582.68, 5.98176e-06
2026.65, 8.68314e-06
1493.5, 0.000163341
1511.69, 1.63307e-05
1143.25, 1.32505e-05
2281.4, 7.70235e-06
1111.63, 0.000205597
1935.47, 4.36718e-05
1770.3, 4.34572e-06
1707.13, 1.35139e-05
2378.58, 3.03518e-06
1075.91, 7.19038e-05
2182.58, 3.06393e-05
1811.53, 7.86627e-06
1788.34, 2.43304e-06
1034.67, 2.16707e-05
2081.37, 8.71071e-05
1879.15, 5.25564e-05
2275.88, 2.99073e-06
1096.36, 1.19566e-05
1716.01, 0.000968067
1080.41, 1.95973e-05
1322.05, 0.00037978
2454.36, 6.18829e-05
1572.58, 4.49258e-06
1347.34, 1.01401e-05
1351.18, 9.65945e-05
1678.39, 4.5676e-05
2490.91, 0.00011514
1000.55, 2.63198e-05
1974.48, 0.000690235
2153.44, 3.77749e-06
2158.07, 3.39439e-05
1628.94, 2.42999e-05
1355.7, 1.38159e-05
1008.68, 0.000163741
2211.72, 4.54784e-06
1377.19, 4.39515e-05
2468.56, 1.0827e-05
1305.84, 9.88047e-05
1143.91, 4.63048e-05
2212.92, 2.4765e-06
1685.19, 6.9946e-05
2316.86, 5.01571e-05
1385.19, 7.09823e-05
1559.77, 0.000336655
1061.47, 5.09569e-06
2260.98, 1.19439e-05
2077.48, 5.19221e-06
1899.27, 3.91512e-05
1312.6, 1.1592e-05
2392.15, 0.000480708
2002.29, 8.45812e-06
1588.38, 2.11504e-05
1210.51, 0.000340817
2083.36, 0.000359056
2306.51, 7.80255e-06
1221.78, 5.14118e-06
1430.06, 7.69328e-06
2106.47, 6.7007e-06
2421.61, 3.98174e-06
1339.42, 1.67518e-06
1093.66, 1.95901e-05
1637.07, 4.64973e-07
1667.41, 3.35971e-05
1017.36, 3.88778e-05
1274.69, 1.99862e-05
1353.75, 0.000209359
2029.51, 8.4586e-05
1012.09, 0.000547707
1374.72, 2.3192e-05
2216.76, 4.2395e-06
1798.79, 1.03571e-05
1443.41, 4.05689e-05
1133.24, 7.97457e-06
1571.64, 1.24581e-05
2331.69, 2.86696e-06
2471.2, 2.30209e-05
1609.27, 1.58559e-05
1539.83, 5.04569e-06
2444.62, 7.52843e-06
1222.19, 5.03087e-05
1704.16, 6.84907e-06
1881.81, 7.13315e-06
1965.44, 9.24604e-05
1314.51, 2.22664e-05
1634.71, 2.2948e-05
1131.95, 0.00010916
2464.55, 6.71832e-06
1000.88, 3.18137e-05
1080.77, 2.88557e-05
2179.75, 7.8597e-05
1138.13, 1.04395e-05
1898.84, 4.01886e-06
1941.34, 7.79758e-06
1365.77, 1.39582e-05
1292.52, 3.59001e-05
1311.01, 4.65828e-06
1816.11, 5.57187e-06
1960.93, 1.57883e-05
1809.19, 3.79849e-05
1453.71, 0.00132378
2203.46, 2.85047e-05
1426.2, 2.17813e-05
2465.76, 0.000152275
2306.83, 1.48009e-05
1160.49, 9.77487e-06
1653.02, 2.95319e-06
2232.15, 6.16523e-05
1682.75, 2.48837e-05
1734.26, 9.60227e-06
1319.23, 0.000153095
2303.9, 1.14464e-05
1245.01, 1.05238e-05
1283.25, 6.95575e-06
1421.59, 6.54777e-06
1971.3, 3.50316e-05
2397.87, 5.25054e-06
1917.48, 0.000431774
1903.34, 1.31798e-05
1887.36, 7.98534e-05
2450.45, 4.57981e-06
1267.61, 9.22002e-07
1156.84, 2.40131e-05
1095.43, 1.88627e-05
1324.12, 1.30088e-05
1130.77, 0.000117269
2143.91, 1.60287e-05
1491.98, 4.61573e-06
2202.27, 9.01736e-06
2480.71, 1.08499e-05
1165.58, 9.84327e-06
2471.33, 8.31264e-06
1799.28, 9.29703e-06
1174.61, 6.25691e-06
1667.5, 2.89098e-05
1579.93, 9.11569e-06
2295.9, 3.81233e-06
1266.54, 4.66872e-05
1698.57, 1.50167e-05
1711.03, 1.84114e-05
1578.27, 8.83226e-05
1028.65, 4.12237e-05
2105.23, 1.34987e-05
2371.9, 5.00756e-06
1048.57, 6.92484e-05
1959.09, 1.69885e-05
1491.76, 2.59056e-06
1508.45, 0.000140274
1770.71, 0.000944918
2237.91, 6.40347e-06
1523.23, 3.78592e-06
1162.25, 2.69944e-06
1014.85, 5.43405e-05
1336.06, 1.11464e-05
1904.27, 5.56429e-05
1534.57, 0.000112794
1374.64, 6.89636e-06
1233.91, 7.9342e-07
1764.39, 2.3864e-05
1969.71, 7.55288e-06
2002.56, 5.76198e-05
1440.53, 0.00019389
1284.87, 0.000623684
1010.59, 2.61774e-05
1291.37, 2.15334e-06
1418.43, 1.34037e-05
1143.62, 2.81022e-06
1934.97, 2.04207e-05
2121.98, 5.49649e-06
2151.33, 0.000237413
2359.7, 4.14778e-06
1433.23, 0.00028349
2148.89, 0.000117156
1006.77, 4.53987e-06
1624.59, 7.33475e-06
2199.17, 1.97312e-05
1591.56, 2.42371e-05
1038.44, 0.000646243
2382.73, 3.70507e-05
1224.04, 1.00243e-05
1661.51, 9.81441e-06
1732.68, 1.50232e-05
1197.96, 1.30669e-05
1764.45, 6.21191e-06
2298.64, 1.05873e-05
2304.81, 3.76152e-06
1790.38, 4.56938e-05
1148.34, 1.65068e-05
1774.38, 0.000211945
2163.5, 8.05505e-06
2272.92, 6.89803e-06
1150.07, 0.000245776
1207.53, 2.25401e-05
1615.9, 6.0025e-06
1852.82, 0.00013333
2371.19, 4.77621e-06
1737.6, 1.24091e-05
1015.32, 9.45407e-06
1837.88, 7.48308e-05
1448.08, 4.93869e-05
1733, 1.35064e-05
1880.73, 2.77301e-05
1767.23, 6.11788e-06
1803.34, 8.98717e-06
1868.43, 3.07901e-05
2121.57, 6.22564e-06
2017.03, 8.01336e-06
1367.93, 2.6599e-05
1638.94, 8.79296e-06
1579.9, 0.00011046
1194.23, 2.61689e-05
2026.96, 4.55516e-06
1717.62, 0.000130019
2351.13, 3.30824e-06
2241.84, 1.07892e-05
2287.63, 5.77786e-06
1764.7, 2.27961e-05
2234.08, 9.72979e-06
1647.27, 7.69785e-06
2180.94, 3.01652e-05
1547.28, 0.000134753
2353.92, 9.07136e-06
1528.97, 0.000146946
1227.8, 2.79568e-05
2250.89, 1.5744e-05
1751.65, 0.000102528
1368.41, 1.25986e-05
2429.29, 5.49676e-06
1185.73, 1.22936e-06
1914.26, 1.42328e-05
2307.16, 7.46604e-06
2087.01, 7.0096e-06
2297.47, 2.6488e-06
1663.34, 7.89844e-06
1324.68, 4.00293e-05
1283.26, 7.56205e-07
1415.81, 1.74216e-06
1910.31, 0.000256442
1818.73, 5.28341e-06
1340.13, 7.97966e-05
1072.19, 2.52097e-05
2093.55, 2.99262e-05
1135.64, 1.43321e-05
1357.55, 1.65017e-05
1042.05, 0.000214001
2077.61, 1.70585e-05
1427.41, 0.000101739
1413.11, 0.000121276
1113.53, 1.98739e-05
2438.01, 1.36777e-05
2252.1, 2.13419e-05
1642.89, 2.65877e-05
1806.17, 2.84657e-05
1064.24, 1.41866e-06
1510.6, 2.07713e-05
1493.3, 1.52582e-05
1750.19, 3.92032e-05
1381.9, 1.65529e-05
1914.28, 0.000838823
1852.93, 2.30279e-06
1475.22, 3.24059e-05
2441.69, 1.35383e-05
1254.59, 0.000124783
2215.64, 1.09562e-05
2417.83, 5.66443e-06
1562.63, 1.48424e-05
2328.89, 2.54786e-06
2011.36, 1.31307e-05
1685.47, 3.76848e-05
2373.52, 4.15418e-06
1954.61, 4.58427e-06
2259.96, 9.23549e-06
1009.94, 0.000267409
1266.09, 8.95897e-06
2213.08, 8.18448e-06
1016.81, 5.29684e-05
1357.55, 7.91929e-06
1400.54, 1.75055e-05
1051.58, 3.83524e-06
1003.97, 4.52789e-05
2419.33, 5.88128e-06
1089.68, 1.92864e-05
2416.46, 2.9608e-05
2238.28, 1.01752e-05
1820.59, 9.26866e-05
2489.96, 1.68063e-05
1519.74, 0.00032473
1048.96, 0.00014811
1930.45, 2.21622e-05
1427.19, 0.000517448
1219.36, 9.09447e-06
2106.39, 1.00619e-05
2455.68, 2.11447e-05
1502.81, 0.000955771
1503.08, 1.29484e-06
1534.53, 5.34594e-05
1767.45, 0.000260522
1654.78, 3.87395e-05
2322.62, 7.0402e-06
1932.16, 5.96117e-05
1502.49, 1.94038e-05
2265.24, 2.95159e-05
1690.31, 5.59802e-05
1921.9, 2.95108e-05
1184.89, 3.78071e-05
2338.7, 2.56197e-05
1914.43, 7.34795e-06
2287.86, 4.40074e-06
1604.41, 8.333e-06
2353.56, 2.09757e-05
1846.38, 1.6245e-05
2468.38, 1.77639e-06
2249.63, 2.28637e-05
1123.8, 1.03665e-05
1148.39, 1.40855e-05
1247.1, 9.21566e-06
1249.39, 1.30679e-05
2058.57, 9.82083e-06
2089.35, 8.17183e-06
1215.06, 1.32604e-05
1977.07, 2.55431e-06
1719.22, 7.09727e-06
1612.75, 9.30969e-05
1316.11, 4.82217e-05
1412.6, 1.62999e-05
1471.41, 1.58714e-05
2419.34, 1.10639e-05
1587.33, 2.21127e-05
2265.81, 6.90347e-06
1682.57, 5.40416e-05
1210.7, 3.67125e-06
1653.6, 2.11847e-05
1550.83, 1.48006e-05
1405.42, 7.89968e-05
1251.07, 6.25072e-06
1946.12, 9.26264e-06
1897.72, 6.21711e-06
1620.47, 0.000177048
1345, 1.19092e-05
2311.39, 5.44177e-06
2271.38, 8.77058e-05
1165.37, 3.48418e-06
2078.72, 1.7348e-05
1527.92, 9.88759e-06
2147.49, 1.37171e-05
1914.24, 1.31865e-05
1829.67, 1.76424e-05
1443.49, 1.00012e-05
1945.03, 0.000324405
2253.9, 5.42712e-06
2434.18, 6.5956e-06
1993.18, 2.7872e-05
1737.64, 3.60577e-05
1769.35, 9.19515e-06
1521.63, 1.13829e-05
1409.52, 3.77016e-05
1317.48, 2.43967e-05
1158.31, 7.66401e-06
2091.28, 1.13808e-05
2169.55, 1.77369e-05
1748.53, 1.69576e-05
2499.9, 1.72535e-05
1239.89, 4.5511e-06
2192.24, 8.21084e-06
1898.95, 1.20429e-05
2074.15, 1.33247e-05
1452.85, 2.05133e-05
2294.76, 1.42347e-05
1134.9, 9.62239e-05
1311.96, 1.00299e-05
1617.91, 3.47553e-05
2275.65, 3.1759e-06
1866.46, 7.5571e-05
2258.35, 2.75564e-05
1071.99, 3.22428e-05
1600.11, 2.9879e-06
2372.34, 0.000267772
2384.6, 2.69245e-06
1720.67, 7.14172e-06
1234.15, 6.53223e-05
2137.13, 6.60607e-05
1165.18, 2.00596e-06
2479.61, 8.53043e-06
2347.75, 8.65461e-06
1918.09, 1.22603e-05
2016.09, 4.4787e-06
2212.92, 9.80743e-06
1932.79, 2.49459e-05
1903.87, 6.42699e-06
1928.14, 1.26076e-05
2116.35, 6.90568e-06
1451.09, 4.4174e-05
1184.66, 9.85686e-06
1391.67, 2.12606e-05
1714.57, 4.89964e-05
1464.26, 2.79105e-05
2016.26, 0.000185997
2449.28, 2.92207e-06
1265.13, 8.06669e-06
1604.95, 0.000888738
1101.51, 8.50344e-06
1316.91, 7.73321e-06
1418.79, 3.53157e-06
1673.91, 1.0664e-05
1381.34, 6.20196e-06
2087.41, 5.2567e-06
1920.92, 1.75692e-05
2308.48, 1.23593e-05
1073.44, 1.26896e-05
1368.27, 3.738e-05
1762.7, 4.03126e-05
1955.11, 6.04051e-06
1609.55, 2.052e-05
2075.35, 8.18958e-06
2154.68, 4.79762e-05
1544.29, 1.62382e-05
1768.44, 5.53344e-06
1941.5, 9.24914e-06
2335.85, 1.85218e-05
2185.08, 0.000114213
2040.59, 0.00356752
1741.69, 5.56211e-05
1418.36, 4.67168e-05
1858.85, 7.54339e-06
1612.63, 1.43598e-05
1853.51, 9.72218e-06
2292.06, 2.02417e-05
1373.34, 7.76305e-06
1768.33, 0.00322635
1137.98, 1.24168e-05
2367.09, 7.30817e-06
1232.4, 1.56697e-05
2483.76, 1.10443e-05
1169.36, 4.60221e-07
1580.1, 3.92399e-06
1047.69, 4.97767e-05
1585.91, 5.45132e-06
1375.68, 4.91938e-06
1870.44, 3.72169e-05
2172.69, 2.49018e-05
1260.9, 8.75739e-06
2249.3, 0.000101909
1742.54, 0.000139968
1923.2, 1.00113e-05
2324.55, 2.77955e-05
2377.24, 2.83044e-05
1592.41, 1.44856e-05
1563.44, 4.93754e-05
1105.03, 0.000461044
2491.76, 1.49413e-05
1900.64, 2.61914e-05
2357.42, 8.62516e-07
2037.42, 3.26004e-06
1900.68, 0.000119157
2461.1, 1.01426e-05
1090.71, 0.00014062
2103.92, 6.9901e-05
1270.76, 8.79983e-06
2435.35, 1.5506e-05
2046.47, 3.15585e-05
2491.97, 5.38965e-05
1348.29, 1.09546e-05
1933.34, 7.1032e-06
1950.42, 2.74716e-05
2339.42, 3.82593e-05
2152.88, 9.19657e-06
1823.32, 0.000713355
1547.65, 1.61447e-05
2046.79, 8.61772e-06
2191.3, 2.25829e-05
1869.8, 0.000378663
1059.56, 0.000121347
1452.47, 2.01315e-06
2318.26, 1.1188e-06
1025.65, 2.96063e-05
2290.2, 1.46424e-06
2208.8, 1.55606e-05
1588.25, 0.000299336
2016.98, 1.88929e-05
1367.81, 3.25941e-06
1959.82, 3.94032e-05
1276.28, 1.54551e-05
1929.66, 9.61848e-06
2015.67, 2.91439e-05
2291.23, 3.71672e-05
2023.92, 3.66048e-05
1509.62, 0.000120458
1003.22, 0.00105718
1466.16, 7.0723e-05
2033.98, 1.21492e-05
1219.2, 1.75032e-06
2216.46, 8.41934e-06
2076.53, 1.14697e-05
1597.91, 3.44455e-05
1296.51, 3.67124e-06
1820.23, 7.84671e-06
1882.83, 4.89365e-06
2112.66, 5.90402e-06
1254.35, 3.48059e-06
1668.24, 1.8551e-05
1902.06, 2.46559e-05
2007.41, 1.31086e-05
1396.63, 5.73263e-06
2449.07, 7.89855e-06
1308.52, 9.44559e-05
2321.41, 2.30907e-05
2232.87, 3.35846e-05
2205.42, 8.34128e-06
1674.09, 2.39974e-05
2271.3, 7.09706e-06
2280.3, 1.28531e-05
1292.36, 7.84475e-06
2346.92, 6.14096e-06
1762.94, 7.65916e-05
1805.09, 8.91843e-06
1710.55, 2.6361e-05
1861.33, 1.38489e-05
1907.24, 9.20695e-06
2169.55, 2.3619e-06
2368.27, 2.41228e-05
1042.15, 4.71003e-05
1886.83, 2.18356e-05
1948.05, 3.88466e-05
2005.3, 1.32445e-05
1098.26, 0.000137628
1356.68, 7.52512e-05
1105.02, 4.27694e-06
1294.11, 1.16388e-05
1382.99, 3.74427e-06
1589.33, 1.65052e-05
1015.09, 0.000202799
1790.94, 1.7704e-05
1696.28, 5.62562e-05
2187.05, 1.70639e-05
1399.84, 1.14334e-05
2433.65, 4.57193e-06
1823.74, 9.38308e-06
1345.09, 0.000187123
2395.69, 3.09911e-05
1993.84, 3.0323e-06
1454.84, 7.71295e-05
1726.95, 1.51976e-05
1424.57, 1.20666e-05
1086.2, 1.76883e-05
2046.18, 0.000107942
2056.31, 0.000205999
2363.68, 9.98406e-06
1015.51, 1.27397e-05
1706.25, 2.37907e-05
1983.43, 3.79894e-05
2089.85, 3.11234e-06
2372.79, 3.90117e-06
1049.89, 0.000136406
2005.94, 1.54256e-05
1895.85, 6.98346e-06
2092.05, 6.52908e-06
1938.79, 1.23444e-05
1205.03, 1.48537e-06
1894.32, 0.000113348
1042.28, 8.0382e-05
1031, 9.53766e-06
1015, 1.58035e-05
1655.51, 2.62883e-05
1923.26, 8.66584e-06
1499.02, 1.53021e-06
1478.25, 2.30402e-05
1737.78, 0.000168675
1073.05, 5.42535e-06
1092.11, 3.3011e-05
2436.91, 4.84089e-06
1859.87, 1.73374e-05
2460.74, 6.86038e-06
1498.12, 0.000118013
1497.35, 1.41873e-05
2187.17, 2.0173e-05
2359.11, 1.243e-05
1218.4, 2.63229e-06
2478.3, 6.54036e-05
1763.56, 8.63016e-06
2104.91, 2.90014e-06
1409.38, 3.16484e-05
2207.1, 1.2155e-05
2075.86, 7.90342e-06
1820.96, 6.77514e-06
2083.07, 5.76508e-06
2242.07, 1.09005e-05
1946.77, 5.09122e-06
1614.65, 5.48731e-05
1389.05, 4.58653e-05
2334.41, 7.74144e-06
1004.98, 5.97968e-06
1000.75, 8.11089e-05
1447.15, 1.76351e-05
1668.34, 0.0115496
1891.73, 8.9046e-05
2316.23, 8.46253e-06
2111.53, 4.23255e-06
1696.68, 7.88552e-05
1505.84, 0.000110658
1048.14, 3.67727e-05
2127.82, 1.29064e-05
1249.84, 0.00010791
1567.62, 0.000437295
2030.47, 2.65865e-05
1042.98, 2.02695e-05
1093.95, 1.13502e-05
1423.73, 9.06312e-06
2097.64, 2.73947e-05
1266.35, 8.77908e-06
1818.7, 7.22956e-06
1227.99, 9.99022e-06
2481.14, 2.9925e-05
1574.82, 1.73062e-05
1594.72, 8.6175e-05
1225.35, 1.70806e-05
1933.09, 8.63119e-07
2019.55, 4.76494e-06
1281.44, 1.56664e-06
2264.28, 4.29431e-06
1201.93, 1.8376e-05
1765.25, 0.000167963
1605.45, 5.94826e-05
1818.51, 6.77228e-06
1669.13, 7.59111e-05
1545.48, 2.72439e-05
1343.03, 2.94935e-05
1452.79, 1.47791e-05
1531.84, 4.61587e-06
2411.13, 2.96898e-05
1036.44, 3.89041e-05
1322.62, 0.00015233
1054.72, 6.46269e-07
1353.41, 9.45013e-06
1605.51, 3.27751e-05
1390, 1.18422e-05
1777.17, 0.000609382
2110.55, 6.66275e-06
1096.27, 1.99475e-05
1711.25, 0.000158024
2014.71, 1.15799e-05
2090.34, 8.23101e-06
1626.47, 2.59175e-05
1728.37, 3.08846e-05
1242.49, 1.68467e-06
2271.2, 0.000346069
1366.41, 2.27951e-06
1240.42, 3.07022e-06
1355.94, 3.93623e-06
1467.24, 8.95607e-05
2038.58, 0.000115857
1050.27, 0.000123533
2200.71, 1.01593e-05
2076.13, 1.06656e-05
1509.93, 2.34411e-05
2190.06, 1.33972e-05
2009, 5.11967e-06
2295.33, 5.20081e-06
1814.64, 3.8515e-05
1244.3, 2.14016e-05
2482.61, 4.71889e-06
1816.02, 1.80701e-05
1354.12, 7.86413e-05
2213.93, 8.45289e-06
1287.42, 0.00011015
1513.8, 4.47085e-05
1991.95, 7.36292e-07
2183.71, 1.00448e-05
1114.03, 4.12419e-06
1543.67, 2.92493e-06
2163.5, 3.84804e-05
1250.11, 1.95953e-05
1720.15, 0.00012847
2419.62, 7.24457e-06
2453.25, 1.30959e-05
2066.68, 1.18104e-05
1379.25, 3.12743e-06
1008.61, 0.000100199
1600.57, 0.000204062
1785.51, 3.27194e-06
1561.27, 4.32588e-06
2016.21, 4.06442e-05
1770.98, 2.15885e-05
2463.42, 4.89485e-06
1888.64, 3.59308e-05
2388.52, 1.67642e-05
2490.59, 1.25801e-05
1884.93, 2.41987e-05
2256.05, 2.62749e-06
1367.59, 1.20679e-06
1249.85, 0.000142385
1367.08, 6.06518e-06
1260.38, 1.46556e-06
1797.38, 0.000200044
1576.1, 8.3804e-06
2075.13, 8.93347e-06
1697.42, 1.54809e-05
1238.96, 3.51476e-06
1796.25, 1.65825e-05
1165.46, 1.5686e-06
1969.31, 8.66809e-06
1167.14, 5.08176e-06
1964.57, 9.68382e-06
1212.06, 3.86559e-06
1188.66, 1.38581e-05
1445.3, 6.97611e-06
1507.24, 2.68619e-05
1559.84, 1.57657e-05
1436.02, 3.68231e-06
1222.95, 7.16583e-06
2093.8, 3.31303e-06
2137.7, 1.51892e-05
1908.99, 2.41988e-05
1961.55, 1.56499e-05
1517.78, 1.9519e-05
1575.07, 3.63503e-05
1964.3, 1.29976e-05
1652.45, 3.92524e-05
1993.41, 6.2354e-06
1129.8, 4.73005e-06
1200.1, 9.42707e-06
2042.1, 7.02933e-06
2201.49, 6.11684e-06
2476.66, 1.59829e-05
1231.01, 7.02374e-07
2375.08, 1.87143e-05
1556.91, 3.76919e-06
2236.27, 9.83079e-06
1701.24, 1.1717e-05
1963.46, 1.87959e-05
1656.9, 0.00011887
2311.87, 9.19241e-06
2472.73, 7.55799e-06
1310.18, 5.32493e-06
1438.64, 8.87333e-05
1644.48, 0.000218092
1995.24, 8.4239e-06
2354.29, 1.5877e-05
1085.01, 0.000233844
2360.56, 4.11587e-06
2102.19, 8.30981e-06
1890.06, 4.69336e-06
1245.1, 9.27922e-05
2240.29, 4.44036e-06
1637.91, 0.000133055
2104.41, 1.39507e-05
2342.08, 7.72001e-06
2351.37, 5.43409e-06
1817.92, 1.78908e-05
2070.46, 2.79009e-05
1629.68, 7.05237e-06
1850.72, 1.16679e-05
1631.43, 0.000112704
2003.31, 8.54762e-06
1330.71, 5.86177e-06
2340.2, 5.73175e-05
1741.28, 1.47182e-05
2191.13, 9.33365e-06
2430.69, 2.02438e-05
1750.96, 2.19215e-05
1804.17, 6.5739e-06
1880.11, 6.48998e-05
1318.47, 1.52711e-05
2418, 3.06521e-05
2236.45, 4.55454e-06
1285.24, 8.23408e-06
2496.09, 5.95825e-06
2412.42, 0.000256155
1613.1, 1.25975e-05
1368.46, 3.02114e-05
1311.11, 0.000623806
1892.95, 3.17693e-05
2054.79, 3.76133e-05
1492.75, 1.43218e-05
1770.39, 2.83063e-05
1440.18, 1.21502e-05
1475.93, 8.82215e-05
2216.23, 1.04386e-05
2315.12, 2.99804e-05
1982.3, 6.46391e-06
2174.92, 6.75934e-06
2361.1, 5.64743e-06
2227.66, 7.52262e-05
1734.58, 2.65635e-05
1734.43, 1.05062e-05
2476.52, 4.26579e-06
2265.08, 5.16792e-06
2281.27, 0.000119884
1151.98, 1.43243e-05
1235.53, 5.46903e-06
1714.24, 6.2244e-06
2058.97, 7.8949e-05
2473.96, 1.96855e-05
1097.47, 0.000167734
2381.04, 1.25358e-05
2044.89, 5.75322e-06
2490.61, 1.13101e-05
1664.27, 7.65e-05
2397.1, 1.38441e-05
1219.71, 5.90362e-05
2179.69, 1.40756e-05
2026.37, 2.62275e-05
2287.25, 2.98525e-05
2271.28, 1.92432e-05
2448.46, 1.13998e-05
1778, 5.89249e-06
1672.79, 3.92922e-05
2060.55, 6.24989e-05
1522.12, 0.000182808
1859.63, 0.000494317
1972.96, 8.22342e-05
1034.18, 1.04427e-05
1595.32, 1.34698e-05
1735.18, 9.24564e-06
2127.76, 2.37102e-05
1217.11, 4.05841e-05
1119.43, 8.33252e-05
1014.61, 3.52136e-06
1411.35, 1.24968e-05
1656.45, 2.32817e-05
1026.75, 9.68733e-05
2135.21, 1.81291e-05
1803.15, 2.33305e-05
1012.17, 2.89039e-05
1960.74, 5.66079e-05
2307.5, 5.12654e-06
2088.53, 9.21376e-06
2109.33, 7.4463e-06
2249.02, 4.8998e-05
1630.06, 2.84194e-05
1950.52, 6.243e-05
1780.22, 2.75711e-06
1122.18, 1.22009e-05
1232.85, 1.61363e-05
2341.31, 1.44769e-05
1316.97, 3.72435e-05
1276.44, 1.75119e-05
1814.15, 2.36627e-05
1515.33, 1.67446e-05
1096.33, 1.78168e-05
1605.67, 3.14698e-06
1575.61, 9.52898e-06
1703.67, 1.21806e-06
1548.05, 2.45511e-05
2260.05, 1.0739e-05
1195.45, 2.89714e-05
2427.85, 1.83108e-05
1931.09, 1.57447e-05
2341.6, 2.31509e-06
1948.55, 1.03317e-05
1434.49, 1.71938e-05
1166.91, 4.73455e-06
1983.14, 4.24041e-06
2093.44, 3.26785e-05
1134.82, 1.57021e-05
2485.14, 1.48268e-05
1045.14, 6.25766e-06
2320.2, 4.62292e-06
1160.23, 9.12577e-06
1407.16, 2.37682e-05
2046.65, 1.10991e-05
1025.32, 1.26628e-05
2003.83, 5.92141e-06
1194.09, 2.87274e-06
1558.07, 1.59321e-05
1198.42, 3.58447e-06
1459.03, 2.05729e-05
2405.51, 4.56183e-06
1959.71, 3.3818e-05
1586.2, 3.28188e-06
1832.93, 3.27469e-05
1954.92, 9.98137e-06
1532.99, 6.32393e-06
1179.47, 5.16601e-07
2031.24, 0.00015189
1570.36, 4.518e-05
2435.33, 3.08385e-06
1608.32, 6.19163e-05
1356.04, 3.68872e-06
1749.26, 1.46672e-05
1905.73, 1.16997e-05
1215.16, 7.21356e-06
1050.8, 7.69695e-06
1355.95, 1.95333e-05
2449.19, 1.98133e-05
1271.1, 2.15574e-06
1672.41, 6.04365e-06
1890.57, 1.73505e-05
1110.44, 1.13258e-06
1936.47, 3.28889e-06
1527.09, 9.96627e-06
1062.03, 3.18759e-05
1497.2, 0.000151266
2479.3, 2.49557e-05
1204.78, 3.48699e-06
1646.59, 9.70482e-05
1463.91, 0.000995807
1957.93, 0.000525195
1525.45, 6.93687e-06
1000.2, 1.98816e-05
2378.29, 9.80992e-06
2495.27, 1.663e-05
1688.41, 0.000162127
2297.46, 7.33194e-05
2029.24, 9.67654e-06
1070.4, 1.68088e-05
2431.14, 1.71307e-05
2337.41, 2.95518e-05
2372.64, 1.26407e-05
2322.43, 5.3907e-05
2490.57, 2.63589e-05
1904.7, 1.45527e-05
2432.5, 1.19109e-05
2498.76, 6.80358e-06
1471.56, 2.00076e-05
1351.29, 4.37658e-06
1893.87, 1.72409e-05
1135.22, 4.4848e-06
2492.61, 4.07426e-05
1740.58, 2.2425e-05
1791.77, 1.26567e-05
2034.73, 1.05216e-05
1983.51, 7.20155e-06
1506.57, 8.21376e-06
2301.47, 1.20329e-05
1303.53, 6.68758e-06
1174.98, 1.8911e-06
2258.62, 6.11605e-06
1246.25, 1.29749e-06
2155.91, 9.78313e-06
1125.02, 6.64294e-05
1183.09, 2.78773e-06
1628.18, 0.000182245
2259.63, 6.12821e-06
1947.55, 4.39186e-06
1647.62, 2.70704e-05
2070.89, 2.06163e-06
1923.88, 1.19448e-05
1254.03, 4.43434e-05
2021.25, 9.82513e-06
1358.65, 4.57779e-05
1145.88, 4.8681e-06
1451.88, 0.000152196
2178.86, 6.30006e-06
1027.83, 0.000131672
1732.02, 5.03692e-06
2121.51, 9.60862e-06
1015.38, 4.83686e-06
1362.9, 3.1576e-05
1061.1, 3.20131e-05
2440.78, 4.28587e-06
1622.56, 4.8388e-05
1580.75, 1.40453e-05
1248.81, 2.50148e-05
2452.35, 4.23102e-06
2118.08, 4.17708e-05
1416.19, 1.02754e-05
1283.04, 1.11235e-05
1276.01, 2.8367e-05
2431.44, 3.07804e-05
1822.62, 3.50577e-06
2155.59, 6.54394e-05
2018.23, 1.79405e-06
1272.4, 5.44684e-06
1353.87, 1.71603e-05
1960.15, 3.46851e-06
1348.28, 0.000596708
1602.42, 3.63601e-05
2064.02, 1.41601e-05
1934.75, 1.1167e-05
1656.5, 5.70781e-05
1473.79, 4.47548e-06
1476.13, 3.26667e-05
1363.33, 1.78221e-06
1576.44, 0.000110314
1360.81, 1.48328e-06
2477.15, 1.69617e-05
1246.45, 0.00015723
1535.48, 0.000181711
1575.64, 2.17903e-05
2044.18, 8.17607e-06
1930.73, 4.82227e-06
2226.59, 2.40899e-06
1746.8, 6.85121e-06
2203.46, 2.32188e-05
2329, 1.18329e-05
2187.07, 1.27692e-05
1636.37, 0.000411432
1929.44, 5.88604e-05
1009.4, 6.68092e-05
1021.12, 8.71027e-06
2336.98, 3.01206e-06
1216.59, 4.08124e-06
2446.12, 4.75981e-06
1568.89, 2.37074e-05
1902.5, 1.6009e-05
1811.43, 6.01332e-05
1033.8, 1.01173e-05
2238.06, 1.04632e-05
2390.12, 4.48426e-06
1143.64, 4.10316e-06
1595.22, 3.05537e-06
1514.18, 3.41898e-06
2458.8, 2.53007e-05
1043.51, 9.81707e-05
1316.97, 1.44483e-05
2333.69, 1.02362e-05
2199.87, 1.05053e-05
1824.15, 7.61266e-05
2475.13, 1.27723e-05
1325.17, 1.89724e-05
2136.13, 3.63364e-05
1722.7, 5.37409e-06
1832.91, 2.55062e-05
1165.02, 5.45026e-05
2046.34, 1.8182e-05
2452.4, 6.52684e-06
2141.5, 4.44148e-06
1817.25, 5.02333e-05
1648.86, 0.000226178
1125.09, 2.58997e-05
2170.21, 5.4691e-06
1160.41, 9.63671e-06
1772.66, 1.22106e-05
2267.32, 8.13407e-06
1645.51, 0.000250209
1352.9, 1.59058e-05
2453.78, 1.2676e-05
2420.25, 9.27986e-06
1283.12, 2.32715e-05
1869.91, 1.71525e-05
2345.46, 7.62257e-06
1370.07, 0.000542576
1721.76, 2.57401e-05
1483.29, 0.000166206
2313.33, 0.000140378
1400.51, 3.09059e-06
1786.5, 3.33832e-05
1529.21, 7.76169e-05
2210.61, 9.41885e-06
1347.58, 9.87748e-07
1996.05, 4.20876e-06
1946.52, 4.11893e-06
1567.64, 0.000133225
2215.97, 2.77582e-05
2073.66, 5.12713e-06
1536, 9.57679e-05
1361.34, 3.54704e-06
2221.97, 1.66872e-05
2175.7, 7.66722e-06
1685.37, 1.31673e-05
2287.31, 9.67166e-06
2239.4, 1.16274e-05
1708.67, 4.09982e-05
2395.01, 4.3925e-06
2200.79, 1.67852e-05
1921.39, 7.553e-06
1888.9, 7.74931e-05
1455.13, 1.02254e-05
2028.86, 1.47858e-05
1387.5, 1.97824e-05
2444.27, 2.8069e-05
2272.98, 6.24169e-05
2315.27, 7.30903e-06
1471.19, 6.40227e-06
1100.46, 3.32746e-06
2001.55, 1.98355e-05
2469.16, 0.000124769
1782.82, 6.69049e-06
1070.71, 2.40581e-05
1925.92, 2.17925e-05
2092.82, 6.83091e-06
2065.52, 1.65264e-05
2183.8, 6.13903e-06
1652.85, 2.42057e-06
2069.95, 1.75296e-05
1281.84, 7.22651e-07
1542.22, 7.05373e-06
2091.22, 4.90257e-06
1202.21, 3.91854e-06
1771.44, 0.000204916
1334.26, 0.00048731
2185.6, 1.01015e-05
1142.45, 5.14293e-06
1732.88, 4.89678e-06
1556.96, 1.44177e-05
1865.7, 0.000159511
2176.9, 1.42976e-05
2452.48, 5.16396e-05
2423.77, 1.00191e-05
2157.5, 2.88985e-06
2049.97, 2.12602e-05
1497.78, 2.88548e-06
1359.71, 6.89501e-05
1134.95, 7.72516e-05
1583.66, 1.88224e-05
1057.07, 1.05736e-05
2227, 6.65422e-05
2038.95, 5.66826e-06
1674.45, 3.15842e-05
1361.2, 1.28474e-05
1435.41, 1.48475e-05
1480.09, 8.6325e-06
1911.78, 0.000124231
1689.43, 2.51516e-05
1487.02, 2.71665e-05
1890.55, 9.63313e-06
1019.62, 0.000109753
2116.42, 2.62887e-05
1824.37, 1.57965e-05
2271.48, 3.70207e-06
2047.85, 1.46091e-05
1388.01, 1.73885e-05
1377.03, 0.000170626
1488.13, 4.47246e-05
1538.82, 7.06937e-05
1980.65, 6.7023e-06
2262.47, 6.4814e-06
2194.17, 8.92538e-06
1164.01, 1.6596e-05
1776.03, 5.56687e-05
1936.92, 1.24983e-05
1762.9, 3.73343e-06
1095.6, 2.83166e-05
2129.41, 5.93773e-06
2244.15, 0.00029534
2393.6, 1.74414e-06
2087.07, 1.68049e-05
2280.58, 4.22247e-05
1977.81, 4.26824e-06
1957.23, 1.27378e-05
1852.04, 1.79091e-05
1592.52, 1.94082e-05
1542.84, 7.45324e-06
1234.85, 9.80301e-06
2342.82, 2.15476e-06
1914.96, 1.36675e-05
1796.06, 1.20362e-05
2063.3, 1.41935e-05
1513.72, 8.72291e-05
2149.42, 7.88077e-05
2412.43, 3.02011e-05
1411.19, 3.42274e-05
1904.36, 0.000119256
1635.39, 1.98134e-05
1383.55, 1.7475e-05
1883.64, 6.73387e-05
1126.82, 3.48587e-06
2222.92, 4.12748e-05
2280.59, 3.87849e-06
1690.53, 0.000109874
2362.68, 5.41008e-06
1598.78, 5.99076e-06
1932.81, 5.09235e-05
2381.72, 2.33173e-05
1508.79, 2.69273e-06
1892.04, 7.44745e-06
1270.5, 2.76415e-06
1742.02, 1.82356e-05
2463.95, 3.18027e-05
1010.72, 1.26738e-05
2245.39, 7.24977e-06
1279.32, 1.32774e-05
2381.87, 1.30089e-05
1507.21, 1.61355e-05
1051.49, 2.00336e-05
1497.28, 1.471e-05
2293.79, 7.81847e-06
1306.64, 6.17385e-06
2328.91, 1.45912e-05
2262.32, 2.14242e-05
2433.56, 1.32568e-05
1221.07, 1.15443e-05
1539.09, 2.90416e-05
1968.99, 1.13438e-05
2352.8, 1.40944e-05
1112.92, 8.03888e-06
1151.25, 8.86735e-06
1437.26, 1.04273e-05
2097.73, 0.000182677
2373.56, 4.22112e-06
1376.86, 9.62667e-05
2316.75, 7.52502e-06
2496.91, 1.66476e-05
1641.2, 2.37084e-05
2475.03, 4.3466e-06
2498.99, 6.49727e-06
1420.93, 6.12644e-06
1586.8, 1.64914e-05
1573.95, 3.64693e-05
1560.53, 3.06755e-05
2287.17, 4.79631e-06
1592.55, 1.49289e-05
2390.63, 2.42036e-06
2162.76, 2.94306e-05
1564.03, 1.59899e-05
1079.78, 3.06084e-05
1246.14, 3.74205e-05
2122.98, 5.20946e-05
2074.32, 3.37598e-05
1329.68, 1.20407e-05
1943.88, 2.71576e-05
2382.75, 3.33959e-05
1215.21, 6.35757e-05
1113.29, 6.65921e-06
1168.14, 1.24644e-05
1748.65, 3.2794e-05
1401.62, 1.77368e-05
1250.19, 1.43371e-05
1110.2, 3.23186e-06
2284.07, 1.03302e-05
1795.83, 2.04318e-05
1653.13, 0.000364289
1972.7, 1.15561e-05
1915.83, 2.1976e-05
1900.7, 5.01823e-05
1714.42, 6.26694e-06
2460.87, 2.40235e-05
1654.9, 1.7503e-05
2433.21, 3.25865e-05
2223.07, 2.58556e-06
2216.64, 2.86988e-05
1851.34, 3.55302e-05
1220.85, 1.11374e-06
1635.46, 1.15984e-05
1495.03, 6.29643e-05
1182.72, 6.31527e-06
1048.83, 1.25781e-05
1088.68, 0.00024133
1073.79, 5.40283e-06
1878.55, 1.17554e-05
1207.77, 1.01511e-05
1644.47, 9.184e-05
1078.72, 2.62534e-06
1439.15, 9.14551e-06
1823.63, 9.68803e-06
2236.39, 2.03674e-06
1727.77, 0.000268401
1697.91, 1.29198e-05
2389.06, 8.50732e-06
1045.88, 2.33577e-06
2106.27, 1.51659e-05
1836.13, 1.37771e-05
2259.22, 1.50469e-05
2474.37, 4.67155e-05
1206.65, 1.09783e-06
1976.07, 2.39343e-05
1116.31, 0.000113152
1269.84, 1.77807e-05
2196.58, 4.11348e-06
1416.43, 0.000631216
1830.9, 5.40651e-06
1968.59, 8.54101e-06
1644.4, 5.1387e-06
1850.77, 1.03763e-05
2370.03, 8.28647e-06
1270.77, 6.1893e-07
2216.79, 7.58098e-06
1322.19, 4.63793e-06
1839.13, 2.68905e-05
1481.94, 1.91991e-05
1815.1, 4.10618e-05
1604.15, 1.48012e-05
1856.38, 2.42075e-05
2129.63, 3.62746e-05
1456.34, 2.85895e-05
2344.63, 1.69546e-05
1791.27, 4.83991e-06
2301.55, 1.17275e-05
2193.96, 1.18359e-05
1067.86, 4.66461e-05
1357.92, 2.86705e-06
2391.81, 2.70382e-06
2485.83, 5.89171e-06
1258.89, 2.14358e-05
2356.96, 3.4098e-06
1836.27, 5.03677e-06
1007.07, 0.000121072
2496.37, 1.24992e-05
1112.27, 1.27031e-05
1633.49, 2.93504e-05
2313.93, 1.08005e-06
2379.05, 5.9483e-06
2368.34, 1.42974e-05
2080.59, 3.12664e-05
2059.69, 7.22052e-06
2006.7, 7.91806e-06
1825.51, 0.000142443
1538.53, 1.40927e-05
2461.91, 2.61464e-05
1875.81, 2.81358e-05
2089.09, 4.75886e-06
2404.04, 3.26968e-06
1508.96, 2.44044e-05
2421.14, 1.48527e-05
2427.28, 8.21795e-06
1852.85, 4.67823e-06
1086.54, 2.02685e-05
2298.31, 2.87404e-06
2070.83, 1.65765e-05
1328.86, 9.22758e-05
1365.19, 8.57253e-06
1952.73, 7.03089e-05
1110.39, 1.36683e-05
2150.2, 1.59338e-05
2331.22, 4.54481e-06
2098.9, 2.41541e-05
1202.73, 1.51391e-06
2459.97, 5.35264e-06
1319.85, 9.06445e-05
1467.28, 0.00875802
1500.09, 1.57987e-05
2056.66, 1.14447e-05
1601.87, 0.00017492
2337.14, 8.24019e-06
2089.86, 1.03669e-05
1666.49, 5.403e-05
1180.73, 2.19103e-06
1359.81, 0.000242883
1691.45, 4.37998e-05
2323.45, 8.56549e-06
2282.01, 9.12551e-06
1504.38, 1.38165e-05
1133.99, 5.45427e-06
1699.93, 2.53923e-05
1431.58, 0.000149513
2308.3, 5.34341e-05
1132.91, 5.45163e-06
1757.74, 3.06102e-05
1017.54, 8.45949e-06
2403.55, 3.80185e-06
2233.34, 1.09977e-05
2109.81, 0.000168855
1882.25, 6.82995e-05
1573.3, 1.76398e-05
2199.71, 1.35543e-05
2010.65, 7.45549e-07
2482.76, 2.05827e-05
1402.99, 0.000173961
1349.82, 8.66604e-06
2231.96, 2.47111e-05
1209.29, 3.34037e-06
1728.64, 2.56211e-05
1221.88, 1.68596e-06
1840.1, 4.38719e-06
1163.5, 2.86361e-05
2053, 1.19392e-05
1405.63, 1.33288e-05
1940.28, 6.97609e-06
2032.09, 1.07534e-05
2075.92, 2.76063e-05
1360.15, 1.24108e-05
1136.82, 4.30989e-07
2372.33, 3.09433e-06
1683.19, 5.83102e-06
1688.31, 2.73968e-05
2318.36, 4.74761e-06
1658.15, 3.96393e-06
1177.35, 7.37389e-07
1054.85, 4.80345e-06
2445.88, 1.02868e-05
2178.12, 4.92712e-06
1092.25, 0.000105541
2268.67, 1.91693e-05
2003.37, 1.65825e-05
1048.68, 0.000473153
1321.75, 2.30582e-05
1071.83, 5.58454e-05
1449.37, 0.000235348
1855.58, 1.34406e-06
1910.81, 2.23231e-05
1454.35, 2.6781e-05
2492.83, 0.000194262
2067.86, 2.82396e-05
2340.17, 2.00109e-05
1877.1, 6.786e-05
1261.32, 1.24522e-05
1248.28, 1.11136e-05
1943.05, 8.68914e-06
1866.81, 4.8622e-05
2029.96, 1.80171e-05
1921.46, 1.17461e-05
1403.76, 2.66304e-05
1048.94, 0.000101645
1682.69, 1.01531e-05
1232.1, 1.39525e-06
1026.9, 2.35425e-05
2291.44, 5.97131e-06
1056.57, 9.74438e-06
2060.22, 8.17455e-06
1880.97, 1.99742e-05
1569.33, 0.000163463
1665.11, 6.4548e-05
1763.65, 5.68136e-05
1722.46, 4.21104e-05
2412.18, 3.31901e-06
1997.7, 1.68496e-05
2383.94, 1.10236e-05
1002.11, 0.000154939
1550.16, 3.11552e-06
2281.7, 2.49411e-05
2493.1, 8.08482e-05
2345.63, 1.85245e-06
2228.71, 1.58738e-05
1949.2, 2.87744e-06
1280.1, 7.41452e-06
2373.71, 9.83871e-06
2325.23, 2.25384e-05
2022.46, 3.52865e-06
1331.13, 0.000186556
1102.53, 5.46362e-07
2237.56, 3.54294e-06
1437.14, 7.23786e-05
1788.48, 1.0899e-05
2418.18, 1.04678e-05
1759.49, 5.35632e-05
1661.11, 2.77105e-05
1200.89, 0.000923969
1628.7, 1.29049e-05
1783.5, 1.72608e-05
1013.37, 5.37517e-06
1891.61, 6.46974e-06
1866.72, 4.2974e-05
2309.25, 2.17761e-06
1646.3, 1.5433e-05
2052.85, 6.3704e-05
2382.43, 3.13072e-06
2075.26, 6.63449e-06
1860.34, 2.41452e-05
2109.02, 3.64435e-05
2356.37, 3.98943e-06
1108.09, 8.16292e-06
1459.2, 1.43605e-05
1802.12, 2.20117e-05
2371.57, 6.75022e-06
1271.79, 2.41417e-07
1766.63, 5.45619e-06
2042.7, 1.91414e-05
1040.24, 1.59006e-05
1261.81, 3.91273e-06
1550.68, 8.2343e-06
1291.87, 1.29907e-05
1353.96, 2.98762e-05
2292.77, 1.88374e-05
1517.34, 1.20028e-05
2011.39, 1.0423e-05
1377.38, 0.000154678
2092.25, 0.000376851
2340.52, 1.78038e-06
2200.91, 7.76868e-06
1827.07, 2.23833e-05
2009.99, 9.72564e-06
1394.33, 2.00888e-05
2473.09, 1.76846e-05
1932.99, 7.24777e-06
2137.03, 2.77396e-05
2159.36, 1.5744e-05
2494, 1.2406e-05
2054.2, 4.40169e-06
2118.75, 6.77441e-06
1246, 8.08388e-05
1549.49, 2.49155e-05
2430.34, 1.83907e-05
1029.95, 3.23583e-05
1976.6, 5.28847e-06
1501.59, 1.52089e-05
1694.5, 5.37848e-06
1091.07, 3.30884e-05
1995.44, 6.3397e-06
1602.73, 7.7679e-06
2464.73, 0.000259389
1530.65, 1.86136e-05
2013.67, 4.10472e-05
1573.74, 6.39368e-07
2480.38, 2.72497e-05
2268.65, 9.90852e-05
1969.61, 4.54854e-06
1884.48, 1.60052e-05
2327.35, 5.92216e-06
1619.16, 1.48989e-05
1521.89, 0.000273511
1741.3, 1.43898e-05
2435.71, 5.57731e-06
2464.62, 7.3815e-06
2432.14, 0.00011211
2128.62, 0.000623541
2162.49, 1.40129e-05
1241.55, 5.32902e-06
1209.75, 5.854e-06
1873.07, 1.09726e-06
1079.25, 3.06164e-05
1302.32, 0.000181141
2075.68, 2.26582e-05
2394, 4.14625e-06
1979.4, 2.58703e-05
1874.68, 3.99889e-05
2224.02, 2.38825e-05
1801.11, 5.51785e-05
2222.03, 8.32466e-06
1057.13, 2.07697e-05
1620.99, 5.92042e-05
1922.64, 4.57222e-06
1592.64, 8.07354e-05
1539.82, 0.000224481
2374.96, 1.91597e-05
1151.04, 3.50115e-06
2177.7, 2.33106e-05
1635.35, 3.01518e-05
1780.05, 7.02778e-05
1247.24, 1.0168e-05
2144.79, 4.51058e-05
1295.91, 5.91272e-05
1720.62, 9.09533e-06
1345.28, 1.9847e-05
2307.82, 7.094e-06
1106.75, 6.16134e-06
1701.46, 7.44586e-05
2099.87, 4.94126e-06
1368.63, 0.00029556
1342.55, 8.09936e-05
1823.18, 0.000204579
1215.57, 4.06336e-06
1100.8, 2.66441e-05
1713.67, 1.49793e-05
1848.08, 6.78122e-06
2348.32, 3.49611e-05
2462.99, 1.94723e-05
1181.23, 7.37878e-06
2089.24, 1.6822e-05
1053.78, 3.19674e-05
2406.15, 7.09369e-06
2159.5, 4.35169e-06
2153.39, 1.6744e-05
1870.56, 2.43518e-05
1126.61, 0.00127806
1737.91, 4.38093e-05
1230.47, 8.63606e-06
1263.52, 8.52144e-06
1843.45, 1.55204e-05
2339.46, 3.73644e-06
2208.94, 1.51384e-06
1649.08, 0.000305876
1350.64, 2.59518e-06
1089.98, 3.62531e-05
1575.19, 2.70461e-05
1679.65, 7.21587e-06
2012.03, 2.1217e-05
2499.93, 3.92968e-06
1411.37, 2.13294e-05
1701.63, 0.000104672
1120.26, 1.54571e-06
1504.51, 8.62658e-06
1901.59, 9.49391e-06
2025.68, 7.37365e-06
1723.61, 0.000359019
2013.75, 1.15468e-05
1721.94, 4.59116e-06
1290.33, 1.90306e-05
1294.59, 0.00223342
2383.67, 5.71844e-06
1496.45, 1.13463e-05
1358.02, 2.42114e-05
2277.22, 4.07209e-06
1146.8, 6.15599e-06
2480.75, 6.68225e-06
2210.06, 2.76666e-06
1595.02, 6.14455e-05
1454.18, 2.40472e-05
2487.2, 1.2216e-05
2218.15, 3.63423e-05
2381.26, 0.00153567
1589.57, 0.000105302
1045.89, 3.50656e-05
1336.08, 1.07439e-05
1753.67, 5.54653e-06
2487.01, 9.27489e-06
1155.02, 2.71079e-05
1665.47, 0.00029721
1404.36, 1.75464e-05
1707.3, 0.000150232
2277.11, 3.16952e-06
1658.5, 0.000892287
1169.97, 3.92889e-06
1341.34, 0.000122069
2184.54, 5.68983e-06
2390.59, 5.03233e-06
2227.32, 9.09214e-06
1266.77, 0.000104171
1855.35, 0.00546613
2090.08, 6.16505e-06
2484.65, 1.57654e-05
2121.58, 8.55947e-06
1539.45, 3.53935e-05
1131.8, 3.12393e-05
1388.76, 3.81236e-05
2244.92, 8.38773e-06
1807.61, 4.33524e-05
2097.52, 2.99529e-05
1996.93, 1.76022e-05
1517.78, 4.39779e-06
2350.93, 1.70178e-05
2015.34, 3.49278e-05
1126.6, 1.25255e-05
2151.87, 3.32071e-05
1083.86, 1.76242e-06
2138.11, 8.52748e-06
1581.57, 3.18583e-05
1552.03, 7.71602e-05
1235.29, 5.35517e-06
2047.83, 1.07627e-05
1058.09, 1.83198e-05
1584.92, 5.43681e-06
1013.1, 1.25296e-07
2332.83, 1.64789e-05
2354.41, 2.30633e-06
2075.04, 9.80598e-06
1464.74, 2.99089e-06
2001.56, 5.88963e-06
1361.88, 1.53885e-05
1705.04, 7.97185e-06
1956.3, 1.73431e-05
2323.53, 4.68563e-05
1118.46, 5.20681e-06
1760.53, 0.000159032
2341.51, 3.89012e-06
1465.46, 7.27242e-05
1399.84, 0.000679094
2414.72, 1.54378e-05
2186.08, 1.40395e-05
1885.47, 1.06091e-05
2420.67, 4.53292e-06
1736.31, 1.08501e-05
1397.97, 1.99759e-05
1818.56, 5.37929e-06
1558.45, 4.30225e-05
1411.65, 8.99472e-06
1931.96, 4.95996e-05
1646.64, 0.000156916
1907.01, 1.41015e-05
2173.55, 1.43791e-05
1005.74, 1.58534e-05
1272.86, 1.34109e-05
1048.48, 3.03178e-05
2395.3, 4.2538e-05
2307.67, 6.13742e-05
2442.65, 3.10381e-05
2388.26, 3.51659e-06
2195.43, 0.00157168
1325.51, 3.0513e-06
1895.26, 1.6602e-05
2478.96, 1.61606e-05
1582.03, 1.88543e-05
1966.44, 2.67549e-05
1041.5, 2.04318e-05
1483.85, 0.000115494
1868.55, 1.70884e-05
2362.98, 6.71198e-06
2072.96, 5.81697e-06
1457.38, 8.04101e-06
2260.01, 1.44508e-06
1355.91, 2.68907e-05
1565.91, 7.1154e-05
2003.58, 5.78208e-06
2097.3, 1.18882e-05
1641.3, 2.52004e-06
1529.36, 3.87045e-06
2448.06, 0.00013319
1442, 2.50082e-05
2152.58, 1.08391e-05
1497.64, 9.86782e-06
1437.59, 1.51009e-05
2337.58, 2.97076e-05
2013.97, 1.31762e-05
2421.53, 6.27012e-06
2465.99, 3.9639e-06
2344.21, 4.33575e-06
1065.45, 6.18304e-05
1598.07, 5.55817e-05
2340.37, 9.24104e-06
2027.51, 0.000132639
1888.64, 0.000238201
1144.9, 0.000137695
1962.24, 1.03541e-05
1836.92, 0.000218533
1856.72, 6.17473e-05
1582.85, 1.00973e-05
2389.87, 1.16616e-05
1731.14, 0.000185055
2133.95, 8.13358e-06
2265.33, 4.17198e-06
2243.2, 1.67417e-05
2036.02, 2.39515e-05
1666, 7.11588e-05
2142.04, 1.47536e-05
1896.44, 1.28836e-05
1769.16, 7.25816e-06
2309.63, 6.90265e-06
1584.01, 3.57778e-05
1736.3, 0.000150225
1315.59, 2.90615e-06
2376.23, 3.24334e-05
1284.68, 0.000132133
1835.14, 8.16893e-06
1614.37, 1.51982e-05
1336.28, 9.82054e-06
1040.2, 3.70964e-05
2165.45, 7.04871e-06
2170.35, 2.09013e-05
1918.78, 1.07013e-05
1024.78, 3.57479e-07
1473.32, 0.00016043
2320.11, 3.43183e-05
1247.42, 5.97506e-06
1498.37, 9.06954e-07
1020.48, 4.80302e-05
1133.2, 3.46961e-06
1770.61, 6.67521e-05
1859.21, 0.000213
2427.57, 0.000100105
1855.72, 1.91089e-05
1322.77, 2.12368e-05
1210.1, 1.31401e-05
1240.47, 5.38196e-06
1502.84, 4.74573e-05
1336.47, 7.76792e-05
2063.77, 4.84378e-05
2331.79, 4.09887e-06
2247.43, 1.43472e-05
1658.74, 6.41776e-06
1865.97, 6.44199e-05
1444.85, 9.16669e-06
1042.35, 2.19891e-05
1365.57, 1.97113e-05
1696.62, 9.46098e-05
2119.83, 1.1145e-05
1179.78, 7.77887e-06
2055.98, 1.42157e-05
1425.22, 2.80574e-05
1920.51, 3.05655e-05
1786.47, 1.07457e-05
2232.52, 6.70292e-05
1544.94, 3.28727e-05
2039.14, 7.69416e-06
2360.98, 0.000106375
1746.06, 9.18727e-06
1106.05, 1.18052e-05
1162.69, 4.27264e-05
2129.24, 1.2992e-05
1724.69, 2.54985e-05
1149.18, 3.91573e-05
1943.72, 1.87704e-05
1683.02, 1.98593e-05
2459.57, 5.16874e-06
2136.07, 2.11932e-05
1211.23, 2.33597e-06
2239.12, 2.83664e-05
2225.83, 5.09036e-06
1194.19, 5.07339e-06
1194.92, 1.53543e-05
1808.84, 2.33358e-05
1693.7, 2.78359e-06
1335.25, 2.34807e-06
1970.27, 1.97239e-05
1023.43, 2.18481e-05
1922.06, 2.54309e-05
1682.1, 0.000196333
1910.56, 1.13181e-05
2225.92, 1.37642e-05
1463.05, 0.0115223
1921.84, 1.09434e-05
2345.38, 8.32713e-06
2473.89, 1.73508e-05
1271.17, 8.96821e-06
1484.25, 1.48137e-06
2266.51, 8.61284e-06
1697.02, 7.88028e-06
2288.82, 4.05508e-06
2314.99, 9.61726e-06
2298.46, 8.76832e-06
2299.4, 1.57934e-05
1557.24, 0.000411298
1321.86, 1.82989e-05
1345.86, 1.43344e-05
1203.05, 3.38577e-06
2052.87, 1.06008e-06
1908.17, 1.38545e-05
2285.11, 3.43704e-06
1958.36, 9.30075e-05
2367.26, 2.44244e-06
1648.3, 1.81509e-05
1071.88, 6.52455e-05
2344.47, 8.52755e-06
1205.11, 1.67944e-05
1202.54, 4.46768e-06
1717.52, 1.68297e-05
2300.99, 6.39179e-06
1527.74, 5.86417e-06
2091.27, 6.30202e-05
2220.29, 3.61872e-06
2420.96, 7.6565e-06
1322.28, 4.91086e-06
1290.37, 7.92019e-05
1043.98, 2.62879e-05
1518.73, 7.48385e-05
2211.64, 3.78618e-06
2023.45, 6.45338e-06
1886.75, 0.000145069
1264.36, 1.22942e-05
1022.41, 8.08604e-05
1153.51, 1.95844e-05
1003.49, 0.000238093
1191.01, 4.0698e-06
1970.92, 1.12913e-05
1803.53, 4.09592e-06
2277.24, 3.75136e-06
1934.34, 8.65186e-06
1891.09, 1.66207e-05
2227.45, 0.000313222
1019.16, 0.000105133
1183.55, 2.06036e-06
1641.48, 8.42692e-06
1848.67, 6.52994e-06
1963.83, 5.30293e-06
2149.95, 1.77955e-05
1693.27, 2.84903e-05
1148.77, 6.28037e-05
1009.36, 0.000215644
1774.49, 8.70374e-07
1184.2, 1.65642e-05
1830.8, 5.68849e-06
1593.76, 3.01734e-05
2308.48, 9.00205e-06
1048.3, 1.97881e-06
1295.9, 4.21184e-05
1204.23, 2.40341e-06
1285.53, 8.5598e-06
1361.57, 4.01332e-06
1372.06, 2.55579e-05
1009.42, 4.26122e-07
2109.66, 3.04321e-05
2462.79, 7.92025e-05
1872.52, 9.93828e-05
1269.86, 5.84932e-06
1320.54, 8.97121e-06
2065.28, 3.18513e-05
2107.04, 6.6277e-06
1212.59, 0.000123018
1647.94, 2.96204e-05
2053.61, 5.09591e-06
1051.85, 4.50163e-05
1885.65, 7.19821e-06
2166.05, 1.14242e-05
1471.86, 1.32971e-05
1674.55, 6.49757e-06
1255.94, 4.54219e-06
1538.71, 1.01951e-05
2061.01, 6.23878e-06
1755.99, 1.90266e-05
1973.59, 3.6374e-06
2397.03, 5.02577e-06
1569.22, 2.17518e-05
2334.92, 7.2986e-06
1304.17, 9.15339e-06
1694.24, 3.92393e-06
1372.06, 4.89834e-05
1057.21, 4.64644e-05
1893.94, 5.76297e-05
1948.87, 3.47355e-05
2485.48, 2.3969e-05
2163.85, 6.28317e-06
1370.77, 1.99068e-05
2318.07, 2.14327e-05
2429.68, 7.69955e-06
1755.56, 6.9577e-05
1475.7, 1.51284e-05
1254.75, 1.61143e-05
1046.62, 1.79755e-05
2143.08, 4.66862e-06
1308.58, 1.30219e-05
1712.65, 5.90245e-06
2251.82, 4.59046e-06
1200.48, 4.8907e-06
1256.57, 5.10636e-07
1960.27, 1.87387e-05
1318.15, 1.33563e-05
1585.16, 5.49052e-06
2010.03, 8.68217e-06
2320.39, 1.66081e-05
1044.28, 1.61069e-05
2031.96, 0.000182348
1321.37, 1.16363e-05
2273.34, 3.28304e-06
1970.54, 1.33615e-05
1094.6, 9.07199e-06
1750.2, 1.00488e-05
2371.78, 3.25314e-06
2270.86, 9.51116e-06
1822.49, 2.71224e-05
1410.15, 8.68241e-05
2034.56, 1.20253e-05
2314.11, 2.14582e-05
1470.71, 0.000123418
1794.77, 5.78685e-06
2275.72, 8.21015e-05
1142.88, 1.94754e-06
1003, 0.000543726
2159.07, 2.3129e-05
2129.91, 3.93764e-05
1661.27, 2.47369e-05
2307.82, 2.97582e-05
1117.13, 1.649e-05
2432.71, 8.99854e-06
2346.46, 2.28719e-05
1263.53, 7.41747e-06
1779.21, 3.8053e-05
2378.57, 0.000479187
1061.73, 1.04526e-05
2416.3, 4.35384e-06
2142.27, 5.21791e-05
2398.07, 5.80766e-06
1377.81, 1.3661e-05
1166.26, 7.94858e-06
1213.09, 3.41847e-06
2253.27, 4.27619e-05
1026.1, 8.43743e-06
1985.84, 2.35531e-05
1196.56, 2.62214e-05
1803.53, 5.05815e-05
1612.12, 7.02183e-06
1292.38, 4.71892e-05
1433.92, 3.06778e-05
2454.98, 1.70479e-05
1763.43, 2.17005e-05
2232.83, 1.10976e-05
1075.34, 2.06466e-06
1289.45, 3.16844e-06
1996.94, 4.09052e-05
1513.5, 8.46728e-05
1609.91, 1.05055e-05
1156.2, 1.98393e-06
2298.97, 5.31279e-06
1468, 6.69157e-05
2012.5, 2.51707e-05
1072.08, 1.15875e-05
1202.1, 2.70018e-07
1185.8, 7.66624e-06
1845.51, 1.8728e-05
1298.44, 2.29144e-05
2304.14, 6.62904e-06
2241.11, 6.99469e-05
2260.27, 3.71832e-06
1241.22, 5.20481e-06
1030.48, 4.7042e-05
1183.09, 1.11977e-05
2055.87, 7.8774e-06
2273.71, 1.12359e-05
2041.27, 7.11508e-06
1257.06, 1.5899e-05
1353.08, 7.17365e-05
1055.28, 0.000124936
1420.8, 4.57641e-06
1768.52, 9.81353e-06
1978.98, 8.65195e-06
2211.48, 1.05712e-05
1749.23, 4.82729e-06
1911.37, 2.13939e-06
1220.59, 2.45891e-05
1905.26, 1.94248e-05
2204.56, 1.71029e-05
1412, 7.01517e-06
1230.44, 5.15689e-06
1174.61, 1.63342e-05
1681.29, 4.41548e-05
2091.51, 3.38612e-05
1218.03, 5.10633e-05
1757.99, 4.59493e-05
1712.62, 0.000169538
2040.12, 8.93121e-06
1184.23, 5.69394e-06
2452.7, 1.52622e-05
1031.14, 0.000125865
2071.49, 1.91358e-05
2133.58, 8.66528e-06
2177.15, 4.12434e-06
1810.49, 6.8086e-06
2106.72, 1.34099e-05
1331.76, 0.000513591
1198.68, 1.47816e-06
1829.07, 3.56158e-05
2360.21, 3.85794e-06
1809.32, 0.000165489
1623.29, 7.89296e-05
2168.9, 1.47706e-05
2100.65, 3.49213e-05
2323.71, 5.41305e-05
1222.3, 1.87973e-05
2305.99, 2.98502e-05
1885.11, 2.54779e-05
1851.87, 3.91795e-06
2211.1, 1.80034e-05
1264.6, 2.93446e-06
2165.49, 2.16277e-05
1174.78, 4.37952e-06
1949.76, 1.90829e-05
1813.98, 0.000134505
1499.49, 1.84207e-05
2485.08, 3.41667e-05
1680.8, 4.72664e-06
2118.35, 6.82177e-06
1807.82, 2.90384e-05
1437.27, 5.93489e-06
1763.23, 0.000172925
1295.95, 4.08174e-05
2185.13, 1.73493e-05
1369.01, 9.07946e-06
2328.59, 1.995e-06
1572.99, 6.52461e-05
1200.89, 2.10151e-05
1057.63, 3.199e-05
1444.8, 5.4182e-05
2021.53, 4.71355e-05
2210.26, 3.75153e-06
2022.03, 7.56484e-06
2380.24, 1.96681e-05
1298.55, 1.40651e-05
1072.6, 6.65124e-06
1565.19, 0.000325468
2397.49, 0.000231279
1133.39, 4.25514e-06
2001.06, 1.91865e-05
2192.87, 1.23183e-05
1471.35, 9.16575e-07
1737.46, 6.75421e-05
1904.48, 9.97605e-06
2496.04, 3.23603e-05
1696.42, 3.4066e-05
1784.81, 5.13871e-06
1576.97, 4.09465e-06
2176.78, 1.21401e-05
1171.22, 3.24946e-05
1227.66, 3.80724e-06
1061.97, 2.94863e-05
1201.88, 7.97297e-06
1091.08, 4.61474e-05
2088.98, 6.34533e-06
1599.5, 8.80873e-06
2088.9, 1.92196e-05
1495.7, 3.68269e-05
2365.67, 1.11534e-05
1249.25, 4.2161e-06
1833.66, 0.000203283
2192.72, 7.95272e-05
1160.03, 1.45441e-06
1996.3, 9.21598e-06
2094.92, 1.32797e-05
1948.32, 1.21128e-05
1336.54, 1.62496e-05
1743.58, 7.178e-05
1485.22, 4.25721e-05
1427.29, 0.0001014
2187.33, 8.11196e-06
2043.8, 1.25315e-05
1368.64, 7.35401e-06
1778.48, 8.57907e-06
1923.47, 3.21987e-06
1757.01, 5.16398e-06
1609.34, 3.76311e-06
2489.26, 8.15844e-06
2122.32, 2.40672e-05
1167.26, 1.06759e-05
2395.89, 5.75573e-06
1444.7, 1.45549e-05
1803.11, 2.48171e-05
2388.13, 1.21413e-05
1007.68, 0.000189711
1219.12, 9.52095e-07
2096.46, 1.1131e-05
1509.37, 0.00110203
1698.01, 0.000340135
1343.93, 5.00742e-06
1485.05, 8.05815e-06
2080.3, 5.46981e-05
1950.78, 6.28429e-06
1921.38, 3.01852e-05
1965.82, 2.15526e-05
1793.1, 8.83498e-05
1828.89, 1.05212e-05
1828.19, 6.71748e-05
1731.92, 1.37977e-05
2494.07, 1.22206e-05
2073.75, 1.94381e-05
1823.62, 2.7218e-06
1802.26, 8.78688e-05
1534.18, 5.06732e-06
1350.17, 1.64508e-05
1791.17, 2.86018e-05
1895.88, 4.19101e-06
2022.83, 9.4354e-06
2024.93, 3.44077e-05
1300.31, 8.55733e-05
1602.98, 4.01369e-05
2142.69, 7.77821e-06
1098.01, 8.8076e-06
2428.56, 1.34681e-05
2199.68, 9.9461e-07
1191.78, 8.31386e-06
2142.2, 3.40068e-06
1190.56, 5.85816e-06
1540.05, 2.72763e-05
2034.58, 3.60331e-06
1858.24, 8.17927e-05
1493.38, 1.352e-05
1312.61, 7.82419e-06
1133.07, 4.07393e-06
1468.14, 2.35822e-06
2136.59, 1.14802e-05
1193.71, 2.76917e-06
1643.66, 0.000149674
2184.51, 2.04465e-05
1607.57, 8.0306e-06
2493.53, 1.67291e-05
2410.3, 1.84734e-05
1627.92, 0.000388523
1553.81, 0.00012009
1300.73, 1.63175e-05
1755.81, 1.19049e-05
1152.31, 2.89343e-06
2364.41, 5.3888e-05
1176.54, 6.42728e-06
1627.49, 3.27892e-05
2426.67, 1.22594e-06
2272.65, 9.37363e-06
2138.05, 7.95619e-06
2497.52, 1.21146e-05
1998.2, 1.2513e-05
1438.82, 1.4248e-05
1234.85, 1.86174e-05
1816.68, 4.71799e-05
1594.03, 8.49065e-06
2420.17, 2.46969e-06
1938.13, 6.87182e-06
1538.06, 7.44225e-06
1215.43, 1.03361e-05
2453.98, 1.31792e-05
1971.57, 6.51305e-05
2012.82, 1.79119e-05
1508.46, 6.50157e-06
1243.61, 5.74281e-05
1172.54, 0.000102073
1389.86, 6.56576e-06
1291.09, 7.53476e-06
1076.82, 0.000106716
2296.42, 1.48821e-05
2476.43, 3.96306e-06
2167.55, 1.7582e-05
1258.85, 0.000136012
1689.62, 0.000149768
2081.99, 2.81401e-05
1532.44, 1.41149e-05
1541.46, 0.00082634
2361.24, 1.34299e-05
1446.03, 7.84182e-05
2143.87, 6.11772e-06
2258.66, 9.90361e-06
1231.37, 8.46894e-05
1158.95, 2.62065e-06
2073.14, 0.000117676
1747.35, 3.37689e-06
1456.55, 5.916e-06
1918.8, 2.3979e-05
2368.7, 3.75329e-06
1673.08, 2.6746e-06
1989.11, 2.5046e-05
1388.78, 0.000199459
1545.2, 1.60016e-05
2250.35, 0.000112348
1755.22, 9.0656e-06
1405.11, 5.2699e-05
1542.98, 7.48184e-06
1721.31, 7.64503e-06
1045.33, 0.0001571
1094.6, 0.000320771
1427.73, 4.89578e-06
2395.44, 5.25215e-06
1288.2, 2.0135e-06
1216.36, 4.79095e-05
2440.76, 1.34832e-05
1705.42, 1.78662e-05
2235.83, 8.47727e-05
2455.52, 9.52314e-05
1759.98, 2.99121e-05
1008.32, 5.20484e-05
2119.09, 1.2534e-05
1953.47, 0.000116148
1952.47, 2.28612e-05
2273.76, 2.31544e-06
1033.92, 4.85834e-06
1487.25, 8.55739e-06
1234.06, 6.01711e-06
1046.29, 1.71536e-06
2385.44, 1.02983e-05
2026.58, 5.14628e-06
1175.58, 9.59528e-05
1561.82, 1.84283e-05
1964.48, 5.69742e-06
1398.56, 0.000117231
1888.07, 2.00873e-05
1997.04, 6.20517e-06
1158.04, 4.47849e-06
2249.65, 3.30426e-06
1494.1, 1.02335e-05
1604.77, 4.77346e-06
2322.06, 1.57985e-05
2284.44, 1.14534e-05
1376.78, 0.000120723
2347.73, 7.73077e-06
1925.44, 5.42932e-05
1256.36, 2.50299e-05
2012.76, 1.45684e-05
1830.58, 7.50886e-06
1647.24, 8.42295e-06
2011.17, 1.44352e-05
2188.75, 7.65695e-06
2376.54, 4.7153e-06
2088.14, 1.09942e-05
1365.57, 1.83462e-05
1077.38, 1.16716e-05
1173.34, 2.62666e-06
1908.4, 1.81289e-05
2332.18, 0.000272843
1930.23, 1.59705e-06
1285.3, 2.28383e-06
2138.86, 2.16005e-05
1331.62, 1.60806e-05
1197.62, 2.31111e-06
1930.25, 0.000337347
2059.47, 7.79104e-06
2229.9, 2.82866e-05
1296.89, 1.45778e-05
1829.46, 2.35959e-05
2088.71, 2.95144e-06
2346.91, 2.45092e-05
1092.78, 4.86213e-06
1298.51, 7.29794e-06
2118.77, 2.30452e-05
2022.28, 6.21614e-06
1028.72, 8.48595e-05
1531.36, 3.07036e-05
1904.33, 4.97529e-05
1377.11, 3.40639e-06
1053.47, 1.88284e-05
2092.64, 9.02138e-06
2240.02, 7.2709e-06
1736.36, 3.01623e-05
2181.24, 2.10626e-05
2097.3, 1.14039e-05
1466.06, 9.76918e-06
1650.48, 1.05486e-05
1050.32, 7.34072e-05
2462.71, 5.90949e-05
2438.8, 1.41731e-05
1233.64, 2.84411e-05
1987.88, 1.46764e-05
1022.75, 8.42055e-06
1727.71, 2.67957e-05
1937.78, 1.62505e-05
2435.49, 9.33926e-06
1971.85, 7.08987e-06
2247.25, 8.73932e-06
1550.3, 1.20646e-05
2076.62, 8.69511e-06
1010.82, 1.95266e-05
2324.29, 9.44666e-06
1141.37, 7.55289e-05
1211.19, 2.45486e-06
1376.34, 2.39982e-05
2149.79, 2.60139e-06
1649.8, 3.74507e-05
2414.4, 2.56493e-06
1778.01, 1.61304e-05
2487.46, 1.41807e-05
1569.95, 0.000767813
1448.45, 8.7452e-05
1891.18, 2.57964e-05
1208.19, 6.73155e-05
1659.41, 8.44829e-05
1486.3, 0.000128734
1844.67, 1.46448e-05
1701.05, 4.54422e-06
1680.51, 2.13885e-06
2052.63, 1.308e-05
1535.55, 6.65102e-05
2107.62, 3.92902e-06
2412.82, 4.47885e-06
1192.31, 5.66369e-06
2325.04, 1.38003e-06
1317.62, 2.4777e-05
1171.37, 2.58761e-06
1720.99, 1.27706e-05
1889.51, 4.4958e-06
1030.6, 0.000207803
1802.14, 8.94151e-05
2269.46, 2.59934e-05
2019.83, 9.19662e-05
2127.67, 4.04941e-05
2338.37, 1.26344e-05
1088.73, 3.72769e-05
2424.95, 6.79597e-06
2414.52, 1.06015e-05
1117.84, 8.21219e-06
2353.28, 9.91852e-06
2426.38, 9.77526e-05
2108.53, 2.39946e-05
2427.2, 8.41741e-06
1079.19, 0.000101948
2333.32, 2.48058e-05
1100.17, 7.11251e-05
1159.99, 7.5697e-05
2044.22, 7.99158e-05
1598.94, 0.000152929
1959.27, 2.00689e-05
1710.61, 2.56469e-05
1458.15, 0.000461573
1659.56, 0.000190576
1330.94, 0.000436029
2116.14, 0.000238518
1600.87, 3.38185e-05
1211.83, 6.05654e-06
2097.38, 7.29778e-06
1377.67, 2.54752e-05
1657.26, 5.44053e-06
1386.39, 9.52193e-05
1586.69, 0.000103227
1685.73, 2.34327e-05
2345.31, 8.05234e-06
1777.18, 1.69376e-05
1432.42, 2.74251e-05
2070.29, 8.35215e-06
1001.32, 5.8726e-05
1953.2, 1.86204e-05
2378.34, 1.65195e-05
2043.86, 1.35909e-05
1862.44, 1.25047e-05
2440.55, 1.29614e-06
1948.57, 1.9301e-05
2103.37, 8.53662e-05
1779.26, 9.60906e-06
2286.47, 6.76077e-06
2337.94, 1.20512e-06
2355.35, 2.46143e-05
1660.44, 2.48589e-05
2176.48, 3.12321e-06
1641.49, 1.04948e-05
2059.77, 2.88511e-05
1719.7, 0.00145307
2388.11, 1.91027e-06
1068.61, 4.8867e-05
1634.91, 1.12861e-05
1172.33, 2.6426e-06
1348.23, 1.25189e-05
2186.08, 2.83342e-06
1254.91, 5.98789e-07
1806.83, 0.00145257
2452.72, 9.59457e-06
2088.53, 7.46552e-06
1802.88, 4.2679e-06
1516.97, 6.25373e-06
2348.27, 1.93627e-05
1181.56, 1.41742e-06
1484.91, 2.49509e-05
1614.24, 8.47329e-06
2221.43, 1.68547e-05
1859.85, 3.70973e-05
2161.94, 2.44288e-06
1452.01, 2.0605e-05
2369.69, 2.99904e-06
1180.44, 7.09326e-06
2042.19, 1.9158e-05
1599.01, 4.79186e-06
1342.39, 1.52941e-05
1615.09, 0.000386215
2100.25, 0.000154594
1123.78, 0.000183328
1797.43, 0.000106368
1748.26, 7.30066e-06
2467.97, 8.0529e-05
1677.79, 0.000538966
2438.74, 2.23126e-05
1412, 6.7399e-06
2431.82, 1.25916e-05
2037.5, 3.7252e-05
1847.45, 2.95462e-05
1590.35, 0.000465262
2170.56, 3.45417e-06
1915.77, 3.90937e-05
1214.47, 9.80958e-06
2412.91, 7.7521e-06
1125.9, 2.73427e-06
1510.91, 1.08531e-05
1693.02, 3.92561e-06
2431.89, 7.38939e-06
1552.24, 1.74391e-06
2491.69, 1.12283e-05
1957.73, 1.84049e-05
1149.86, 0.000146533
1292.26, 7.80581e-06
1181.99, 2.84077e-06
1546.89, 5.89027e-06
1254.44, 8.099e-06
1345.82, 0.000114275
1456.5, 2.66759e-05
2137.39, 6.63488e-06
1914.92, 1.97734e-05
1215.13, 4.81093e-06
1593.93, 3.4029e-06
1252.25, 1.81673e-06
1816.6, 2.4632e-06
2359.22, 2.30933e-06
1762.69, 3.69737e-05
2418.84, 6.04956e-06
1950.91, 4.17531e-05
1108.54, 1.4325e-05
2354.49, 1.09421e-05
1798.77, 7.61679e-05
1922.75, 3.34207e-05
1789.01, 1.86191e-05
2076.83, 7.80535e-06
2421.22, 6.00533e-06
2101.17, 2.00706e-05
1297.95, 0.000959496
1122.23, 7.38794e-07
2443.75, 2.28699e-05
2045.61, 4.65807e-06
2150.52, 5.41943e-06
2336.8, 2.54549e-06
1321.71, 2.54811e-05
1211.33, 7.86489e-06
1898.5, 2.8306e-05
1363.84, 3.5624e-06
2406.38, 4.68489e-06
2375.77, 8.63889e-06
2380.7, 3.86249e-06
1588.95, 1.65064e-05
1529.58, 5.14179e-06
1413.43, 3.37865e-05
2205.66, 1.01017e-05
1924.7, 7.88625e-05
1715.59, 1.27593e-05
1504.76, 5.8502e-05
1409.18, 0.00017213
1259.77, 1.13957e-06
2260.87, 4.76451e-06
2307.87, 2.57359e-05
1727, 5.21495e-06
1845.94, 1.29423e-05
1590.03, 2.7916e-05
1984.18, 8.31047e-06
2492.31, 1.9386e-05
2268.29, 7.16458e-06
2380.41, 4.01183e-06
1270.17, 2.93058e-06
1363.87, 0.000237636
1372.31, 1.1843e-05
2319.79, 1.36167e-05
1488.83, 1.97649e-05
1014.82, 1.03817e-05
1298, 2.5614e-05
1227.85, 8.62316e-06
2371.16, 2.27779e-05
2210.71, 3.52609e-05
1292.82, 2.09197e-05
1018.72, 0.000389877
1534, 1.6975e-05
1517.74, 0.00017127
2205.53, 3.24754e-06
2233.66, 2.02633e-05
1736.87, 4.41877e-06
1468.52, 3.26644e-05
1181.41, 5.22387e-06
2248.3, 1.64352e-05
1205.53, 4.02549e-05
1471.17, 3.87994e-07
1984.53, 0.000436751
1183.95, 4.15e-06
1995.95, 1.61985e-05
2083.56, 3.92551e-05
2377.38, 3.40546e-06
1576.02, 0.000120276
1686.98, 2.22853e-05
1712.51, 2.19413e-05
1394.9, 8.65313e-06
1961.46, 4.31224e-05
1209.56, 9.05632e-06
1047.62, 1.5127e-05
1500.48, 7.8688e-05
1836.5, 1.22563e-05
1642.47, 5.01288e-05
1051.32, 0.000126818
2466.69, 4.88998e-05
2264.47, 6.50537e-06
2010.84, 7.4107e-06
1329.86, 1.26459e-05
2032.19, 1.96028e-05
1838.56, 8.31649e-06
1587.57, 1.05866e-05
2236.68, 3.89285e-06
1242.11, 1.68754e-06
1270.72, 1.24037e-05
1634.29, 4.79193e-06
1896.06, 0.000377549
1340.79, 3.28541e-06
2295.78, 1.81988e-05
1720.93, 2.14696e-05
2396.1, 1.01155e-05
1689.27, 2.46711e-05
2298.57, 1.96886e-05
1518.19, 1.34229e-06
1325.35, 6.10663e-05
1818.75, 5.28341e-06
2115.71, 3.02074e-05
2065.81, 8.99781e-06
1188.34, 5.50652e-06
2028.81, 9.75404e-06
2073.81, 1.93845e-05
2086.79, 9.3577e-06
1711.57, 1.23383e-05
1323.34, 4.41663e-06
2275.27, 4.80506e-06
1597.15, 5.09646e-06
1205.21, 1.40605e-05
1184.08, 9.98087e-07
1921.93, 5.47333e-06
1293.06, 5.00789e-05
1961.82, 7.17654e-05
1028.94, 3.61133e-05
1009.18, 5.38156e-05
2284.16, 5.36593e-06
1029.38, 5.33685e-06
1826.82, 1.58648e-05
2171.3, 2.20048e-05
1464.23, 1.17421e-05
1101.52, 9.26854e-06
1821.38, 7.83679e-05
1914.11, 2.08104e-05
1787.06, 1.01772e-05
1052, 1.24058e-05
1151.04, 0.00456954
2413.97, 2.38829e-05
1637.38, 5.18542e-05
2351.79, 2.00689e-06
2377.8, 8.88608e-06
1986, 4.40975e-06
1343.2, 2.11545e-05
2419.3, 4.8368e-06
2082.27, 1.21986e-05
1244.19, 1.14287e-06
1035.62, 7.58534e-05
1684.41, 5.69754e-06
1013.56, 6.27751e-06
2033.3, 1.33066e-05
2104.36, 8.5334e-06
2163.51, 4.59976e-06
2292.88, 8.4936e-06
1978.21, 2.12863e-05
2039.25, 7.3688e-06
1466.83, 1.8571e-05
1289.4, 1.91801e-05
1905, 1.44681e-05
1839.4, 1.05494e-05
1052.08, 2.46972e-05
1010.13, 2.67676e-05
2278.88, 1.00242e-05
1346.15, 1.29271e-05
1065.28, 1.12237e-05
1986.95, 8.9131e-06
1987.02, 6.74985e-06
1022.57, 1.00736e-05
2339.12, 1.65495e-05
1476.52, 1.42242e-05
1125.18, 2.42042e-05
1552.39, 6.28919e-05
1077.26, 4.56581e-06
1875.02, 0.000234207
1059.44, 0.000124256
1785.29, 3.22693e-06
1777.68, 1.04326e-05
1776.49, 9.17141e-05
1398.72, 5.09347e-05
1422.47, 7.4006e-05
2357.23, 7.38989e-06
2277.79, 7.55567e-06
1478.4, 0.000133595
1590.72, 2.13577e-05
1394.67, 1.62396e-05
1845.3, 1.17908e-05
1584.42, 9.75072e-05
2478.09, 3.95496e-06
1207.03, 9.01042e-06
2454.17, 2.78259e-06
2316.34, 3.76377e-06
2381.79, 7.53263e-05
1063.79, 4.36279e-05
1821.26, 1.63195e-05
2210.41, 7.86233e-06
1850.95, 5.54241e-06
2228.09, 7.22696e-06
2459.02, 1.64406e-05
1690.06, 9.42057e-06
1041.8, 3.82737e-05
1940.18, 1.09816e-05
1925, 9.43339e-06
1142.73, 0.000146509
1090.22, 8.34138e-06
1173.48, 7.37573e-06
1760.32, 0.000741071
2277.74, 1.53665e-05
1763.11, 2.12607e-05
1430.74, 7.52855e-05
1591.5, 5.78199e-05
2146.67, 1.59892e-05
2478.47, 4.51509e-05
2089.31, 1.23336e-05
2465.05, 3.89503e-05
2489.57, 5.74488e-06
1337.49, 1.42466e-05
1222.73, 5.33643e-06
1891.29, 1.42749e-05
1502.96, 0.000165671
1642.3, 9.62537e-06
2071.55, 1.53897e-05
2445.1, 5.08771e-05
1444.93, 1.80635e-05
1836.44, 2.93337e-05
1410.45, 8.42042e-06
2052.41, 2.1373e-05
2384.39, 6.34039e-06
1016.71, 0.000450919
2206.33, 0.000313204
1972.54, 5.22614e-05
1355.14, 2.61872e-05
1649.57, 7.36164e-06
1730.8, 6.88362e-05
2446.87, 3.39836e-06
1969.98, 8.96533e-06
2498.13, 2.97444e-05
2037.03, 3.28147e-05
1494.64, 2.52603e-05
1678.79, 6.77479e-05
1680.62, 1.46615e-05
1591.94, 1.85821e-05
2285.01, 7.73181e-06
1338.1, 9.95263e-05
2078.01, 5.73939e-06
1086.21, 0.000190172
1156.18, 7.35228e-06
2108.25, 1.44202e-05
1689.72, 0.000153048
1028.2, 0.000138141
2444.46, 1.14391e-05
1332.77, 1.0632e-06
1346.14, 1.40066e-05
2242.63, 8.47846e-06
2362.64, 1.58748e-05
1833.43, 7.38006e-06
2452.79, 1.73708e-05
1417.77, 4.02952e-06
2478.75, 4.86442e-06
2123.63, 1.02471e-05
1785.69, 0.000167132
2051.31, 3.66876e-05
1540.67, 0.00076827
1386.96, 5.02479e-06
1368.02, 8.51197e-05
1918.06, 1.02038e-05
2275.43, 3.34159e-05
1742.81, 2.11876e-05
1192.11, 1.13965e-05
1947.77, 1.85761e-05
1197.79, 9.32061e-06
2486.16, 9.76102e-06
2374.57, 7.41852e-06
1451.74, 2.07519e-05
2319.09, 4.50045e-05
1183.56, 4.08128e-06
2153.79, 1.77865e-05
1560.67, 2.2677e-05
1659.78, 3.96241e-05
1969.86, 2.63751e-05
2184.31, 6.83362e-06
2180.25, 1.04519e-05
1414.54, 3.655e-05
1457.17, 0.000164854
2477.6, 2.51351e-05
2256.28, 1.22264e-05
2420.26, 4.77309e-06
2459.91, 1.70456e-05
2226.95, 8.78237e-06
1407.37, 3.91355e-05
1625.62, 2.33582e-05
1264.68, 4.47685e-06
1640.62, 0.000261481
2059.78, 4.43571e-06
1438.59, 9.4003e-05
2486.92, 5.85435e-06
2087.38, 1.03953e-05
1607.27, 1.63091e-05
1584.93, 2.27021e-05
1541.94, 1.63724e-05
1479.97, 1.22266e-05
2246.97, 1.94004e-05
1644.28, 4.3313e-06
2204.12, 1.88881e-05
2465.71, 1.60885e-05
2333.94, 1.98441e-06
1100.8, 5.37107e-06
1130.46, 7.02615e-07
2064.14, 3.43401e-06
2072.05, 1.07862e-05
1844.96, 5.0659e-05
2406, 1.02911e-05
1249.63, 2.82912e-06
2253.59, 2.33066e-05
2312.04, 4.58926e-05
1721.4, 8.06565e-05
2144.48, 2.88517e-06
1132.02, 1.0465e-05
1599.15, 5.20808e-06
1960.4, 1.40235e-05
1374.36, 4.84123e-05
1425.72, 1.24139e-05
1892.52, 6.27143e-05
1873.79, 1.32079e-05
2174.18, 5.55383e-06
2443.2, 1.76952e-06
2380.28, 4.27097e-05
2047.8, 1.18859e-05
1349.62, 2.97669e-05
1823.26, 3.00398e-06
1825.09, 1.40875e-05
2244.19, 3.73205e-05
1854.99, 5.43961e-06
1027.52, 4.7815e-05
1601.27, 0.000112576
1449.45, 2.80019e-05
1268.99, 1.18154e-05
1149.2, 4.97901e-06
2220, 2.30611e-06
1598.76, 6.19886e-06
1151.8, 1.16881e-06
1247.51, 4.42866e-05
1256.15, 3.69401e-05
1079.29, 1.99125e-05
1787.1, 1.51281e-05
1224.09, 4.81556e-05
1740.72, 4.42541e-05
2368.4, 1.22353e-06
1235.74, 9.55093e-07
2161.83, 5.79798e-06
2428.93, 1.34493e-06
1054.67, 4.16758e-05
1724.73, 3.9933e-05
2421.43, 2.82321e-06
2443.13, 1.15015e-05
1211.45, 3.83768e-06
2065.05, 1.62809e-05
1504.76, 0.000457087
1646.57, 6.81399e-05
1711.33, 4.28293e-06
1696.39, 5.5322e-05
1894.83, 1.13285e-05
2122.41, 1.58445e-05
2133.29, 3.76099e-05
1416.77, 4.66544e-05
1759.93, 7.53558e-06
1963.34, 3.13511e-05
1537.05, 1.43622e-05
1030.38, 2.3788e-05
1344.25, 1.63651e-06
1519.46, 2.38504e-06
2085.23, 2.25061e-06
2407.54, 1.28059e-05
2350.68, 1.58607e-06
1285.28, 2.57778e-05
2325.5, 1.55298e-05
2416.73, 7.59553e-06
2413.29, 2.3747e-06
1059.79, 8.68981e-05
2154.02, 2.4032e-05
2065.07, 9.30099e-06
1112.67, 9.31836e-06
2370.23, 2.91891e-06
1353.04, 8.63157e-06
1494.15, 2.14018e-05
2399.37, 1.0163e-05
1059.84, 2.61238e-05
1384.49, 6.82447e-06
2140.58, 1.42761e-06
1626.78, 0.00011695
2189.88, 8.89183e-06
1374.74, 1.58849e-05
2144.24, 2.93708e-06
1219.92, 1.5289e-06
2018.36, 8.23658e-06
2266.23, 1.03915e-05
2327.68, 7.26834e-06
2111.66, 1.25623e-05
2488.17, 5.43108e-06
1337.98, 4.94157e-05
1246.68, 0.000595948
2004.06, 1.8472e-05
2158.77, 5.22117e-06
1456.84, 1.18454e-05
1877.33, 2.24129e-05
2255.62, 3.52849e-06
1346.7, 3.03726e-05
2005.21, 2.15613e-06
1794.12, 5.8191e-05
2064.18, 2.11704e-05
2349.76, 5.3132e-06
1232.67, 2.2201e-06
1222.09, 5.06953e-06
1088.39, 2.11397e-05
2164.2, 6.07798e-05
1640.14, 2.89645e-06
1050.81, 5.1219e-05
1585.45, 2.80797e-05
1844.22, 6.75194e-05
1223.51, 6.97898e-06
1934.51, 9.18634e-06
1968.7, 1.3284e-05
2070.25, 1.54033e-05
1151.85, 2.76198e-06
1481.26, 3.82631e-05
1728.52, 3.50082e-06
1306.06, 1.69916e-05
1927.36, 3.57011e-05
1598.04, 4.11053e-05
1316.38, 2.46235e-05
1037.16, 3.54498e-05
1070.02, 1.11318e-05
1502.27, 8.45119e-05
1908.47, 1.00142e-05
1439.49, 1.40009e-06
1818.4, 1.53994e-05
1117.94, 1.47994e-05
1440.47, 2.55485e-06
1656.44, 1.6434e-05
1881.22, 1.68088e-05
1252.2, 3.80061e-05
1930.67, 5.76747e-06
1671.34, 0.000109359
1198.66, 6.79086e-06
2132.11, 7.21524e-06
1697.49, 3.10952e-05
2397.57, 2.45565e-05
1364.03, 3.09048e-05
2131.65, 3.34917e-06
2271.91, 2.19765e-05
1066.37, 4.91146e-05
1757.06, 1.30415e-05
2107.77, 4.24142e-06
1043.9, 1.76869e-05
1057.63, 1.22065e-05
1349.21, 2.53481e-05
2195.02, 6.14125e-05
1927.14, 4.0385e-05
1318.44, 1.74853e-05
1802.16, 1.13186e-05
1296.66, 7.14586e-06
2310.37, 0.000190602
1403.08, 1.68452e-05
2406.24, 1.13192e-05
1390.53, 6.43903e-06
1111.28, 7.11989e-06
1329.66, 8.30951e-06
1039.91, 2.84259e-05
1687.72, 8.02394e-06
1560.97, 6.72385e-05
1421.78, 3.74649e-06
2394.27, 3.3043e-06
1072.92, 2.79328e-05
2072.79, 1.53949e-06
1346.45, 0.000172389
2202.71, 5.19289e-05
1430.24, 1.26172e-05
1974.81, 3.34644e-05
1132.62, 4.29831e-06
2043.03, 6.90761e-06
1877.29, 3.97799e-05
2403.71, 4.25355e-05
1968.4, 3.5139e-05
1840.69, 1.19052e-05
1736.05, 0.000334997
2457.88, 4.66451e-06
1622.79, 2.1791e-05
1108.45, 2.12118e-05
1815.69, 4.26918e-06
2466.66, 3.74909e-05
1831.14, 2.47701e-05
1578.36, 2.36828e-05
1401.51, 3.00215e-05
2197.22, 5.26457e-06
1107.64, 2.90295e-06
1339.35, 7.13005e-06
1924.91, 5.48415e-05
2088.62, 2.17449e-05
1107.95, 1.15242e-05
1794.53, 0.000704789
1051.31, 0.000136463
1976.22, 2.18782e-05
2193.31, 2.08289e-05
1099.81, 3.03505e-05
1684.92, 3.16131e-05
1525.4, 2.1739e-05
1045.25, 3.99669e-05
1792.01, 3.49029e-06
1939.15, 2.07783e-05
1220.77, 4.93224e-06
1414.64, 7.49197e-07
2492.76, 1.14492e-05
2235.23, 9.37389e-06
1317.9, 0.000595982
2370.03, 3.31834e-06
1861.89, 2.38136e-05
2340.08, 3.57104e-05
1322.59, 3.14265e-05
1069.19, 4.24938e-06
1417.45, 0.000149774
2119.46, 1.15065e-05
1108.08, 7.48678e-05
1381.82, 5.11751e-06
2049.36, 2.19966e-05
2211.67, 5.16506e-06
1205.07, 4.6411e-05
2324.4, 5.37814e-06
1389.7, 2.50493e-05
1928, 1.22867e-05
1395.89, 0.00263826
1192.97, 6.0363e-06
2139.27, 1.54455e-05
2309.54, 0.000112433
1524.17, 5.12301e-06
1587.45, 3.85544e-06
1489.88, 1.4123e-05
2077.51, 9.74922e-06
1995.25, 6.73821e-06
1881.26, 5.5483e-06
1769.76, 1.42089e-06
2041.93, 2.1539e-05
1831.54, 6.98282e-05
2136.46, 1.16423e-05
1939.99, 2.95189e-05
1929.35, 5.40693e-06
1739.96, 1.65477e-05
1009.41, 4.09548e-06
1443.41, 1.13219e-05
1223.38, 6.75842e-05
2346.89, 2.21649e-06
2192.6, 1.43949e-05
1944.86, 1.04358e-05
1993.47, 1.34147e-05
2216.7, 6.01675e-05
1175.46, 3.42113e-06
1709.01, 3.10632e-06
2410.83, 2.51269e-05
2107.02, 2.86527e-06
1247.18, 1.16206e-05
1454.85, 7.42637e-05
2155.26, 7.81957e-06
1605.62, 5.92787e-05
1918.3, 3.99716e-05
2132.81, 9.21703e-05
1618.3, 6.54791e-05
2065.71, 0.00013655
1010.74, 3.56442e-05
1880.36, 1.00769e-05
1894.9, 2.63722e-05
1991.53, 0.000144872
2150.66, 1.5013e-06
2408.53, 8.83916e-05
2213.1, 7.23484e-06
1170.86, 0.000137711
1365.21, 1.6147e-05
1538.12, 7.55628e-05
2337.1, 1.90405e-05
1221.09, 3.75617e-06
1974.6, 1.38742e-05
1769.71, 1.19778e-05
1645.17, 3.40544e-05
1627.88, 0.000129246
1571.65, 5.01562e-05
1068.81, 2.2336e-05
1089.78, 8.192e-05
2458.59, 1.23695e-05
2275.89, 8.77343e-06
1636.31, 0.000201404
1890.45, 6.26507e-06
1857.09, 1.35598e-06
1172.54, 1.67167e-05
2176.01, 3.55069e-06
1256.5, 8.11655e-05
1763.23, 1.5498e-05
2201.99, 2.18078e-06
2285.15, 8.65897e-06
1032.18, 2.55801e-06
2379.36, 3.51482e-05
2031.28, 1.36708e-05
1407.11, 2.80593e-05
2286.03, 7.31763e-06
1912.71, 6.19714e-06
1324.4, 3.84177e-05
1658.61, 0.000277841
1597.58, 0.000223704
1159.12, 2.90501e-06
2163.65, 7.01584e-06
1399.97, 0.000209852
1426.52, 2.10462e-05
2093.44, 9.55794e-06
2286.54, 1.23045e-05
1450.68, 2.96138e-05
1854.57, 2.21631e-05
1443.14, 8.38087e-06
1511.05, 0.000140541
1440.7, 1.23749e-05
1040.41, 6.87324e-06
1019.67, 6.49061e-05
2480.95, 1.16697e-05
2044, 6.37154e-05
1585.25, 3.04806e-06
1926.96, 1.10165e-05
2393.62, 1.36872e-05
2231.53, 0.000105556
2097.93, 0.000143869
2297.9, 4.19932e-05
1764.31, 8.26669e-06
2293.4, 2.82151e-05
1603.35, 0.000179934
1155.76, 1.64285e-05
1805.94, 7.272e-06
2306.27, 1.05316e-05
1745.73, 2.43165e-05
1317.04, 3.52072e-06
1449.39, 4.46438e-05
1511.12, 0.000163813
2105.4, 4.91157e-06
2296.31, 1.28088e-05
2331.71, 1.6818e-05
1059.6, 2.97293e-05
1455.37, 0.00016707
1033.46, 8.6883e-05
2178.43, 1.09012e-05
1640.93, 5.62399e-06
2472.39, 5.31467e-06
1648.14, 4.63812e-05
1466.13, 2.61756e-05
1049.97, 2.77151e-05
1607.28, 8.70075e-06
1618.69, 6.76824e-05
1016.62, 1.72286e-05
1724.51, 5.83938e-05
1600.57, 1.54557e-05
1447.16, 1.0171e-05
1694.24, 6.69888e-06
1388.84, 2.47794e-05
1508.52, 0.00061524
1240.63, 4.5922e-06
2462.84, 1.38025e-05
1288.72, 6.9938e-05
1479.14, 0.000146199
2228.32, 7.02289e-05
1163.89, 6.52353e-06
2170.09, 9.21404e-06
1812.45, 2.83558e-06
1889.45, 1.16139e-05
2079.22, 6.56267e-06
1068.27, 0.00038477
1517.06, 6.08375e-05
1777.92, 0.000138559
1766.99, 2.65988e-05
1258.75, 1.64021e-05
1626.48, 1.08366e-05
1754.78, 5.42347e-05
1031.9, 6.29593e-05
1194.91, 2.04929e-06
1480.71, 5.40094e-05
1522.44, 0.00010187
1804.99, 0.000147828
1082.65, 1.14268e-05
2194.08, 2.29785e-05
1139.35, 4.98913e-06
2432.6, 6.65647e-06
1058.39, 3.9465e-05
1879.75, 8.8238e-06
1423.83, 1.60148e-05
1377.59, 5.02422e-06
2074.56, 5.79903e-06
2205.04, 6.16034e-06
1506.27, 9.47848e-06
1671.63, 7.9329e-06
2084.42, 4.37978e-06
1389.41, 1.83667e-05
1433.06, 1.79027e-05
1845.57, 1.35892e-05
1880.03, 1.62977e-05
1910.09, 4.29511e-06
2372.88, 0.00036766
1458.16, 0.000145368
1927.11, 0.000413072
1007.72, 0.000461208
2168.83, 1.80566e-05
2226.75, 5.35776e-05
1500.36, 2.18657e-05
1262.89, 0.0021378
1492.53, 1.22681e-05
1884.48, 6.9654e-06
1089.18, 2.15375e-05
1213.55, 1.57119e-05
1118.79, 3.25527e-05
1398.38, 9.23391e-06
2108.66, 1.0955e-05
1067.25, 3.82568e-05
2412.01, 2.14997e-06
2334.53, 7.35391e-06
1814.3, 4.88689e-05
2340.84, 1.09624e-05
2321.67, 8.73778e-06
1374.73, 4.96337e-05
1518.39, 0.000106344
1316.67, 7.562e-06
1235.37, 1.66839e-05
2363.45, 5.88692e-06
2423.62, 3.04205e-06
2473.59, 8.94208e-06
2064.1, 6.01359e-06
2269.39, 4.17571e-06
1867.76, 6.45777e-05
1433.21, 9.33417e-06
1985.7, 1.3079e-05
1902.05, 1.8011e-05
1857.3, 1.04901e-05
1696.59, 7.49579e-06
1226.19, 2.97046e-06
1336.68, 0.000150643
1671.79, 6.4725e-06
1766.3, 2.55027e-05
2060.57, 9.08316e-06
2495.13, 1.62248e-05
1931.56, 4.15945e-05
1197.52, 6.84444e-07
1482.92, 9.04632e-06
2270.73, 1.48403e-05
2109.67, 3.54808e-06
1355.78, 0.000372595
1432.54, 1.57183e-05
2302.33, 2.1132e-05
2201.59, 8.73168e-06
2288.07, 0.000703407
1208.41, 2.82835e-06
1817.23, 8.41251e-06
1081.02, 9.88706e-06
1630.76, 0.000143482
2479.24, 7.73374e-06
2068.88, 6.65481e-06
1425.83, 9.81281e-05
1089.4, 0.000307739
1110.42, 1.79898e-06
2137.79, 8.67993e-06
1304.65, 6.65746e-06
1676.33, 0.000544711
2424.35, 4.38878e-06
2490.51, 2.99102e-05
1396.35, 5.94164e-06
2169.72, 6.8819e-06
1739.7, 0.000267203
1110.85, 1.09747e-05
1272.95, 2.46811e-05
1495.84, 2.185e-05
2069.87, 2.70037e-05
2024.95, 3.26106e-05
1303.37, 2.51209e-05
2173.27, 2.48248e-06
1032.51, 1.77385e-05
1032.29, 8.21975e-05
1846.9, 5.28427e-05
2102.95, 1.29251e-05
2337.12, 7.74689e-06
1431.64, 0.000238117
1911.07, 4.30157e-05
2134.21, 8.87228e-06
1500.61, 1.98954e-05
1093.13, 2.1319e-06
2369.04, 4.79831e-06
2170.64, 1.31231e-05
1975.76, 2.17922e-05
2318.25, 7.74562e-06
1050.82, 0.00378441
1668.2, 4.23034e-05
2033.29, 6.02973e-06
2219.02, 1.50576e-05
1473.73, 4.06859e-05
2169.59, 2.2405e-06
1798.23, 4.52707e-05
1944.27, 0.000749718
1135.02, 7.38048e-05
1134.99, 1.21771e-05
1171.29, 2.96168e-06
1068.47, 1.12266e-05
1594.3, 9.5416e-05
1161.94, 7.10896e-07
1793.82, 0.000136704
1438.08, 5.88907e-06
1346.21, 0.000102079
2058.53, 2.86496e-06
1397, 0.00804161
2264.08, 1.12616e-05
1030.53, 1.05026e-05
1852.71, 1.3317e-05
1636.47, 3.83841e-05
1023.07, 1.07035e-05
2122.81, 7.15968e-06
1031.92, 2.75069e-05
1447.44, 9.76363e-06
2192.13, 2.41602e-05
1306.75, 2.31296e-05
1646.98, 0.000116899
1984.02, 1.82856e-05
1287.29, 1.36614e-05
1277.87, 1.98025e-05
2466.11, 9.84801e-06
2231.75, 9.03339e-06
1233.39, 1.15095e-06
2356, 1.64163e-05
1697.84, 2.6395e-06
1208.62, 3.23076e-05
2406.64, 6.43249e-06
1319.95, 6.65811e-06
2124.1, 2.07957e-05
2398.12, 2.10792e-06
1443.62, 0.000117046
1496.57, 5.92716e-06
1526.57, 1.55715e-05
1578.01, 2.72203e-05
2226.95, 7.85456e-06
1074.66, 6.84768e-05
1937.5, 1.30744e-05
2138.07, 8.51052e-06
2196.51, 4.16045e-06
2010.43, 8.27505e-06
1851.99, 3.80507e-06
2048.47, 6.60282e-06
1104.58, 1.371e-05
2368.81, 7.87341e-06
1310.75, 8.82195e-06
1374.84, 1.84735e-05
2131.23, 1.80137e-05
1449.64, 1.04028e-05
1275.88, 5.80348e-06
2100.73, 1.48277e-05
1858.58, 1.47203e-06
2222.09, 6.8159e-06
2186.03, 3.89369e-06
1417.33, 0.00013535
2000, 5.64078e-06
1754.94, 2.26549e-06
2139.48, 0.000261514
1759.54, 1.00887e-05
2372.14, 6.11801e-06
1914.7, 1.69478e-05
1780.67, 5.21586e-05
1916.33, 1.06513e-05
1584.81, 0.000225575
1341.89, 2.67175e-05
1341.85, 2.92728e-05
2178.84, 1.02828e-05
1093.82, 6.2962e-06
1098.24, 0.000215685
1139.84, 8.97254e-07
2299.76, 3.55462e-06
1981.64, 4.71345e-05
2149.69, 2.72158e-05
2251.24, 2.90906e-05
2320.29, 1.76836e-05
2313.98, 3.64461e-05
2196.41, 2.78508e-05
2499.64, 1.24426e-05
1462.36, 8.60162e-05
2131.24, 1.42816e-05
2478.27, 1.22892e-05
2458.26, 2.11201e-05
1916.66, 4.66428e-05
2324.37, 2.53338e-05
1903.91, 1.01643e-05
2417.77, 1.82511e-05
1501.05, 6.82058e-05
1798.04, 4.32645e-06
1536.34, 1.49453e-05
1682.46, 8.21199e-06
2407.01, 4.66966e-06
1579.72, 6.72519e-05
1038.5, 8.94156e-05
1482.35, 6.04501e-05
1662.97, 0.000162002
1764.78, 6.08613e-06
1758.99, 8.80776e-06
1630.66, 1.65804e-05
2185.91, 2.94367e-05
1787.22, 0.000180796
1591.39, 8.31426e-05
1949.6, 4.1961e-05
2271.93, 2.84861e-06
1332.43, 6.07414e-05
2463.49, 6.54088e-06
1219.13, 3.20738e-06
2284.21, 8.86031e-06
1562.76, 4.54632e-05
1442.41, 8.18188e-05
1786.13, 1.88242e-05
1091.47, 3.4346e-05
2007.96, 1.03539e-05
1818.91, 2.12825e-05
1520.36, 2.67521e-05
2247.59, 1.88803e-05
1736.6, 9.02128e-05
2105.64, 1.91251e-05
2438.44, 1.671e-05
1695.06, 4.04213e-05
1373.36, 7.77742e-06
1062.89, 1.76461e-05
2171.1, 7.28301e-06
1675.63, 5.63931e-06
1496.6, 2.37606e-05
1909.41, 1.03512e-05
1240.68, 2.08541e-05
1791.84, 1.8317e-06
1922.57, 9.85756e-06
2477.55, 1.04314e-05
2064.63, 1.09113e-05
1301.09, 7.31209e-05
1629.06, 1.4042e-05
1808.72, 0.00020954
1370.39, 3.49845e-05
2220.43, 7.12004e-06
2080.88, 1.84552e-05
1236.08, 2.0623e-05
1398.06, 5.17966e-06
2493.52, 4.22895e-05
1046.17, 0.00044975
1313.59, 1.26993e-05
1399.57, 7.7834e-06
1646.99, 1.76223e-05
1312.7, 3.98796e-06
1132.7, 5.39567e-06
1686.77, 2.43776e-05
1479.5, 1.02881e-05
1111.87, 2.47511e-06
1442.81, 0.000280047
2294.14, 5.22951e-06
1608.61, 1.88209e-05
1251.29, 4.44924e-06
1804.87, 1.43336e-05
2155.59, 6.64504e-06
1306.23, 2.90816e-06
1445.85, 3.09999e-05
1224.79, 3.99044e-06
1569.81, 3.69415e-05
1155.84, 2.38471e-05
2170.51, 2.51651e-06
1857.71, 1.25084e-05
1177.14, 6.19876e-07
1261.43, 2.12969e-05
1515.87, 1.03941e-05
1272.63, 1.74791e-05
1310.03, 1.73062e-05
1771.55, 1.27269e-05
1153.2, 2.57751e-06
2245.71, 9.7614e-05
1502.94, 3.58765e-05
1655.45, 7.88933e-06
2276.24, 5.75381e-06
2291.42, 3.34449e-05
2175.43, 1.04389e-05
1507.24, 8.87066e-06
2379.94, 1.72463e-05
1213.16, 3.5981e-06
2102.96, 7.38601e-06
1116.73, 1.64137e-05
1353.55, 9.28715e-05
2112.6, 2.89547e-06
2316.13, 1.22621e-05
1953.31, 3.66106e-06
1099.3, 3.56283e-05
2431.16, 0.00702472
2297.58, 6.40291e-06
1291.91, 6.70109e-05
2461.02, 2.9971e-05
2080.61, 7.12668e-06
1518.74, 2.85685e-05
1599.12, 1.77796e-05
1566.12, 1.31724e-05
2282.19, 4.13242e-06
1066.55, 2.29031e-05
1840.98, 1.9702e-05
1118.04, 1.29286e-05
1456.4, 3.6639e-06
2429.04, 1.5483e-05
2483.53, 5.132e-06
2302.35, 7.03987e-06
2351.76, 8.73463e-06
2063.61, 1.05939e-05
1829.76, 1.35951e-06
2320.29, 0.000214619
1175, 5.83753e-06
1472.24, 0.00030083
2355.13, 8.45352e-06
1217.49, 0.000242255
2150.57, 3.36481e-05
1926.72, 2.98905e-05
1745.5, 4.57066e-05
1671.37, 4.97352e-05
1473.08, 2.07957e-05
1920.72, 2.31996e-05
1399.93, 0.000110709
2140.04, 1.06032e-05
1210.4, 3.94832e-06
1448.05, 1.97595e-05
1551.09, 0.00015872
1225.86, 6.28679e-06
1965.13, 0.000113507
1867.04, 7.04152e-06
1920.24, 2.26442e-05
2246.53, 2.28631e-05
2487.28, 2.4728e-05
2461.29, 1.47369e-05
1909.87, 1.40291e-05
2480.24, 1.01972e-05
1849.78, 1.68268e-05
1739.74, 1.84838e-05
1300.31, 0.000205511
1818.43, 4.4144e-06
2213.98, 1.08441e-05
1831.97, 1.46233e-05
1584.06, 0.000190421
1486.21, 1.74374e-05
2399.19, 5.89531e-06
2376.14, 4.55845e-06
1421.5, 1.39245e-06
1112.09, 9.59344e-05
1172.54, 1.08909e-05
2371.39, 2.21297e-06
2453.76, 9.91131e-06
2075.46, 2.4057e-05
1580.78, 2.26789e-05
1867.56, 8.52569e-05
2018.06, 1.20828e-05
1651.2, 0.000100395
1066.24, 2.55745e-05
1532.45, 1.84193e-05
2182.72, 4.92109e-05
1665.07, 0.000472131
1052.13, 3.34246e-05
2425.21, 2.17961e-05
2413.51, 9.21891e-06
1745.38, 4.24251e-06
1223.53, 0.000132615
1378.33, 4.43488e-05
2277.5, 5.0217e-06
2373.07, 3.19317e-06
1593.22, 0.000125298
2285.32, 3.18959e-05
1099.31, 3.29247e-05
1757.98, 5.36186e-05
2313.77, 3.62337e-05
2396.91, 1.81473e-05
1701.33, 0.000121683
1111.82, 6.90003e-05
2427.05, 5.30721e-05
2089.75, 8.98288e-06
1473.2, 3.13131e-07
2021.15, 5.64831e-06
2433.91, 3.28218e-06
1883.54, 1.41744e-06
2075.26, 1.40365e-05
2196.35, 6.04271e-06
1814.33, 1.06851e-05
2265.02, 6.69094e-06
1384.13, 4.2709e-05
1160.68, 5.20325e-06
2044.86, 7.94024e-05
1334.33, 0.000248841
2369.56, 2.07898e-06
2118, 0.000378066
2101.23, 2.65446e-05
1766.79, 8.71364e-06
1668.7, 7.71581e-06
1519.21, 1.50077e-05
1680.83, 3.10596e-06
1299.72, 8.79965e-06
2250.25, 1.80436e-05
1388.27, 0.000121771
2222.61, 0.000329539
1927.42, 4.35181e-06
1024.52, 2.51117e-05
1439.3, 2.3382e-05
1404.88, 2.61877e-05
1843.67, 1.39401e-05
1440.96, 4.20331e-05
2203.95, 5.39777e-06
1288.13, 3.35629e-05
1965.89, 9.97937e-06
1523.61, 2.5472e-05
2470.41, 1.67426e-05
1133.99, 2.16212e-06
1820.17, 4.78127e-05
2420.15, 3.85427e-06
1178.79, 4.51298e-07
1849.65, 3.12467e-05
1271.53, 6.76751e-06
1978.47, 1.81845e-05
1331.37, 2.05118e-05
1327.54, 7.61585e-05
1154, 6.56524e-07
2244.03, 4.66458e-05
1688.98, 1.35457e-05
2340.47, 3.49883e-06
1496, 3.40242e-05
2238.08, 9.80893e-05
2079.16, 9.9594e-06
2251.29, 1.41779e-05
2414.27, 1.62327e-05
1561.42, 1.58603e-05
1893.56, 2.1366e-05
1917.51, 3.98844e-05
1100.88, 3.73947e-05
1724.39, 1.17485e-05
1574.05, 0.00012345
2122.08, 4.62236e-06
1902.03, 1.29283e-05
2227.93, 2.82277e-06
1183.34, 1.3518e-06
2202.66, 2.087e-05
1151.58, 2.92089e-06
1853.31, 1.2174e-05
1782.9, 1.94577e-05
1360.44, 1.24777e-05
1757.01, 3.32816e-05
1846.57, 8.82188e-06
2004.44, 1.39192e-05
2388.25, 5.7675e-06
1968.34, 0.00325475
2316.46, 2.02556e-05
2190.98, 7.3981e-06
2051.46, 3.04669e-05
1924.06, 1.36539e-05
1696.09, 1.69375e-05
2399.71, 3.96508e-06
2194.31, 1.08924e-05
1171.64, 1.01647e-05
1864.71, 1.05505e-05
1661.55, 1.30067e-05
1993.16, 1.04161e-05
1881.85, 7.13956e-05
2024.1, 4.21514e-05
1532.36, 3.41245e-05
2144.45, 1.83612e-05
2016.41, 1.23201e-05
1323.21, 5.85615e-06
1524.14, 1.88126e-06
2183.83, 1.39127e-05
1650.71, 1.4154e-05
1712.39, 1.2932e-05
2232.19, 1.58638e-05
1296.54, 5.26008e-07
1711, 5.44217e-06
1304.21, 1.32897e-05
1315.1, 3.68605e-06
1646.34, 1.20832e-05
1552.26, 2.76757e-05
1345.56, 2.21746e-06
1309.47, 6.96282e-06
2360.65, 4.14823e-05
1626.22, 0.000672627
2083.27, 3.6409e-05
2384.26, 3.55288e-06
2344.8, 7.77136e-06
1923.95, 4.19929e-06
2212.22, 4.71945e-05
1138.42, 1.43924e-05
1989.82, 7.69366e-06
1919.51, 0.000118707
1354.49, 0.00041306
2107.55, 8.44906e-06
2436.17, 0.000154232
1978.25, 5.86639e-06
2244.69, 6.71546e-06
2052.99, 8.03556e-06
1596.33, 2.60669e-06
1179.93, 4.89047e-06
1411.86, 4.93903e-06
2424.37, 1.03616e-05
1149.01, 1.00033e-06
1110.83, 0.000135979
1898.96, 4.0041e-05
1330.64, 8.19786e-06
1633.39, 5.53341e-06
1572.22, 2.8376e-05
1298.64, 0.00016688
2455.97, 4.3829e-06
2190.66, 5.21156e-06
1477.15, 9.87383e-06
2472.46, 6.89159e-06
1596.94, 5.23412e-06
1865.6, 1.36614e-05
1449.65, 0.00039729
1120.45, 5.73899e-06
1275.14, 7.14126e-05
2174.45, 6.36965e-06
1660.67, 0.000138759
1915.7, 2.63462e-05
1189.5, 1.50294e-06
1384.81, 2.36418e-05
1268.94, 7.54009e-06
2327.1, 6.11242e-07
1592.23, 1.50949e-05
1679.04, 8.73608e-05
1733.98, 7.653e-06
2339.81, 3.43432e-06
1916.7, 9.60405e-05
1255.38, 7.95561e-05
2282.32, 0.000486902
1117.07, 2.40837e-06
1821.9, 4.8141e-05
1760.12, 4.36102e-05
1646.13, 1.46919e-05
2151.17, 6.952e-05
1930.91, 9.4213e-06
1508.56, 0.000310305
2204.8, 6.08349e-06
2358.77, 3.93853e-06
2091.38, 1.12659e-05
1885.75, 1.80621e-05
2316.6, 5.17202e-06
1683.05, 7.13485e-05
2057.67, 1.62137e-05
1441.19, 0.000701073
1353.67, 2.10089e-05
2280.59, 3.87897e-06
2409.83, 4.03602e-06
1955.64, 5.71923e-05
1480.44, 8.55609e-05
1068.82, 2.84695e-05
2187.36, 7.36042e-06
1341.24, 1.19677e-05
1152.12, 2.42238e-05
2407.89, 3.62538e-06
1799.94, 1.41955e-05
2070.98, 6.52161e-06
1022.94, 3.34663e-05
2097.87, 2.82516e-06
2151.72, 5.92181e-06
2035.22, 4.03646e-05
1749.14, 8.30955e-07
1375.4, 0.000479597
1114.83, 0.000134262
1474.45, 1.37006e-05
1317.81, 1.17956e-05
1564.93, 0.000167543
2392.23, 2.47525e-05
1020.91, 0.000186147
1289.94, 6.73911e-06
2102.52, 2.8162e-05
1158.26, 6.67223e-06
1904.05, 2.83346e-05
1773.53, 0.00014093
1460.67, 6.13319e-05
1759.89, 5.23151e-06
2402.89, 2.22182e-06
1694.7, 1.03297e-05
2115.94, 8.37684e-06
1671.82, 2.99031e-05
1297.49, 2.70377e-05
1554.84, 3.0334e-05
2399.38, 8.32705e-06
2361.77, 3.66581e-05
1188.25, 9.09707e-07
1816.65, 3.16395e-05
2238.84, 7.27031e-05
2380.72, 1.37927e-05
2077.63, 8.37667e-06
1271.39, 6.64203e-06
2459.34, 8.51915e-06
1331.72, 1.88747e-05
1419.86, 1.61321e-05
1097.83, 7.71966e-06
2033.71, 1.8598e-05
2311.45, 1.16491e-05
1247.24, 1.14325e-05
2226.62, 2.55254e-05
1259.72, 8.10233e-05
1303.42, 7.4324e-05
2338.92, 2.55385e-05
1962.75, 9.5653e-06
1180.09, 2.27519e-05
1927.16, 3.47572e-06
1337.19, 1.15401e-05
1496.82, 2.34083e-05
2103.3, 3.72856e-06
1909.98, 6.70401e-06
1297.3, 1.85041e-05
2460.76, 0.000238901
1292.69, 3.5266e-05
1794.08, 2.57813e-05
1439.62, 0.000115662
2404.64, 2.34643e-06
2077.45, 1.56875e-05
2162.79, 1.1793e-05
1698.33, 7.38554e-06
1766.14, 9.42573e-05
1416.63, 8.07225e-05
1826.86, 4.64284e-05
1793.52, 1.58032e-05
1625.91, 8.94499e-05
1911.83, 2.3274e-05
1363.98, 1.70913e-05
1208.6, 7.69929e-06
2108.76, 1.12036e-05
2437.74, 1.04828e-05
1518.16, 3.19706e-06
1749.91, 1.91771e-05
1773.76, 4.75104e-05
1234.64, 7.13846e-07
1333.29, 1.14129e-06
2026.34, 2.68071e-05
1927.94, 2.73869e-05
2430.65, 1.2315e-05
1866.83, 9.58048e-05
1192.74, 4.34602e-05
1160.19, 7.51558e-07
2303.82, 5.32508e-06
1557.35, 1.0699e-05
1920.25, 9.59422e-06
1635.55, 1.70681e-05
1878.2, 1.55232e-05
1754.4, 1.43652e-05
1596.46, 7.4315e-05
1565.29, 3.35753e-05
2080.16, 3.213e-06
1120.49, 3.14111e-06
2248.82, 4.02447e-06
1084.22, 7.83329e-05
1222.91, 1.17903e-05
1290.44, 3.09279e-05
2409.11, 1.17854e-05
1678.54, 0.000281278
1858.63, 3.80776e-05
1239.78, 0.000117142
1578.52, 0.000258715
2206.45, 4.99096e-05
2112.91, 0.000193636
1195.25, 4.61021e-06
1521.66, 0.000127975
1943.04, 0.000421806
1587.64, 0.00026502
2222.31, 6.09423e-06
1951.6, 2.41357e-05
1326.64, 1.41864e-06
1208.41, 1.85228e-05
2318.48, 1.46645e-05
1256.3, 3.01029e-05
1839.08, 3.58004e-05
2347.22, 1.0893e-05
2093.52, 5.86174e-06
2331.64, 3.90721e-06
1904.6, 4.20922e-05
1331.22, 1.31029e-05
1591.69, 8.82929e-06
2229.59, 5.46213e-06
1598.43, 1.65153e-05
1991.9, 1.01811e-05
1442.84, 1.55077e-05
1561.54, 6.58091e-05
2419.7, 1.68102e-05
1563.29, 2.33391e-05
1728.99, 1.88805e-06
1946.89, 2.3837e-05
1478.81, 7.85282e-06
1033.39, 0.000270027
1248.68, 6.27384e-06
1459.5, 2.16023e-05
1321.2, 5.33408e-05
2285.15, 6.41089e-06
1779.84, 9.55062e-05
2262.16, 2.10822e-05
1347.95, 4.56708e-06
1897.29, 0.000185638
2177.86, 2.04267e-06
1102.02, 0.00132647
2220.71, 5.14202e-05
1359.18, 1.55468e-05
2078.6, 2.67269e-06
2263.13, 4.80562e-06
1691.01, 2.27145e-05
1584.58, 1.13829e-05
1642.8, 9.33545e-06
2158.67, 4.49142e-05
1277.28, 2.65065e-07
1453.11, 3.34006e-05
1229.37, 1.27226e-05
2016.4, 1.42478e-05
1527.2, 0.000349147
1289.65, 1.06202e-05
2123.09, 1.66483e-05
2450.37, 5.14208e-06
2205.17, 9.61627e-06
1987.31, 0.000122312
2323.81, 1.49965e-06
1748.94, 0.000338872
1839.92, 3.26379e-05
2245.43, 8.3169e-06
2112.74, 2.7369e-06
1950.54, 4.53841e-06
1903.57, 1.59135e-05
2211.72, 1.03449e-05
1395.36, 5.38296e-05
1822.96, 0.000153462
1467.86, 5.42322e-06
1395.06, 8.29916e-05
2152.4, 1.117e-05
1666.48, 2.29054e-06
2467.66, 1.0517e-05
1610.23, 3.90185e-06
2156.43, 1.13833e-05
2106.4, 1.18035e-05
1217.51, 1.27218e-05
1296.18, 2.62561e-06
2140.64, 2.83463e-05
2223.52, 0.000137253
1279.43, 7.9017e-06
1441.83, 3.80183e-06
1180.88, 7.98553e-06
1378.41, 2.56558e-05
1886.25, 0.000187137
2314.7, 2.73915e-05
2304.41, 1.09173e-05
2316.97, 5.48641e-05
2482.86, 2.93339e-06
1871.77, 3.22253e-05
1967.96, 5.94015e-06
2247.61, 1.61096e-05
2235.29, 3.20501e-06
2120.53, 3.18777e-06
1580.54, 3.24325e-05
2371.4, 4.97563e-06
2496.79, 7.68968e-06
1274.17, 6.72154e-06
2329.83, 1.7723e-06
1805.54, 5.61563e-06
1211.53, 2.01961e-06
1549.4, 1.37374e-05
2370.48, 1.38482e-05
1960.69, 1.94718e-05
2100.59, 1.35412e-05
2007.83, 3.36892e-05
1145.34, 1.34665e-05
1983.07, 3.20386e-05
2147.79, 4.85057e-06
1068.14, 1.7583e-05
1629.28, 1.25194e-05
1408.19, 1.79285e-06
1496.17, 2.57049e-05
2066.11, 4.20932e-06
1741.76, 3.21011e-06
1799.77, 8.43262e-06
1070.34, 1.17229e-06
1181.96, 9.49788e-06
2169.09, 8.98142e-06
1957.76, 3.0094e-05
1412.45, 1.90451e-06
2400.15, 4.61496e-06
2312.6, 5.96009e-05
1231.57, 1.91369e-05
2242.82, 1.33623e-05
1065.6, 1.64927e-05
1358.67, 5.71839e-06
1439.91, 0.000105133
1926.84, 7.21548e-06
2056.29, 5.55539e-06
2062.62, 1.43394e-05
1883.14, 8.16567e-05
1328.53, 1.8618e-06
1425.34, 3.69421e-06
1101.1, 0.000121705
1470.36, 1.15306e-05
1307.94, 3.62479e-05
1342.01, 6.90056e-05
1607.75, 4.47956e-05
1834.39, 1.07117e-05
2166.22, 8.65488e-06
1986.25, 1.66849e-05
1996.45, 5.2362e-06
1094.8, 8.78684e-05
1089.88, 3.10672e-05
2096.21, 6.30097e-06
2038.42, 2.6807e-05
1327.72, 1.37393e-05
2213.67, 5.8552e-07
1752.11, 3.03521e-05
1606.25, 4.63416e-05
1836, 7.58261e-05
1544.05, 0.000223273
2082.48, 1.23437e-05
1606.62, 0.000301268
1665.5, 2.13074e-06
1066.82, 1.04811e-05
1914.86, 9.25158e-06
2179.13, 2.83881e-05
1501.38, 3.74605e-06
2016.07, 3.35711e-06
1458.58, 7.04502e-05
1605.31, 3.67721e-05
1126.82, 3.77913e-05
1760.29, 3.72387e-06
2060.7, 1.73203e-05
2300.67, 5.83681e-06
1079.7, 2.58899e-05
2490.2, 3.73948e-06
1100.35, 3.71502e-05
1958.84, 6.59867e-06
1610.96, 5.73825e-06
2208.18, 2.77377e-06
1405.77, 0.000145838
1932.42, 1.66545e-05
1100.39, 3.63829e-06
2466.41, 3.66477e-05
1289.89, 4.57266e-06
1746.1, 8.37971e-05
1363.31, 9.39972e-05
1841.74, 7.27398e-06
1134.27, 4.91789e-05
1895.47, 9.48729e-06
1573.16, 0.00015579
1058.1, 8.66063e-05
2095.32, 5.05831e-06
1809.28, 4.34931e-06
1410.79, 9.47998e-05
1852.6, 2.61219e-05
1886.21, 1.90203e-05
1907.36, 6.80044e-06
1778.21, 3.57592e-05
1488.88, 2.9832e-05
1733.3, 7.15533e-06
1578.47, 2.62729e-05
2272.24, 1.39747e-05
1439.08, 1.85673e-05
1580.41, 4.267e-05
1548.92, 1.22399e-05
2308.9, 6.58439e-06
1305.05, 5.60955e-06
1122.89, 7.62701e-07
2494.96, 0.000172536
2458.72, 1.40157e-05
1535.24, 2.1694e-05
1010.43, 4.41331e-05
1028.62, 1.23302e-05
2300.86, 5.58093e-05
1157.97, 5.10543e-06
2022.11, 2.96332e-05
1741.64, 1.0507e-05
1239.78, 2.37243e-05
1464.01, 0.000164626
1225.51, 3.79117e-05
2424.69, 1.03424e-05
1502.6, 2.3079e-05
2082.16, 1.02349e-05
1309.32, 2.58665e-05
1017.64, 2.61749e-05
1142.49, 1.33159e-05
1776.69, 5.61227e-06
2199.76, 7.42555e-06
2379.76, 5.01668e-05
1514.77, 0.000102444
1560.5, 0.000110696
2201.66, 3.92845e-05
1133.01, 1.75471e-05
1561.38, 0.000516782
1193.59, 2.3346e-05
2291.19, 9.94746e-05
1686.91, 1.06634e-05
2303.3, 4.68131e-06
1088.27, 1.89175e-05
1337.46, 0.000112936
1552.22, 0.000165586
2153.74, 9.55231e-06
2214.95, 0.000237047
1136.69, 1.48544e-06
1012.65, 1.94169e-05
1096.21, 8.73379e-05
1062.09, 0.000136493
1743.47, 1.50574e-05
1476.79, 1.08215e-05
1410.63, 7.37011e-06
1361.99, 5.29268e-05
2295.98, 1.20912e-05
1271.52, 2.61086e-06
2449.72, 2.51835e-06
1319.39, 1.07122e-05
2448.97, 7.08795e-06
1344.29, 0.000311026
1557.65, 8.59516e-06
1267.65, 2.17598e-05
1687.6, 1.97919e-05
1010.71, 1.85403e-05
2320.7, 8.07051e-05
2267.56, 4.8708e-05
2072.06, 2.55446e-05
1494.5, 0.00026382
1333.66, 0.000134241
1295.3, 1.14468e-05
1077.64, 3.6288e-05
1012.72, 1.56759e-05
2288.7, 8.85436e-06
1639.72, 7.80282e-06
2291.87, 2.7527e-06
2375.33, 5.19177e-06
1341.59, 4.04543e-05
2166.51, 6.0242e-06
1793.65, 7.53528e-05
2124.61, 1.31772e-05
1354.37, 3.98095e-06
1646.58, 4.33345e-06
1830.55, 3.42163e-05
2077.36, 9.55843e-06
1586.39, 1.59587e-05
1340.56, 2.68051e-06
1150.52, 7.62835e-06
1403.19, 3.04418e-05
2461.52, 8.57547e-06
1576.66, 8.25067e-05
1148.28, 7.98822e-06
