temperature, L2
1899.78, 0.00256082
1928.78, 0.00223453
2254.39, 0.000627808
2283.97, 0.000546014
1565.92, 0.00208199
1357.77, 0.00144231
2495.69, 0.000905486
2465.93, 0.000983349
1494.97, 0.0033623
1126.16, 0.000262427
2151.46, 0.00877064
1917.16, 0.0056141
2240.43, 0.000664652
1293.34, 0.000820455
1766.33, 0.0022117
1887.51, 0.00225562
1887.82, 0.00212857
1546.56, 0.00218598
2004, 0.00255196
2468.94, 0.00100238
2244.54, 0.000822574
2469.49, 0.00121284
2186.57, 0.000937008
2123.08, 0.0027282
1458.31, 0.00158503
2125.06, 0.00199789
1504.39, 0.00271991
1863.52, 0.00295958
1298.11, 0.00136587
2137.16, 0.00152808
1549.88, 0.00265725
1708.63, 0.00190904
1125.89, 0.000436583
1023.7, 0.000404898
2044.99, 0.00212497
2294.85, 0.00042526
2101.35, 0.00135801
2058.86, 0.00154447
1326.22, 0.000867165
1336.88, 0.00100749
2368.98, 0.000615705
2152.81, 0.00224334
1095.17, 0.000529166
2418.21, 0.0023167
1641.34, 0.00283563
1436.64, 0.00174808
1528.06, 0.0020774
2238, 0.00155243
1862.16, 0.0237691
1422.33, 0.00127987
1678.92, 0.00252686
2374.44, 0.00140183
1128.91, 0.000209369
1270.8, 0.000550498
2278.34, 0.000629465
1871.08, 0.00219648
1635.68, 0.00234721
1476.91, 0.00206589
1674.89, 0.00340447
1002.25, 0.000270266
2043.4, 0.00200848
1211.5, 0.000175321
1252.04, 0.00145872
1499.88, 0.00204648
1910.14, 0.00233674
1291.55, 0.000706943
2340.05, 0.000680102
2129.95, 0.0015463
1321.86, 0.00264156
1535.72, 0.00198375
2209.56, 0.00110427
1003, 0.000769276
1917.89, 0.00453931
1260.3, 0.00126864
1413.56, 0.00143522
2379.87, 0.00125173
1829.07, 0.00204507
1712.23, 0.00221838
1767.91, 0.00216777
1117.79, 0.00131713
2462.48, 0.00133173
1624.39, 0.00250226
2142.41, 0.0012862
1187.2, 0.000119345
1093.97, 0.000327979
1199.47, 0.000142471
2029.38, 0.00247327
1846.71, 0.00284666
2421.47, 0.00114935
2338.3, 0.000326811
1702.09, 0.00260464
1859.74, 0.00237014
2157.64, 0.00119567
2102.15, 0.00234198
1551.47, 0.00218488
1219, 0.000308787
1493.52, 0.00185696
1908.02, 0.00378984
1799.08, 0.00252588
2457.38, 0.0011089
2363.74, 0.000657666
2099.63, 0.00142057
1612.53, 0.00354042
1313.57, 0.000395522
2457.81, 0.00151065
1362.66, 0.00113156
2120.86, 0.00204947
2155.99, 0.000984051
2237.33, 0.000768004
1780.49, 0.00222551
1304.6, 0.000848859
1313.3, 0.000947287
2342.61, 0.000438743
2146.02, 0.00130495
1359.71, 0.000864449
2434.07, 0.0010206
1424.31, 0.00249696
1636.39, 0.00197847
1108.46, 0.000591171
1910.07, 0.00209657
1734.17, 0.00310749
2062.53, 0.00178909
1921.02, 0.00217904
1191.98, 0.000487519
2256.94, 0.000795848
1295.43, 0.000751967
1218.87, 0.000253962
1197.06, 0.0003963
1381.31, 0.00124941
1112.32, 0.000561968
2201.33, 0.000919462
2092.54, 0.00141893
1176.75, 0.000190538
1547.36, 0.00186985
1065.64, 0.000493419
1797.27, 0.00237907
1659.15, 0.00197021
1263.22, 0.000322946
1189.03, 0.000215412
1177.82, 0.000134198
2044.57, 0.00181232
1355.33, 0.00091252
2401.12, 0.000721731
1429.45, 0.00165166
2375.22, 0.000618677
1496.84, 0.00234278
2394.4, 0.0010022
1653.34, 0.00269199
1862.01, 0.00494409
1081.86, 0.0001804
1452.07, 0.00157941
2426.43, 0.00146194
1194.75, 0.000145926
2322.53, 0.000348887
2023.14, 0.0020835
2137.35, 0.00172137
1540.93, 0.00263408
1266.52, 0.00112327
1691.37, 0.00348169
2075.3, 0.00243562
1885.82, 0.0020355
1746.16, 0.00197222
1489.15, 0.00210817
2026.04, 0.00160023
2239.52, 0.000612947
1492.49, 0.00186686
1331.61, 0.00142102
1372.9, 0.00145664
1368.29, 0.00126408
1963.69, 0.0046808
1095.39, 0.000352054
1501.85, 0.00231308
2474.94, 0.00108023
1365.73, 0.00113162
2097.01, 0.00139024
2378.65, 0.000561536
1353.55, 0.000972487
1285.71, 0.000869827
2492.95, 0.00284591
1191.69, 0.000127986
1858.69, 0.00241246
1184.38, 0.000140679
1734.11, 0.00446216
1839.16, 0.00528981
1249.07, 0.000343289
1663.88, 0.00341899
1659.66, 0.00252676
1249.6, 0.000335606
1036.77, 0.000249451
1191.62, 0.000190904
2174.94, 0.00113128
2077.85, 0.00202321
1421.69, 0.00315989
2441.96, 0.00125446
1406.26, 0.00123141
1948.1, 0.00261396
1207.78, 0.000253074
1834.17, 0.00237914
2456.5, 0.00187232
1381.4, 0.00130905
2310.38, 0.000467445
1244.1, 0.000383093
1647.83, 0.00204241
1394.94, 0.00189573
1879.71, 0.00313275
1023.41, 0.000924335
2390.72, 0.000643825
2258.71, 0.000680697
2088, 0.00155005
2061.37, 0.00146732
1811.16, 0.00279245
1303.59, 0.00107896
1105.9, 0.000271468
1737, 0.00297071
1813.25, 0.00219068
2179.48, 0.00108194
1961.04, 0.00211926
2342, 0.000732869
1190.86, 0.00012543
1549.75, 0.00197319
1714.23, 0.00251675
2425.98, 0.00127712
2244.83, 0.00075718
2125.07, 0.003582
1090.39, 0.000425053
1220.75, 0.000145088
1492.97, 0.00192017
2464.65, 0.00113811
1707.95, 0.00277238
1088.82, 0.000399144
2164.96, 0.00194677
1039.36, 0.000348264
1547.05, 0.00225302
2352.07, 0.000774756
2303.73, 0.000396394
1564.89, 0.00191303
1275.42, 0.000718031
1049.02, 0.000334172
2445.43, 0.000996611
2149.32, 0.00141776
1041.02, 0.000392139
1466.65, 0.00145205
2314.79, 0.0046387
1257.19, 0.000342717
2481.72, 0.00197581
1705.37, 0.00202522
2121.92, 0.00138052
1768.87, 0.00425325
1575.06, 0.00242989
2099.61, 0.00140763
1296.07, 0.00159249
1564.66, 0.00583855
1455.62, 0.00262926
1086.51, 0.000390877
1313.65, 0.000847338
1180.6, 0.000160113
1927.36, 0.00205749
2060.2, 0.00275485
1420.97, 0.00173902
2491.52, 0.00114372
2133.59, 0.00149432
2190.14, 0.00322807
1581.66, 0.00265534
1437.72, 0.00188134
1358.83, 0.00124266
2246.86, 0.000866687
1499.62, 0.00192853
1003.59, 0.000221341
2343.15, 0.000461878
1701.66, 0.00246235
1262.46, 0.000476774
1482, 0.00254462
1876.1, 0.00204564
1135.7, 0.000339228
1717.12, 0.00433229
1926.65, 0.00356636
1663.92, 0.00267428
2024.8, 0.00154971
1495.42, 0.00200841
1750.66, 0.00220669
1272.95, 0.000537281
1583.21, 0.002327
2246.73, 0.000814797
1315.01, 0.000606355
1144.17, 0.000312213
1634.48, 0.00344033
1070.15, 0.000397529
1132.12, 0.000303355
1103.42, 0.000657517
2362.21, 0.00075205
1343.86, 0.000791429
1163.04, 0.000207892
1677.25, 0.0210228
1575.26, 0.00234504
1030.19, 0.000835681
1366.25, 0.00138481
1889.32, 0.00222053
2251.94, 0.0008314
2016.3, 0.00196578
1129.87, 0.000333087
1848.52, 0.00221019
1865.75, 0.00203742
1559.4, 0.00204821
1404.05, 0.00130739
2029.48, 0.00162029
1876.16, 0.00352081
1188.22, 0.000134075
1046.31, 0.000327002
2216.37, 0.000824018
1571.04, 0.00166733
1552.81, 0.00255138
1919.12, 0.0248421
2166.92, 0.000935322
1898.43, 0.00262247
2415.52, 0.00105014
2036.71, 0.00230306
2120.91, 0.00168283
1010.37, 0.000389763
1732.65, 0.00614825
1596.51, 0.00218827
1690.83, 0.0025084
1294.35, 0.000834445
2130.7, 0.00516792
1007.14, 0.000322469
2012.36, 0.00214437
2134.93, 0.00174712
1658.29, 0.00226702
1309.58, 0.00082289
1479.05, 0.0022508
1398.72, 0.00531024
2455.57, 0.00109589
2360.14, 0.000933998
2344.69, 0.000606688
1035.49, 0.000409232
1687.98, 0.00252015
1782.31, 0.00291351
1209.67, 0.000185873
1359.58, 0.00140457
1388.27, 0.00122018
1472.78, 0.00243422
1516.49, 0.00219375
1755.9, 0.00241302
1043.72, 0.000717401
1743.93, 0.00191476
1741.65, 0.00508583
1142.64, 0.000263929
1033.79, 0.000514004
1666.99, 0.00333555
2303.44, 0.000574732
2292.83, 0.000778654
2133.61, 0.00137076
2180.57, 0.0030058
1718.86, 0.00241261
1679.43, 0.00253833
1274.93, 0.000773829
1552.44, 0.00213882
2418.76, 0.00103242
1220.73, 0.00034656
2204.63, 0.0143055
1389.61, 0.00119395
1611.08, 0.0024345
2205.5, 0.000980809
2024.52, 0.00176058
1432.46, 0.00132255
1558.67, 0.00990694
1228.65, 0.000304855
2040.27, 0.00169691
2416.46, 0.00108537
2126.94, 0.0017992
1084.26, 0.000295557
2380.97, 0.000619638
1849.59, 0.00231453
2164.79, 0.00120703
1484.45, 0.00249329
1911.49, 0.0023798
2185.37, 0.00504875
1165.13, 0.000187362
1232.22, 0.000210823
2002.28, 0.00152485
2191.76, 0.00104521
2050.44, 0.00144348
2376.39, 0.000622049
1973.24, 0.00180912
1476.17, 0.00125114
1032.34, 0.000371204
1798.89, 0.00216934
1916.67, 0.00202445
1973.86, 0.00210629
2241.32, 0.000835197
1009.66, 0.000168475
2265.56, 0.000564228
1023.13, 0.000391426
2445.35, 0.00118971
1696.38, 0.00276368
2489.15, 0.00116817
1668.07, 0.0304798
2410.38, 0.000845184
1204.72, 0.000502629
1229.91, 0.000471505
1289.42, 0.000907095
1430.19, 0.00182363
1163.01, 0.000217594
2461.6, 0.0010303
2137.31, 0.00312518
2370.88, 0.000439687
1588.28, 0.00293338
2051.69, 0.00183233
2212.01, 0.00102001
1274.98, 0.000746134
1545.65, 0.0020819
1241.47, 0.000334922
1146.35, 0.000166367
1670.29, 0.0024779
1285.75, 0.000800625
1567.6, 0.00188272
1010.62, 0.00282028
2153, 0.00134863
1676.57, 0.00221452
2099.72, 0.00105512
2002.33, 0.00182772
1186.5, 0.000362975
1202.57, 0.000107344
1804.19, 0.00182502
2201.15, 0.00106883
1854.23, 0.00168442
1898.68, 0.00224421
2329.09, 0.000589213
2005.5, 0.00203291
1236.86, 0.000334495
1336.52, 0.00179932
2428.4, 0.00154169
1694.39, 0.00345718
1268.42, 0.000497292
1730.41, 0.00429584
1236.82, 0.000227353
2462.71, 0.000997137
1036.77, 0.000286443
2212.42, 0.00111224
1045.17, 0.000270514
1121.02, 0.000136582
2135.29, 0.0014723
2115.06, 0.0019319
1169.85, 0.000251632
1691.62, 0.00266926
1793.34, 0.00299635
2203.98, 0.00126257
1753.55, 0.00227308
2230.04, 0.000823566
1450.58, 0.00152643
1001.59, 0.000868343
1568.4, 0.00272757
1547.24, 0.00328667
1009.28, 0.000753693
1712.58, 0.00301681
1266.65, 0.000433496
1467.24, 0.00603017
2087.58, 0.00159151
2016.48, 0.00236589
1351.7, 0.000718005
2216.67, 0.00171493
1239.93, 0.0145452
1890.14, 0.00260384
1750.22, 0.00227256
2424.2, 0.000788943
1772.82, 0.00261687
1326.4, 0.00114805
2036.68, 0.00187744
1800.48, 0.00264198
2456.02, 0.000925177
1899.81, 0.00222045
1243.8, 0.000441564
1006.06, 0.000503546
2104.4, 0.00150774
1526.38, 0.00279247
1243.13, 0.000423261
1419.25, 0.00143089
1292.03, 0.000472145
1612.17, 0.00208929
2111.25, 0.00158379
2017.71, 0.00181579
1798.76, 0.00218142
1599.72, 0.00260414
2235.02, 0.000862272
1363.09, 0.00201343
2393.02, 0.000625044
2234.46, 0.0010179
1260.57, 0.000460775
2154.91, 0.00118871
1126.95, 0.000235456
1574.63, 0.00202681
1672.57, 0.00387843
2073.23, 0.00151564
1177.01, 0.000154225
2381.66, 0.00113906
1025.16, 0.000175112
2405.3, 0.00105795
1836.75, 0.00355092
2214.89, 0.00746321
1956.85, 0.00200621
2145.01, 0.00122329
2068.49, 0.00154062
1097.16, 0.000421899
2111.55, 0.00776725
1134.44, 0.00035652
2190.67, 0.00100881
1129.56, 0.000269865
2249.05, 0.00147115
2056.03, 0.00202212
1335.28, 0.000818463
1568.46, 0.00309786
1973.07, 0.00131341
2013.11, 0.00191095
1050.7, 0.000874777
2477.55, 0.00125461
1004.63, 0.000734232
1653.3, 0.002436
2073.31, 0.00168241
1216.83, 0.000197945
1229.76, 0.000257776
1716.52, 0.00228632
1523.96, 0.0021951
2433.2, 0.00107993
2289.47, 0.000715484
1411.08, 0.00141684
2243.76, 0.00161049
2189.39, 0.000945583
2004.64, 0.00199458
1087.02, 0.000579529
1265.85, 0.00059127
2466.67, 0.000942239
1953.56, 0.00198387
2422.79, 0.00128574
1886.18, 0.00201521
1575.31, 0.00229598
2243.75, 0.000635128
1022.06, 0.000263704
2023.71, 0.0016315
1832.62, 0.00189019
1209.31, 0.000439362
2395.53, 0.000632318
1907.94, 0.00194243
1594.07, 0.00238375
2223.09, 0.00195281
1369.29, 0.00110883
1939.1, 0.00197621
1046.64, 0.000254053
1357.87, 0.00138293
1920.28, 0.00221974
2396.77, 0.000745114
2202.55, 0.00109471
1757.93, 0.00268482
2314.67, 0.000540035
1319.32, 0.00121964
2143.37, 0.00141994
2118.35, 0.00135598
1199.23, 0.000154982
1759.7, 0.00218869
1153.15, 0.000470097
1224.51, 0.000284066
2401.11, 0.00120293
1020.22, 0.000471569
1728.86, 0.00209952
2112.92, 0.00157606
1922.51, 0.00226388
1356.34, 0.00123418
1066.36, 0.000941763
1119.68, 0.000405447
1901.15, 0.00281271
1133.34, 0.000435651
1145.81, 0.000391278
2315.49, 0.000416959
2320.28, 0.0003332
1651.17, 0.00239428
1381.89, 0.00248262
2133.14, 0.0358077
1297.2, 0.000533296
2126.98, 0.00142692
1070.62, 0.000464838
1346.94, 0.000655031
1755.17, 0.00252801
2258.31, 0.000790499
1547.96, 0.00228954
1198.38, 9.85182e-05
1236.68, 0.00045513
1732.46, 0.00241186
2093.58, 0.00125412
2425.76, 0.000877809
2253.75, 0.00101933
1533.09, 0.00234988
1443.66, 0.00160388
2492.28, 0.00119849
1372.91, 0.00143769
2035.22, 0.00170161
1934.77, 0.00207023
1160.17, 0.00253224
1553.46, 0.00238708
1580.43, 0.00196541
1010.89, 0.0172803
2446.31, 0.000825837
1719.17, 0.00241532
2381.77, 0.000617686
1502.13, 0.00227235
2294.57, 0.000545414
1547.12, 0.00294877
2326.86, 0.000558491
2081.95, 0.00161347
1009.84, 0.000392002
1865.45, 0.00222509
1358.44, 0.000926149
1445.61, 0.00167735
1629.79, 0.00201769
1087.78, 0.000312011
2210.1, 0.00099138
1395.69, 0.00125501
2373.07, 0.000546222
2423.32, 0.000962746
2094.22, 0.00147882
2025.07, 0.00251836
1090.73, 0.000240894
1318.69, 0.000737402
1557.74, 0.00204743
1537.57, 0.00213281
1960.79, 0.00305069
1094.92, 0.000754015
1936.1, 0.00280654
1101.8, 0.000167516
1259.15, 0.000433055
1271.13, 0.000522288
1265.75, 0.000397132
1358.7, 0.00137578
2125.76, 0.0014059
1073.84, 0.000464782
1812.74, 0.00251877
1473.66, 0.00212609
1512.32, 0.00195342
1993.04, 0.00227856
1816.13, 0.00222192
2104.73, 0.00179488
2187.23, 0.00137851
2053.25, 0.00172334
1665.22, 0.00343731
2341.52, 0.000654563
1856.79, 0.00193515
2044.37, 0.00307657
1216.47, 0.000189253
1818.27, 0.00232651
1964.75, 0.0021385
1860.12, 0.00279762
1555.75, 0.00221983
2342.44, 0.000449764
2133.75, 0.0013124
1879.6, 0.0026519
1114.77, 0.000221706
1047.29, 0.0003046
1071.44, 0.000367461
1760.11, 0.0024908
2494.9, 0.00228522
1492.82, 0.00247116
1697.16, 0.00283379
1878.19, 0.00322062
1175.21, 0.000287079
1815.02, 0.00341546
2261.16, 0.000651044
2266.87, 0.000640377
2198.36, 0.00132771
1067, 0.000301326
2436.59, 0.0010805
1164.4, 0.000127613
1946.86, 0.00179435
2090.99, 0.00271923
2086.99, 0.00187116
2285.28, 0.000487525
2377.52, 0.0014662
1382.91, 0.00132805
1853.3, 0.00223987
1828.33, 0.00195368
2157.11, 0.00130389
2322.18, 0.000515373
1966.85, 0.00264266
2009.6, 0.0022809
1895.91, 0.0020523
1746.38, 0.00266897
1532.75, 0.00190331
2036.65, 0.00183266
1394.21, 0.00146806
2003.05, 0.00201385
2090.9, 0.00149274
2218.05, 0.00155093
2490.18, 0.00133379
2081.99, 0.00239069
2308.02, 0.000360578
2271.15, 0.00062084
1062.88, 0.000321061
2458.72, 0.00145226
1221.48, 0.000369622
1006.71, 0.000421665
2353.01, 0.000448757
1880.02, 0.00248192
1531.8, 0.00237466
1091.43, 0.000157047
1012.14, 0.000889778
2423.6, 0.000872168
1137.25, 0.00020352
1554.84, 0.00267424
1754.46, 0.00314529
1010.72, 0.000396668
1106.04, 0.000409916
1116.19, 0.00137673
2231.27, 0.000792302
2152.47, 0.00183965
1335.66, 0.000907889
1476.13, 0.00114202
2221.72, 0.000919043
1233.19, 0.000338497
1936.98, 0.00274581
2140.32, 0.00204025
2205.61, 0.000928169
1040.91, 0.00024027
1641.09, 0.00336467
2085.18, 0.00185681
1229.12, 0.000560033
2115.69, 0.00136531
1328.75, 0.000826149
2214.79, 0.00111617
2022.42, 0.00176813
1287.88, 0.000750767
1239.17, 0.000303008
1131.96, 0.000321731
2215.01, 0.00146312
1971.43, 0.00246511
1904.89, 0.00768112
1715.06, 0.0346507
2277.47, 0.000528459
1201.42, 0.00015311
1763.09, 0.0583424
2358.4, 0.000413314
1878.02, 0.00220916
1022.34, 0.000640468
1717.45, 0.00281766
1929.39, 0.00210874
1802.05, 0.00191448
1549.43, 0.00284098
2191.18, 0.00154685
1091.67, 0.000270976
2018.4, 0.00204465
1403.62, 0.00159212
1929.98, 0.00314519
1343.22, 0.001322
2303.21, 0.000489254
2226.2, 0.000994638
2231.44, 0.00113621
1580.73, 0.00315289
1009.53, 0.000459253
1341.24, 0.000944003
2219.02, 0.00115149
1638.65, 0.00246832
2476.49, 0.000902037
1591.18, 0.0986111
2366.97, 0.000797015
2152.55, 0.00108424
1940.44, 0.00220531
1065.97, 0.000456681
1619.06, 0.00257397
1938.18, 0.00223305
1679.7, 0.00365085
2157.4, 0.00146634
2468.88, 0.00136024
1633.49, 0.00228375
2183.06, 0.00119944
1828.86, 0.00250943
2467.22, 0.002596
1559.39, 0.00238117
1559.88, 0.00185492
1869.21, 0.00370193
2466.72, 0.00106193
2342.92, 0.00079729
1993.76, 0.00250845
2475.02, 0.00101551
2232.95, 0.00180916
1217.23, 0.000231639
2211.59, 0.00112449
1375.35, 0.00146941
1341.86, 0.001197
2460.25, 0.00254875
1156.25, 0.000187567
1765.73, 0.00256269
2087.02, 0.00181547
1208.31, 0.000166725
1892.57, 0.00221907
2444.95, 0.00114252
1541.67, 0.00259413
1937.98, 0.00262967
2317.51, 0.000394795
2024.33, 0.00240668
1212.4, 0.00016675
1437.68, 0.00122366
1406.33, 0.00186451
1797.25, 0.00224897
2411.25, 0.000938806
2138.37, 0.00120738
1795.35, 0.00308698
1739.92, 0.00249812
1427.54, 0.00156639
1804.47, 0.0035006
1530.01, 0.00264878
2456.29, 0.00195246
2371.2, 0.000606266
1209.49, 0.000232832
1219.73, 0.000270882
2158.64, 0.00113344
1211.25, 0.00030051
1810.83, 0.0043195
1412.55, 0.00132434
1486.66, 0.00338076
1706.76, 0.00294941
1857.66, 0.00210052
1717.39, 0.00309299
2446.22, 0.000925985
1456.36, 0.0019743
1449.25, 0.00254126
1710.95, 0.00205063
1454.69, 0.00180546
1127.83, 0.000505921
1625.51, 0.00199905
2435.84, 0.000929707
1110.19, 0.000371552
1101.78, 0.000333163
2178.46, 0.00105477
2200.19, 0.00101335
2327.61, 0.00072419
1650.72, 0.00263808
1983.06, 0.00275955
2145.32, 0.00116117
2438.83, 0.000698342
2167.19, 0.00109372
2140.13, 0.00148483
2001.11, 0.00209377
2123.48, 0.00151307
2115.29, 0.0012714
1648.9, 0.00202718
2157.76, 0.00131347
1775.66, 0.00244526
1861.57, 0.00909493
1478.91, 0.00224065
2423.24, 0.000776203
1947.95, 0.00221267
1968.36, 0.00204204
1813.33, 0.00193635
1933.81, 0.00182483
1511.11, 0.00181768
2461.19, 0.0018279
2292.92, 0.00050222
2041.92, 0.00175714
1978.14, 0.00251715
1861.97, 0.00274143
2446.74, 0.00104046
1908.22, 0.00468535
1580.31, 0.00209347
2092.69, 0.0014343
2337.24, 0.000377579
1897.83, 0.00332103
1752.95, 0.00201509
1232.66, 0.000507796
1506.64, 0.00214161
1468.33, 0.00226056
2048.12, 0.00219814
1933.81, 0.00205181
2226.78, 0.000822306
1619.41, 0.00337032
1259.39, 0.000401613
1000.76, 0.0024052
1446.07, 0.00118636
1764.9, 0.00409477
2357.19, 0.000434256
1540.16, 0.00246708
1257.99, 0.00256654
1624.69, 0.00231938
1991.87, 0.00724725
1379.27, 0.0011167
2413.9, 0.000997346
2324.69, 0.000802554
2455.31, 0.000932283
1623.32, 0.00268551
2452.19, 0.0012174
2030.98, 0.00402243
2471.79, 0.00112967
2432.64, 0.00158124
1679.46, 0.0210208
1430.76, 0.00198666
1321.97, 0.000771892
2055.63, 0.00163333
2018.38, 0.00131828
2233.86, 0.000877876
2182.14, 0.00135182
1971.24, 0.00240504
1586.65, 0.00190559
1411.84, 0.00155373
1218.78, 0.000217872
1894.17, 0.00239093
1958.92, 0.00226593
2374.47, 0.000793571
1662.11, 0.00422771
1028.14, 0.000365384
2451.78, 0.000988215
2080.7, 0.00135307
1976.09, 0.00208114
1633.33, 0.00250788
1391.79, 0.00144365
2142.23, 0.00306723
1744.39, 0.00253665
1391.32, 0.00143193
2312.13, 0.000617338
1140.89, 0.000304411
1661.39, 0.0019382
1317.92, 0.00647164
2392.22, 0.000651836
1528.98, 0.00253936
2208.48, 0.000972178
2037.29, 0.00350291
2451.09, 0.00126492
2464.6, 0.00365652
1498.54, 0.00118506
2405.17, 0.000696083
2387.11, 0.000578237
1762.18, 0.00253314
2237.78, 0.000905406
2124.6, 0.00124469
2242.31, 0.00153269
2229.79, 0.000787439
2185.03, 0.00144066
2275.23, 0.000686579
1734.73, 0.00281602
1924.24, 0.00272865
1345.58, 0.00145057
1601.93, 0.00203323
1404.59, 0.00144449
1390.37, 0.00149781
1259.54, 0.00180432
2083.11, 0.00271401
1739.92, 0.00222848
1023.71, 0.000255048
1342.5, 0.00108894
1260.41, 0.000461961
2459.99, 0.0013358
1481.52, 0.0017867
2484.15, 0.00119708
1431.43, 0.00136168
1454.78, 0.00226241
2167.25, 0.0089975
2065.11, 0.00196781
2478.38, 0.000964348
1089.57, 0.000557023
1386.22, 0.00295632
2028.03, 0.00149923
2351.8, 0.000443237
1174.14, 0.000221598
1170.04, 0.000138398
2233.76, 0.00071234
1225.84, 0.000276997
1031.8, 0.000686422
2407.92, 0.000932741
1984.44, 0.00205769
1513.04, 0.00332672
2227.9, 0.000817321
1925.94, 0.00216872
2410.48, 0.00120958
1784.04, 0.0041254
1364.14, 0.00143801
1897.81, 0.00208047
1604.31, 0.00250198
1906.51, 0.00205431
1217.07, 0.000318046
1402, 0.00153014
2391.87, 0.000847141
1230.65, 0.000458961
2319, 0.000338938
1295.48, 0.000650418
2094.54, 0.00154449
1749.17, 0.00372558
1309.89, 0.00069186
2105.09, 0.00152856
1092.81, 0.000156484
1417.04, 0.00192753
1709.95, 0.00240104
1826.03, 0.00203355
1381.43, 0.00101134
1569.9, 0.00194369
1574.04, 0.00592286
2436, 0.000905166
1280.55, 0.000423666
1402.64, 0.00145568
1335.59, 0.00110354
1467.58, 0.00151782
2157.72, 0.00265061
2373.8, 0.000617247
2140.95, 0.00103463
2494.81, 0.00153205
1817.92, 0.00256844
2394.59, 0.000752113
1024.44, 0.000459728
2325.77, 0.000295389
1809.76, 0.0022754
1396.71, 0.000973826
1839.03, 0.0023179
2473.33, 0.00120394
1698.31, 0.00203858
1889.92, 0.002215
1170.2, 0.000209285
1783.86, 0.00387664
2446.59, 0.00173218
1884.83, 0.00215038
2004.95, 0.0020619
2405.33, 0.000935611
1276.91, 0.000701863
2217.94, 0.000840917
2133.05, 0.00143336
2468.7, 0.00144458
1059.65, 0.000286487
1848.57, 0.00222656
2270.08, 0.00074595
1675.86, 0.00322729
2312.5, 0.0724728
1567.97, 0.00216242
1389.68, 0.00127112
2032.44, 0.00664076
1569.71, 0.00245403
1041.89, 0.000597605
2008.51, 0.00544189
2438.9, 0.000813697
2187.96, 0.00147434
2176.94, 0.0011414
1909.49, 0.008145
2469.73, 0.00104245
1621.55, 0.00236553
1617.13, 0.00266771
1373.71, 0.00121957
1869.41, 0.00248254
1190.29, 0.000105394
1184.65, 0.000198863
1760.38, 0.00261446
2326.66, 0.00117194
1471.78, 0.00242046
1598.54, 0.00751235
1813.88, 0.00263975
2294.49, 0.000645646
1677.27, 0.00258138
1996.23, 0.00183906
1942.42, 0.00199201
2337.3, 0.00094877
1949.33, 0.00194868
2482.08, 0.0015113
1353.96, 0.000683975
1600.27, 0.00358178
2339.74, 0.000354849
1627.71, 0.00226304
1083.92, 0.000233695
2042.86, 0.00190806
1259.05, 0.000519425
2491.99, 0.00152029
1914.1, 0.00708574
1531.35, 0.002059
1080.8, 0.000575521
1370.57, 0.00110675
1892.63, 0.00239004
1593.95, 0.0037951
1677.53, 0.00254426
2014.47, 0.0035563
2062.34, 0.00163358
1258.68, 0.000431922
1196.33, 0.00014648
1713.8, 0.00446174
2362.76, 0.000571086
2342.21, 0.000436543
2384.49, 0.00054928
2041.15, 0.00205117
2257.97, 0.000725001
1455.17, 0.0017195
2319.12, 0.000519147
1679.6, 0.00246965
2001.67, 0.00183897
1791.66, 0.00213562
2457.88, 0.00104883
1517.64, 0.0026355
2322.44, 0.000421763
1070.24, 0.000296981
1363.31, 0.00181775
1484.96, 0.00180097
1135.68, 0.000295063
1875.79, 0.00419318
1896.69, 0.0023968
1976.76, 0.00200271
1206.65, 0.000315641
1105.44, 0.000298376
1397.89, 0.00592877
2365.53, 0.000668109
1688.3, 0.00286233
1183.33, 0.000216166
2283.32, 0.000515572
1323.88, 0.000983456
1345.65, 0.000990294
1325.29, 0.000745584
1289.44, 0.000607466
1533.14, 0.00205453
1500.62, 0.00183303
1479.13, 0.00147602
1491.43, 0.00218107
1886.69, 0.00292982
1799.39, 0.00323116
1810.78, 0.00392336
1948.99, 0.00211406
1350.43, 0.000788539
1528.69, 0.00188368
2226.58, 0.00113632
2003.02, 0.00234284
2136.9, 0.00136143
1646.54, 0.00210648
1828.69, 0.0142518
1350.65, 0.00117111
2074.92, 0.00441968
1589.47, 0.00203644
2056.79, 0.0016709
2229.76, 0.000783668
1394.95, 0.00151775
1413.23, 0.00195555
1224.22, 0.00296075
1359.77, 0.00109541
1240.46, 0.000242777
2344.77, 0.000414147
1545.8, 0.00195826
2241.01, 0.000906635
2160.99, 0.000965848
1421.99, 0.00271799
1257.14, 0.000233716
1364.02, 0.00101403
1876.22, 0.00222704
2142.02, 0.00177094
1105.62, 0.000392695
1985.2, 0.00282648
1649.66, 0.00261883
2478.27, 0.00095749
2157, 0.0012806
2353.15, 0.00140385
1885.44, 0.0070677
2380.72, 0.000543297
2477.62, 0.00322467
1120.06, 0.000213012
1948.39, 0.00225051
2140.29, 0.00148263
2380.31, 0.000594882
1614.81, 0.00224745
2025.65, 0.00304436
2107.74, 0.0015695
1292.18, 0.00162215
1045.91, 0.000531591
2052.38, 0.00260856
2262.99, 0.000547133
2288.89, 0.000475485
2024.53, 0.00166667
1051.14, 0.000246427
2199.44, 0.000924406
1226.39, 0.000296001
1101.1, 0.000724818
1891.38, 0.00219165
1343.61, 0.000725137
2353.09, 0.000843701
1900.63, 0.00257968
1971.14, 0.00370186
1437.66, 0.00138571
1958.48, 0.0024887
2147.75, 0.00957529
1498.67, 0.00215754
1818.46, 0.00200496
2434.57, 0.00110778
1910.03, 0.00214613
1593.93, 0.00198296
1052.36, 0.000911213
1652.18, 0.00414494
1831.41, 0.00204488
1683.06, 0.00151968
1007.36, 0.000178596
1720.62, 0.00245772
1395.55, 0.00150592
2411.84, 0.00126808
2171.34, 0.00110366
1116.4, 0.000385271
1408.27, 0.00165121
1283.78, 0.000473153
1732.4, 0.00242137
1195.86, 0.000162189
1837.82, 0.0025174
1435.26, 0.00221169
2376.43, 0.000685067
1084.21, 0.000837058
2084.35, 0.00173042
2253.73, 0.000638394
1335.74, 0.000937222
2212.15, 0.000880228
2154.85, 0.00131581
2383.41, 0.00147283
1511.71, 0.00191971
2489.97, 0.00162189
1223.01, 0.000336137
1710.99, 0.00523499
1012.65, 0.000577087
1219.01, 0.000176396
2350.76, 0.000414507
2399.89, 0.00086884
2412.67, 0.000702581
2372.18, 0.000529459
1023.31, 0.001502
2160.6, 0.00131788
1794.8, 0.00237253
2224.06, 0.000748505
1978.48, 0.00185494
1569.57, 0.00238551
1772.57, 0.00289887
1450.54, 0.00158695
2085.86, 0.00186033
2496.41, 0.00123496
1965.3, 0.00190038
2457.68, 0.00160327
2476.11, 0.00133448
2342.14, 0.000477436
1303.91, 0.000585172
2499.33, 0.00960019
2343.24, 0.000426558
2383.26, 0.000712068
1064, 0.000292509
2477.1, 0.00266092
1060.47, 0.000400269
1285.94, 0.000715319
2157.24, 0.00110574
1005.53, 0.000415183
1844.86, 0.00208689
1443.17, 0.00161396
1698.76, 0.0025442
1392.05, 0.00151171
1398.07, 0.00164879
2370.79, 0.00266712
1142.15, 0.000249334
2343.04, 0.000693006
1274.32, 0.000522015
1391.89, 0.000987055
1219.57, 0.000164747
1922.63, 0.00199216
1935.72, 0.00219625
1287.82, 0.000522781
1003.62, 0.00036603
1748.16, 0.0022518
1066.34, 0.000300945
1229.37, 0.000249575
1063.83, 0.000282816
2153.43, 0.00127502
1163.03, 0.000800643
2195.57, 0.000900611
1588.33, 0.00267515
2246.04, 0.000764057
1795.91, 0.00246254
1180.33, 0.00568988
2262.31, 0.000629473
1239.29, 0.000619057
1493.8, 0.00221776
1045.06, 0.000233209
2448.4, 0.00179672
1073.57, 0.000611847
1882.24, 0.00236607
1608.72, 0.00210839
1505.32, 0.00193436
1517.34, 0.00195493
2164.97, 0.00230945
1132.74, 0.000249968
1340.55, 0.00094774
1686.08, 0.00373238
2086.04, 0.00148158
2406.46, 0.00108356
1037.18, 0.00244901
2034.27, 0.00227404
1478.45, 0.00190388
1401.24, 0.00178548
1242.17, 0.000359611
1213.76, 0.000184027
1864.04, 0.00238084
2273.12, 0.00107723
2124.85, 0.00250548
1801.27, 0.00300608
1001.48, 0.00014321
2489.76, 0.00469618
1901.98, 0.00196317
2199.73, 0.00100924
1589.48, 0.00241296
1074.99, 0.00036889
1934.25, 0.00219938
1669.65, 0.0032683
1275.5, 0.000544259
1876.05, 0.00424709
1123.76, 0.000364
1594.73, 0.00175075
1492.98, 0.00200081
1943.41, 0.00265079
2471.17, 0.000993025
1883.76, 0.00782125
1644.76, 0.00183152
1803.75, 0.00219859
1825.53, 0.00738488
1378.43, 0.00148123
1960.88, 0.00620976
1756.57, 0.00275706
2294.65, 0.000424195
1759.09, 0.00245733
1408.88, 0.001424
1358.22, 0.00115993
2419.41, 0.000843022
1084.11, 0.000620931
1996.76, 0.00220414
1588.57, 0.00291627
2206.26, 0.00158459
2360.5, 0.000543694
1318.16, 0.00102329
2010.49, 0.0023391
2069.38, 0.00219439
1934.04, 0.00323441
1837.21, 0.00240289
1815.52, 0.00220227
2000.72, 0.00193171
2408.48, 0.000930415
1380.17, 0.000709649
1194.29, 0.000105897
2381.78, 0.00059421
2234.98, 0.00121964
1161.47, 0.000398142
1878.67, 0.00261941
1328.62, 0.00116865
2276.95, 0.000568016
1670.57, 0.00250477
1769.49, 0.00239509
2336.67, 0.0026463
1002.98, 0.000216366
1040.73, 0.000299606
2018.43, 0.0033344
2118.37, 0.00129964
1344.67, 0.00118626
2346.61, 0.000454213
2281.05, 0.000639216
1088.95, 0.000473808
1055.9, 0.000573316
1081.37, 0.000381444
1859.75, 0.00661829
1311.81, 0.000911706
1041.98, 0.00025095
2448.38, 0.00105913
1376.59, 0.00106545
2197.68, 0.000929954
2166.68, 0.000980784
2011.01, 0.00174676
1020.52, 0.000107336
1127.91, 0.000339112
2499.26, 0.00115255
2478.18, 0.00614102
1921.35, 0.00206193
1008.37, 0.00154413
1615.24, 0.00250743
1403.56, 0.00198497
1400.26, 0.00206232
2152.07, 0.00136659
1527.02, 0.00297186
2107.11, 0.00182526
2460.09, 0.0010255
2317.99, 0.000426528
2135.21, 0.0014377
2258.91, 0.00143168
2398.56, 0.000640505
2077.96, 0.00184806
1355.64, 0.00150474
1802.25, 0.0022747
1504.32, 0.00329423
1302.55, 0.000832043
1097.79, 0.00062747
1251.28, 0.000414951
1851.22, 0.00255781
2174.32, 0.00109017
2435.06, 0.000870601
1849.54, 0.00246232
1190.74, 0.000184276
1411.42, 0.00186697
1681.28, 0.0022829
2015.74, 0.00197101
2256.74, 0.00117013
2404.33, 0.000795473
1190.99, 0.000168049
1089.61, 0.000187262
1418.84, 0.00168571
2388.62, 0.000668882
1493.6, 0.00247002
1558.74, 0.00316496
1143.21, 0.000180224
1962.4, 0.00255224
2288.25, 0.000533143
1832.62, 0.00220634
2464.12, 0.00111758
2341.86, 0.000363364
1553.77, 0.00267459
1974.42, 0.00192701
1305.59, 0.0017237
1876.91, 0.00223557
1293.4, 0.00124032
2307.18, 0.000360886
2357.22, 0.000525547
2135.26, 0.00199313
1910.47, 0.00218455
1535.49, 0.00138341
1239.13, 0.000460184
1259.91, 0.000290685
1550.4, 0.00225267
1060.57, 0.000203173
2107.26, 0.00178005
1031.11, 0.00039175
1645.94, 0.00256503
2439.39, 0.000934599
1497.88, 0.00192702
2086.64, 0.00319749
2114.37, 0.00136284
2332.42, 0.000362422
1204.81, 0.000340252
2013.47, 0.00186478
2327.9, 0.000367318
1890.8, 0.00419831
1703.59, 0.00265006
1837.2, 0.00219114
1390.1, 0.00193643
2084.64, 0.00162578
1547.69, 0.00287934
2327.34, 0.000417772
2386.89, 0.000648977
2305.06, 0.000991753
1078.13, 0.000561639
1448.67, 0.00176377
1319, 0.000990545
1725.89, 0.00217202
1845.83, 0.00200443
2387.93, 0.000813024
1420.91, 0.00151267
2036.23, 0.0020537
1028.19, 0.00107386
1918.38, 0.00197611
2317.15, 0.000358771
1120.55, 0.000249305
1781.01, 0.00187754
1741.38, 0.0043506
1872.78, 0.00331206
1865.77, 0.00244283
1647.73, 0.0021456
1695.73, 0.00267618
1983.05, 0.00198532
2031.76, 0.00166676
2042.55, 0.00133288
1961.06, 0.0019904
1639.69, 0.00375098
1466.45, 0.00177564
1336.58, 0.00102394
1246.51, 0.000583603
1455.3, 0.00171332
2035.09, 0.00275081
1377.25, 0.00110187
2473.23, 0.00130655
2000.54, 0.00191499
2325.33, 0.000312509
1862.76, 0.00218065
1698.69, 0.00226595
2482.52, 0.00118253
1075.98, 0.000300343
2104.57, 0.00139808
2292.06, 0.000448987
1674.11, 0.00257288
2070.19, 0.00161048
1212.13, 0.000289555
1480.13, 0.00158375
1519.93, 0.00267815
2214.13, 0.000952343
1891.23, 0.002
2294.18, 0.0010508
1485.78, 0.00257306
2481.66, 0.00101775
1303.01, 0.0224089
1778.22, 0.00228012
2061.9, 0.00182963
1004.1, 0.000178586
2155.91, 0.0010101
1625.28, 0.00203903
1180.7, 0.000183193
1703.5, 0.00234097
1217.29, 0.000324689
2096.09, 0.00148787
1195.73, 0.00019346
1522.69, 0.00196923
1938.27, 0.00232724
2205.68, 0.000967242
1521.84, 0.00255651
1179.04, 0.000129996
1024.83, 0.000495628
2322.33, 0.000902784
1548.89, 0.00201932
1132.83, 0.000456594
2162.06, 0.00250922
1101.82, 0.000479552
1384.56, 0.00102486
2343.19, 0.000470733
1762.22, 0.00385019
1658.16, 0.00235547
1727.81, 0.00336361
1404.62, 0.0012874
1212.45, 0.000187711
2251.32, 0.000760667
1446.36, 0.00146276
1299.16, 0.000865519
1635.47, 0.00203754
1717.54, 0.00260109
2386.71, 0.000886703
1876.68, 0.00235673
2460.21, 0.00198062
1436.13, 0.00173794
1605.54, 0.00221698
1353.36, 0.00117219
2111.89, 0.0015033
2448.88, 0.000877181
1152.26, 0.000268756
1927.1, 0.00213614
1280.29, 0.000468162
1491.98, 0.00141916
1284.69, 0.000607282
2066.16, 0.00161335
2127.06, 0.00133701
1054.16, 0.000554753
1021.55, 0.000370474
2129.13, 0.00188143
2115.12, 0.00122789
2433.58, 0.00123626
1862.26, 0.00328789
2265.94, 0.000661727
1507.02, 0.00179013
2471.2, 0.00311613
1369.96, 0.00105227
1685.4, 0.00178721
1903.72, 0.00692008
1852.88, 0.00244142
1673.53, 0.00226861
1740.7, 0.00167555
2346.79, 0.000458631
1889.06, 0.00223631
1608.44, 0.00519846
1639.94, 0.00207476
1127.39, 0.000314566
1300.96, 0.000573857
2039.69, 0.00176534
1246.92, 0.000559048
2238.52, 0.000805197
1583.12, 0.00193284
1853.76, 0.00231286
2388.02, 0.00119721
1617.47, 0.00244017
1879.71, 0.0020407
2021.57, 0.00191759
1234.03, 0.000546774
1421.29, 0.0013248
1647.68, 0.00301183
1189.2, 0.000132418
1587.87, 0.00183886
2011.39, 0.00200278
1285.74, 0.000505323
1898.34, 0.00221883
2484.43, 0.00121331
1127.51, 0.000331876
1815.32, 0.00282697
2291.56, 0.000455119
2354.27, 0.00223661
1061.02, 0.000332946
1009.61, 0.00061436
1780.18, 0.00206105
1268.94, 0.000456821
1605.44, 0.00279757
1411.36, 0.0014358
2490.5, 0.00151025
2484.95, 0.00106025
1898.29, 0.00238423
1653.89, 0.0026448
1678.53, 0.00272144
2130.7, 0.00161998
1734.88, 0.00268138
2134.78, 0.00162005
1738.84, 0.00210365
1285.93, 0.000833282
2063.31, 0.00177201
1561.66, 0.00203979
1382.28, 0.00147746
1640.07, 0.00250853
1637.74, 0.00250606
2303.06, 0.000414367
2111.87, 0.00112725
1444.56, 0.00286317
1368.79, 0.000864313
1374.96, 0.00129162
1720.53, 0.00242044
1621.34, 0.00272359
1907.62, 0.00327862
2101.19, 0.00150064
1241.07, 0.000305698
1030.2, 0.000540039
2341.07, 0.000561682
1386.36, 0.00317647
1461.9, 0.00153858
1845.98, 0.00212287
1521.41, 0.00229589
2376.92, 0.000891014
1043.75, 0.000687665
2436.01, 0.00130085
2428.68, 0.000760083
1427.55, 0.00383028
2207.71, 0.00105881
2380.22, 0.000537249
2245.47, 0.000820502
1562.88, 0.0023709
2169.83, 0.000938832
1749.81, 0.00234351
2020.93, 0.00144516
1650.37, 0.00286929
1261.42, 0.000485376
1050.37, 0.000225983
1571.27, 0.00361994
1853.92, 0.00178378
2403.78, 0.000687718
1633.01, 0.0019248
1386.63, 0.000847036
1659.59, 0.00246501
2150.48, 0.00116398
1002.06, 0.000339749
1043.12, 0.000457301
2151.42, 0.00127044
1222.15, 0.000299528
2361.19, 0.00720906
1735.62, 0.00272791
1727.9, 0.00202208
1126.63, 0.000392178
2377.04, 0.00815346
2232.72, 0.000948159
1846.11, 0.00231255
1060.8, 0.000358198
1271.8, 0.000485327
2004.57, 0.00307109
1574.61, 0.00271857
1913.82, 0.00162168
1630.93, 0.00262503
1386.89, 0.00120121
1939.54, 0.00245544
1952.51, 0.00235058
1404.99, 0.0015494
1456.72, 0.0014095
1052.34, 0.0002048
2043.32, 0.00165784
2006.37, 0.00177254
2311.77, 0.000376204
1691.44, 0.00296498
1305.08, 0.000545086
1544.27, 0.00391916
2021.92, 0.00231615
2475.5, 0.00115328
2446.53, 0.00145877
1097.25, 0.000226643
1935.67, 0.00226485
2264.55, 0.000687982
2405.07, 0.00132299
1888.2, 0.00200572
2008.31, 0.00210027
1785.86, 0.00313088
1181.85, 0.000177737
2421.37, 0.00085362
1875.81, 0.00228945
1299.36, 0.000653456
2457.99, 0.00116414
2460.98, 0.00484462
1896.31, 0.00259058
2348.52, 0.000447585
1473.77, 0.00191369
2481.09, 0.00126638
1537.32, 0.00151674
2468.34, 0.00106654
1811.34, 0.00283208
1519.8, 0.00207162
1555.38, 0.00316493
2378.71, 0.000825274
2311.95, 0.00224046
2053.47, 0.00167356
1393.99, 0.000761969
1470.42, 0.00186671
1189.82, 9.99099e-05
2008.49, 0.00184154
1850.7, 0.00168579
2015.31, 0.0026398
1728.58, 0.00251809
2128.68, 0.00218177
1912.44, 0.00248451
1101.63, 0.00213568
1886.87, 0.00327291
1964.52, 0.00178168
2383.06, 0.000658759
1685.33, 0.00270764
1879.28, 0.00348
1351.92, 0.00131548
2425.21, 0.000759488
1233.44, 0.000413075
2162.21, 0.00139231
1280.42, 0.00102127
1529.64, 0.00222281
2390.3, 0.000687791
1458.1, 0.00160733
1441.59, 0.00166093
2346.39, 0.000732489
2074.66, 0.0019126
1144.98, 0.000380761
2133.36, 0.00116848
2442.62, 0.00113655
2434.17, 0.00255766
1728.14, 0.0028127
2057.69, 0.0013198
1871.66, 0.00248597
1855.48, 0.00265607
2268.44, 0.000753813
2412.91, 0.000693653
1632.8, 0.00201047
1842.72, 0.00492907
1098.1, 0.000284763
1693.37, 0.00269495
2291.09, 0.000510053
1400.16, 0.00172598
1208.74, 0.000156821
1752.83, 0.00253162
1655.18, 0.00328034
1588.9, 0.00228214
2431.36, 0.00108723
2126.4, 0.00137939
2268.65, 0.000618453
1271.71, 0.000583898
2251.23, 0.000765101
2035.64, 0.00207273
1840.57, 0.00275924
1824.96, 0.00209039
1888.38, 0.00362505
1940.42, 0.00384067
2437.09, 0.000893459
1442.67, 0.00148439
1325.81, 0.00102123
2095.11, 0.0646491
1818.02, 0.00302814
1653.5, 0.002952
1129.23, 0.000199513
2446.27, 0.00122337
1518.02, 0.00317947
1106.94, 0.000302797
2008.22, 0.00348825
1000.96, 0.00028031
2197.13, 0.00161365
2309.39, 0.000504823
2244.72, 0.00103933
1454.44, 0.00189074
2233.56, 0.000770662
1059.88, 0.000214147
1989.57, 0.00196725
2234.29, 0.000830691
1481.75, 0.00202611
1733.82, 0.0028156
2259.06, 0.000664859
1704.33, 0.00100425
1602.09, 0.00181142
1650.85, 0.00283194
1293.56, 0.000726671
2347.19, 0.000762352
1187.35, 0.000232203
1922.19, 0.0047767
2477.18, 0.00133303
1184.42, 0.000122596
2461.21, 0.00130253
2233.18, 0.00092885
1738.68, 0.00362168
2117.22, 0.00116839
1152.88, 0.000497447
1515.21, 0.00240284
2047.73, 0.00191428
2082.69, 0.00164489
1099.73, 0.000410508
2334.03, 0.000487534
1540.44, 0.00250688
1986.6, 0.00186291
2021.5, 0.00465147
2267.32, 0.000573418
2421.09, 0.0124103
1497.36, 0.00214795
1383.57, 0.00133957
2301.86, 0.00118215
1316.23, 0.000783462
1258.69, 0.00026868
1831.13, 0.00223158
1158.36, 0.000356781
1312.07, 0.000780926
2047.8, 0.00401403
1823.93, 0.00244712
1147.49, 0.000877318
2316.41, 0.000396719
2338.68, 0.000361252
2023.37, 0.0017549
1032.13, 0.000305412
2214.99, 0.00093516
1700.41, 0.00245554
2032.07, 0.00178738
1274.97, 0.00063827
1473.08, 0.00286859
2259.63, 0.000634767
1547.18, 0.00221659
1311.54, 0.00139055
1450.1, 0.00169338
1773.13, 0.0025766
2413.97, 0.000725526
1090.47, 0.000515864
1811.13, 0.00225075
1957.79, 0.00426163
1855.17, 0.00230917
1534.73, 0.00182864
1952.35, 0.00204445
1153.03, 0.000195593
1422.34, 0.00174635
1943.13, 0.00201141
1118.79, 0.000308376
1617.6, 0.00972417
1674.3, 0.00251592
1999.5, 0.00481975
1683.93, 0.00234728
1115.04, 0.000189081
1683.09, 0.00188555
2296.86, 0.000398747
2017.89, 0.00201865
1085.49, 0.000232572
1329.42, 0.000744295
1345.3, 0.00218875
2143.06, 0.00190712
2065.11, 0.00121847
2412.39, 0.00108533
1477.74, 0.0018356
2236.22, 0.000924205
1609.72, 0.00322968
1218.27, 0.000393496
2252.5, 0.000542288
2121.87, 0.00490369
1388.35, 0.00124681
1728.41, 0.00246121
1594.03, 0.00234448
1386.97, 0.00119162
1528.83, 0.00155749
1063.58, 0.000789598
1670.3, 0.0111929
1984.77, 0.00200205
2158.45, 0.00113018
1337.87, 0.00116668
1163.96, 0.000437329
1687.18, 0.00287917
1136.65, 0.000629432
1597.83, 0.00395119
1394.9, 0.00111484
1687.7, 0.00223875
1974.85, 0.00221935
1621.08, 0.00278852
2342.96, 0.00050675
1881.67, 0.00263536
2110.44, 0.00150991
1716.45, 0.00321058
2165.39, 0.00115929
1675.37, 0.00404673
1269.98, 0.000412806
2438.88, 0.00097508
2438.54, 0.00100524
1457.3, 0.00198848
2119.14, 0.0897212
2465.69, 0.00141357
1037.2, 0.000631106
2050.66, 0.00677736
2274.19, 0.000788161
2085.24, 0.00137914
2086.33, 0.00172571
2350.87, 0.000408074
2462.56, 0.00117898
1254.54, 0.000500084
1900.88, 0.00227051
1207.4, 0.000279326
1183.61, 0.000369671
1666.77, 0.00300782
1977.49, 0.00169705
2389.72, 0.0052076
1806.83, 0.00294426
2309.03, 0.000366128
1893.69, 0.00208295
1955.26, 0.00254221
2179.58, 0.000993994
1860.4, 0.00238556
1292.23, 0.000965281
1771.46, 0.00246932
1853.04, 0.00318567
1828.19, 0.00268504
1009.45, 0.000352155
1465.01, 0.00164883
1385.73, 0.0014652
1115.04, 0.000278857
2097.96, 0.00142238
1371.16, 0.00121672
2094.01, 0.00149816
1967.32, 0.0022222
2279.13, 0.00111696
2055.7, 0.00164511
1603.32, 0.0079812
2385.23, 0.000669545
1924.01, 0.0024445
2224.09, 0.000927151
1593.44, 0.00192059
2451.55, 0.000957968
2466.97, 0.000924541
2001.55, 0.00226884
1537.98, 0.00169532
1887.78, 0.00219617
1668.95, 0.00602387
2235.83, 0.00235898
2100.98, 0.00212346
1566.21, 0.00285287
2455.29, 0.0010973
2256.39, 0.000733929
2405.51, 0.000689674
1790.98, 0.00241078
1946.64, 0.00324078
1868.07, 0.00464174
1417.04, 0.00123755
1957.65, 0.00179487
2365.64, 0.000563308
1047.3, 0.000276759
2442.5, 0.000906717
1167.96, 0.000482742
1982.12, 0.00195879
1766.34, 0.00197702
1276.96, 0.00052648
1623.76, 0.00308208
1081.34, 0.000283581
2368.48, 0.000698908
1171.24, 0.000178436
1667.9, 0.00210278
2455.59, 0.00112114
1709.51, 0.00225219
1811.61, 0.00308364
1655.95, 0.00243547
1752.8, 0.0024394
1184.75, 0.00016296
1956.94, 0.00161676
2468.45, 0.00348059
1489.74, 0.00392449
1809.93, 0.00322755
1665.45, 0.00244901
1567.16, 0.00187628
2110.1, 0.00144502
2286.99, 0.000537171
1684.49, 0.00287393
1275.44, 0.0014272
1072.43, 0.000797029
2227.94, 0.0024111
2252.03, 0.000754438
1939.74, 0.00269496
1230.23, 0.000386496
2227.36, 0.000678863
1196.96, 0.000108657
1457.5, 0.00171909
1376.39, 0.0328748
2215, 0.000961507
1782.01, 0.00521942
1832.96, 0.00246691
1318.57, 0.00122675
2380.16, 0.000696454
2421.78, 0.000956931
2334.64, 0.000340566
1720.62, 0.00158236
1340.17, 0.000847091
1334.64, 0.000925676
2145.89, 0.00265842
2368.6, 0.000645478
1983.28, 0.00341069
1986.99, 0.00192257
1285.18, 0.000427169
1436.08, 0.00156257
1765.38, 0.00265469
1181.37, 0.00015322
1424.67, 0.00201441
2371.06, 0.000501375
2346.32, 0.000366945
1108.23, 0.000507982
1986.3, 0.00209954
1606.85, 0.00202327
1807.11, 0.00261101
1837.55, 0.0024904
1291, 0.000608824
1917.41, 0.00246285
1353.02, 0.00140774
1420.24, 0.00207414
1836.38, 0.00222755
2200.02, 0.000980282
2449.29, 0.000932254
1361.49, 0.000926276
1302.73, 0.00097674
1117.39, 0.00139124
1573.67, 0.00223379
1211.12, 0.000188653
2127.37, 0.00148109
2247.78, 0.000705304
1427.14, 0.0015324
2484.88, 0.00130853
2073.34, 0.00189591
1087.76, 0.00045131
2271.29, 0.000511808
1666.09, 0.00166928
1800.03, 0.00226657
1787.28, 0.00231065
2137.76, 0.00132984
1926.05, 0.00223976
2011.42, 0.00211197
1490.78, 0.00127642
1727.62, 0.00228315
1206.25, 0.000346088
1495.6, 0.00219774
1373.62, 0.00165615
1979.56, 0.00192807
1534.54, 0.0026528
1422.3, 0.00149228
1217.11, 0.00362447
1913.96, 0.00358703
1958.12, 0.00231005
1661.62, 0.00306544
2220.1, 0.00277756
1233.06, 0.000550912
1993.45, 0.0020596
1739.2, 0.00307829
1746.63, 0.00277195
2156.1, 0.00156286
1638.03, 0.00343477
2183.92, 0.00121764
1804.68, 0.0189363
2098.05, 0.00155929
2202.02, 0.000979626
1651, 0.0177373
1385.8, 0.00127593
1173.96, 0.000159294
2428.52, 0.000886755
2078.7, 0.00163492
1517.74, 0.00230086
1410.38, 0.00168021
1243.82, 0.000451635
1776.13, 0.00225705
2363.76, 0.000769971
2464.72, 0.000920855
1137.86, 0.000208897
1127.04, 0.000331385
1857.45, 0.00240097
2267.94, 0.00156426
2328.45, 0.00042779
1082.37, 0.000366705
2242.55, 0.000977355
1820.71, 0.0031132
1471.45, 0.00178102
2242.01, 0.00163317
1367.51, 0.00110835
1223.88, 0.000277052
2316.87, 0.000380022
2198.55, 0.000961313
1974.33, 0.00173084
1545.52, 0.00254187
1867.79, 0.00222592
1674.26, 0.014174
1031.92, 0.000471014
2287.6, 0.000522044
2061.22, 0.00197848
2438.53, 0.00115986
1253.17, 0.00049142
1290.45, 0.000821549
1774.68, 0.00198302
1504.8, 0.0153562
1661.14, 0.00437162
2406.96, 0.000728231
1272.69, 0.000793867
1997.07, 0.0337504
2023.65, 0.00419854
1838.33, 0.00378362
1923.72, 0.00111159
1840.34, 0.00312614
1003.84, 0.000772763
1054.03, 0.000414007
1004.9, 0.000290332
1513.8, 0.00206094
1405.42, 0.0017684
1768.6, 0.00277471
1971.57, 0.00249925
1644.64, 0.00173099
1432.71, 0.00157303
1606.61, 0.00216865
2278.05, 0.000604085
2041.41, 0.00210556
2429.41, 0.000806028
1468.64, 0.00201609
1691.01, 0.00181397
1131.03, 0.000246356
2078.75, 0.00213754
2026.56, 0.00344893
1009.52, 0.000222729
1986.64, 0.0020863
1684.81, 0.00248852
1402.38, 0.00128697
1016.72, 0.000571907
1530.22, 0.00135528
1888.74, 0.00141325
1511.48, 0.00225008
2308.59, 0.000441769
1292.1, 0.000615761
1792.44, 0.00427384
1428.56, 0.00163179
2484.4, 0.00155424
1812.86, 0.00260883
1874.96, 0.00218963
1781.25, 0.00416598
2128.81, 0.00145243
2485.52, 0.00123976
1204.52, 0.000115126
2159.54, 0.00185925
1752, 0.00195977
1382.98, 0.00122713
1910.22, 0.00307517
1086.75, 0.000770446
1712.01, 0.00262292
1705.51, 0.00221056
1186.18, 0.000160634
1563.59, 0.00298361
1127.23, 0.000435924
1362.71, 0.00183942
1642.87, 0.00210839
1238.04, 0.000932326
2085.65, 0.00179185
1857.05, 0.00322449
1427.11, 0.00180439
1816.08, 0.0025771
1418.81, 0.00123895
2190.26, 0.00111648
1782.63, 0.00268063
1779.61, 0.00254199
2152.98, 0.00137834
1444.75, 0.00167824
2066.47, 0.00269163
1000.39, 8.98413e-05
1351.71, 0.00128271
1843.61, 0.00245399
1098.14, 0.000442989
2049.13, 0.00187516
1495.25, 0.00135222
1720, 0.00224771
1737.25, 0.00190495
1022.5, 0.000284742
2293.97, 0.000541873
1471.85, 0.0014746
1537.5, 0.00229334
1173.11, 0.000279975
1337.61, 0.0010851
1256.08, 0.000338795
1685.7, 0.00181381
2019.25, 0.0028355
2037.48, 0.00180282
1539.9, 0.00218543
1538.4, 0.00228175
2162.66, 0.00124108
1433.84, 0.00177887
1098, 0.000352755
1559.42, 0.00240301
1379.95, 0.000825234
1658.62, 0.00219111
2131.67, 0.00146919
1541.1, 0.00217813
1892.7, 0.002435
1262.99, 0.00039742
1254.33, 0.000409087
1423.88, 0.00203185
1734.47, 0.00461447
2134.14, 0.0021035
2022.14, 0.00176623
1571.33, 0.00218794
2421.79, 0.00101254
1536, 0.00213642
1694.6, 0.00263825
2486.7, 0.00136911
2075.96, 0.00149406
1332.27, 0.0010929
2174.89, 0.000999257
1647.63, 0.00324706
1301.53, 0.000817948
2163.82, 0.00129145
1402.94, 0.010273
1125.42, 0.000263488
1624.59, 0.00273634
1181.14, 0.000170006
1776.92, 0.00258674
1782.42, 0.00259822
2004.7, 0.00215648
1881.8, 0.00232298
1373.52, 0.00142107
1074.21, 0.000205481
1953.57, 0.00233265
1741.62, 0.00288203
1071.95, 0.000382211
2451.13, 0.0118539
2352.35, 0.000525388
1391.26, 0.00207854
1229.28, 0.000393118
2486.34, 0.000960415
1145.8, 0.000279133
1025.26, 0.000278936
2007, 0.00209978
1792.43, 0.0027794
2164.16, 0.00150637
1485.31, 0.00150421
1779.55, 0.00259625
1300.17, 0.000953538
2261.17, 0.000936452
2019.22, 0.0018697
2386.44, 0.000669449
1215.64, 0.000451697
2274.02, 0.000646735
1268.61, 0.000449687
2490.58, 0.00114466
1598.52, 0.00279493
2346.94, 0.00433952
1329.74, 0.000982269
2165.8, 0.000883408
2372.63, 0.000995201
1941.54, 0.00335587
2202.95, 0.00184214
1365.26, 0.00163448
1197.14, 0.000150134
1830.95, 0.00321677
2056.1, 0.00172895
2164.62, 0.00489449
2419.11, 0.00105074
2177.98, 0.00223905
1246.37, 0.000422663
2380.84, 0.000873681
2471.98, 0.0010381
1447.33, 0.00129057
1142.28, 0.000320008
1895.02, 0.00193261
2336.51, 0.00119833
2361.73, 0.00165786
2039.27, 0.00431429
2474.89, 0.00123065
2384.49, 0.000697541
2493.98, 0.00119822
2460.06, 0.00132331
1132.43, 0.000299008
1042.39, 0.000246389
2249.5, 0.00107497
2415.88, 0.000904219
1913.81, 0.00303203
1312.63, 0.000875279
1184.06, 0.000148149
2193.13, 0.00114956
1998.9, 0.00195826
2391.52, 0.000655878
1095.98, 0.000237992
1917.93, 0.00309712
1788.34, 0.00275698
1285.09, 0.000451561
2381.52, 0.000780135
1760.87, 0.00198336
2060.44, 0.00222221
1527.01, 0.00216142
1439.64, 0.00132559
2394.93, 0.00149107
1742.98, 0.00229168
1330.87, 0.000930536
1623.34, 0.00288979
2460.82, 0.000990078
2363.45, 0.00398893
2074.34, 0.00162554
1560.52, 0.00268123
2366, 0.000529185
1857.74, 0.00241825
1141.08, 0.000226643
1816.33, 0.00250962
2132.62, 0.00141062
1214.47, 0.000264151
2156.47, 0.00121409
1196.3, 0.000131983
1543.3, 0.00338586
1122.91, 0.000746456
1115.79, 0.000203059
2035.12, 0.00206601
1732.11, 0.00289847
1576.41, 0.00204142
2284.1, 0.000717688
1224.66, 0.00034879
1132, 0.000358753
2303.24, 0.000855687
2059.4, 0.00161071
1689.17, 0.00274548
1501.43, 0.001752
1414.53, 0.00169149
2082.55, 0.00129396
1508.33, 0.00294022
1116.13, 0.000337188
1629.36, 0.00217501
1750.76, 0.0703689
1598.04, 0.00196822
2136.44, 0.00134079
1432.7, 0.00169051
1296.88, 0.000787661
1894.36, 0.00237741
2027.19, 0.00248198
1224.97, 0.000313756
1888.03, 0.0079675
1460.33, 0.00326542
1814.65, 0.0023846
2344.89, 0.000425433
1348.06, 0.000914976
1359.8, 0.00114938
2373.39, 0.000572932
2306.17, 0.000491316
1720.28, 0.00215585
2450.6, 0.000918626
1571.28, 0.00370181
1559.92, 0.00294449
2390.36, 0.000924567
2345.46, 0.00054409
1048, 0.000372863
2338.04, 0.00052183
1005.5, 0.000230066
2402.99, 0.00109611
2067.55, 0.0355888
2216.45, 0.00152225
2152.67, 0.00126375
1014.8, 0.000136826
2162.42, 0.00170625
1813.94, 0.00337369
1735.33, 0.00218681
1680.01, 0.00255517
1103.35, 0.000431026
2435.95, 0.000869725
2170.98, 0.00119171
1257.1, 0.000482289
1389.62, 0.00125113
1298.38, 0.000729507
1691.78, 0.00372118
2154.1, 0.00141029
1478.34, 0.00217911
2396.17, 0.000769933
1759.86, 0.00274599
1245.19, 0.000379035
1586.83, 0.00331136
2110.46, 0.00155427
1807.87, 0.0027599
1769.65, 0.00243109
2037.53, 0.00225358
2379.89, 0.000579317
1555.86, 0.00256154
1280.63, 0.00164055
2424.26, 0.00107612
2354.43, 0.000494952
2467.29, 0.00114271
1236.58, 0.000279886
1213.17, 0.000226247
2127.87, 0.00147876
1370.33, 0.00171686
2392.21, 0.00119493
1283, 0.000328584
2276.73, 0.000596103
1655.02, 0.0024069
1506.19, 0.0016691
2231.03, 0.00105489
1495.56, 0.00139417
1360.26, 0.00133588
1136.8, 0.000339269
1598.49, 0.00237133
1408.06, 0.00135701
1166.64, 0.000305837
1647.83, 0.00261602
2457.76, 0.00169156
1633.31, 0.00198299
1885.2, 0.00225238
1565.82, 0.00239838
1559.94, 0.00198024
1391.69, 0.00136593
1781.06, 0.00195122
2198.74, 0.00101582
2495.49, 0.0176756
2475.75, 0.00128725
1947.43, 0.00203614
1418.45, 0.00178394
1234.88, 0.00164343
2067.52, 0.00223574
2198.51, 0.00100648
2287.21, 0.000443944
1786.54, 0.00246332
1970.88, 0.00252632
1482.8, 0.00144618
1304.77, 0.000745116
1145.41, 0.000307259
2103.07, 0.00165559
1156.47, 0.000318003
2192.92, 0.00116679
1645.38, 0.00231095
1254.54, 0.000850383
2471.27, 0.00132385
1760.79, 0.00231098
1933.16, 0.00562259
1361.74, 0.00113745
1078.35, 0.000285636
1891.06, 0.00206545
1326, 0.000934898
2279.57, 0.000487587
1214.02, 0.000196449
1065.58, 0.000342352
2324.51, 0.000406917
1788.67, 0.00493526
2086.44, 0.00245126
1255.83, 0.00039622
1885.15, 0.00218414
1734.59, 0.00277355
1954.05, 0.00253894
1466.8, 0.00246939
1559.56, 0.00198326
1756.43, 0.00196982
1000.84, 0.000666164
1403.43, 0.00140987
1600.35, 0.002448
2332.92, 0.000312368
1836.52, 0.00214198
1100.18, 0.000574146
1720.1, 0.00343179
1448.43, 0.00173368
1853.31, 0.00250152
2433.1, 0.00105623
2190.12, 0.00238367
1324.1, 0.000911158
2270.2, 0.000496204
2254.19, 0.000689604
1914.49, 0.00353776
2476.59, 0.00178997
2067.66, 0.00201807
2050.26, 0.00133078
1039.32, 0.000609791
2485.34, 0.00192974
1524.9, 0.00202082
1239.2, 0.000838392
1837.43, 0.00242515
1635.39, 0.00165907
2288.48, 0.000528893
1866.52, 0.00200581
2090.29, 0.00282405
1084.2, 0.000809
1041.3, 0.000268514
1339.37, 0.00177273
1520.23, 0.00223615
2279.55, 0.00215957
2416.97, 0.000734586
1867.87, 0.00194606
1483.47, 0.00192064
1129.95, 0.000341506
2293.48, 0.000493593
1249.34, 0.000312403
2372.13, 0.000574651
1920.37, 0.00194133
1621.97, 0.00355586
1823.86, 0.00225591
1327.52, 0.000852885
2366.45, 0.000570352
2110.42, 0.0103215
1791.43, 0.00252131
2436.71, 0.000859809
1367.45, 0.00107465
2462.44, 0.00102551
1490.36, 0.0015878
2108.94, 0.00153385
1839.93, 0.00182666
2029.52, 0.00160869
1023.69, 0.000204073
2119.87, 0.00121338
1650.39, 0.0033082
1368.82, 0.00126582
1275.42, 0.00121262
1395.11, 0.00226163
2345.62, 0.000456961
2184.5, 0.00103509
1946.3, 0.00196889
1130.19, 0.000472966
1644.44, 0.00211378
1029.56, 0.000703554
1952.56, 0.00192038
2200.59, 0.00113816
2498.32, 0.00195661
1218.84, 0.000211668
2425.81, 0.00216777
1819.58, 0.007085
2099.94, 0.00139327
1758.15, 0.00294106
2227.48, 0.000791072
2181.02, 0.00099094
1187.95, 0.000185453
1686.67, 0.00217271
1796.24, 0.00597963
1191.14, 0.000532824
1236.53, 0.00024868
1036.15, 0.000273777
1176.02, 0.000147128
1097.49, 0.000240439
2153.29, 0.00147671
1972.38, 0.00207345
1085.91, 0.000580448
2221.78, 0.000954733
2352.85, 0.000460128
1955.72, 0.00173616
1644.75, 0.00227352
2412.71, 0.000995662
1556.97, 0.00206341
2039.54, 0.00172728
1204.51, 0.000212863
1470.96, 0.00197636
1531.69, 0.00484901
1063.06, 0.000310504
1695.19, 0.00197599
1553.16, 0.00202756
2478.78, 0.00112421
1342.37, 0.0010547
1870.64, 0.00248284
1653.01, 0.00231673
2111.3, 0.0013117
1594.78, 0.00124589
1366.98, 0.00119927
1481.53, 0.00176943
2186.46, 0.00151737
2293.84, 0.00063
1514.91, 0.00217991
2228.41, 0.00116062
2300.04, 0.00053299
2488.77, 0.00130912
1506.29, 0.00281176
1674.7, 0.00249779
2344.47, 0.000412282
1101.33, 0.000390671
2055.31, 0.00169133
2243.32, 0.000836579
2396.68, 0.000755884
2445.87, 0.00105334
2164.55, 0.00124536
2357.2, 0.00065647
2418.75, 0.00125695
1221.87, 0.000296806
1846.31, 0.00187623
2456.25, 0.00180693
1399.41, 0.00167308
1019.1, 0.000658011
2418.8, 0.000760615
1893.59, 0.00275828
1376.28, 0.00133099
1270.11, 0.000434062
1310.43, 0.000788445
1395.8, 0.000952915
1812.09, 0.00246175
1365.03, 0.000960836
1224.03, 0.000220635
2470.24, 0.00250591
2198.83, 0.000894552
1184.29, 0.000148495
1203.12, 0.00014465
2039.89, 0.00267359
1405.69, 0.00136767
2451.41, 0.000981911
1839.13, 0.00212457
2450.48, 0.00235842
1018.53, 0.000424673
1455.73, 0.00163896
1045.1, 0.000446724
1714.36, 0.002738
1865.17, 0.00240136
2295.98, 0.000472316
1802.01, 0.00238429
2487.11, 0.00108484
2495.37, 0.00109744
2284.44, 0.000696081
1065.55, 0.00038269
1618.78, 0.00285344
1728.6, 0.00240265
1385.38, 0.00125539
2374.49, 0.000654995
1888.14, 0.00276533
1090.65, 0.000731559
1633.74, 0.00270571
2292.31, 0.000624059
1352.16, 0.00067841
1722.81, 0.00242208
1352.69, 0.00128068
1022.59, 0.000347392
2438.03, 0.000880824
1487.95, 0.00181093
1551.85, 0.00238676
1121.25, 0.000416039
1547.85, 0.00192798
1083.75, 0.000648151
2408.05, 0.0014044
2217.19, 0.00174473
2224.53, 0.0206103
2345.26, 0.00051012
1962.49, 0.00215362
1190.76, 0.000171678
1046.32, 0.000288356
1297.32, 0.00260887
1265.14, 0.00060704
2464.47, 0.00103655
1667, 0.00218202
2491.1, 0.00178888
2224.04, 0.000992104
1725.07, 0.00207812
2067.21, 0.00209891
1791.13, 0.00274146
2051.88, 0.00178223
2282.86, 0.000549345
2031.75, 0.00167779
1780.25, 0.00517402
1527.12, 0.00234998
1553.54, 0.00247324
2081.26, 0.00136247
1120.92, 0.000267165
2381.96, 0.00479318
1590.64, 0.00230261
2275.06, 0.00173072
2052.07, 0.00181215
2220.71, 0.00101405
1144.49, 0.000202999
1492.33, 0.0013111
2337.09, 0.000461089
1269, 0.000379425
2434.03, 0.00132866
1770.97, 0.00299161
2451.61, 0.00123672
1084.81, 0.000353634
1592.27, 0.00340105
1111.02, 0.000696962
1181, 0.000119391
1209.89, 0.000165094
1539.35, 0.00169834
2435.32, 0.00263272
2223.81, 0.000824756
1828.22, 0.00235637
2111.48, 0.00173344
1508, 0.00165502
1303.48, 0.000720625
1735.28, 0.00519587
1154.41, 0.000270876
2205.16, 0.00118061
2338.8, 0.00045795
1586.28, 0.00217574
1558.63, 0.00189612
1038.96, 0.000992742
1081.12, 0.000420685
2441.85, 0.00149209
1035.98, 0.00279006
1513.02, 0.00240606
1146.19, 0.000315164
2403.32, 0.00112199
1049.19, 0.000441646
1535.3, 0.0020124
2486.94, 0.0015196
2254.5, 0.00174157
1768.45, 0.00267976
1857.51, 0.00407024
2170.57, 0.00196831
2166.77, 0.00161049
1860.33, 0.00224305
2207.53, 0.00280753
1584.71, 0.00230818
2198.48, 0.0009431
2238.13, 0.000897684
2347.11, 0.000524426
1573.7, 0.00327332
1649.34, 0.00231471
2423.21, 0.000762214
1168.86, 0.00011978
1886.07, 0.0032201
1278.47, 0.000785044
2199.54, 0.000886629
1486.15, 0.00121145
2064.13, 0.0018342
2054.01, 0.00209506
2288.91, 0.000569605
1354.97, 0.00117306
1865.25, 0.00567336
1722.16, 0.00236516
1027.43, 0.000851113
1676.42, 0.00304662
2099.18, 0.00133477
2480.26, 0.00467003
1742.2, 0.00324347
1392.18, 0.00128929
1828.27, 0.00217555
1085.09, 0.000371716
1751.99, 0.00198647
2285.3, 0.000726992
1621.84, 0.00269689
2189.21, 0.00104902
1621.6, 0.00357497
1159.12, 0.000602056
1019.39, 0.00024121
1317.7, 0.000844378
1420.28, 0.00195643
1453.52, 0.00175171
1696.12, 0.00256286
1563.63, 0.0030459
2089.5, 0.00210075
1102.01, 0.000298851
1093.9, 0.000475765
2350.17, 0.000581454
2008.34, 0.0019226
1797.31, 0.00266816
2093.8, 0.00158147
1241.61, 0.000346871
1885, 0.002709
1630.76, 0.0023749
2016.24, 0.00459499
2279.82, 0.00062236
1928.04, 0.00215774
1919.91, 0.00299765
1182.79, 0.000657382
1784.04, 0.00274796
1051.35, 0.000364722
1479.71, 0.00207577
2429.91, 0.000957046
2114.27, 0.00184279
1163.54, 0.000404586
2151.51, 0.00127697
1883.04, 0.00331478
1380.22, 0.00136745
2031.77, 0.00162901
2337.43, 0.000541903
2009.77, 0.00193776
1366.67, 0.00127625
2060.94, 0.00167086
2237.48, 0.000906295
2015.65, 0.00209767
1577.76, 0.00277005
1308.46, 0.000885661
1113.53, 0.000625405
2105.94, 0.00173502
1613.83, 0.00235425
1992.28, 0.00186155
2389.53, 0.000892115
1274.08, 0.000503444
1302.98, 0.000870689
1311.16, 0.000868586
1655.09, 0.00183637
2123.69, 0.00143263
1299, 0.00105813
2308.57, 0.000483559
1755.66, 0.00168353
2223.48, 0.000812467
1604.55, 0.00244903
2217.14, 0.00110635
1324.67, 0.00117418
2442.26, 0.00122282
1362.78, 0.00136367
2497.58, 0.00194147
2190.6, 0.000888626
2292.85, 0.000532304
2001.4, 0.00189569
2160.14, 0.00128226
2295.52, 0.000390361
1202.94, 0.000154003
1650.2, 0.00206349
2115.87, 0.00141235
1516.54, 0.00240912
1737.68, 0.00290215
2426.72, 0.000823704
2466.68, 0.00125757
2475.04, 0.00172241
1992.25, 0.00211135
1239.95, 0.00031564
2002.1, 0.002085
2455.43, 0.000882078
1763.66, 0.00177602
1054.6, 0.000475951
1499.24, 0.0019878
2428.56, 0.0008158
2483.02, 0.0024646
1449.03, 0.000870214
2239.72, 0.00202454
2014.87, 0.00228611
1995.46, 0.00226799
2007.12, 0.00193154
2324.46, 0.000378297
2476.15, 0.00139488
1549.71, 0.00204528
1850.14, 0.00208891
1009.15, 0.000967041
1398.12, 0.00148867
1577.52, 0.00278847
1141.48, 0.000241851
1006.66, 0.000395422
1471.39, 0.0025376
1312.86, 0.000827538
2237.66, 0.000968168
2213.86, 0.000922398
1740.46, 0.00440872
2348.91, 0.000389852
1417.77, 0.00172385
1669.27, 0.00298997
2026.57, 0.00162506
1945.21, 0.00196221
2034.43, 0.00373646
1238.26, 0.00057402
1859.9, 0.00344659
1701.94, 0.00254761
1174.45, 0.00028197
2087.65, 0.00150783
2265.85, 0.00097588
1932.38, 0.0025892
1399.01, 0.00279026
1786.67, 0.00205682
2311.29, 0.000360956
1395.82, 0.00269597
1737.12, 0.00268758
1176, 0.000451092
1234.83, 0.000459081
1149.36, 0.000325751
2013.9, 0.00192854
1970.95, 0.00193964
1185.4, 0.000221375
1446.32, 0.00214003
1607.14, 0.00216416
2206.66, 0.000928977
2118.05, 0.00136823
1629.81, 0.0021157
1816.72, 0.00218383
2169.56, 0.00111193
1606.06, 0.00423656
1362.84, 0.00101572
1140.66, 0.000211677
1321.69, 0.00131986
1770.48, 0.00161411
1764.93, 0.00235215
1885.59, 0.00382453
1646.46, 0.00322258
1793.43, 0.00311316
1986.86, 0.00212655
1103.17, 0.000653335
1689.44, 0.00259004
1303.83, 0.000745666
1485.69, 0.00171065
1716.91, 0.00239894
2113.35, 0.00246889
1649.81, 0.00258513
2009.46, 0.0023566
2022.68, 0.00256101
2406.03, 0.00635386
2368.61, 0.00106042
1942.67, 0.00226051
1665.19, 0.00221118
1107.9, 0.000384996
2498.19, 0.0011959
1200.49, 0.00148141
1595.15, 0.00202854
2160.77, 0.00113725
1909.31, 0.00591471
1220.94, 0.00330302
2335.92, 0.000971739
1575.53, 0.00189959
1492.62, 0.00192753
2484.73, 0.00152461
2133.05, 0.0012192
2347.08, 0.000429468
1132.53, 0.000354176
1485.07, 0.00150995
1954.03, 0.00195195
2214.25, 0.00121541
1705.73, 0.00381067
1923.31, 0.00225979
2102.8, 0.0031468
1265.81, 0.000632972
2387.1, 0.000923739
2339.58, 0.00046755
2420.36, 0.00105464
1359.22, 0.00130933
2161.21, 0.0011411
2003.04, 0.00183128
1220.72, 0.000331051
1563.84, 0.00206484
2357.39, 0.000503419
1988.98, 0.0023537
1375.36, 0.00216329
1563.19, 0.0028381
1911.19, 0.00238288
1638.37, 0.00275568
1555.9, 0.00233427
1876.45, 0.00329048
2286.39, 0.000564168
2288.12, 0.000592803
2051.77, 0.00142395
1998.69, 0.00392853
2419.21, 0.000961995
2380.03, 0.00170289
1727.33, 0.0025326
1987.03, 0.00215205
2401.83, 0.00153239
1904.65, 0.0022144
1618.43, 0.00212709
1102.87, 0.000475142
1924.8, 0.00192112
1906.29, 0.00220065
1299.74, 0.000673724
1101.13, 0.000519623
1615.82, 0.00300286
2183.54, 0.00215775
1672.93, 0.00225348
1966.53, 0.00198981
2205.53, 0.000875455
1049.29, 0.000225493
1607.37, 0.00204991
2193.87, 0.00101987
2455.48, 0.00178963
2276.65, 0.000519752
1404.14, 0.0016884
2228.45, 0.000801833
1389.13, 0.00161927
2385.13, 0.000581145
1968.42, 0.00179125
2165.9, 0.0025253
1201.75, 0.000188403
1362.51, 0.00227067
2411.19, 0.000791054
1377.93, 0.00118236
1214.17, 0.000332765
1261.24, 0.000350063
1045.27, 0.000263916
1350.33, 0.000970551
2051.75, 0.00221872
2476.3, 0.00132594
1262.49, 0.000668812
1835.65, 0.0024462
1871.05, 0.00208457
2033.07, 0.00177103
2018.13, 0.00234769
1033.82, 0.000272757
1799.69, 0.00266625
1282.83, 0.000809422
2047.29, 0.00194087
2430.85, 0.000825984
1224.01, 0.000430114
2129.7, 0.00140445
1593.2, 0.00469065
1699.34, 0.00219995
1963.72, 0.00219986
1087.7, 0.000379208
1951.01, 0.0022363
2245.69, 0.000834333
2286.31, 0.00101753
2014.46, 0.00171434
1130.4, 0.00034498
1785.47, 0.00542046
2276.25, 0.00057682
1785.36, 0.00247753
1534.68, 0.00671246
2277.88, 0.000721644
1291.88, 0.000841084
1903.18, 0.00213327
1703.2, 0.0029342
2197.06, 0.00143225
1281.98, 0.000456566
2058.04, 0.00845179
2046.74, 0.00281068
1969.85, 0.00254625
2293.6, 0.000937256
1316.13, 0.000850797
1899.03, 0.00195325
1326.21, 0.00088484
1460.52, 0.00110787
1262.29, 0.000646019
1416.79, 0.00144932
2460.46, 0.000948618
1557.2, 0.00207874
1183.84, 0.000232289
2060.48, 0.00180836
2176.06, 0.00131213
1606.71, 0.00304281
2074.33, 0.00167371
1070.8, 0.00036585
1286.77, 0.000714319
2348.42, 0.000570313
1053.55, 0.000363352
2465.55, 0.00109428
1516.55, 0.0062039
1474.54, 0.00226954
2211.08, 0.00133587
1413.16, 0.00147904
1810.09, 0.00228964
1975.9, 0.00255267
1413.59, 0.00140552
2441.31, 0.00113529
1118.76, 0.000262206
1456.3, 0.00165238
1648.18, 0.00290226
1279.16, 0.000504588
2269.84, 0.000574995
2308.71, 0.000424731
1921.79, 0.00213496
1853.42, 0.00225913
1659.14, 0.00219736
1360.25, 0.00153855
1039.96, 0.0022626
1868.11, 0.0039887
1781.06, 0.00275603
2454.59, 0.00113115
1483.21, 0.00206284
1976.91, 0.00231676
1946.21, 0.00204188
1643.84, 0.00234695
1079.43, 0.000348041
2134.98, 0.00144615
1118.98, 0.00443549
2476.47, 0.00104429
1762.22, 0.00233492
2315.54, 0.00157469
1086.56, 0.000238174
2315.03, 0.000399461
2399.69, 0.000708773
2268.15, 0.00111519
1080.65, 0.000390636
1375.7, 0.0010231
1374.98, 0.000931441
1688.32, 0.00247246
1528.75, 0.00275354
2405.8, 0.00119504
2300.02, 0.000446356
2258.53, 0.000747473
1608.96, 0.0027685
2394.73, 0.00113897
1696.05, 0.00259711
1562.65, 0.00298033
1561.28, 0.00304586
2089.2, 0.00150957
1020.23, 0.000400032
1494.38, 0.00169904
1481.21, 0.00198575
1088.92, 0.000311926
2335.47, 0.000487451
1469.85, 0.00120735
1572.68, 0.00230213
1657.84, 0.00255465
2431.7, 0.002251
2257.16, 0.000659632
1843.44, 0.00236536
1387.66, 0.00229181
2221.99, 0.000919222
2257.58, 0.000753291
2257.55, 0.00061791
1066.77, 0.000533866
2291.79, 0.000469046
2193.4, 0.00113929
1226.96, 0.00032199
1931.83, 0.00284388
2373.86, 0.000598588
1046.64, 0.000409636
1080.39, 0.000516892
2408.96, 0.00067105
2096.48, 0.00178741
1534.09, 0.0022502
1087.73, 0.000419842
2056.61, 0.00148763
1524.25, 0.00196212
1373.71, 0.0037455
1016.17, 0.000554373
1218.68, 0.000252492
2095.87, 0.00383221
2259.31, 0.0012429
1739.6, 0.00297981
1183.29, 0.000168836
1731.59, 0.00237434
1214.8, 0.000210403
1947.03, 0.00206271
2129.95, 0.00255862
1814.14, 0.0025287
1130.23, 0.000202406
2132.47, 0.00130123
1431.68, 0.00129164
2163.02, 0.00103288
1172.87, 0.000190294
1307.85, 0.00122185
1287.47, 0.000692735
2205.77, 0.00164907
1982.81, 0.00263674
1818.76, 0.00236163
2333.68, 0.000516783
2344.8, 0.000579176
1919.24, 0.00259822
1704.94, 0.00183446
1602.56, 0.00262442
1355.48, 0.00407154
1372.3, 0.00157415
1932.77, 0.00197564
1071.75, 0.000229561
1107.46, 0.000467024
2101.13, 0.00138472
1206.31, 0.000138606
1932.22, 0.00169749
1448.59, 0.00183446
1739.55, 0.00266198
1492.61, 0.00185839
2077.16, 0.00170658
1424.45, 0.00103178
2323.95, 0.000300356
2392.58, 0.000716964
2052.55, 0.0590826
1606.9, 0.00468699
1666.64, 0.00252244
1939.85, 0.00198574
1270.97, 0.000553125
2170.83, 0.00125525
2357.82, 0.000853369
2155.32, 0.00129067
2456.72, 0.00124788
1713.71, 0.00497168
2434.26, 0.000909013
1701.55, 0.00291236
1759.67, 0.0044811
2302.54, 0.000539268
2286.63, 0.000522173
1005.81, 0.0018649
1832.98, 0.00261746
1755.36, 0.00198538
1169.76, 0.000230473
2106.52, 0.00158748
2417.44, 0.00262068
2047.36, 0.00180909
1009.04, 0.000183959
1951.12, 0.00169296
2253.85, 0.0007174
1362.53, 0.000938335
1478.78, 0.00153255
1767.28, 0.00228499
2294.31, 0.000831093
2105.27, 0.00143841
2281.26, 0.00048859
2064.96, 0.00166001
2185.67, 0.00239801
2165.42, 0.00206352
1780.81, 0.00259029
2014.61, 0.00171149
1018.58, 0.000351345
1174.1, 0.000299157
1172.09, 0.000155243
1534.51, 0.00200326
2365.6, 0.000485819
1806.59, 0.00351687
1962.29, 0.00237744
1582.87, 0.00232082
1989.49, 0.0031446
1984.55, 0.00309208
1231.99, 0.000285736
2322.06, 0.000485516
1753.67, 0.00166803
1329.18, 0.00113188
2266.52, 0.000856207
2260.7, 0.000591276
2462.75, 0.00110304
2066.5, 0.00157892
1234.74, 0.000381991
1949.93, 0.00206174
2327.97, 0.000711852
2367.56, 0.000601603
1467.37, 0.00209189
1792.15, 0.00283462
1985.12, 0.00205762
1068.81, 0.000330731
1977.89, 0.00212667
1577.65, 0.00304196
1779.75, 0.00439292
1961.55, 0.00211132
1455.22, 0.00195091
2313.64, 0.00039025
2213.22, 0.00376127
2405.91, 0.000894492
1773.86, 0.00300864
2006.97, 0.0020721
1688.92, 0.00241195
1076.67, 0.000379948
1874.66, 0.00235584
1965.95, 0.00256774
2141.89, 0.0025072
2405.31, 0.00097358
1300.81, 0.000894209
1754.51, 0.00287894
1678.36, 0.00233499
1652, 0.00235481
1196.49, 0.000226282
1173.14, 0.00021259
1394.5, 0.00132677
1366.82, 0.00104654
1720.67, 0.00668157
2430.52, 0.000952395
2360.66, 0.000506174
2492.81, 0.00151172
2459.55, 0.00136438
1201.6, 0.000172863
2183.01, 0.00101802
1355.38, 0.00116883
2082.44, 0.00186214
2390.16, 0.000671515
1897.36, 0.0028224
1069.73, 0.000726313
2049.84, 0.00225763
1518.44, 0.00229652
1510.85, 0.00207839
2339.33, 0.000644729
1514.12, 0.00228925
2305.98, 0.000496578
1955.92, 0.00193446
1828.25, 0.00238555
2168.42, 0.00135358
2035.75, 0.00174315
1479.45, 0.00316455
2300.08, 0.000456052
1412.35, 0.00130295
1423.84, 0.00134087
1009.21, 0.000206786
2494.92, 0.00242762
1527.72, 0.00228076
2429.43, 0.00098771
1067.81, 0.000378875
1849.8, 0.00206554
1068.01, 0.000123593
1031.74, 0.000373032
2287.36, 0.000556341
1982.96, 0.00295205
1568.87, 0.00309328
2202.54, 0.000835532
2451.34, 0.000961048
2240.82, 0.000764544
1916.04, 0.00309093
2387.49, 0.000957504
1494.17, 0.00164591
1813.84, 0.00221828
2014.53, 0.00210193
1639.18, 0.00281625
1119.13, 0.000412158
2245.66, 0.000685745
1682.77, 0.00224591
1172.24, 0.00104816
1354.59, 0.00146682
1129.66, 0.000445277
1265.75, 0.000379335
1792.28, 0.00239394
1318.8, 0.000845659
2334.81, 0.00654027
1517.86, 0.00276468
1365.32, 0.00162389
1346.43, 0.000768111
1714.36, 0.00310848
1826.66, 0.0021838
2232.66, 0.000834388
1016.5, 0.00039853
2216.22, 0.000997485
1333.52, 0.000769058
1997.22, 0.00215979
1694.01, 0.00318424
1849.04, 0.0190508
1719.79, 0.00246396
1342.31, 0.00128476
1974.99, 0.00210837
1264.92, 0.000542276
1757.78, 0.00256759
1549.01, 0.00178154
1011.15, 0.00104679
1452.25, 0.00204327
2329.27, 0.00154239
1409.78, 0.00170078
2274.19, 0.000881871
1299.05, 0.000592428
1810.9, 0.0027173
2261.99, 0.000627027
2324.34, 0.000391738
2497.02, 0.00145613
1654.9, 0.00243392
2491.95, 0.00121109
1413.48, 0.00120529
1408.88, 0.00170978
1955.84, 0.00397261
1877.31, 0.00197113
2081.77, 0.00348208
2350.11, 0.000710642
1823.61, 0.00224766
1620.48, 0.00238522
1672.09, 0.00285177
1647.38, 0.00247225
1330.05, 0.00128447
1340.92, 0.00148404
1682.89, 0.00252174
1115.03, 0.000185382
2007.26, 0.00216718
1949.61, 0.00228743
1895, 0.00226866
2216.96, 0.000822883
2281.73, 0.000567052
1209.26, 0.000196374
1456.59, 0.00185278
1961.85, 0.00168695
1303.01, 0.000693823
1653.29, 0.00168567
2002.25, 0.00204523
1426.37, 0.00124193
1160.22, 0.000211707
1289.2, 0.000668325
1768.37, 0.00355419
1637.57, 0.00163759
1176.23, 0.000143398
2305.76, 0.000400989
1442.56, 0.00179141
1500.77, 0.00231891
1756.63, 0.00235012
2371.93, 0.000610162
2366.22, 0.000628932
1363.55, 0.00116999
1766.45, 0.00408575
2249.31, 0.000701034
1529.59, 0.00230049
1716.48, 0.00256137
2181.63, 0.00107481
1954.05, 0.00255929
1915.22, 0.00188208
1659.45, 0.00231348
2495.78, 0.00129788
2406.33, 0.000927982
2029.06, 0.00249997
1362.13, 0.00146818
2181.81, 0.00105009
2259.6, 0.0007587
1605.37, 0.00210587
1604.97, 0.00194073
1921.7, 0.00282397
2272.76, 0.00195882
2425.21, 0.00075113
1563.48, 0.00397413
1924.74, 0.00180559
1270.5, 0.000667888
2338.31, 0.000351432
2065.58, 0.00145061
1808.23, 0.00215099
2448.93, 0.00180517
1766.02, 0.00203918
1368.04, 0.00111675
1658.54, 0.00287213
2392.97, 0.00062503
1987.05, 0.0013849
1861.48, 0.00389092
2128.62, 0.00152265
1631.77, 0.00224338
2472.68, 0.00126693
1013.75, 0.000805071
2323.39, 0.000361525
1369.18, 0.00539065
1040.54, 0.000173119
2492.53, 0.00134441
2307.9, 0.000419221
1048.67, 0.000914611
1798.89, 0.00246348
2328.49, 0.000387599
1397.02, 0.00145056
1109.27, 0.000286006
2313.49, 0.000608871
2191.01, 0.00214227
1513.82, 0.00158674
2207.23, 0.00103099
1839.08, 0.00235803
1893.17, 0.0029154
1718.46, 0.00246063
1231.3, 0.000291594
1063.5, 0.000226832
1119.77, 0.000424055
1717.59, 0.00201055
1870.67, 0.00227161
1622.09, 0.00231701
1802.22, 0.00235203
2020.62, 0.00254419
1021.88, 0.000490421
1511.42, 0.00220279
2250.69, 0.000644793
1588.21, 0.00185436
1632.27, 0.00277204
1462.27, 0.00187465
2292.09, 0.00056758
1480.6, 0.00204218
1420.17, 0.00143223
1297.53, 0.000978123
1283.03, 0.000646226
2292.8, 0.000523968
1856.08, 0.00196695
1651.73, 0.00280549
1348.16, 0.000956793
2291.13, 0.000609304
1861.44, 0.00235027
2077.04, 0.016913
2215.1, 0.00107375
2046.62, 0.00180442
2397.9, 0.000693594
1703.33, 0.00176276
2260.26, 0.000570778
2274.09, 0.000628524
1292.92, 0.000806752
1623.51, 0.00256411
1625.82, 0.00280347
2014.19, 0.00267445
2337.93, 0.000666895
1438.66, 0.00162392
1361.5, 0.000753104
1440.73, 0.00194599
2027.86, 0.00186483
2116.15, 0.00164819
1837.62, 0.00306553
1088.88, 0.00020462
1684.84, 0.00283732
1248.87, 0.000511841
2484.42, 0.00122994
1841.04, 0.00233735
1377.34, 0.00114159
2457.54, 0.00134776
2342.98, 0.000346014
2417.9, 0.00111445
1612.2, 0.00276983
2225.81, 0.0008753
1327.38, 0.000652661
1026.5, 0.000191013
2298.92, 0.000502679
1629.93, 0.00244185
2013.09, 0.00171498
1249.96, 0.000418381
2112.76, 0.00210838
2155.75, 0.00179109
1053.51, 0.000642327
1535.5, 0.00232198
1355.57, 0.00481209
1719.51, 0.00221983
2180.14, 0.00103522
2188.6, 0.00104787
1508.65, 0.00175492
1043.93, 0.000789975
2234.8, 0.000759014
2207.05, 0.00104874
1498.03, 0.00158352
1631.13, 0.00487384
1803.49, 0.00180948
2356.97, 0.000556728
2277.8, 0.000890095
1858.93, 0.0096044
1238.37, 0.000338876
1649.2, 0.00234564
1059.16, 0.000348254
1203.23, 0.000110767
1252.39, 0.00256766
1385.04, 0.00114289
1840.86, 0.00254358
1633.35, 0.00340319
1735.98, 0.00220935
1214.08, 0.000244748
2160.58, 0.00141789
1563.06, 0.00267079
1534.58, 0.00275042
1955.12, 0.00294413
1396.58, 0.011276
1826.52, 0.00222885
1168.05, 0.000167898
1431.39, 0.00287865
1498.83, 0.00186845
1396.82, 0.00212037
2134.78, 0.00149923
1433.52, 0.00136298
2105.48, 0.00128236
2115.47, 0.00118818
1654.1, 0.00178117
1172.43, 0.000257629
1481.85, 0.00154866
1052.82, 0.000378799
1277.1, 0.000533117
2256.87, 0.00114386
1065.27, 0.000174936
1247.19, 0.000661928
1294.72, 0.000690051
1062.03, 0.00108852
1842.98, 0.00220333
1476.74, 0.00490512
1597.37, 0.00266237
1980.39, 0.00317254
2315.53, 0.000391701
1745.95, 0.0521747
2055.51, 0.00166478
1309.07, 0.000688777
1611.93, 0.00260384
1738.69, 0.00250531
1517.77, 0.00232261
2162.62, 0.00133939
1482.02, 0.00127345
1896.54, 0.00238228
1729.05, 0.00326139
1189.66, 0.000358599
1072.14, 0.000174417
2131.75, 0.00159793
1909.41, 0.00268795
2158.42, 0.00116102
2193.2, 0.00130501
2352.13, 0.000832676
1743.69, 0.00198682
1505.62, 0.00212678
1446.39, 0.00187833
2009.85, 0.0018299
2424.59, 0.00120415
1113.49, 0.00189018
1098.93, 0.000323653
2035.92, 0.00206703
1362.49, 0.00147097
1220.39, 0.000273454
2306.62, 0.000408091
1220.01, 0.000288646
1415.64, 0.00164322
2284.95, 0.000572454
1651.19, 0.00223824
1505.26, 0.00316792
1154.56, 0.000216452
1268.91, 0.000335251
1341.98, 0.000830172
1329.27, 0.000918085
1729.21, 0.00352664
1680.11, 0.00237368
2451.35, 0.00121587
1300.57, 0.00096788
1339.31, 0.00120781
1706.36, 0.00244573
1736.77, 0.00294959
1991.91, 0.00232706
2045.13, 0.0024036
1799.85, 0.00225956
2151.93, 0.00207334
2254.92, 0.000638595
1921.74, 0.0018295
1983.95, 0.0024149
1492.51, 0.00183033
2425.28, 0.000709797
1328.21, 0.000682807
1146.03, 0.000230473
1931, 0.00921103
2303.08, 0.000456553
1312.1, 0.000524336
1890.71, 0.00543767
1681.41, 0.002491
1050.33, 0.000654894
1375.4, 0.00126091
1478.2, 0.00251363
2023.69, 0.00172869
1755.49, 0.0039646
1907.43, 0.0025387
1490.5, 0.00171056
1307.51, 0.000749038
1717.59, 0.00235187
2263.47, 0.000683708
2208.57, 0.00116594
2091.69, 0.00237455
1327.4, 0.00126457
1441.83, 0.00184994
1068.6, 0.000271673
1829.22, 0.0023891
1702.43, 0.00226166
2040.69, 0.00943698
1141.64, 0.000244444
1443.58, 0.00181229
1586.19, 0.00230549
1348.22, 0.00138372
2373.66, 0.000500214
1541.11, 0.00196067
1448.15, 0.00155541
1294.11, 0.000822694
2062.93, 0.00184178
1139.44, 0.000227214
1499.42, 0.00187537
1224.28, 0.000289669
2027.43, 0.001703
2095.9, 0.00198546
1965.98, 0.00201584
2131.34, 0.00203457
1574.38, 0.00238832
2115.46, 0.00192969
2086.17, 0.00130303
2303.78, 0.000769919
1555.36, 0.00314283
1712.3, 0.00218872
1362.46, 0.00115338
1249.05, 0.000653467
1691.18, 0.00231431
1964.53, 0.00203247
1969.76, 0.00227282
1864.31, 0.00248613
1496.57, 0.00184556
1708.08, 0.00231765
1276.66, 0.000549245
2337.74, 0.000729068
1107.85, 0.000554583
1324.14, 0.000832705
1677.4, 0.00246593
1202.44, 0.000139942
1593.06, 0.00317278
1952.42, 0.00210173
1704.96, 0.00236152
2211.75, 0.00088101
2106.67, 0.00156257
1018.57, 0.0005682
2061.89, 0.00194351
1855.23, 0.00668644
2435.2, 0.00106112
2243.23, 0.000791452
1996.76, 0.00330422
1294.15, 0.000674157
1780.78, 0.00764174
1083.81, 0.000248543
1249.96, 0.000287553
1585, 0.00194983
2314.9, 0.000395554
2136.17, 0.00118809
2077.1, 0.0016506
1874.37, 0.00180399
2468.73, 0.00153606
1984.06, 0.00191477
1751.82, 0.00221744
1760.83, 0.00240265
1658.74, 0.00214727
1789.58, 0.00209615
1804.76, 0.00235764
1588.56, 0.00254128
2358.62, 0.000471625
2143.56, 0.00128896
1056.38, 0.000387578
2150.91, 0.00133718
1995.72, 0.00186144
1627.2, 0.00230325
1783.9, 0.00255679
1305.39, 0.00231715
1923.14, 0.00255967
2277.23, 0.000545067
2187.32, 0.00184844
2030.54, 0.00184273
1760.82, 0.00198783
1743.75, 0.00216541
1809.58, 0.00370371
1356.8, 0.000984435
2214.32, 0.00126198
1028.73, 0.000519829
1569.59, 0.00214832
1240.16, 0.000389712
2093.02, 0.00167667
2315.57, 0.00153843
1726.55, 0.00175454
2077.46, 0.0014694
1668.02, 0.00245234
2183.35, 0.00109484
1574.32, 0.00220433
1889.37, 0.0243058
2380.01, 0.00152026
2358.24, 0.000816316
1973.78, 0.00301529
1957.01, 0.01025
1303.08, 0.000745264
2070.36, 0.00194521
1875.88, 0.00262
1571.71, 0.00215992
2426.67, 0.000853813
1434.41, 0.00183738
1607.72, 0.00201386
1146.48, 0.000180047
1869.17, 0.00230597
1375.07, 0.00143773
1770.94, 0.00285069
1526.74, 0.00210266
1910.12, 0.00223539
1520.27, 0.00193456
1117.47, 0.0002419
1845.72, 0.00514126
1606.57, 0.00311625
1384.76, 0.00154991
1413.4, 0.00130954
2126.78, 0.00116993
1670.2, 0.00226361
1579.11, 0.00533014
2194.36, 0.000996929
2149.41, 0.00169489
1862.1, 0.00405176
1258.92, 0.000394489
1632.23, 0.00339853
1707.15, 0.00400445
1538.71, 0.00155849
1209.57, 0.00035476
2273.5, 0.000658833
2370.86, 0.00082602
1065.27, 0.000732799
1476.64, 0.00198036
2177.87, 0.00138111
2057.59, 0.0013545
2469.75, 0.00129708
2173.94, 0.00124662
1399.9, 0.00133419
1808.55, 0.00263097
2231.89, 0.00106582
2247.98, 0.000873734
2074.46, 0.00327501
1998.95, 0.00217122
1305.56, 0.000673564
1463.97, 0.00163389
1965.51, 0.00183979
1763.36, 0.00308981
2301.32, 0.000449921
1681.82, 0.0024847
1157.04, 0.000192459
2136.03, 0.00179561
1230.86, 0.000284447
1416.99, 0.00133869
2184.32, 0.00128767
2197.09, 0.00113881
1513.95, 0.0043878
2467.34, 0.000980141
1697.45, 0.00264865
2034.42, 0.00180266
2356.09, 0.00101356
1345.74, 0.00124608
1519.34, 0.00179107
1926.24, 0.00552458
1633.58, 0.00248996
1353.09, 0.000867745
2351.23, 0.000605664
2391.65, 0.00116563
1203.15, 0.000168468
1065.35, 0.000283712
1754.12, 0.00319836
2010.97, 0.00166492
1158.38, 0.000344496
1760.69, 0.00240533
1776.84, 0.00323444
1126.13, 0.000619094
2160.9, 0.00138477
1962, 0.00597155
1538.76, 0.00238939
2484.55, 0.000987583
1131.93, 0.000201252
1563.01, 0.00396833
1045.98, 0.000431318
2034.5, 0.00211411
1343.03, 0.00127595
1310.92, 0.000778517
2440.21, 0.00740918
1091.58, 0.000700642
2448.31, 0.00375954
2138.3, 0.00140698
2094.15, 0.00133085
2011.15, 0.00191606
2350.89, 0.00051231
1352.23, 0.000918757
1704.23, 0.00255786
1327.27, 0.00116698
1836.06, 0.00218915
2154.88, 0.00147998
2028.09, 0.00200039
1561.2, 0.00213505
2114.16, 0.00125274
1359.68, 0.00108035
1139.07, 0.000228709
1586.92, 0.00232904
2077.15, 0.00267003
2427.37, 0.000906931
2483.35, 0.00154027
2452.09, 0.000986291
1713.49, 0.00216791
1907.18, 0.00210312
2087.16, 0.00276664
2431.78, 0.000720528
2487.41, 0.00213458
1717.87, 0.00394449
2029.89, 0.00176618
1811.7, 0.00289527
1746.6, 0.00237236
1801.76, 0.00204027
1315.01, 0.00102396
1935.73, 0.0021713
1442.78, 0.00137557
1412.1, 0.00169305
1813.3, 0.00255023
1254.82, 0.000431682
1445.18, 0.0026703
2074.48, 0.00138133
1858.22, 0.00210728
1384.13, 0.00104721
1541.11, 0.00235693
2468.13, 0.00099806
1999.6, 0.00203412
1036.49, 0.000268621
1697.73, 0.00328477
1310.42, 0.000511859
2306.9, 0.000404588
2271.55, 0.000562104
1793.87, 0.00271822
1754.83, 0.00281037
1710.67, 0.00286848
2105.45, 0.00188282
1705.99, 0.00264779
2184.76, 0.00119433
1644.58, 0.00252501
2259.1, 0.000714011
2115.44, 0.00137853
2406.77, 0.000856287
2106.93, 0.00176236
2006.64, 0.00170071
1259.18, 0.000508933
1705.95, 0.00303565
2247.92, 0.000693707
2317.39, 0.000403548
1871.65, 0.0025834
1315.78, 0.000937448
1942.41, 0.00346473
2319.04, 0.000663218
2238.56, 0.000754513
1822.8, 0.0182944
1317.08, 0.000768383
1610.85, 0.00212286
1443.12, 0.00181426
1026.68, 0.000299396
2002.04, 0.00191513
2274.84, 0.000591846
2417.67, 0.000411457
1103.08, 0.000496356
1351.99, 0.00121242
1171.66, 0.000171028
1400.17, 0.00165138
1292.96, 0.000630592
2275.18, 0.000544993
1635.8, 0.00221017
1823.81, 0.00193568
1264.59, 0.000819079
1365.99, 0.00110916
1935.97, 0.00221769
1649.75, 0.00424319
1778.98, 0.00244743
2432.55, 0.00105672
1422.11, 0.00176311
2119.41, 0.00161658
1583.44, 0.00196532
1432.09, 0.00248552
1632.17, 0.00359154
1869.74, 0.00240735
1605.32, 0.00227274
1545.59, 0.00245429
1079.68, 0.000346578
1306.17, 0.00060012
1144.21, 0.00026064
1938.28, 0.00192153
1086.94, 0.0001966
2482.38, 0.00150749
1182.43, 0.000152588
1523.9, 0.00197335
1564.91, 0.00235356
1223.13, 0.000204219
2171.39, 0.0017207
1302.88, 0.000881704
1766.68, 0.00238985
1093.55, 0.00115631
2067.6, 0.00203499
1114.28, 0.00062372
1147.17, 0.00034166
1501.68, 0.00190259
2156.51, 0.00106928
2183.55, 0.00154331
1822.92, 0.00223396
1944.34, 0.00245784
2100.6, 0.00181739
1857.65, 0.00363844
1888.14, 0.00217982
1601.9, 0.00244432
1094.66, 0.000476264
1976.26, 0.0020201
2081.54, 0.00161447
1010.79, 0.000516916
2194.9, 0.000941564
1821.95, 0.00515146
1620.89, 0.00267724
2343.28, 0.00054774
1441.91, 0.00151279
2371.84, 0.000631247
2009.93, 0.00186542
2329.24, 0.000481205
1327.42, 0.0011045
1373.56, 0.00135084
1814.93, 0.00230514
1219.14, 0.0014617
1233.53, 0.000318247
1580.67, 0.00188336
1078.79, 0.000749626
1349.74, 0.0010445
2289.82, 0.000886219
1766.01, 0.00248457
1579.19, 0.00213292
1241.93, 0.000586799
1693.26, 0.00582327
1887.79, 0.00214561
1630.1, 0.00200763
2031.65, 0.00187262
1993.48, 0.00297424
2026.86, 0.00176726
2083.84, 0.00223404
1294.93, 0.000954156
2192.65, 0.000994784
2435.96, 0.0018446
1081.64, 0.00040752
1353.24, 0.00145659
1704.66, 0.00221886
2356.57, 0.000497981
1568.26, 0.00204201
2306.6, 0.000571475
2209.62, 0.00146404
1158.69, 0.000322745
2211.46, 0.000854794
2062.45, 0.00281431
1385.37, 0.00163405
2123.79, 0.00118223
1290.94, 0.00100822
1715.24, 0.00209796
2402.06, 0.00136194
2027.87, 0.00180781
1055.25, 0.000272849
1706.45, 0.0023058
2323.48, 0.000441786
2280.42, 0.000605352
1277.19, 0.000865437
2496.89, 0.00135073
1605.56, 0.00173424
1220.78, 0.000289155
1324.26, 0.000864772
1046.73, 0.000363359
2146.09, 0.00202749
2118.21, 0.00109021
1602.8, 0.00194847
2342.25, 0.000807449
1615.5, 0.00231477
1790.38, 0.00200143
1081.49, 0.000639116
1286.14, 0.000602962
1510.82, 0.00241333
1842.47, 0.00246474
1401.46, 0.00128495
1503.52, 0.00184641
2139.55, 0.00113021
1054.73, 0.000379787
2114.59, 0.00109672
2077.24, 0.00146778
1218.39, 0.000198862
1965.36, 0.00202082
2075.6, 0.00141039
1815.16, 0.00248869
1241.71, 0.000348826
1581.01, 0.0107772
1252.96, 0.000440905
1729.21, 0.00434114
2447.17, 0.00102146
1805.6, 0.00226308
1466.73, 0.00332102
2304.86, 0.000413013
1112.7, 0.000344071
2489.81, 0.00189254
1427.83, 0.00235254
1311.76, 0.000766734
2000.93, 0.00187051
1740.15, 0.0043369
2260.26, 0.000584854
1480.99, 0.00234137
2188.61, 0.00129274
2068.26, 0.00148345
2225.99, 0.00104675
1290.05, 0.000719693
2387.52, 0.000864703
2030.53, 0.00287371
1735.03, 0.00247614
1371.21, 0.00150872
1078.16, 0.000951152
1774.39, 0.00250264
1025.36, 0.000309179
1545.92, 0.00168898
1600.43, 0.0024422
1758.88, 0.00250727
2408.65, 0.000883056
1945.95, 0.00234077
1293.54, 0.000653005
1815.62, 0.0157919
1887.79, 0.0272683
2167.76, 0.00129989
2204.38, 0.00318936
1868.39, 0.00240245
2109.1, 0.00101452
1601.87, 0.00206449
1980.01, 0.0018932
1040.41, 0.00119273
2369.92, 0.0010419
1453.48, 0.00185204
1065.89, 0.000188286
2285.22, 0.000502022
2449.51, 0.000875612
2306.71, 0.000531776
1950.73, 0.00644756
1372.16, 0.00110704
1606.69, 0.00305686
2023.04, 0.00172257
1739.36, 0.0024372
2228.32, 0.000850422
1105.81, 0.000690643
1973.3, 0.00334216
1421.46, 0.00180738
1875.37, 0.00239162
1044.48, 0.000173397
1261.9, 0.000436361
2374.48, 0.000665483
1600.78, 0.00176557
1859.7, 0.00264802
1542.76, 0.00212067
1242.89, 0.00055252
1168.87, 0.000251181
2263.21, 0.000609261
1173.44, 0.000181582
1263.11, 0.000372092
2209.94, 0.00165823
1898.24, 0.00424671
1864.17, 0.00230945
2071.12, 0.00164296
2405.94, 0.000778953
2158.14, 0.0011506
1603.51, 0.00228659
2468.99, 0.00171152
1726.84, 0.00234115
1979.65, 0.00215006
2228.58, 0.00123261
1562.07, 0.00290163
2116, 0.00162155
2139.97, 0.00151259
1256.77, 0.000420732
1753.81, 0.00289135
1188.43, 0.000168471
2131.37, 0.00128885
1305.93, 0.000771088
2484.92, 0.0013121
2095.19, 0.00150624
2040.7, 0.00452611
2014.5, 0.00160836
1629.2, 0.00245975
1370.76, 0.000961651
1540.34, 0.00242604
1897.83, 0.00232431
1838.75, 0.0029434
2116.67, 0.00125492
1521.14, 0.00191729
1813.91, 0.00260853
2261.32, 0.000950526
1370.01, 0.00097836
1891.63, 0.0019053
1975.06, 0.00187785
2308.25, 0.000361933
2062.69, 0.00161279
1251.14, 0.000681694
1066.64, 0.000175494
1086.89, 0.000741127
2051.42, 0.00452399
1945.28, 0.0020208
2217.77, 0.00118668
1731.01, 0.00240662
1816.08, 0.00293672
1857.86, 0.00285264
1198.55, 0.000278238
2192.51, 0.000864612
2477.4, 0.00166433
1899.07, 0.00194422
1030.47, 0.000165938
2290.7, 0.0006508
2349.68, 0.00317603
1901.99, 0.0021542
2366.06, 0.000491471
2322.77, 0.000416563
2055.32, 0.00191181
2280.2, 0.00052547
1866.95, 0.00164867
2396.68, 0.000741973
1870.33, 0.00182761
2071.55, 0.00148882
2387.41, 0.000571306
1093.63, 0.000287459
1392.99, 0.00150806
1281.54, 0.000515999
2059.44, 0.00167206
1952.99, 0.00233727
1721.88, 0.00247131
1608.21, 0.00259083
1858.29, 0.00222532
1037.79, 0.000347489
1075.77, 0.000402535
1406.62, 0.00246898
1099.8, 0.000230759
2106.79, 0.00148289
2378.14, 0.000652792
2071.36, 0.00175962
2373.96, 0.000986148
1769.35, 0.00229837
1384.86, 0.00130631
1879.67, 0.00192949
2202.21, 0.000908232
1522.82, 0.0019647
1883.68, 0.00400435
1490.88, 0.00177149
1837.3, 0.00247807
1110.71, 0.000876928
2431.31, 0.000741342
1849.99, 0.00237363
1774.98, 0.00161729
2485.6, 0.00280109
1378.52, 0.00206936
1623.29, 0.00357847
1932.31, 0.00288624
2149.03, 0.00117513
1365.74, 0.00117607
2145.95, 0.00160585
2119.34, 0.00138684
1642.36, 0.00316514
1769.79, 0.00260334
1217.74, 0.000199186
1241.17, 0.000300937
1915.24, 0.00724711
1518, 0.00155086
1461.78, 0.00183596
1845.87, 0.0020062
1937.91, 0.00380602
2023.24, 0.00159094
1005.75, 0.000193424
1378.38, 0.00127006
1214.46, 0.000201389
1845.22, 0.00245533
1682.8, 0.00271541
1752.42, 0.00252519
1387.52, 0.00135578
1479.66, 0.00218526
2469.72, 0.00100605
1823.7, 0.00209606
1824.01, 0.0021931
1148.33, 0.000293137
2373, 0.000636682
1997.35, 0.00215265
1833.33, 0.00212415
1513.63, 0.00144307
1816.77, 0.00277591
1273.43, 0.000788394
2109.11, 0.00136419
1149.39, 0.000272142
2290.66, 0.000551976
2121.4, 0.00146476
2479.77, 0.000986521
1117.79, 0.000395879
1202.24, 0.000147491
1166.44, 0.000733773
1671.31, 0.00266761
1219.24, 0.000224143
1217.15, 0.000234388
1233.7, 0.000433364
2457.85, 0.00121075
1909.31, 0.00268444
1652.27, 0.00404719
2182.43, 0.00139271
2281.42, 0.000562772
2094.96, 0.00155696
1115.22, 0.000647396
2021.77, 0.00183554
1190.13, 0.000134031
1649.64, 0.00242017
2308.18, 0.000376726
2253.97, 0.000653066
1399.2, 0.00175861
1508.63, 0.00251388
1036.29, 0.000472784
1276.39, 0.00169454
1841.5, 0.00258345
1093.04, 0.000543323
2281.91, 0.000535138
2486.51, 0.00318555
1205.63, 0.000139138
1298.43, 0.000718598
1829.09, 0.00318967
2015.61, 0.00184897
1261.72, 0.000323162
2311.78, 0.000413303
1090.99, 0.00264654
1657.79, 0.00249686
1995.82, 0.00561779
2132.41, 0.00190011
2015.84, 0.00211816
2408.41, 0.000853535
2341.94, 0.00046589
2157.87, 0.0015042
2047.22, 0.00148858
1345.56, 0.00126251
2169.61, 0.00112526
1365.14, 0.000997227
1588.02, 0.00228759
2234.52, 0.00109719
1747.63, 0.0031597
2111.89, 0.0013362
2499.44, 0.00113864
1696.88, 0.00207745
1899.45, 0.00248607
1184.02, 0.000221228
1920.66, 0.00281959
1027.11, 0.0012837
1440.34, 0.00180844
1667.06, 0.00261715
1197.24, 0.000140933
1658.47, 0.00238675
2341.15, 0.000424262
1815.4, 0.00336565
1426.23, 0.00179904
2237.62, 0.000864875
2447.11, 0.00133323
1629.71, 0.00211282
2157.13, 0.00118861
1809.68, 0.00269008
1660.86, 0.00184068
1662.62, 0.00526505
1675.21, 0.00221715
1551.26, 0.00164963
2112.22, 0.00162882
1101.48, 0.000577981
1263.89, 0.000493057
2254.92, 0.000740576
2062.09, 0.00183567
1017.54, 0.00158624
1014.51, 0.000598924
2418.53, 0.00108674
1921.66, 0.00247599
1452.44, 0.00192174
1085.91, 0.000337015
1101.93, 0.000279976
2383.01, 0.00280489
2055.62, 0.00194625
1337.01, 0.00559843
2341.44, 0.000382715
1779.34, 0.00316425
2458.39, 0.00100101
1228.25, 0.000278886
2000.34, 0.00438228
1867.25, 0.00531603
1558.91, 0.00243315
2222.48, 0.000765166
1111.34, 0.000348622
1239.83, 0.000150991
2282.18, 0.000482856
1688.65, 0.00259459
2204.83, 0.00108375
2107.67, 0.00151539
2211.05, 0.000904253
1164.81, 0.000322595
1660.66, 0.00231621
2263.25, 0.000699751
1886.38, 0.00257116
2332.93, 0.000587274
1606.81, 0.00243929
1075.1, 0.000307082
1342.85, 0.00135722
1641.1, 0.00197561
2141.2, 0.00166261
2169.15, 0.00116205
1160.1, 0.000155141
2071.3, 0.00193149
2428.94, 0.000960576
2113.91, 0.00161534
1349.44, 0.00232869
1279.02, 0.000372055
2270.89, 0.000624045
1718.36, 0.0117519
1349.45, 0.0022095
2468.34, 0.00154803
1186.96, 0.000134051
1581.71, 0.00157061
2343.32, 0.000769757
2008.75, 0.00160916
1593.9, 0.0026926
1874.82, 0.0024668
1106.89, 0.000450235
1498.58, 0.00165173
1940.88, 0.0025484
2394.93, 0.00091336
2195.37, 0.00111683
1854.15, 0.004659
1387.79, 0.0018357
1594.5, 0.00198394
1877.17, 0.00200845
2073.45, 0.00478367
2434.15, 0.00181842
1970.42, 0.00197448
1896.54, 0.00635762
2355.62, 0.000630844
2201.07, 0.000989664
1689.01, 0.00417042
1856.37, 0.00332913
1275.05, 0.000953858
2495.92, 0.00130114
2390.28, 0.000841888
1743.08, 0.00296415
2245.93, 0.00415075
1037.33, 0.000404084
2282.72, 0.00111445
1502.45, 0.0023841
2331.27, 0.000324465
1866.49, 0.00221362
1613.06, 0.00220459
1527.34, 0.00307958
1416.07, 0.002377
1664.93, 0.00267263
1584.78, 0.0021996
1291.03, 0.000692702
2421.52, 0.0012305
1799.75, 0.0021866
1678.52, 0.00373301
1198.62, 0.000159923
1629.48, 0.00590031
1391.33, 0.00141918
1294.33, 0.000936725
1425.39, 0.00223505
1316.76, 0.000804137
1135.78, 0.000537554
2425.67, 0.00120773
1753.43, 0.00420698
1837.73, 0.00259157
1660.84, 0.00244563
2200.31, 0.000987897
1407.61, 0.00172128
1145.79, 0.000170643
1225.8, 0.000304953
1307.38, 0.000760716
2375.52, 0.00103873
2103.89, 0.00139712
1061.15, 0.000215734
1463.21, 0.00183293
1683.7, 0.00512384
1493.8, 0.00205069
1208.56, 0.000117248
2444.34, 0.0010151
2445.72, 0.00281742
1415.68, 0.0017804
2390.57, 0.00175767
2356.38, 0.000496688
1714.61, 0.00214404
1362.61, 0.00141025
1051.89, 0.000204019
1642.16, 0.00188837
2069.04, 0.00187874
1877.32, 0.00367702
1698.13, 0.00303221
1689.91, 0.00235796
1546.89, 0.00354778
2028.76, 0.0024971
2483.34, 0.00124124
2454.39, 0.00220325
1276.51, 0.000482154
2328.74, 0.000470123
1582.72, 0.00206836
2324.44, 0.000413978
1481.59, 0.00220896
1557.99, 0.00212554
1007.9, 0.000407919
1043.9, 0.000342479
1843.63, 0.00223082
2237.41, 0.000759768
1685.71, 0.00157919
2325.42, 0.000311875
1176.43, 0.000179016
1233.48, 0.000284282
1948.76, 0.00212909
1632.25, 0.00239639
1105.96, 0.000310782
1439.34, 0.00182996
2097.74, 0.00137464
2243.02, 0.000717395
1583.02, 0.0021157
2453.24, 0.000996742
2121.02, 0.00157172
1851.59, 0.00500346
2276.2, 0.000594297
2292.43, 0.00052198
1120.65, 0.000297723
2048.03, 0.00150804
2226.69, 0.00128957
1525.62, 0.00216394
1104.99, 0.0006976
1817.41, 0.00334616
1282.64, 0.00070877
1206.97, 0.000166006
2397.12, 0.00192086
1393.06, 0.00131574
2236.85, 0.000849593
1435.22, 0.00198842
2034.48, 0.00210437
1467.76, 0.00177121
1653.33, 0.00333497
1666.26, 0.0023205
2399.07, 0.00100379
2095.61, 0.00158765
2285.23, 0.000555912
1851.29, 0.00338416
2275.3, 0.000519751
1612.59, 0.00195093
2433.79, 0.000818042
1139.48, 0.000311851
1027.09, 0.0153654
1271.76, 0.000498667
1695.18, 0.00413086
1437.43, 0.000740849
2063.48, 0.00134421
1291.31, 0.000531666
1756.23, 0.00239253
1636, 0.00295706
1713.74, 0.00255792
1222.03, 0.000386779
2149.51, 0.00182586
1416.06, 0.00192896
1483.53, 0.000808665
1679.24, 0.00242378
1433.77, 0.00227094
2463.65, 0.00127064
1388.23, 0.00111549
1237.46, 0.000386622
1289.89, 0.000638284
1739.54, 0.00263632
1001.87, 0.000405822
1439.68, 0.00188385
2326.06, 0.000344569
2356.3, 0.00234877
1613.85, 0.00297812
1471.14, 0.00144769
2353.07, 0.000573012
1221.38, 0.000420264
1277.11, 0.000393702
2270.07, 0.000500937
1980.24, 0.00346755
2134.26, 0.00129479
2362.36, 0.000612654
2322.16, 0.000597157
1251.72, 0.000366406
2083.98, 0.00130309
1867.64, 0.00814066
1007.56, 0.000222502
1197.4, 0.000131905
2447.08, 0.000984074
1033.15, 0.000356674
1842.6, 0.00167695
1739.3, 0.00497101
2200.76, 0.000922057
1804.43, 0.00455238
1289.07, 0.000688648
1695.27, 0.00230576
1623.33, 0.00779779
1242.96, 0.000418553
1208.37, 0.000211272
1014.34, 0.00081223
2350.1, 0.000627572
1593.07, 0.00272954
1094.96, 0.000311732
2365.73, 0.0272926
2021.74, 0.00158039
1176.77, 0.000191837
1207.56, 0.000217718
1888.25, 0.00278497
1019.09, 0.0008661
1722.14, 0.00525456
1239.76, 0.000400672
2352.84, 0.000472889
2322.59, 0.000381966
2170.97, 0.00118074
1475.73, 0.00236734
1593.52, 0.00280591
1926.06, 0.0023629
2067.81, 0.00174655
1925.34, 0.00384881
2009.67, 0.00207434
1835.95, 0.00238157
1648.61, 0.00367093
1208.43, 0.00026406
1876.08, 0.00246624
1785.46, 0.00280947
1413.3, 0.00170558
2025.87, 0.00207508
1821.37, 0.00247632
2015.24, 0.00194452
1570.56, 0.00241896
2091.84, 0.00146831
2073.12, 0.00605023
1195.58, 0.000144874
1856.41, 0.00219471
2135.64, 0.00138422
1861.83, 0.00201903
2406.39, 0.000960997
1487.77, 0.00318592
2009.43, 0.00171739
1047.65, 0.00055317
1514.73, 0.00199141
1368.26, 0.00148205
2462.06, 0.00112017
1495.21, 0.00189161
2226.22, 0.000867772
1738.62, 0.00273794
1091.72, 0.000206558
1687.26, 0.00670756
1967.6, 0.00173135
1258.52, 0.00051702
1707.72, 0.00216861
1411.52, 0.00163702
1362.71, 0.00125961
1770.2, 0.0190446
1722.52, 0.00262131
1364.86, 0.00119219
2012.94, 0.00193364
2077.93, 0.00481757
1164.72, 0.000224738
1337.09, 0.00101153
2025.34, 0.0018475
1693.34, 0.00161324
2136.69, 0.00296313
1817.84, 0.00216202
1704.61, 0.0044365
1593.9, 0.00293062
2029.54, 0.00203438
1129.6, 0.000246068
1794.4, 0.0022573
1277.66, 0.000576981
1866.81, 0.00233228
2219.95, 0.00296932
2392.42, 0.00115056
2354.56, 0.00040362
2223.83, 0.00443633
1835.21, 0.00209696
2110.54, 0.00131803
1968.79, 0.0255921
1264.01, 0.000325571
1870.24, 0.00212274
2317.44, 0.000401527
1890.06, 0.00273657
2432.27, 0.000980325
2483.24, 0.00153707
2405.21, 0.000700058
2118.8, 0.00135901
1590.29, 0.00281613
1880.86, 0.00259603
2246.4, 0.000723903
1679.52, 0.00247057
1249.64, 0.000395029
1261.33, 0.000416413
1248.93, 0.000796185
1178.73, 0.000435005
1669.69, 0.00224255
1253.28, 0.000477643
1365.37, 0.00097212
1202.19, 0.000135832
1833.82, 0.00227329
1281.78, 0.000781571
1995.43, 0.00286713
1083.92, 0.000584812
2295.8, 0.000417964
1754.2, 0.00313388
2431.88, 0.000963347
2191.29, 0.000846276
2372.28, 0.000508179
1108.31, 0.000182313
2020.36, 0.00180973
1382.75, 0.00120185
2407.59, 0.000796653
1299.61, 0.000739439
1777.08, 0.00974214
1773.78, 0.00247999
1070.72, 0.000620703
2236.93, 0.000721635
1622.65, 0.00260872
2033.83, 0.00180359
1404.98, 0.00144729
1736.02, 0.00191551
1508.23, 0.00169519
1395.15, 0.00134431
2351.34, 0.000483064
1919.58, 0.00229812
1510.81, 0.00200573
1424.83, 0.00129053
1888.7, 0.00224804
1130.79, 0.000217348
1935.17, 0.0024261
2381.76, 0.000591102
1280.43, 0.000643464
2370.19, 0.000491747
1343.78, 0.00140565
1705.7, 0.0124774
1163.69, 0.00021095
1898.04, 0.002218
1156.64, 0.000282673
1629.71, 0.00235
1645.27, 0.00237884
2298.03, 0.000553907
1463.68, 0.00192412
1729.52, 0.00241363
2351.92, 0.0015206
2231.55, 0.00072091
1358.37, 0.000723778
1106.83, 0.000279308
2190.47, 0.000943165
1314.32, 0.00105885
1190.07, 0.000337641
1247.81, 0.000448442
2386.56, 0.000683579
1168.49, 0.000255692
1155.53, 0.000306759
1637.62, 0.045862
2225.59, 0.00110182
1692.08, 0.00382697
1137.44, 0.000338822
1822.74, 0.00219876
1806.29, 0.00225611
1516.89, 0.00315693
1763.13, 0.00234613
2069.68, 0.00179056
1986.06, 0.00212871
1195.86, 0.000117364
2180.85, 0.00294754
1334.31, 0.00146654
1513.21, 0.00225628
1761.96, 0.0025607
1037.63, 0.000376662
1111.51, 0.000399161
1435.04, 0.00155136
1798.57, 0.00243357
1987.34, 0.00229363
1208.28, 0.000263711
1165.3, 0.000178541
1045.3, 0.000337444
2337.5, 0.000605584
1538.63, 0.00222895
1434.4, 0.00175662
2000.78, 0.00468746
1914.98, 0.00232731
2396.42, 0.000907524
1738.28, 0.00159387
1902.73, 0.00202234
1937.6, 0.0025288
2227.67, 0.000900889
1677.63, 0.00253143
1808.14, 0.00274122
2473.09, 0.00287428
1526.36, 0.0031837
1399.04, 0.00167475
1545.23, 0.00248085
1125.35, 0.000323048
2348.52, 0.000502886
2335.4, 0.000367841
2140.75, 0.00273024
2056.73, 0.00220747
2380.35, 0.000705211
1830.24, 0.00482574
1005.2, 0.00036619
2249.61, 0.000658058
1944.15, 0.00220336
2362.79, 0.000980931
1031.08, 0.000472679
1840.56, 0.00211363
1652.16, 0.00374284
2387.41, 0.00083995
2486.58, 0.0011792
1560.94, 0.00212195
1066.69, 0.00354161
1991.01, 0.00263448
2154.72, 0.00120126
1543.41, 0.00256558
1980.22, 0.00294506
1774.41, 0.00347036
1009.36, 0.000719951
1504.01, 0.00237063
1664.02, 0.00234637
1958.69, 0.00217288
1347.24, 0.000892377
1441.38, 0.00172663
1124.75, 0.000393103
1962.34, 0.00206695
1268.83, 0.00289114
1131.46, 0.000380166
1730.83, 0.00471481
2070.79, 0.00184041
1851.71, 0.00237001
2443.56, 0.00117535
2018.25, 0.00166439
1431.24, 0.00185064
1863.91, 0.00254348
1423.59, 0.00107903
1710.24, 0.00311314
1896.63, 0.00336025
1468.65, 0.00156833
1921.92, 0.00190091
1294.26, 0.000768311
1662.69, 0.0024687
2203.08, 0.000883477
1282.67, 0.000652263
1435.84, 0.00200996
1247.61, 0.000427172
2395.98, 0.000850955
2100.5, 0.00570856
1606.45, 0.00266363
1235.33, 0.000376728
1725.86, 0.0029155
1420.55, 0.00240211
1390.27, 0.00147713
2347.15, 0.000406768
1608.11, 0.00213233
1392.87, 0.00170228
1960.6, 0.00200129
1570.55, 0.00343789
2223.4, 0.00100287
2275.37, 0.000603003
2400.7, 0.00141391
1953.6, 0.00465008
1485.33, 0.00166059
2397.43, 0.000658142
2082.83, 0.00152223
2400.31, 0.00115708
1334.23, 0.00127143
1388.64, 0.00120396
2146.56, 0.00149071
1081.76, 0.000365255
1254.04, 0.000458685
1351.44, 0.00108565
1288.66, 0.000566428
2005.37, 0.00254471
1227.8, 0.000212243
2490.83, 0.00182534
1228.66, 0.000202568
2142.2, 0.0611692
1205.49, 0.000169768
1680.83, 0.00587079
2267.35, 0.000742719
1262.95, 0.000353901
1735.96, 0.00264551
2325.55, 0.000325905
1519, 0.00190592
1847, 0.0024462
1468.12, 0.00194109
1322.71, 0.00109125
2216.31, 0.00106188
1065.21, 0.000471495
1231.71, 0.000304028
1250.79, 0.000900942
2389.13, 0.000399359
2056.62, 0.00115682
2153.27, 0.00117426
2186.94, 0.00116609
1404.55, 0.000989104
2449.14, 0.00185173
2011.63, 0.00222317
1994.79, 0.00301271
1336.2, 0.000810078
1925.49, 0.00246867
1078.63, 0.000324643
2408.81, 0.00155833
2003.31, 0.00225045
1839.06, 0.00375417
2303.29, 0.000463661
2385.88, 0.00101159
2290.07, 0.000483954
2313.72, 0.000328869
2047.39, 0.00219385
1327.33, 0.000716205
2020.61, 0.00229936
2178.41, 0.00110613
1194.43, 0.000144444
1824.28, 0.00220029
2132.85, 0.00117885
1561.71, 0.0020713
1389.21, 0.000732272
1997.81, 0.00433801
2377.78, 0.0011351
2253.57, 0.00107902
1949.59, 0.00216679
2034.95, 0.00217378
1723.69, 0.00249486
1404.27, 0.00174684
2116.61, 0.00170958
2416.63, 0.0011483
1585.29, 0.00291685
2412.79, 0.000673397
1437.08, 0.00177495
1025.09, 0.000154481
1430.77, 0.00141344
2423.5, 0.00135982
1998.56, 0.00238224
1825.8, 0.0024193
1340.63, 0.00238335
1405.12, 0.00139609
2356.7, 0.00133402
1861.28, 0.00246438
2183.57, 0.00118584
2319.2, 0.000909859
1741.01, 0.0272408
1286.31, 0.000563705
2305.92, 0.000361426
1688.87, 0.00234491
1897.47, 0.00223143
1170.14, 0.000155355
1875.2, 0.0030395
1671.1, 0.00522488
2213.86, 0.000843826
1535.4, 0.00195226
2422.38, 0.000595638
1460.93, 0.00187556
1012.76, 0.000201481
2395.05, 0.00164985
1002.68, 0.000660593
1676.61, 0.00911396
1851.82, 0.00231983
1061.42, 0.000585212
1783.82, 0.00249008
2152.6, 0.00131664
1599.59, 0.00238293
1955.92, 0.0020676
1900.52, 0.00194354
2002.54, 0.00173724
1681.4, 0.00247787
1853.94, 0.00243337
2405.08, 0.000778705
1088.68, 0.000514864
1824.87, 0.00203414
1005.14, 0.000439078
1845.45, 0.00279731
1821.89, 0.00200532
1272.25, 0.000715581
2043.96, 0.00172832
2433.04, 0.000819009
1434.08, 0.00156028
1116.64, 0.000575476
2238.83, 0.000772729
1386.09, 0.00105275
1438.72, 0.00143436
2100.26, 0.0013971
1268.61, 0.000591327
1364.08, 0.000899599
2164.4, 0.00103024
1054.6, 0.000557689
1375.8, 0.000818346
1172.55, 0.000151198
2446.02, 0.000898688
2441.32, 0.00114504
1547.87, 0.00169893
1503.51, 0.00124843
2347.16, 0.000561681
1602.59, 0.00234116
1904.43, 0.00261619
1880.22, 0.00228856
2256.24, 0.00139473
2056.37, 0.00165894
1739.96, 0.00218283
2281.05, 0.000769124
1930.52, 0.00501587
1116.03, 0.000413767
1629.72, 0.00235699
1844.31, 0.00242797
2338.61, 0.000545885
1820.28, 0.0023728
2316.11, 0.000480907
1726.55, 0.00230616
2191.87, 0.00106531
1398.44, 0.00135328
1350.09, 0.001063
2073.69, 0.00207843
1764.58, 0.00268358
1296.61, 0.00247115
1431.7, 0.00241015
2428.27, 0.00082275
1958.88, 0.00207329
1952.67, 0.00223125
1413.08, 0.00156969
2404.96, 0.000694529
1598.43, 0.00248455
1198.82, 0.000131836
1837.12, 0.00225011
2449.06, 0.00184639
2464.03, 0.00107927
1484.39, 0.00167112
1489.07, 0.00192534
1177.78, 0.000163271
2386.56, 0.000648156
1622.65, 0.00247774
1634.49, 0.00201444
2153.53, 0.00125814
1183.12, 0.000100798
2251.55, 0.00214075
2126.38, 0.00136066
2169.73, 0.00132025
1902.96, 0.00225229
2206.11, 0.00123085
1625.06, 0.00267626
1885.82, 0.00225747
1085.32, 0.000298334
2176.55, 0.00098965
1015.12, 0.000391225
1095.7, 0.000349094
1873.18, 0.0027953
1055.24, 0.00107466
1467.31, 0.00212288
2299.48, 0.000506442
2458.09, 0.000802634
1439.99, 0.001378
1021.19, 0.000738165
2089.89, 0.00256328
1865.17, 0.00238805
1650.95, 0.000710451
1308.67, 0.00112946
2443.36, 0.00092744
2090.22, 0.00150641
1311.96, 0.000472642
2431.14, 0.00157162
1290.99, 0.000743318
1058.91, 0.000564805
1393.35, 0.00112283
1149.52, 0.000369747
1330.03, 0.000808775
1450.59, 0.00165532
2119.63, 0.00141889
1947.29, 0.00590398
1374.7, 0.000881932
2318.6, 0.000590367
2394.56, 0.00470323
1447.6, 0.00144194
1732.74, 0.00186028
1827.92, 0.00220426
1179.68, 0.000233406
1064.78, 0.00110261
1982.08, 0.00178699
1324.76, 0.000743259
1732.88, 0.00182437
2294, 0.000986831
1159.89, 0.000256952
1238.84, 0.000443135
1478.99, 0.00316615
2275.16, 0.000642718
2010.56, 0.00182281
1565.62, 0.00263365
1420.23, 0.00148017
1238.25, 0.000441817
1708.97, 0.00247175
1930.22, 0.00260409
2178.32, 0.00115694
1212.79, 0.000180162
1337.8, 0.000975323
2205.33, 0.00127488
2303.99, 0.000532094
2079.36, 0.00192763
1840.48, 0.0052946
1580.48, 0.00276893
1396.66, 0.00139228
1163.09, 0.000269363
1832.54, 0.00257784
2073.92, 0.00157627
2056.93, 0.0034632
2149.65, 0.00106918
1315.56, 0.00051415
1716.92, 0.00216444
1260.03, 0.000393501
2088.09, 0.0016433
1405.64, 0.00119446
1964.75, 0.00523498
2006.01, 0.00189498
1650.83, 0.00245496
2449.25, 0.000920868
2134.8, 0.00108913
1898.44, 0.0023729
2072.19, 0.00475433
1525.48, 0.00164539
1357.71, 0.00134359
1093.8, 0.000353003
1194.49, 0.000117749
1644.42, 0.00214103
1128.4, 0.00027178
1533.84, 0.00216301
1384.82, 0.00118438
1589.05, 0.00249317
1777.31, 0.0020585
1996.35, 0.00219635
2452.56, 0.00137245
2240.18, 0.000684486
2193.49, 0.00136708
1671.26, 0.00236072
2345.97, 0.000527449
1960.76, 0.00566046
1314.1, 0.000885394
2394.28, 0.000723749
1043.72, 0.000297712
1221.1, 0.000304349
1060.97, 0.000351956
1303.28, 0.000935904
1804.77, 0.00230174
2314.54, 0.00033932
2126.06, 0.00181268
2178.47, 0.00154242
2089.83, 0.00212227
2367.18, 0.000630647
2364.4, 0.00106925
2361.5, 0.00084702
1487.95, 0.00509004
1416.93, 0.00265092
2306.61, 0.000529531
2382.54, 0.0013978
1562.74, 0.00224578
2293.31, 0.0005954
2159.81, 0.00139964
2355.06, 0.000912161
1193.7, 0.000264308
2056.58, 0.00150527
1387.31, 0.00159034
2142.77, 0.00117701
1087.14, 0.000775671
2191.97, 0.00094671
2045.16, 0.00191895
1573.27, 0.00243173
1895.67, 0.00272236
1278.59, 0.000481526
1398.14, 0.000810439
1282.72, 0.000861713
1027.52, 0.000164211
1461.07, 0.0017101
1750.36, 0.00230874
2166.18, 0.00266094
1501.38, 0.0026534
1993.71, 0.00349273
1956.12, 0.00447441
2001.81, 0.00187919
1323.7, 0.00115344
2071.52, 0.00180326
2413.15, 0.00114837
2048.52, 0.00188872
2487.7, 0.00275713
1965.64, 0.00229681
1479.93, 0.00164095
2220.58, 0.000807178
1123.99, 0.000551573
1450.62, 0.00189604
1528.75, 0.00197109
2192.93, 0.00159164
1233.77, 0.000250552
1946.63, 0.0021704
1278.65, 0.000691808
2455.66, 0.00096269
1001.25, 0.000725202
1542.04, 0.00272796
2279.04, 0.000461854
1789.64, 0.00293708
1270.72, 0.000660783
2275.85, 0.000563485
2463.97, 0.00109733
2042.01, 0.0028028
1244.42, 0.000313368
1174.2, 0.000160574
1181.4, 0.000193847
1098.14, 0.000492237
1280.67, 0.000587273
1281.72, 0.0005148
1699.21, 0.00294009
1403.25, 0.00143165
1989.77, 0.0225684
2426.94, 0.00124286
1521.65, 0.00206378
1245.8, 0.000440227
2297.57, 0.000896302
1221.06, 0.000205799
1502.67, 0.00335725
1889.51, 0.00180304
2410.37, 0.000826817
2062.07, 0.00179379
1024.4, 0.00033279
1114.04, 0.00033226
1731.92, 0.00224048
1845.42, 0.00267179
2305.19, 0.00135485
1904.75, 0.00210914
1984.18, 0.00194908
1654.71, 0.00340198
1527.05, 0.00166459
2116.23, 0.00150012
2200.64, 0.00128081
1471.68, 0.00180239
1338.95, 0.000802208
1763.28, 0.00175233
2012.08, 0.00238976
1360.54, 0.00125632
1867.85, 0.00248168
1684.96, 0.00343741
1108.89, 0.000213064
1311.47, 0.000936317
1387.16, 0.000888239
1649.8, 0.00234897
2202.08, 0.00111596
1336.96, 0.00102844
1426.38, 0.00157759
1871.79, 0.00226969
1239.46, 0.000326575
1824.59, 0.00245698
1916.76, 0.00187712
2383.38, 0.000616447
1751.04, 0.00617321
1457.3, 0.00158025
1555.72, 0.00963067
1685.47, 0.00209489
1618.49, 0.00238979
2252.68, 0.000724881
1720.98, 0.00203659
1626.56, 0.00232488
2254.71, 0.000600381
1612.45, 0.00267203
2024.89, 0.00160981
1729.8, 0.00576794
1193.1, 0.000166685
1843.29, 0.00262933
2143.91, 0.00154401
1987.52, 0.0021846
1077.88, 0.000365559
1710.5, 0.00350448
1874.97, 0.00204339
1052.6, 0.000131824
2440.71, 0.000845943
1906.42, 0.00237907
2427.74, 0.018182
1823.59, 0.00240067
1222.71, 0.000230332
1415.33, 0.0025559
1300.89, 0.000653065
1977.98, 0.00179448
2373.84, 0.000520517
1827.87, 0.00558437
1273, 0.000879581
1270.1, 0.000616663
1056.09, 0.000364858
2424.56, 0.000809007
2064.02, 0.00159591
2361.59, 0.000571336
1921.17, 0.00180813
1576.91, 0.0027358
1964.78, 0.00152323
1510.09, 0.00204364
1175.91, 0.000173152
1598.03, 0.00226734
2059.77, 0.00182841
1632.76, 0.00257382
1207.18, 0.000197527
1314.23, 0.000726633
1384.77, 0.00212268
1508.69, 0.00155344
2113.99, 0.00155605
1453.05, 0.00176857
1659.88, 0.00364133
1202.9, 0.000248548
1890.27, 0.00236555
2152.83, 0.00127241
1677.73, 0.00184003
1160.96, 0.000212714
1179.4, 0.000110167
1474.89, 0.00177403
2143.97, 0.0014387
1102.99, 0.000318674
1744.81, 0.00241437
1822.19, 0.00300671
1426.2, 0.00145331
1145.81, 0.000428551
1343.4, 0.000936976
1537.38, 0.00116798
2021.58, 0.00325352
2268.2, 0.000547402
1963.18, 0.00220818
1033.44, 0.000626864
1391.52, 0.00136056
1629.01, 0.00239626
2454.82, 0.0281898
1839.25, 0.00271134
1391.14, 0.00142621
1943.24, 0.00189101
2389.32, 0.000736664
1785.02, 0.00222651
1937.78, 0.00215167
2101.84, 0.00278054
2003.05, 0.0455108
1494.11, 0.00247841
1636.29, 0.00242903
1406.48, 0.00161432
1120.77, 0.000513515
1852.22, 0.00217293
2194.87, 0.00379607
1720.02, 0.00320578
1362.06, 0.000846067
1908.88, 0.00253788
1482.21, 0.00191035
2193.84, 0.000954323
1452.65, 0.00186132
1430.67, 0.00126732
1925.65, 0.00214981
1586.9, 0.00223176
1894.56, 0.00312869
1250.26, 0.000444731
1095.6, 0.000515286
1697.48, 0.00234932
1730.32, 0.00249093
2121.41, 0.00141729
1306.6, 0.00090995
2084.89, 0.00148256
2197.11, 0.0113848
1628.57, 0.00295522
1259.7, 0.000322774
1287.39, 0.000660063
1023.28, 0.000274212
1379.99, 0.00105434
1582.43, 0.0021777
2038.9, 0.00184091
1422.85, 0.00179545
2410.72, 0.00467137
1349.62, 0.00093179
1168.59, 0.000191821
1246.93, 0.000638803
1622.11, 0.00267191
2293.79, 0.000435807
1363.53, 0.00114368
1557.62, 0.00359581
1674.29, 0.00249022
1500.33, 0.00169542
1465.95, 0.00202476
1251.38, 0.000566527
1746, 0.00225078
1846.38, 0.00199651
1749.86, 0.00211942
2268.41, 0.000684705
1636.95, 0.00208136
1826.34, 0.00213594
2324.54, 0.0006231
1710.71, 0.0190232
2324.39, 0.0011631
1840.72, 0.00216808
2488.43, 0.00127223
2357.75, 0.00161447
1478.29, 0.00179491
1652.08, 0.00233083
1539.71, 0.00196162
1013.9, 0.00175533
2066.67, 0.00139517
2443.58, 0.000941842
2324.62, 0.000333276
1880.74, 0.00207717
2383.92, 0.000520004
1884.57, 0.00222568
2163.02, 0.00147322
2314.85, 0.000443568
1953.75, 0.0020421
1922.72, 0.00248518
1025.88, 0.000279573
2085.92, 0.00237929
1908.91, 0.00239717
1286.53, 0.000961868
1721.34, 0.00259303
2437.79, 0.000837401
1875.26, 0.00247431
2095.28, 0.00182159
1189.18, 0.000257883
1747.67, 0.00210535
2450.07, 0.00112054
1077.81, 0.000510153
1399.07, 0.00115078
2029.91, 0.00198517
2025.5, 0.00301308
1474.7, 0.00266442
1261.31, 0.000367244
1753.43, 0.00281167
1825.58, 0.00202898
1374.7, 0.00104785
1338.68, 0.0011034
1123.57, 0.00020694
1244.26, 0.000259411
1807.28, 0.00226933
1498.6, 0.00259544
2204.86, 0.00107761
1693.33, 0.00305456
1855.37, 0.00368579
1078.26, 0.000222287
2311.18, 0.00040916
1032.51, 0.000278775
2179.24, 0.00105158
1342.01, 0.00121946
1683.09, 0.00210939
2227.19, 0.0013555
1961.91, 0.00194185
1188.44, 0.00011857
1850.19, 0.00388898
1884.03, 0.00237562
1469.33, 0.0018734
1932.4, 0.00185631
2221.88, 0.000949806
1869.67, 0.00314482
1511.24, 0.00267902
1962.38, 0.00194496
1524.38, 0.00205066
1287.86, 0.000594554
1911.74, 0.00248461
2109.98, 0.00146326
1683.53, 0.00248911
1178.4, 0.000156843
1542.81, 0.00252785
1003.83, 0.000596751
2064.29, 0.00156925
1892.51, 0.00205062
1428.53, 0.00294884
2121.24, 0.00158225
2257.43, 0.000625806
2227.62, 0.000758029
1673.88, 0.00202348
2344.47, 0.000444475
1030.61, 0.000250113
1558.56, 0.00220117
1879.97, 0.00268779
1787.76, 0.00449619
1777.55, 0.00286851
1165.37, 0.000211516
1548.07, 0.0033438
1425.83, 0.00183756
2303.72, 0.000408941
2387.84, 0.000651429
2195.31, 0.00123703
2311.19, 0.000408875
1611.65, 0.00240806
2243.38, 0.00137151
1181.45, 8.95129e-05
1215.47, 0.000208435
1725.27, 0.00555447
1771.7, 0.00434373
1069.15, 0.00779261
2197.67, 0.00102956
2390.49, 0.000687061
1766.79, 0.00314292
1103.39, 0.000299615
2419.53, 0.00100793
2476.44, 0.00111553
1850.74, 0.00357392
2350.09, 0.00049319
1971.04, 0.00191368
1663.15, 0.00179934
2443.32, 0.00125892
2478.5, 0.000971744
1502.48, 0.00199714
1332.63, 0.000980432
2017.61, 0.00219135
2008.15, 0.00219868
1689.15, 0.00271813
1400.42, 0.00546038
2345.69, 0.00039075
2281.67, 0.0018386
1449.89, 0.00141996
2076.79, 0.00184053
2047.52, 0.00226327
2446.42, 0.00149571
2171.62, 0.0029814
1070.62, 0.000238889
1079.24, 0.000255202
2036.1, 0.00178968
1264.2, 0.000319397
1325.54, 0.00127411
2178.74, 0.00137278
1725.83, 0.00231817
1440.59, 0.00204565
1277.04, 0.000691721
1136.02, 0.000397013
1535.72, 0.00249116
1718.67, 0.00193725
1469.98, 0.0019226
1790.34, 0.00250588
2493.41, 0.0009879
1924.15, 0.00339752
2346.51, 0.000420731
2254.42, 0.000769583
1753.5, 0.00249688
1000.91, 0.0003299
1161.54, 0.0002187
1634.02, 0.00279105
1245.85, 0.000257171
2247.67, 0.00125471
2161.46, 0.00120805
1813.36, 0.00312713
2067.71, 0.00674768
1399.16, 0.00377105
2484.29, 0.00154983
1119.33, 0.000307641
2095.31, 0.00115844
1135.59, 0.000401464
2441.97, 0.00216004
1185.07, 0.000168152
1324.69, 0.000925474
1389.39, 0.00175636
2286.19, 0.000511365
1371.19, 0.00143083
1716.53, 0.00253374
1971.09, 0.00226103
2202.81, 0.00130256
2413.08, 0.000697124
1039.37, 0.000206693
1777.57, 0.00870788
2020.58, 0.00226805
1119.83, 0.000355143
1285.96, 0.000937892
2380.83, 0.0025933
1999.61, 0.00221243
1655.1, 0.00385822
2087.8, 0.00338397
1955.59, 0.0023165
2213.57, 0.000871527
1053.28, 0.000290974
2346.07, 0.000497433
2226.83, 0.0010065
2098.48, 0.00127107
2285.69, 0.000491751
1618.72, 0.00281913
1560.54, 0.00229875
1845.14, 0.00210883
1298.29, 0.000696356
1622.52, 0.00159908
1274.96, 0.000678963
1572.16, 0.00225582
1992.96, 0.00186098
1276.01, 0.00060627
1548.29, 0.00225985
2089.84, 0.00139316
1282.27, 0.000626056
1449.36, 0.00162607
2051.81, 0.00170752
2196.11, 0.00121426
2045.55, 0.00158376
2454.55, 0.000911101
2138.72, 0.00142338
1302.02, 0.00067896
2086.81, 0.00175722
1327.46, 0.00113413
2260.22, 0.000674106
1702.97, 0.00196905
1350.75, 0.000900104
1296.43, 0.000944759
1167.58, 0.000228947
2047.72, 0.00183877
1790.44, 0.00220444
1205.2, 0.000208998
1890.6, 0.00219657
2019.66, 0.00173621
1407.36, 0.00194921
1826.19, 0.00236195
2198.06, 0.000943481
1574.12, 0.00379481
1584.96, 0.00296609
1062.11, 0.000935427
2033.26, 0.00465601
1177.11, 0.000227536
1417.7, 0.00176508
2347.66, 0.000380759
1794.22, 0.0197114
1291.68, 0.000614025
2346.39, 0.000634198
1084.29, 0.000454889
1151.28, 0.000394325
1510.37, 0.00189707
1758.69, 0.00316544
1030.52, 0.000172692
1017.38, 0.00035779
2219.27, 0.00120859
1712.12, 0.00248638
1707.85, 0.00183482
1461.35, 0.00158612
1992.71, 0.00202287
1215.13, 0.000225818
1720.79, 0.00229512
1283.11, 0.0012384
1487.65, 0.00176475
1287.91, 0.000523794
1588.46, 0.00282535
2441.02, 0.00138106
1725.24, 0.00286892
2351.47, 0.000470985
1209.83, 0.000233373
2478.51, 0.00129496
2451.16, 0.00106724
1459.24, 0.00146484
2402.79, 0.00106218
1032.85, 0.000367666
2341.03, 0.000498624
1593.35, 0.00234822
1807.46, 0.0105481
1123.03, 0.000609001
2323.17, 0.00053075
2474.46, 0.00119555
2379.21, 0.000739216
1148.96, 0.000178965
2164.61, 0.00132306
1982.34, 0.00269696
1089.02, 0.00114618
2461.09, 0.00124607
1653.97, 0.0027551
2245.36, 0.000865159
2146.68, 0.00126708
1350.25, 0.00174532
1903.9, 0.0011914
1800.55, 0.00474899
2225.68, 0.000800952
1753.45, 0.00353479
1401.74, 0.00177794
1534.31, 0.0050349
1772.25, 0.00283165
1567.9, 0.00288695
2422.9, 0.000918453
1231.66, 0.000518942
1139.83, 0.000416838
1793.26, 0.00225901
1646.43, 0.0025288
1321.19, 0.000868399
2131.52, 0.00118985
1496.65, 0.00193284
1793.21, 0.00250791
1126.6, 0.000180772
1644.24, 0.00288094
1989.25, 0.00188344
1158.71, 0.00013176
1841.36, 0.00232824
1581.75, 0.00205157
1922.62, 0.0024657
2289.52, 0.000438999
2238.36, 0.00110171
1159.26, 0.000416332
2257.42, 0.000992347
2429.31, 0.00085836
2079.33, 0.00141794
2355.7, 0.00053152
1625.38, 0.00225889
1672.81, 0.013864
2147.53, 0.00115546
1969.54, 0.00220922
1553.08, 0.00220446
1688.4, 0.00259737
1757.14, 0.00276104
1615.02, 0.00256856
1143.19, 0.000302709
1541.12, 0.00204966
1356.16, 0.00117536
1581.74, 0.00270197
1513.94, 0.00210048
1386.37, 0.00138621
2464.78, 0.00673339
1512.46, 0.00219725
1198.74, 0.000161414
1558.87, 0.00231435
1832.08, 0.00209222
1224.19, 0.00020504
1314.84, 0.000890906
2375.77, 0.000607677
2197.04, 0.000985665
1234.1, 0.000326442
1615.46, 0.00213217
1925.31, 0.00216619
2249.32, 0.000643308
2475.46, 0.00109765
1322.45, 0.00072057
1880.27, 0.0030576
2041.4, 0.0106571
2496.26, 0.00185579
1372.01, 0.000961066
1050.03, 0.000456018
1711.38, 0.00601727
1445.09, 0.00184805
2335.11, 0.000338171
1920.27, 0.00202561
2385.19, 0.000633675
1035.03, 0.000583371
1945.69, 0.00192006
1751.75, 0.00373399
2360.75, 0.00115272
1913.65, 0.00175384
1653.49, 0.00219661
1886.57, 0.0031966
1899.88, 0.00232771
2014.7, 0.00217114
2292.29, 0.00042099
2285.97, 0.000434411
2346.24, 0.000468089
1304.61, 0.000654324
2110.27, 0.00142911
1917.08, 0.00195304
1043.31, 0.000636502
1059.08, 0.000575969
1830.82, 0.0021122
1129.17, 0.000338582
1250.15, 0.000835825
2406.8, 0.000862061
1457.99, 0.00257484
1620.31, 0.00732446
1189.11, 0.000100631
1943.22, 0.00207586
2281.89, 0.000540269
1094.49, 0.000420572
1946.95, 0.00221635
2423.22, 0.000967983
1624.77, 0.0028456
1472.19, 0.00201855
2329.4, 0.000366845
2491.61, 0.00113094
2281.92, 0.000483437
1946.3, 0.00227416
1444.39, 0.00160933
1466.91, 0.00189244
2151.11, 0.00114265
1274.97, 0.000508618
2405.68, 0.00076588
1158.02, 0.000290975
1547.32, 0.00184979
2326.19, 0.00121617
1968.75, 0.00215394
1576.61, 0.00145557
2372.88, 0.000640296
1343.84, 0.000986105
1036.62, 0.000662499
1788.21, 0.000752609
1397.06, 0.00132357
1295.26, 0.000881215
1555.68, 0.00273358
1525.17, 0.00139246
2202.68, 0.00115131
1592.62, 0.00204293
1750.61, 0.00249981
2277.32, 0.000502471
1056.33, 0.000668864
1515.19, 0.00191039
1206.72, 0.000176447
1117.5, 0.00589532
2153.76, 0.00129603
1718.01, 0.00303874
1563.36, 0.00202468
2257.64, 0.000828209
1008.3, 0.00051432
1031.81, 0.000566757
2111.24, 0.00181301
1884.6, 0.00315758
1798.55, 0.00229486
2363.06, 0.000618818
1485.61, 0.0014139
1640.97, 0.0214477
1933.99, 0.00314578
1611.46, 0.00247929
1622.19, 0.00186213
2004.74, 0.00198379
1920.68, 0.00254727
1407.5, 0.00163659
1725.2, 0.00394916
2476.15, 0.00121159
1420.81, 0.00161307
1302.92, 0.000803049
1829.66, 0.00379549
1904.08, 0.00231585
2337.85, 0.00126633
2409.39, 0.00131477
2463.89, 0.00109289
1559.1, 0.00228281
1674.92, 0.0024797
1426.62, 0.00187927
2013.52, 0.00217379
1540.51, 0.00295312
2133.25, 0.00131102
1500.66, 0.00439176
1593.02, 0.00231065
1888.4, 0.00607609
1721.18, 0.00302828
1709.76, 0.00201281
2063.73, 0.00167114
2447.74, 0.00144736
1302.86, 0.000843727
2281.62, 0.000554036
1822.44, 0.00200402
2172.36, 0.00111321
1621.67, 0.00219807
2272.15, 0.000712676
1465.35, 0.00175273
2479.87, 0.00165764
2113.26, 0.00428284
2429.03, 0.00327193
1241.57, 0.000606427
1604.62, 0.00204595
1892.02, 0.00229021
1823.46, 0.0503206
1146.43, 0.000209231
2112.2, 0.00130838
1233.09, 0.000290428
1875.8, 0.00217994
1066.57, 0.000131372
2298.59, 0.000489034
1739.91, 0.00238117
1710.47, 0.00238036
2248.88, 0.000721095
2469.97, 0.00105315
1081.57, 0.000234997
2101.05, 0.00620532
2335.27, 0.000373546
1993.29, 0.00158354
1279.96, 0.000772248
2165.99, 0.0019947
2309.29, 0.000365293
1855.96, 0.00272369
1723.9, 0.00209373
1517.38, 0.00227662
1579.99, 0.0025161
1834.39, 0.00196234
1494.74, 0.00181863
2083.25, 0.00136122
2440.99, 0.00135606
1312.14, 0.000951455
1493.41, 0.00166015
1142.48, 0.000303275
1012.09, 0.00112866
2239.25, 0.000937759
1872.51, 0.00211213
2436.85, 0.00120588
2117.2, 0.00170831
1844.3, 0.00233629
1769.37, 0.00196824
1181.18, 0.000116272
2480.51, 0.00141233
2475.06, 0.00238866
1444.1, 0.00166384
1526.24, 0.00195393
1937.14, 0.00313817
1219.79, 0.000196154
1409.96, 0.00211551
1890.54, 0.00359146
2074.95, 0.00150207
1382.52, 0.00214042
1210.76, 0.000149669
1757.54, 0.00241513
1872.13, 0.00238897
1435.22, 0.00183397
1063.19, 0.000723923
2014.1, 0.00189296
1336.36, 0.00123976
1973.23, 0.00166305
1089.75, 0.000302467
2309.87, 0.000458296
1815.47, 0.00250421
2141.14, 0.00113977
1246.56, 0.000468748
1638.49, 0.00254705
2245.01, 0.00075108
1512.68, 0.00274678
1579.07, 0.00309734
2477.75, 0.0044629
2008.84, 0.00408093
1875.64, 0.00216412
1823.65, 0.00247993
1420.43, 0.0015653
2447.51, 0.000899135
1708.41, 0.00267742
1774.88, 0.00234373
2123.43, 0.00192607
1783.08, 0.00248127
1490.38, 0.00285696
1918.17, 0.00243086
1964.09, 0.0018198
1288.98, 0.000655825
1538.46, 0.00205868
2088.91, 0.00256068
1137.91, 0.000224702
1277.14, 0.000521799
1636.19, 0.00245236
2028.11, 0.00890711
2492.77, 0.00109832
1515.2, 0.00208811
1825.7, 0.00275034
2457.06, 0.00100265
1630.04, 0.00246207
1301.53, 0.00107382
2209.24, 0.00127332
1076.09, 0.00026641
2066.95, 0.00160549
2482.54, 0.000919262
1582.77, 0.00206685
2368.34, 0.000497597
1713.31, 0.00233205
2043.33, 0.00193166
2403.66, 0.00102593
1714.84, 0.00172615
2016.96, 0.00165622
1371.17, 0.00130839
1022.93, 0.000268498
1530.16, 0.00191199
1411.52, 0.00139463
1246.91, 0.000451894
1854.98, 0.00243274
1667.83, 0.00196304
1380.36, 0.00101272
1855.54, 0.0035791
2078.33, 0.00183843
1056.54, 0.000527595
2120.36, 0.00161195
1380.77, 0.00164158
1270.31, 0.000620912
1078.11, 0.000343248
2245.76, 0.000869584
2490.47, 0.00109943
2075.38, 0.00137845
1544.41, 0.00189803
1955.7, 0.00255228
1439.76, 0.00170741
1564.64, 0.00226307
1651.65, 0.00207542
1685.77, 0.00281768
1214.39, 0.000364318
1793.98, 0.0191929
1812.08, 0.00254915
1592.08, 0.00424944
2096.85, 0.00186818
1531.95, 0.00210648
1324.99, 0.000565191
2433.97, 0.00089031
1831.36, 0.00236732
1272.75, 0.000696197
1527.06, 0.00379444
2409.51, 0.00089794
1244.78, 0.000392516
1937.53, 0.00221788
1793.06, 0.00224125
2396.17, 0.000596923
1941.45, 0.00291844
1511.09, 0.00199065
2495.67, 0.00158852
2408.63, 0.000622232
2228.76, 0.000934551
1887.95, 0.00230641
2371.19, 0.000961276
1526.47, 0.00260124
2459.36, 0.000955157
2120, 0.00544364
1949.43, 0.00293356
1586.15, 0.00193989
1281, 0.000381635
1708.32, 0.00247039
1951.3, 0.00230088
1763.63, 0.00279952
1068.89, 0.000398947
1127.09, 0.000358186
2250.68, 0.000699957
2276.61, 0.00204087
1789.98, 0.0021674
1649.91, 0.00188925
1722.76, 0.00173563
2310.25, 0.000414846
1880.25, 0.00269584
1191.33, 0.000380654
1476.6, 0.00150556
1251.17, 0.000561848
2128.09, 0.00143916
1492.89, 0.0020246
1945.12, 0.00203687
1287.06, 0.000710902
2264.02, 0.00167347
2424.77, 0.000886745
2356.17, 0.000686293
1840.48, 0.002213
2162.56, 0.00111234
2175.08, 0.000987971
1306.43, 0.000435537
1273.93, 0.000433004
2238.47, 0.000771574
2427.01, 0.000999208
2316.18, 0.00144693
2265.58, 0.000625721
1495.92, 0.0019133
2227.8, 0.00108174
1544.11, 0.00201451
2007.4, 0.00257394
1068.62, 0.000177363
1286, 0.000632543
1044.44, 0.000361722
2323.13, 0.000362781
1982.85, 0.00586597
1549.62, 0.00225894
1136.26, 0.000343996
2071.01, 0.00136856
2205.23, 0.00102321
1262.63, 0.000479019
2478.23, 0.00118414
2013.91, 0.00186474
2308.54, 0.000361312
1971.94, 0.00212701
2328.06, 0.00167066
1340.75, 0.00095048
1058.81, 0.000255465
1863.03, 0.00245888
1773.19, 0.00373809
1706.92, 0.00213704
2460.77, 0.00110203
1514.26, 0.00206833
2271.21, 0.000602147
1107.94, 0.000235607
1915.07, 0.00198199
1895.66, 0.00199994
1924.25, 0.00216595
1785.67, 0.00285472
1002.52, 0.000256963
1685.53, 0.00249123
1792.37, 0.00270667
2092.08, 0.00723178
2188.87, 0.00138255
1292.23, 0.00072212
1507.49, 0.00194811
1545.7, 0.00187701
1741.17, 0.00260718
1426.45, 0.00176898
1308.1, 0.000805807
1952.08, 0.00190375
2081.22, 0.00788885
2232.34, 0.000867414
1182.2, 0.000135294
1766.73, 0.00200221
1745.22, 0.00350931
1846.45, 0.00316833
1438.97, 0.00164181
1008.55, 0.000144366
1771.13, 0.00148252
2398.26, 0.00062542
1652.18, 0.00271365
2351.62, 0.000893264
1348.78, 0.00095669
1813, 0.0026964
1830.36, 0.00213939
2014.71, 0.00233576
1021.2, 0.00026187
1636.1, 0.00261216
1268.39, 0.000530296
1148.54, 0.00028163
1193.66, 0.0001544
1820.66, 0.0024611
2098.03, 0.00148725
1786.7, 0.0047761
1062.29, 0.00027638
1314.27, 0.00110689
2026.72, 0.00328755
2344.86, 0.000430637
1944.52, 0.00255407
1146.32, 0.000249273
1203.8, 0.000591604
1171.69, 0.000191604
1333.52, 0.000926692
2440.02, 0.0016451
1561.06, 0.00203397
2247.76, 0.000813249
1932.01, 0.00218592
1909.48, 0.00282119
1514.35, 0.00196471
1555.72, 0.00220372
1278.47, 0.00100292
1557.55, 0.00228817
2101.61, 0.00197842
1397.23, 0.0010588
1866.53, 0.00199693
2052.44, 0.00192934
1698.56, 0.00273583
2435.34, 0.00297411
2209.39, 0.00192377
1476.1, 0.00146045
1106.92, 0.000435234
1827.68, 0.00171069
1615.91, 0.0124454
1555.1, 0.00358628
1352.04, 0.000909774
2141.51, 0.00136133
1047.27, 0.000272767
1349.09, 0.0010736
1187.36, 0.000150435
1081.03, 0.000566127
1686.45, 0.00195589
2000.17, 0.00203132
2157.6, 0.00106482
1441.67, 0.00176696
2463.71, 0.00105492
2377.22, 0.000827611
2387.31, 0.000803404
1909.9, 0.00298334
1242.29, 0.000295521
2356.96, 0.00056597
1822.09, 0.00202386
1704.62, 0.00265461
1689.37, 0.00152538
2098.34, 0.0014951
1897.59, 0.00371592
2312.48, 0.000470315
2443.07, 0.000918327
1722.45, 0.003081
1267.41, 0.00103538
1774.63, 0.0024958
1819.21, 0.00238413
1653.93, 0.00247053
1455.57, 0.00178595
1829.38, 0.00245464
1824.23, 0.00288843
1614.85, 0.00533481
1814.26, 0.00226539
2464.39, 0.00218564
2115.55, 0.00149758
2379.39, 0.000687655
2284.18, 0.000952674
2003.2, 0.00202256
2299.65, 0.00128387
2425.58, 0.000811693
1593.69, 0.00294597
1908.17, 0.00266148
2177.65, 0.00175365
1159.86, 0.000257652
1035.66, 0.000216041
2359.4, 0.000537587
1521.28, 0.00170505
1741.36, 0.00418908
1741.85, 0.00219724
2091.19, 0.00201986
1950.29, 0.00216168
2376.33, 0.000562803
2339.68, 0.000524735
1883.05, 0.0053059
1802.24, 0.00267997
2017.27, 0.00184658
2266.91, 0.000709465
1618.08, 0.00661415
1168.48, 0.000155138
1761.24, 0.00263605
1351.28, 0.000899401
1780.8, 0.00272032
2497.59, 0.00108144
2364.76, 0.00338365
1382.64, 0.0021008
1697.08, 0.00297534
2276.01, 0.000598987
1635.61, 0.00288963
1914.79, 0.00251005
2290.41, 0.000510927
2376.64, 0.000833489
1736.25, 0.00224113
1062.36, 0.000356538
1774.59, 0.00221621
1889.96, 0.0063002
2147.77, 0.00122132
1535.19, 0.00196023
2158.12, 0.00349513
1534.89, 0.00160941
2220.51, 0.00101058
1934.2, 0.00229423
1993.61, 0.00243342
1807.86, 0.00566116
1526.55, 0.00205835
1622.19, 0.00247135
1240.67, 0.000449543
1308.52, 0.000479877
1636.26, 0.00237063
2090.02, 0.00150436
1834.31, 0.00214158
1057.37, 0.000538867
1085.93, 0.03666
1700.68, 0.00312222
1660.34, 0.010152
2028.95, 0.00167501
2301, 0.00042974
2494.11, 0.0011573
1314.19, 0.000881962
1262.2, 0.000346015
2347.85, 0.000489834
1089.72, 0.000205855
1109.48, 0.000786108
1482.04, 0.00193135
1658.65, 0.00266304
1363.34, 0.00149489
1993.18, 0.00187765
2263.43, 0.000589717
1808.42, 0.00244461
2205.33, 0.000817099
1555.77, 0.00213206
2242.32, 0.000684618
1306.46, 0.000529468
1968.4, 0.0026031
1667.31, 0.00235346
1601.83, 0.00189484
1407.89, 0.00112713
1823.01, 0.00196462
2348.12, 0.00123948
1537.83, 0.00220241
2146.92, 0.00159345
2085.3, 0.00224312
1317.35, 0.0010045
1311.87, 0.000542887
2021.32, 0.00185216
1607.15, 0.00272372
1312.65, 0.000752528
2485.21, 0.00202656
1254.57, 0.000513537
1602.73, 0.00326291
2092.48, 0.00328017
1250.96, 0.000523041
1293.09, 0.000363882
1138.67, 0.0002332
1700.35, 0.00227644
2482.42, 0.001342
1441.67, 0.00333802
2467.47, 0.00120228
1303.97, 0.00117224
1047.84, 0.000512537
1418.77, 0.00189943
1310.94, 0.00111187
1738.2, 0.00234907
1700.26, 0.00220487
2452.11, 0.0011352
1671.28, 0.00267277
1074.91, 0.00023626
1708.22, 0.00258774
1111.27, 0.000210944
2487.96, 0.00122886
2290.68, 0.00048712
1857.93, 0.0025223
1631.07, 0.00354557
1098.67, 0.000354259
2316.87, 0.000624203
1997.95, 0.0018455
1595.22, 0.00513763
2356.93, 0.00166587
2320.88, 0.000477521
1217.35, 0.000326126
1958.61, 0.0889326
1343.83, 0.00153171
1061.16, 0.000246956
2084.37, 0.00163678
1865.46, 0.00174793
1281.37, 0.000706795
1984.44, 0.00191304
1121.53, 0.000469091
2191.22, 0.00612771
1169.42, 0.000188246
1781.91, 0.0018203
2317.91, 0.000424442
1630.15, 0.00771232
1567.64, 0.00256181
2447.39, 0.000938339
1512.22, 0.00234128
2323.91, 0.000386818
1887.07, 0.00289028
1722.34, 0.00257029
1601.45, 0.0023323
1801.55, 0.00228918
1696.8, 0.00320332
1958.7, 0.00271604
2294.74, 0.000467976
2277.65, 0.000655477
1532.21, 0.0032418
1613.07, 0.00187791
1994.5, 0.00228291
1970.14, 0.00305576
2090.48, 0.00150568
1029.11, 0.000147681
1364.01, 0.00129834
1432.46, 0.00249477
1689.27, 0.00257125
2428.85, 0.000961519
2070.12, 0.0015208
1027.29, 0.000280754
1241.65, 0.000460168
2391.24, 0.000685223
2416.62, 0.00116604
1858.87, 0.00251144
2170.01, 0.00111358
1805.3, 0.0024222
2133.67, 0.00120492
1510.91, 0.00223498
1762.53, 0.00403554
1079.47, 0.000472744
1754.27, 0.00227672
2015.65, 0.00246709
1181.63, 0.000125223
1810.9, 0.00295476
1732.03, 0.00276102
2345.05, 0.000742186
1654.07, 0.0030706
1047.29, 0.00063481
1756.51, 5.53531
1873.37, 0.00202221
1907.43, 0.00487109
2308.64, 0.000541744
1147.09, 0.000397094
2340.71, 0.000436361
1341.81, 0.00076597
1289.49, 0.000623448
1308.37, 0.00079295
1219.54, 0.000186762
1309.21, 0.000672068
1968.38, 0.00329022
2303.02, 0.000401167
1308.51, 0.000819926
2075.27, 0.00237136
1899.22, 0.0209681
2010.09, 0.00188142
1965.88, 0.00216352
1878.85, 0.0029658
1182.45, 0.000280173
2479.26, 0.00116523
1725.17, 0.0024014
1849.7, 0.00256242
1043.75, 0.000367529
2053.54, 0.00228656
1386.92, 0.00145812
1399.92, 0.00145187
1039.84, 0.000562122
1633.04, 0.00204071
1691.57, 0.00211898
2351.22, 0.000470426
1095.46, 0.00126207
1583.11, 0.00231617
2356.58, 0.000525413
1965.47, 0.00233994
1764.76, 0.00242204
1964.12, 0.00268386
2225.88, 0.00077666
1647.11, 0.0023818
1452.74, 0.00213346
1234.05, 0.000292137
2254.99, 0.000715424
2106.08, 0.0308751
1911.09, 0.00297229
1196.99, 0.000121223
1510.79, 0.00243389
1702.03, 0.00216864
1457.38, 0.00110148
1319.51, 0.00116627
1983.51, 0.00147781
1536.37, 0.00201614
2307.92, 0.000409301
1128.53, 0.000319845
1301.78, 0.00077602
1876.77, 0.0290293
2227.76, 0.000806868
2074.46, 0.00247696
2449.1, 0.0013198
2189.11, 0.0019532
1620.59, 0.00246044
1289.73, 0.00200022
1895.45, 0.00231054
1655.75, 0.0024667
1387.59, 0.00121001
1534.64, 0.00228732
1189.06, 0.000178453
1837.63, 0.00491984
1263.13, 0.000347333
1662.94, 0.00235091
1834.99, 0.00254961
1229.61, 0.000378951
1070.07, 0.000267905
2277.8, 0.000479498
2116.25, 0.00120527
2130.51, 0.00826618
1885.8, 0.00177398
1386.91, 0.00168237
2096.83, 0.00137338
2264.06, 0.000648498
1480.67, 0.00147551
1755.45, 0.00221143
1600.52, 0.0022977
1526.93, 0.00166577
1623.08, 0.00365712
2494.14, 0.00168502
1442.65, 0.00156734
2466.26, 0.000894329
1899, 0.00187192
1542.26, 0.00178071
1131.63, 0.00055188
2144.52, 0.00110787
1254.54, 0.000554275
2345.48, 0.000624154
1511.52, 0.00182206
1160.31, 0.000211515
1767.61, 0.00250211
1699.83, 0.00260194
1585.05, 0.00224787
2331.62, 0.000535131
1663.03, 0.00286449
2141.17, 0.00107565
1392.2, 0.00832759
2255.08, 0.000869658
1514.17, 0.00188111
1352.57, 0.0011152
2083.64, 0.00189673
1869.74, 0.00211168
2251.32, 0.000783288
1724.44, 0.00230095
1752.89, 0.00227808
1162.68, 0.00023847
1382.62, 0.0014683
1254.27, 0.000471209
1614.48, 0.00322973
1241.2, 0.000428588
1898.5, 0.00805088
1298.42, 0.000883775
1037.94, 0.000282465
2132.04, 0.00145587
1457.75, 0.00168158
1616.54, 0.00217412
1125.03, 0.000151275
2141.07, 0.00298233
1100.26, 0.000150051
2413.65, 0.000886829
2007.83, 0.00195008
1421.26, 0.000885484
1406.93, 0.00137391
1029.82, 0.000736904
1806.86, 0.00247737
1987.65, 0.00182417
1764.33, 0.00197791
1571.35, 0.00254248
2249.04, 0.000698388
1174.7, 0.000205672
2403.24, 0.0007404
2000.26, 0.00275824
2195.33, 0.00097116
1525.12, 0.00205844
1377.85, 0.00140515
1101.71, 0.000383752
1758.17, 0.0026113
1051.83, 0.000577927
2330.43, 0.000474873
1846.11, 0.0048373
1805.05, 0.00176321
2098.87, 0.0027315
1153.19, 0.000244464
1871.29, 0.00238217
1799.51, 0.00224934
1984.26, 0.00260189
2190.34, 0.00101653
2453.62, 0.00112311
1078.54, 0.000504192
1954.86, 0.00248259
1169.07, 0.000228292
1043.23, 0.000488703
2395.89, 0.000705215
2403.58, 0.000728128
2401.34, 0.000734657
1557.54, 0.0018841
2453.66, 0.00147226
1763.86, 0.00232348
2126.45, 0.00148854
1338.95, 0.000878788
2444.67, 0.00101606
2139.18, 0.00104238
1666.5, 0.00228894
1980.82, 0.00292755
2460.41, 0.00111846
1252.43, 0.000412161
2222.09, 0.000748509
1632.85, 0.0213
1892.06, 0.00302941
2012.31, 0.00184401
1966.41, 0.00280201
1092.19, 0.000377121
2109.8, 0.0014088
2430.57, 0.00100163
1793.86, 0.00255264
2410.15, 0.00158376
1828.17, 0.00255163
2051.97, 0.00201273
1351.42, 0.000922954
2457.56, 0.00117508
2489.89, 0.00138886
1836.19, 0.00170751
1213.7, 0.000310703
1697.8, 0.00355573
1272.59, 0.000544254
2425.83, 0.00123308
1491.61, 0.00189319
2235.43, 0.0078987
1157.55, 0.000398067
1333.48, 0.000667664
1599.3, 0.00260635
1701.3, 0.00310085
2451.62, 0.00113843
2172.82, 0.0012428
1204.57, 0.000142756
2402.9, 0.000687339
1510.33, 0.00196282
1146.24, 0.000373429
1367.1, 0.00117359
2190.02, 0.00131697
2300.9, 0.000526976
1873.72, 0.00189685
1186.83, 0.000134387
2149.66, 0.00193313
2262.63, 0.00213831
1262.49, 0.000479033
1940.47, 0.0032093
1460.71, 0.00217942
1258.62, 0.000366589
1646.94, 0.00228059
1345.87, 0.000913377
1685.16, 0.00228295
1507, 0.00198775
1368.64, 0.00133017
1698.8, 0.0106529
1287.79, 0.000753197
1558.13, 0.00388041
1592.54, 0.00296967
2186.45, 0.00129054
1557.94, 0.0018771
1549.92, 0.00193464
2328.85, 0.000426627
2154.06, 0.00119218
1980.41, 0.00237774
1333.93, 0.000731555
2410.42, 0.00100894
1809.57, 0.00287385
2494.88, 0.00270644
1943.86, 0.00215094
1263.46, 0.000516888
1207.36, 0.000204794
1142.52, 0.000206212
1921.54, 0.00211117
1509.81, 0.00159259
2130.8, 0.00172558
1441.21, 0.00202166
2388.16, 0.000512435
2065.41, 0.00265294
1093.38, 0.000326493
1210.29, 0.000219709
1022.42, 0.000336371
2142.9, 0.00146057
1695.57, 0.00514611
1133.16, 0.000239056
2197.49, 0.00097402
1582.9, 0.0071265
1646.68, 0.00196487
2014.64, 0.0025023
1917.74, 0.00180405
1966.56, 0.00223475
2037.33, 0.00196897
1273.05, 0.000645106
2041.67, 0.00187405
2062.03, 0.00171007
1412, 0.00167332
2417.13, 0.0008327
1573.71, 0.00223314
1811.7, 0.00232858
1102.67, 0.00203595
1659.62, 0.00212899
2454.84, 0.000977436
2373.75, 0.000551293
1805.64, 0.00485768
1368.73, 0.00128209
2173.53, 0.00117635
2356.18, 0.0012225
2029.06, 0.00243943
1937.85, 0.00185651
2472.13, 0.00153953
1209.81, 0.000197091
1862.08, 0.00228298
2401.38, 0.000691669
1665.58, 0.00245467
2384.3, 0.000701107
1891.34, 0.415841
1278.71, 0.000750717
2199.47, 0.00106276
1032.31, 0.000184234
1489.31, 0.00222154
2076.37, 0.00154127
2253.27, 0.000627788
1030.68, 0.000702738
1190.51, 0.000150434
2039.8, 0.0019315
1511.67, 0.00196476
1428.61, 0.00141314
1636.12, 0.00217458
2140.94, 0.0012495
1949.71, 0.00192293
2191.78, 0.00105648
1014.71, 0.000358498
2185.91, 0.0011123
1440.97, 0.00166853
1432.12, 0.00119294
1215.04, 0.000634844
1364.35, 0.00122954
1138.14, 0.000436335
2482.03, 0.00104512
1583.18, 0.00304105
2270.32, 0.000549174
1430.75, 0.00193243
1260.86, 0.00261349
1268.37, 0.000727016
1839.53, 0.0023524
1785.26, 0.00275539
1858.72, 0.00193414
1251.67, 0.000511884
1315.32, 0.00108616
1762.88, 0.00314377
1031.18, 0.000134553
2038.32, 0.00160152
2241.34, 0.000703014
1891.57, 0.00437635
1802.91, 0.00259664
2150.92, 0.00130665
1291.37, 0.00126143
1751.41, 0.00249301
1297.45, 0.000649846
2175.18, 0.00102574
1646.85, 0.00223787
1077.66, 0.0154661
2027.37, 0.00152954
1227.38, 0.000310217
2490.69, 0.00112061
1406.84, 0.000830786
1734.51, 0.00198277
1477.78, 0.00149313
2373.07, 0.000636427
2096.03, 0.00291931
2063.97, 0.0015362
1105.93, 0.000208243
1796.19, 0.00212408
1670.01, 0.00227762
1580.4, 0.00237197
1802.99, 0.00277774
1744.97, 0.00278193
2368.28, 0.000799025
1578.74, 0.0553348
2055.82, 0.00161526
1026.45, 0.00030532
2280.35, 0.000759221
1393.52, 0.000932204
1162.22, 0.000380108
1803.75, 0.00261496
1021.87, 0.000352137
1692.25, 0.00229612
2011.32, 0.00204756
1145.89, 0.000249888
1605.54, 0.00218691
1555.06, 0.0019801
1456.5, 0.00174263
2292.66, 0.000655381
2236.47, 0.000818368
1948.91, 0.00175163
1365.9, 0.00061768
2352.06, 0.000506347
1067.07, 0.00193033
2305.74, 0.000469944
1614.22, 0.0021618
1788.12, 0.00254287
1398.04, 0.00198798
2075.39, 0.0015838
2079.44, 0.0015771
2381.84, 0.000637082
2471.63, 0.00116749
1562.66, 0.00280014
2302.15, 0.000534359
1162.61, 0.000210207
1563.5, 0.0023817
1334.27, 0.00104507
1260.55, 0.000278293
1019.75, 0.000295081
1484.03, 0.00223225
1084.21, 0.000382326
2229.57, 0.00114974
1439.82, 0.0019741
1467.55, 0.0021492
1213.01, 0.00036784
1965.76, 0.00188611
1790.16, 0.00239778
2202.98, 0.000793701
1643.57, 0.00282225
2290.24, 0.000577516
2442.19, 0.00086908
1805.64, 0.002617
1246.39, 0.000290802
1351.23, 0.00110791
1528.53, 0.0024408
2358.87, 0.000536646
1040.48, 0.000170484
1356.74, 0.000742718
1089.19, 0.000577765
2376.67, 0.000635063
1402.9, 0.00165943
2157.36, 0.00136925
2113.83, 0.00358975
1378.4, 0.00187661
1698.37, 0.00314205
1613.87, 0.00282058
2373.8, 0.000619781
2053.97, 0.00241292
1815.87, 0.00280499
2407.71, 0.000867234
1482.07, 0.00182179
2294.18, 0.00064202
1788.24, 0.0025862
1114.59, 0.000351796
2213.09, 0.000949117
1984.67, 0.0226654
1089.69, 0.000444379
2354.54, 0.000553672
1852.98, 0.0328447
1966.36, 0.00340028
1731.28, 0.006239
2090.9, 0.00230061
1722.05, 0.00205759
1369.91, 0.00126732
1381.85, 0.00143033
2413.07, 0.000835478
1461.9, 0.00165316
2154.9, 0.00131899
2378.86, 0.000835052
2253.68, 0.000914131
1117.03, 0.00100581
2182.92, 0.0012301
2375.18, 0.000688686
1291.56, 0.000731763
1605.21, 0.00238518
1084.04, 0.000726845
2272.52, 0.000546839
1474.82, 0.00206334
1008.82, 0.000535253
2424.57, 0.00117563
2450.69, 0.00137603
2421.12, 0.000816789
2097.03, 0.00114649
2401.11, 0.000852484
2387.65, 0.000693205
2051.07, 0.00149042
2355.23, 0.000442917
1502.26, 0.00157252
1806.33, 0.00282404
1511.83, 0.00229844
1801.68, 0.0027488
1179.82, 0.000190225
1537, 0.00209005
1291.08, 0.000702472
2340.75, 0.000649334
2454.6, 0.00125779
1757.56, 0.00845967
2480.74, 0.00126872
2083.2, 0.00200973
1229.42, 0.000295903
1706.62, 0.00264033
1257.43, 0.000278644
1198.52, 0.000114688
2413.89, 0.000782901
1735.34, 0.00227678
2026.3, 0.00171388
1130.3, 0.000372645
1216.56, 0.000274747
2089.55, 0.00238303
2444.28, 0.00100449
1272.42, 0.000473967
1329.29, 0.000964853
1261.64, 0.000413916
1278.06, 0.000375733
1245.15, 0.000233671
2175.39, 0.00138197
1716.7, 0.0026258
1351.61, 0.00116632
1873.14, 0.00218418
2164.32, 0.00118952
1245.78, 0.000436674
1142.66, 0.000377864
1104.52, 0.000262808
1801.66, 0.00190489
1662.98, 0.00274647
1129.41, 0.000245285
1213.89, 0.00012837
1722.64, 0.00259671
1233.57, 0.000305573
1767.19, 0.00373685
2219.02, 0.00110397
1844.57, 0.00245694
2321.64, 0.000817534
2389.64, 0.000893123
2061.44, 0.00805474
1499.03, 0.00221765
1947.28, 0.00238824
1221.07, 0.000241393
2349.21, 0.000404749
2477.28, 0.00116219
1464.02, 0.00158237
1610.02, 0.00340042
1906.9, 0.00232656
1020.66, 0.000475323
2173.33, 0.0012121
1599.71, 0.00289815
1813.07, 0.00259518
1439.11, 0.0017371
1387.62, 0.00131389
1417.29, 0.00182678
1726.85, 0.00228328
2465.28, 0.00113771
2208.34, 0.000868329
2432.71, 0.000885792
1687.62, 0.00281167
1921.37, 0.00183086
1186, 0.000121346
1965.92, 0.00293519
1399.25, 0.00125677
2179.44, 0.00108361
1000.85, 0.000225099
1774.07, 0.0169902
1540.75, 0.00205056
1653.59, 0.00243488
2163.68, 0.00124335
1674.82, 0.00520329
1114.64, 0.00030572
1221.24, 0.000241831
1785.71, 0.00189334
1373.67, 0.00317332
1740.33, 0.00269857
1406.11, 0.00138774
1419.95, 0.0019121
2046.62, 0.00240425
1300.73, 0.000684587
1119.58, 0.000299567
1314.65, 0.000936605
1606.35, 0.00224359
1932.06, 0.0027559
1977.65, 0.00174528
1582.47, 0.005582
2133.87, 0.00114284
2136.58, 0.00130715
1978.82, 0.00198569
1388.27, 0.00148009
2070.8, 0.00414721
1807.88, 0.00218043
1946.85, 0.00223991
1945.24, 0.00463578
2233.24, 0.000787827
2260.17, 0.0011666
1215.5, 0.000236228
1234.98, 0.000506875
2453.62, 0.001058
2435.2, 0.00113588
1549.43, 0.00221618
1280.73, 0.000892353
1880.77, 0.00245142
1997.72, 0.001196
1736.63, 0.00271203
2156.51, 0.00161256
1314.84, 0.000645143
2000.18, 0.00150021
2379.24, 0.000527205
1429.3, 0.00166705
1677.51, 0.0026667
1982.33, 0.00201253
2086.24, 0.00141125
1213.23, 0.000265935
1791.5, 0.00250496
1834.35, 0.00264817
2469.6, 0.00128406
1711.19, 0.00236279
1637.68, 0.00220732
1580.52, 0.00204725
2079.84, 0.00156625
1246.37, 0.000288133
1608.5, 0.00367038
2102.39, 0.00162703
1777.47, 0.00266043
2150.03, 0.00116404
2466.47, 0.00103276
1726.12, 0.00205431
2480.09, 0.00143569
1270.83, 0.000715352
1623.78, 0.00225472
2153.94, 0.0116506
2388.63, 0.000784323
1720.57, 0.00341037
2370.15, 0.000581554
1157.27, 0.000155435
2127.02, 0.00123216
1267.71, 0.000718275
1379.27, 0.00133433
1310.27, 0.000683179
1757.09, 0.00646648
2364.75, 0.00435284
1914.87, 0.00457965
2155.81, 0.00166977
1169.86, 0.000198281
2269.29, 0.000663568
2387.79, 0.0010114
1600.3, 0.0022649
1575.16, 0.00216884
1120.55, 0.000417857
2330.79, 0.000442723
1581.04, 0.00232266
1974.44, 0.00213588
1692.46, 0.00251737
2221.88, 0.00106418
1482.93, 0.00202131
2078.05, 0.00171756
1357.49, 0.00245172
1227.62, 0.000479973
2007.01, 0.00188305
1383.7, 0.00125988
2261.72, 0.000859276
1808.15, 0.00212617
2249.23, 0.00134215
1152.42, 0.000779672
1010.17, 0.00021767
1483.39, 0.00498083
1604, 0.00274624
2386, 0.00234547
2146.05, 0.00128265
1446.85, 0.00162689
1386.29, 0.00123099
1687.5, 0.00622819
1422.29, 0.00167043
2159.78, 0.0112918
1085.39, 0.000369116
1743.29, 0.00437602
1956.37, 0.00198485
1066.79, 0.000309674
2269.37, 0.00083996
2322.96, 0.000476731
1037.97, 0.00338305
1528.38, 0.0017395
1552.74, 0.00221493
1042.44, 0.000189872
1680.21, 0.00224389
2391.38, 0.000767143
1389.59, 0.00158762
1738.66, 0.00250865
1917.42, 0.00220128
1694.23, 0.00405042
1207.45, 0.000155093
1459.56, 0.00170101
2120.85, 0.00262578
1788.11, 0.00193507
1885.46, 0.00288241
1103.68, 0.000363658
1712.77, 0.00330004
1444.15, 0.00171944
1132.34, 0.000442443
1028.98, 0.000410722
2082.14, 0.00294192
1905.74, 0.00214226
1289.46, 0.000482052
2037.69, 0.0019415
1815.16, 0.00215384
1113.19, 0.000249506
1658.21, 0.00356291
2362.44, 0.000809793
1331.77, 0.000974526
1887.69, 0.0023683
1138.46, 0.000245272
1572.05, 0.00201348
1058.06, 0.000258729
1843.28, 0.00451284
1337.74, 0.000818554
1356.59, 0.00144913
1380.17, 0.00137921
1807.6, 0.00227245
1120.75, 0.000248717
1823.34, 0.002444
2031.75, 0.00190311
1714.49, 0.00400533
1520.09, 0.00201414
2151.83, 0.00268905
2008.21, 0.00208095
2216.05, 0.000945792
1484.59, 0.00236951
1549.76, 0.00250566
2097.93, 0.00152754
1644.35, 0.00303261
1453.76, 0.00165221
2265.27, 0.000534753
2377.89, 0.00496231
1318.29, 0.0012331
1425.13, 0.00155794
1280.47, 0.000630835
2068.94, 0.00141825
1360.4, 0.00106502
1602.39, 0.00260209
1078, 0.000651713
2428.51, 0.000868629
1114.26, 0.0004549
1511.92, 0.00206432
2147.45, 0.00434655
1658.05, 0.00253103
1986.46, 0.00245853
1729.8, 0.00232515
1668.03, 0.00265632
2386.21, 0.000682567
2365.8, 0.00836822
1673.03, 0.00268361
2156.17, 0.0013272
2139.67, 0.0013982
1952.84, 0.00210938
2468.18, 0.00112783
2002.11, 0.00175681
1917.6, 0.00287805
2229.09, 0.00122094
1483.07, 0.00170923
1558.03, 0.00458799
1775.45, 0.00220682
1667.25, 0.00250079
1296.04, 0.000817546
1209.66, 0.000244024
2441.5, 0.000821802
1025.63, 0.000229213
2436.61, 0.00101979
2145.05, 0.00137162
2495.62, 0.0012479
1166.9, 0.000245067
1715.25, 0.00402583
1122.72, 0.000337723
1684.42, 0.00267204
1965.66, 0.00222781
2280.97, 0.000705234
1987.79, 0.00181821
2206.9, 0.00091937
2455.29, 0.0153678
1589.33, 0.00220868
1381.07, 0.00105784
1813.75, 0.00473424
1537.46, 0.00211778
1996.53, 0.00257967
2459.2, 0.00429001
2082.24, 0.00170004
1047.31, 0.000343353
1743.43, 0.00265074
2200.76, 0.00165757
1585.75, 0.00173951
2095.48, 0.00200651
2190.84, 0.00526952
2065.05, 0.00233798
1967.48, 0.00227585
2121.47, 0.00177277
1994.8, 0.00461284
1709.55, 0.00262278
1448.72, 0.00180519
1033.7, 0.000429752
1714.27, 0.00252648
1381.63, 0.00136796
2188.23, 0.00116644
1215.33, 0.0002412
1476.02, 0.0020928
1493.73, 0.00186219
2210.95, 0.00088769
2463.05, 0.00139155
1778.54, 0.00262403
2156.41, 0.00114722
2385.59, 0.000773786
2296.3, 0.0004917
1096.53, 0.00123967
1623.75, 0.00210769
1511.41, 0.00258506
2300.31, 0.000505376
1832.2, 0.00212086
2174.86, 0.00100334
1374.94, 0.00122413
1128.53, 0.000489767
1655.53, 0.000804422
1961.78, 0.00766193
1019, 0.000483352
1258.47, 0.000805041
2248.84, 0.000822395
1367.47, 0.00165818
2116.92, 0.00111118
2345.68, 0.000488368
2218.07, 0.00106704
1139.45, 0.000361652
2341.69, 0.000495561
1139.29, 0.000408331
1674.85, 0.00249744
1215, 0.000361227
1161.39, 0.000236908
1061.59, 0.000766488
1577.15, 0.00247207
2125.76, 0.00101306
2470.29, 0.00133786
1974.87, 0.0021138
1728.21, 0.0022762
2031.25, 0.00249174
1117.79, 0.000470995
1114.26, 0.000425005
1705.35, 0.0025888
2458.89, 0.000848891
1824.96, 0.00300518
2083.99, 0.00212376
1641.31, 0.00227693
1308.24, 0.000747092
1653.2, 0.00260736
2265.79, 0.00144467
1417.71, 0.000657809
2276.97, 0.000665475
1963.58, 0.00465051
2363.51, 0.000453145
1105.84, 0.00039104
2416.16, 0.000684521
1224.12, 0.000269627
1724.48, 0.00222487
2398.95, 0.000730629
1461.57, 0.00182457
2107.29, 0.00132349
1572.32, 0.00375425
1036.91, 0.000262197
1391.4, 0.0010716
1076.83, 0.000504925
1393.71, 0.0176008
2035.55, 0.00170244
2187.98, 0.00090545
1991.1, 0.00180871
1245.06, 0.000634763
1438.28, 0.0017226
1602.71, 0.00240029
2237.63, 0.000846575
2363.2, 0.000670721
1277.13, 0.000767456
1785.1, 0.00266385
1800.89, 0.00224778
1154.55, 0.000348289
1044.24, 0.00132884
1908, 0.00244151
1858.35, 0.00266831
2151.73, 0.00124835
1154.7, 0.000348457
1116.77, 0.000716438
2151.91, 0.00214381
1279.62, 0.000413986
1399.09, 0.00143522
2103.01, 0.00181348
1170.68, 0.000183839
1422.62, 0.00156262
1771.02, 0.00299632
1759.53, 0.00212103
1116.3, 0.00031285
1766.49, 0.00252248
1153.5, 0.00017751
2349.2, 0.000435676
1929.59, 0.0048032
1853.79, 0.00235477
1733.17, 0.00218207
1174.03, 0.000184055
1099.22, 0.000371944
1027.54, 0.000323425
1919.68, 0.00216309
2467.66, 0.00119949
1898.83, 0.00216329
1727.61, 0.00222186
1322.94, 0.000792086
2320.53, 0.000606845
2232.39, 0.00120112
2016.66, 0.00603463
1850.25, 0.00197663
1578.23, 0.00251239
1217.84, 0.00025209
1813.46, 0.00380906
1843.71, 0.00272975
1699.17, 0.00268238
2064.52, 0.00199033
1935.82, 0.00197706
1677.1, 0.00244251
2066.25, 0.00154928
2306.2, 0.000416795
2233.29, 0.000876964
2201.96, 0.00598947
2323.12, 0.000462029
1742, 0.00622211
1272.99, 0.00043658
2235.2, 0.000910363
1944.04, 0.00203104
1431, 0.00146054
1125.15, 0.00043097
2133.81, 0.0054072
2041.09, 0.00189688
1052.07, 0.000285615
2025.55, 0.00190064
1445.52, 0.0016015
2361.01, 0.000484499
1018.6, 0.000245995
1730.32, 0.00203955
1951.46, 0.00184182
1219.61, 0.00045696
2280.92, 0.000497349
1880.98, 0.00204029
2107.46, 0.00129175
1594.02, 0.00247673
2216.36, 0.00132716
1843.45, 0.00233464
1235.17, 0.000427385
1660.37, 0.00233419
2211.55, 0.000786324
2236.41, 0.0010348
1953.85, 0.00230759
1157.37, 0.000312649
1966.02, 0.000759358
1237.54, 0.000379442
1948.56, 0.00284978
1076.67, 0.000446878
2019.51, 0.00182779
2391.3, 0.00106129
1513.27, 0.00191585
1030.72, 0.000162112
1168.01, 0.000281512
2184.43, 0.0013759
1953.28, 0.0105501
2471.37, 0.00135225
1469.82, 0.00176898
1285.55, 0.00047165
1248.44, 0.00031582
1349.92, 0.000631362
1935.35, 0.00199928
2013.88, 0.00448016
2105.34, 0.00262311
1309.24, 0.000972235
1217.42, 0.000252107
2015.37, 0.00212204
1000.7, 0.000364245
1154.12, 0.000304584
2243.96, 0.00150345
1371.67, 0.000723047
1413.34, 0.00275052
1757.11, 0.00221937
1766.43, 0.00223679
1070.31, 0.000301173
1741.16, 0.00272485
1533.87, 0.00212148
1388.2, 0.00112491
1796.58, 0.00198316
2329.14, 0.000390061
1261.94, 0.000499628
2458.38, 0.00116094
1725.5, 0.00261891
2497.94, 0.0016908
2052.75, 0.0019288
1318.28, 0.00105943
1029.48, 0.000238714
2030.5, 0.00498097
1651.43, 0.00338357
1755.77, 0.00242519
2205.27, 0.000972103
1320.6, 0.000718973
2436.32, 0.000940396
1528.68, 0.0031669
2367.29, 0.000838222
1414.14, 0.00213393
2139.16, 0.00132081
2273.29, 0.00611089
1666.74, 0.00219194
1685.32, 0.00290074
1765.61, 0.00283252
1088.89, 0.000652304
1442.08, 0.00301044
1978.5, 0.00232001
2429.31, 0.00176938
1502.89, 0.00204404
1343.51, 0.000837227
2191.24, 0.0012161
1322.35, 0.00101502
1017.89, 0.000409125
1426.7, 0.00174494
2356.25, 0.00101799
2471.19, 0.00154285
1855.2, 0.00253387
1943.08, 0.00221832
1327.65, 0.000826649
1039.11, 0.000454025
2407.21, 0.000908636
1602.74, 0.00219719
1798.09, 0.00198094
1860.22, 0.00284294
1825.44, 0.00253519
1310.55, 0.00123788
2275.18, 0.000544598
2139.24, 0.05008
1988.08, 0.00227182
1050.97, 0.000520464
1936.5, 0.00208247
1101.75, 0.000253001
1157.47, 0.000191051
1498.47, 0.00182573
1218.29, 0.000201124
2301.78, 0.00185465
2230.16, 0.000886044
1247.63, 0.000276767
1720.15, 0.00325563
1931.9, 0.00466103
2384.06, 0.000725548
2267.15, 0.000797342
2007.82, 0.00183199
1833.99, 0.0028286
1004.83, 0.000291983
1947.38, 0.00346426
2232.15, 0.000859332
1167.96, 0.000175448
1650.68, 0.00214834
2478.66, 0.00113047
1330.47, 0.000852111
2107.75, 0.00164712
1858.45, 0.00623246
1771.23, 0.0227935
1492.5, 0.00175632
2058.68, 0.00222169
1202.1, 0.00013812
1978.12, 0.0020492
1018.25, 0.000199201
2011.84, 0.00239477
1376.96, 0.00107571
1065.02, 0.000897562
1470.43, 0.000985
1458.79, 0.00204062
1905.25, 0.00237829
1980.64, 0.00210686
1663.2, 0.00651323
1301.32, 0.00168396
2454.41, 0.00114201
2221.64, 0.000840705
2100.68, 0.00134576
1404.5, 0.00199428
2332.06, 0.000374353
1453.12, 0.00229403
1890.47, 0.00206907
1364.19, 0.00133801
1054.25, 0.00067541
2375.3, 0.000480014
1149.39, 0.00115256
2077.7, 0.023137
2201.71, 0.00112955
2187.05, 0.00211091
2396.62, 0.000836698
1833.05, 0.00585478
1574.55, 0.00160451
1033.24, 0.000696263
1316.25, 0.000889
1913.75, 0.00260833
1715.63, 0.0027079
1294.53, 0.000622321
2156.1, 0.00120173
2449.22, 0.00102908
1390.51, 0.000797577
1297.35, 0.000528459
2433.55, 0.000930243
1763.5, 0.00276208
2062.43, 0.00168145
1741.35, 0.00375215
1859.65, 0.00377184
2015.69, 0.00216046
1763.73, 0.00300363
1535.55, 0.00256007
1057.93, 0.000253794
1012.19, 0.000302136
2486.94, 0.00119909
1247.12, 0.000525486
1838.81, 0.00287528
2015.67, 0.00187773
1261.79, 0.000509455
2171.58, 0.00131749
2441.63, 0.00348767
1883.65, 0.00224995
2294.49, 0.000428488
1692.12, 0.00213474
1478.85, 0.00998083
1992.47, 0.00235582
1981.08, 0.00229598
2305.84, 0.000426873
1420.89, 0.00136684
2317.99, 0.000461173
2375.24, 0.000840681
2395.36, 0.000716211
1741.46, 0.0021583
2036.32, 0.00161875
1577.89, 0.00197258
1955.34, 0.00219695
2428.91, 0.00130307
1481.5, 0.00217686
2362.55, 0.000447242
2064.99, 0.00210659
1825.82, 0.00237354
1912.65, 0.0109345
1191.27, 0.000288583
1686.01, 0.00288375
1022.12, 0.000502625
2102.43, 0.00170041
2031.26, 0.00220425
1491.12, 0.00168691
2045.68, 0.00181804
1134.16, 0.000205001
1302.94, 0.00132805
2126.59, 0.00278506
1527.99, 0.00186453
1274.44, 0.000624706
1631.83, 0.00284737
2057.5, 0.00156509
1344.88, 0.00129271
1811.57, 0.00320429
2166.21, 0.00101069
1766.62, 0.0026061
1393.46, 0.00159807
1717.17, 0.00124413
1104.58, 0.000636568
1917.58, 0.00229103
2264.38, 0.000551866
1392.71, 0.00130298
1410.33, 0.00134069
1976.46, 0.00310679
1800.22, 0.00317359
1083.83, 0.000508354
1177.63, 0.000174533
1767.33, 0.00337859
1481.66, 0.00209695
1959.79, 0.00165148
2109.49, 0.00210881
1149.84, 0.000395032
2348.85, 0.000457017
1697.51, 0.00262565
1133.68, 0.000454764
1299.22, 0.00080145
1864.88, 0.00174245
2054.47, 0.00156147
1182.46, 0.000114633
2016.02, 0.00284506
1440.78, 0.00156123
1530.98, 0.00222917
1396.35, 0.00127964
2036.58, 0.00164064
1905.95, 0.00288424
1684.94, 0.00248092
2175.23, 0.0010371
1822.25, 0.00238886
1784.08, 0.00250707
2168.23, 0.00112405
1436.34, 0.00150382
2374.38, 0.000505602
1663.85, 0.00263582
1358.72, 0.00125222
2025, 0.00174093
1789.23, 0.0025823
1390.88, 0.00114343
1987.26, 0.00216211
1578.64, 0.00232446
1111.78, 0.000236944
2460.03, 0.0164101
1834.03, 0.00223853
1924.83, 0.00259154
1024.33, 0.000772818
1012.63, 0.000151274
1627.76, 0.00230879
1028.51, 0.00036569
1670.76, 0.0022444
2306.14, 0.000367215
1724.17, 0.00238764
2026.79, 0.00209374
1642.85, 0.00242874
1838.32, 0.00218201
1379.03, 0.00130925
1638.29, 0.00287005
1670.01, 0.00510879
1243.05, 0.000450465
1647.21, 0.00403569
1327.6, 0.00169745
2141.39, 0.00142081
1210.77, 0.000135435
1515.03, 0.00197971
1750.51, 0.00308257
2188.47, 0.00105327
1075.25, 0.000291013
1470.57, 0.00108656
2114.98, 0.00125745
1413.11, 0.00128814
1318.83, 0.000962459
1526.34, 0.00227686
2363.02, 0.000459477
2466.73, 0.00273309
1037.97, 0.000334904
1631.18, 0.509514
1113.86, 0.000400788
1952.06, 0.00234037
1439.01, 0.00166223
1890.78, 0.00222471
1447.66, 0.00185375
1147.6, 0.00031326
1522.93, 0.00215904
2337.3, 0.00046628
1798.64, 0.00223234
1474.71, 0.00180265
1835.35, 0.00289779
2348.58, 0.000399409
1539.02, 0.00371689
1290.18, 0.000900958
1969.83, 0.00211743
1968.59, 0.00206125
1779.92, 0.0024145
1025.44, 0.000316681
1273.4, 0.000424476
1956.86, 0.00194214
1333.64, 0.00051166
1969.69, 0.00185989
2453.9, 0.00103237
1300.6, 0.000749582
2307.24, 0.000436657
1741.63, 0.00219435
1490.78, 0.00177227
1245.39, 0.000651956
1356.44, 0.00105534
2382.93, 0.000761645
1156.18, 0.000397127
1396.67, 0.00125775
1533.27, 0.0021968
1027.66, 0.000447204
1772.88, 0.00240157
1739.16, 0.00241378
1794.25, 0.00226552
1579.4, 0.00278284
1918.49, 0.00215879
2010.16, 0.00198197
1257.85, 0.000408875
2168.43, 0.00124952
1142.04, 0.000487307
2024.16, 0.00174792
2415.21, 0.000855927
1491.26, 0.00221754
1649.28, 0.00167443
2448.64, 0.00145437
1230.59, 0.000458029
1691.61, 0.0023848
1070.46, 0.000163057
1348.83, 0.00121629
2117.15, 0.00142613
2281.38, 0.000501081
1449.35, 0.00285861
1651.96, 0.00234158
1183.46, 0.000115276
1015.27, 0.000221866
1721.2, 0.00287701
2075.99, 0.00157762
1669.35, 0.00613935
2239.72, 0.000871212
1522.96, 0.0024961
2267.83, 0.000584413
1910.65, 0.0018552
2165.64, 0.00416611
2479.88, 0.00122231
1309.6, 0.00110208
2125.41, 0.00217826
1825.42, 0.00547623
1097.25, 0.000201412
2264.36, 0.000548541
2156.03, 0.00123187
2266.03, 0.000615909
2011.37, 0.00183393
2461.35, 0.00250352
2264.17, 0.000723558
1211.48, 0.000199369
2091.22, 0.00245513
1885.8, 0.00256307
1248.66, 0.000569621
1540.51, 0.00247748
2054.5, 0.00257047
2320.56, 0.000867785
2446.73, 0.000875466
1441.6, 0.00185148
1573.39, 0.00234245
1390.05, 0.00137305
1838.73, 0.00246031
2028.2, 0.0020215
1676.94, 0.00216707
2356.55, 0.000534578
2274.29, 0.000595025
1075.93, 0.000735453
1969.83, 0.00200835
1801.3, 0.00215226
2098.56, 0.0020398
1244.84, 0.00033538
1848.14, 0.00212189
2137.49, 0.00129711
1754.96, 0.00241255
1997.45, 0.00233748
1227.3, 0.000284304
1575.01, 0.00229433
1725.14, 0.0039414
2226.54, 0.000823705
1453.78, 0.00183885
2290.76, 0.00047237
1079.97, 0.000606347
1173.65, 0.000220394
1023.12, 0.000658341
1347.98, 0.00070321
2353.29, 0.000467035
1480.57, 0.00335314
1253.67, 0.000339364
1169.07, 0.000192129
1187.27, 0.000117328
2384.48, 0.000914658
2335.63, 0.000362362
2042.82, 0.00838037
1221.39, 0.000287489
1601.14, 0.00298463
1975, 0.00412217
1803.46, 0.00235736
1466.12, 0.00220842
1873.52, 0.00274061
1814.12, 0.00540794
1664.33, 0.00249839
1672.34, 0.00226681
1470.57, 0.00230857
2186.05, 0.00132953
2115.79, 0.00125619
1093.74, 0.000215053
2040.9, 0.00173145
1544.65, 0.00294642
2241.59, 0.000997248
1198.46, 0.000104976
1537.5, 0.00331282
1966.73, 0.00220365
1082.95, 0.000296283
2460.03, 0.00198217
2259.06, 0.000620639
2065.36, 0.00236847
1269.39, 0.000533913
1885.76, 0.00251193
1781.45, 0.00199297
2102.42, 0.00207848
1699.68, 0.00256751
2225.48, 0.000886863
1941.65, 0.00475663
1721.43, 0.00248162
1088.26, 0.000309617
1379.56, 0.00105267
2495.74, 0.00154329
1514.48, 0.00198543
2489.46, 0.00174068
2438.42, 0.00186283
2215.35, 0.00125628
1644.19, 0.00278251
2338.25, 0.000550363
1894.81, 0.0031335
1335.03, 0.000893437
1094.92, 0.000560886
1919.41, 0.00192649
1120.75, 0.00060106
2130.95, 0.0018301
2078.96, 0.00356184
2489.95, 0.00195684
1883.56, 0.00255465
2221.67, 0.000858625
1057.53, 0.000638051
1927.71, 0.00289209
1384.4, 0.00141319
1784.55, 0.00246136
1778.82, 0.00255461
2032.13, 0.00500985
2441.44, 0.0174084
1168.37, 0.000464392
1079.88, 0.000410746
2010.99, 0.00402363
2441.53, 0.00139576
1046.36, 0.000203664
1912.31, 0.00281732
1263.18, 0.000641435
2157.89, 0.00106279
1759.69, 0.00237564
1462.07, 0.00195869
1792.74, 0.00262067
2096.26, 0.00161073
1700.82, 0.00318844
1569.59, 0.00333975
1888.91, 0.00204511
2420.5, 0.000707522
2362.5, 0.00050229
1856.68, 0.00257544
1919.08, 0.0022877
1793.95, 0.00214344
2239.73, 0.000783385
1157, 0.000133757
2145.9, 0.00115043
2344.54, 0.000736784
2185.6, 0.00106339
2305.95, 0.000559215
1433.12, 0.00165313
1337.54, 0.00129118
2479.13, 0.00142279
2384.74, 0.000586709
1904.22, 0.00288229
1282.05, 0.000958998
1413.09, 0.00169738
1988.89, 0.00190016
2313.46, 0.000448106
2062.45, 0.00207388
2410.21, 0.00136719
1161.26, 0.000189389
2228.64, 0.000773987
2337.64, 0.00042631
1448.75, 0.00287541
1276.81, 0.00106987
1844.24, 0.00218899
1050.33, 0.000195948
1229.86, 0.000451041
2126.28, 0.00136231
1276.03, 0.000348753
1872.63, 0.00193613
1160.53, 0.000296778
2250.52, 0.000860003
2465.45, 0.00151209
1478.11, 0.00272122
2491.48, 0.00130354
1145.72, 0.000650757
2488.64, 0.00768275
2110.83, 0.00191802
1545.72, 0.00207433
1962.8, 0.00156704
2220.4, 0.000824933
1059.55, 0.000396338
2210.57, 0.00111085
1137.47, 0.000295281
1464.51, 0.0015293
1704.32, 0.0024294
1311.52, 0.000800842
2281.9, 0.000618212
1022.67, 0.000170514
1408.61, 0.00163081
2443.66, 0.00177158
2418.8, 0.000968004
1416.34, 0.00223014
1393.91, 0.00145885
1287.16, 0.000474739
1613.17, 0.00239394
1912.91, 0.00255945
1058.15, 0.000243
1637.48, 0.0041793
2131.01, 0.00165816
1678.07, 0.00208721
1464.1, 0.00172969
2431.92, 0.00090578
1081.79, 0.000248541
1490.32, 0.00327173
1824.26, 0.00253451
2124.24, 0.00146514
1132.04, 0.000396759
1678.93, 0.0021762
1801.54, 0.00290786
2473.65, 0.00135629
2474.3, 0.00109875
2456, 0.000875007
1089.71, 0.000211374
2456.23, 0.00143704
2459.83, 0.00140155
2165.19, 0.00267752
1187.22, 0.000197547
1033.97, 0.000414431
2206.77, 0.00100488
1396.69, 0.00114591
1231.41, 0.000310397
1765.3, 0.00207668
1221.62, 0.000214187
2433.99, 0.0013047
1789.44, 0.00332872
2146.23, 0.00129402
2073.68, 0.0052167
1474.94, 0.00244249
1679.69, 0.00241626
2003.37, 0.00381584
1755.36, 0.00256559
1201.56, 0.000164032
1297.38, 0.000833267
2135.61, 0.00129539
2412.03, 0.00101733
1323.44, 0.0009846
1601.05, 0.00221228
1277.96, 0.000474789
2265.54, 0.000660204
1227.48, 0.000428413
2259.85, 0.000802469
2221.03, 0.000810108
1040.57, 0.000353038
1822.61, 0.00180219
1404.48, 0.00154816
1489.57, 0.00234056
1966.86, 0.00201892
2126.34, 0.00298373
1909.94, 0.00241302
1254.29, 0.000467157
1805.46, 0.00207197
1443.72, 0.00133108
2266.44, 0.00126786
2144.89, 0.00143695
1776.83, 0.0018761
2284.99, 0.000552519
1385.23, 0.00103398
2060.37, 0.0017665
2410.96, 0.00158049
2471.31, 0.00114259
2384.28, 0.000654534
2164.3, 0.0177335
1363.6, 0.00116562
2024.78, 0.00292508
1996.87, 0.00502349
1265.43, 0.000563963
1909.01, 0.00313485
1664.63, 0.00298193
2395.19, 0.0010081
1845.01, 0.00236654
2237.44, 0.000858414
1895.61, 0.00167409
1744.46, 0.00247042
1584.74, 0.0021813
1339.35, 0.000427606
1707.54, 0.00299023
2041.33, 0.00169719
1988.14, 0.0827965
2436.64, 0.0011408
2467.62, 0.00225444
1324.34, 0.000895718
2080.39, 0.00133786
1247.65, 0.000261887
1142.49, 0.000330244
1761.97, 0.00378253
1903.75, 0.00189408
1309.93, 0.00101182
1515.08, 0.00207407
1275.1, 0.000457507
1863.52, 0.00261616
1960.24, 0.00333301
1181.35, 0.000154079
1464.09, 0.00219783
2287.53, 0.000449946
2181.86, 0.00169857
2129.42, 0.00142665
2177.02, 0.0013477
1233.44, 0.00025973
1142.2, 0.000247435
1211.93, 0.000208001
1117.5, 0.000586599
2370.11, 0.000741364
2300.32, 0.0101044
1199.69, 0.000163956
2464.79, 0.00107627
2057.74, 0.00188883
2491.02, 0.00228236
1928.6, 0.00137905
1500.25, 0.00189531
1295.22, 0.000566721
2095.77, 0.00180502
1804.05, 0.0028664
1098.77, 0.000362537
1548.19, 0.001967
1822.83, 0.00295
1785.81, 0.00337833
2158.56, 0.00113357
2303.42, 0.00130664
2142.37, 0.00182528
2271.99, 0.00963455
2147.85, 0.00304825
1109.11, 0.00042924
2391.11, 0.00319921
1977.62, 0.00431681
1434.42, 0.00195957
2269.43, 0.000867156
1525.74, 0.00188168
1616.02, 0.00263335
2088.56, 0.00217173
1445.22, 0.00626953
1408.59, 0.000986251
1518.03, 0.00242189
1429.21, 0.00150487
2267.41, 0.000813564
1631.05, 0.00457739
1092.86, 0.000698804
1954.81, 0.00217122
1054.76, 0.000512776
1801.22, 0.00245877
2468.06, 0.00165016
1009.64, 0.000318858
2311.03, 0.000669748
2412.65, 0.00067494
1458.06, 0.00130579
1191.46, 0.000222224
1460.84, 0.00141554
2176.38, 0.00124719
2112.92, 0.00139901
1469.04, 0.00145685
1262.25, 0.000690623
1184.38, 0.000137395
1024.24, 0.000323678
2186.95, 0.00104098
1746.09, 0.00274029
2296.5, 0.000421814
1595.18, 0.00199211
2287.39, 0.000507316
2284.06, 0.000490783
2455.06, 0.000963905
1391.23, 0.00167334
1459.82, 0.00168841
1590.13, 0.00250352
1705.39, 0.00188683
2208.82, 0.00109915
1969.44, 0.00184659
2102.86, 0.00238738
1416.6, 0.00144258
2033.17, 0.00203261
2467.94, 0.000998863
1770.46, 0.00451732
2001.63, 0.00299499
2093.22, 0.00132711
1455.11, 0.00407181
2336.75, 0.000449074
1130.09, 0.000564952
1193.82, 0.00012682
1732.05, 0.0020212
2488.63, 0.00123609
2352.8, 0.000869431
1280.75, 0.000706495
1644.72, 0.00222592
2466.69, 0.00154472
1559.88, 0.00191968
1291.61, 0.0012253
2403.84, 0.000576508
1519.16, 0.00164915
1341.67, 0.000716216
1432.87, 0.00167592
1759.01, 0.00210368
1304.01, 0.000801119
2179.73, 0.00154641
2405.33, 0.000799245
1774.51, 0.0058987
1169.01, 0.00015319
2425.2, 0.000931265
2437.88, 0.000805988
1248.11, 0.000466959
1420.26, 0.0217364
1034.58, 0.000607992
1565.36, 0.00213433
2445.21, 0.000864659
1832.18, 0.00238486
2361.62, 0.000704743
1532.86, 0.00209014
1670.88, 0.00216802
1614.24, 0.00324315
1968.51, 0.00177536
1067.93, 0.00036503
1352.23, 0.00108701
2365.4, 0.000574062
1933.81, 0.00208708
1845.85, 0.0030128
1914.63, 0.00236939
1299.8, 0.000610214
1302.12, 0.000582239
1168.46, 0.000485099
1995.93, 0.00173332
2145.24, 0.00209148
2437.63, 0.000885795
2238.88, 0.00103149
2346.39, 0.000677126
1318.51, 0.000418639
1042.48, 0.000637479
1968.03, 0.0031961
1194.89, 0.000656372
1622.89, 0.00247421
1844.29, 0.00229443
2463.47, 0.00163833
1084.58, 0.000415918
1272.98, 0.000668437
2227.95, 0.00299566
1973.51, 0.00185247
1215.33, 0.000255407
1110.06, 0.000373341
1451.83, 0.00148045
1820.23, 0.00252444
1140.25, 0.00044023
1384.29, 0.00152672
2099.39, 0.00125355
1229.77, 0.000744001
1796.48, 0.00251347
2181.68, 0.00172501
1153.83, 0.000282558
2031.25, 0.00170566
1029.47, 0.00226625
2300.71, 0.000359951
1262.26, 0.000431134
1949.31, 0.00704708
1034.65, 0.000233795
1429.01, 0.00145189
1321.12, 0.00092268
1512.97, 0.00503874
2465.13, 0.00184141
2232.58, 0.00085037
1494.86, 0.00140206
1629.44, 0.00578307
1846.77, 0.00220531
1465.28, 0.00189461
2199.07, 0.00135788
1059.11, 0.0003039
2228.72, 0.000777007
1758.1, 0.0025687
1894.7, 0.00252028
1600.99, 0.00297382
2343.45, 0.000571471
2204.64, 0.00088205
2098.19, 0.00202431
1816.57, 0.0202405
2273.19, 0.000670424
1175.88, 0.000147502
2306.43, 0.000398792
2176.21, 0.00115317
1118.32, 0.000152836
1823.04, 0.00313805
2173.77, 0.000957516
2118.17, 0.00137419
2076.42, 0.00147743
1375.82, 0.0012893
2444.93, 0.00115631
2166.89, 0.00115612
1319.1, 0.000666466
2123.44, 0.00153233
1106.92, 0.000235507
1376.99, 0.00434055
2079.6, 0.00158058
2306.96, 0.000457482
1506.34, 0.00223846
1651.14, 0.00238247
2433.34, 0.00117675
1655.51, 0.00234882
2282.25, 0.000531276
2232.02, 0.00101045
1878.69, 0.00355058
2381.63, 0.000982552
1417.26, 0.00177501
1487.44, 0.00185158
1120.81, 0.000668737
2107.77, 0.00110316
1638.64, 0.00314771
1116.77, 0.000299734
1403.83, 0.00154421
1211.64, 0.000170068
2367.27, 0.00105154
2434.56, 0.00588231
2421.68, 0.000764624
2183.66, 0.00101858
1076.81, 0.000487407
2329.66, 0.000351267
1221.6, 0.000424855
2127.3, 0.00123939
1756.75, 0.00313193
1275.57, 0.000469287
1671.61, 0.00309399
1170.39, 0.000191749
1982.65, 0.00234605
1254.18, 0.000384575
1385.68, 0.00115279
1540.08, 0.00169081
1724.46, 0.00270204
1268.5, 0.000511479
2147.43, 0.00734062
1282.94, 0.00253679
2094.97, 0.00162139
1899.38, 0.00227839
1355.76, 0.00111589
1890.72, 0.00228065
1353.17, 0.00115357
1968.34, 0.00616515
1511.82, 0.00286695
2145.8, 0.00134155
1031.84, 0.00128904
2454.56, 0.00231022
1795.63, 0.00257748
2494.86, 0.00161177
1159.75, 0.000227499
1666.36, 0.00279696
1615.99, 0.00230205
1607.94, 0.00284124
1429.46, 0.000914357
1284.2, 0.000594061
2395.81, 0.00198147
2251.45, 0.000613067
1885.93, 0.00202395
1011.35, 0.0009485
1884.2, 0.00217933
1933.38, 0.00193813
2112.42, 0.00150212
2437.69, 0.00101235
1800.71, 0.00288928
1422.74, 0.00164134
1763.88, 0.00185354
1832.42, 0.00423242
2002.43, 0.00166755
1765.06, 0.00203345
2483.23, 0.00114821
1833.55, 0.00227918
1814.99, 0.0018956
1544.95, 0.00246694
2417.45, 0.0012291
1083.55, 0.000480453
1532.29, 0.00210554
1657.69, 0.00204135
1330.99, 0.00301921
1980.64, 0.00190086
1148.37, 0.00032775
1133.32, 0.000562479
1875.8, 0.00202665
1181.62, 0.000167458
2072.21, 0.00161992
1125.22, 0.000252784
2404.97, 0.000857842
1111.81, 0.000716735
2375.44, 0.000621333
1846.21, 0.00278756
1026.33, 0.000209065
1463.02, 0.00138946
1549.91, 0.0033333
1777.63, 0.00357431
1677.98, 0.00753506
2497.87, 0.00106527
2492.12, 0.00136852
1341.44, 0.00302835
2380.2, 0.000543031
1026.18, 0.000209028
2475.98, 0.0333179
2098.55, 0.00262282
1050.9, 0.000444693
2156.35, 0.00635771
1276.4, 0.000466803
1501.37, 0.00256407
1034.39, 0.000698247
1144.74, 0.000260671
2435.47, 0.000916031
1894.58, 0.00201026
1172.37, 0.000162166
1928.77, 0.00249497
2381.17, 0.000573575
1872.04, 0.00229565
1369.11, 0.00127029
1300.14, 0.000821106
1069.57, 0.000454281
1966.38, 0.0025658
1268.96, 0.000612594
2163.88, 0.00149133
1791.35, 0.0019107
1984.87, 0.00172573
2467.61, 0.00105599
1730.54, 0.00244012
2343.89, 0.000568788
1181.42, 0.000198138
2354.54, 0.00084271
2185.61, 0.00111218
2065.28, 0.00159149
1377.17, 0.00106484
1068.11, 0.000411673
1687.77, 0.00221261
2096.3, 0.00143879
2485.06, 0.00103033
1075.49, 0.000223603
2381.95, 0.000557499
1404.68, 0.00121302
1754.98, 0.00240296
1199.22, 0.000153101
2179.73, 0.00114309
2134.25, 0.00140067
2442.99, 0.000923598
1266.93, 0.000355431
1066.09, 0.000365584
2422.04, 0.000811753
2359.13, 0.00049003
1751.04, 0.00265799
2023.72, 0.00182861
2165.7, 0.00142584
1337.14, 0.00101479
2294.76, 0.000490895
1218.52, 0.000408758
1198.85, 0.00013809
1581.64, 0.00214102
1430.51, 0.00111628
2096.95, 0.00136986
2247.26, 0.000819603
1902.51, 0.00220727
1969.86, 0.00194357
1467.43, 0.00154496
1999.47, 0.00243611
2441.15, 0.00110416
1251.66, 0.000430529
1523.78, 0.00233066
1066, 0.000330403
1432.96, 0.00168699
1736.14, 0.0023109
1107.67, 0.000550348
1716.79, 0.00239689
2107.24, 0.00219128
1833.34, 0.0024301
1003.84, 0.000449655
2016.44, 0.00320495
1397.38, 0.00137589
1322.56, 0.000873846
1142.59, 0.000226477
1502.2, 0.00190032
1679.85, 0.0023126
1573.56, 0.00257164
1075.06, 0.000273188
2050.1, 0.00270366
1604.8, 0.00227004
1094.04, 0.000387134
2366.67, 0.000957179
1295.63, 0.000827068
2129.76, 0.00141865
1377.65, 0.000966959
1204.14, 0.000139006
2052.93, 0.00165399
1558.45, 0.0017754
2237.15, 0.000728083
1447.56, 0.00171741
1704.75, 0.00201025
1603.66, 0.00321128
2406.8, 0.0008435
1022.59, 0.000330906
1146.68, 0.000409729
2285.03, 0.0012489
1391.42, 0.00171905
1849.12, 0.00244572
1768.47, 0.00247576
2214.03, 0.00118193
1182.39, 0.000112321
1406.04, 0.00150947
1689.08, 0.0022088
1161.13, 0.000261391
1838.73, 0.002454
1629.36, 0.00219466
2001.08, 0.00238378
2080.03, 0.00169296
2196.28, 0.00111606
1653.54, 0.00220252
1029.91, 0.000183764
1449.11, 0.00827958
1872.5, 0.00476419
1681.5, 0.00315055
1654.42, 0.00221239
1873.61, 0.00895573
2415.1, 0.000931227
1993.77, 0.00262426
1480.24, 0.00167541
2212.41, 0.000905863
1011.76, 0.000730208
2234.11, 0.000720127
2255.56, 0.000741437
1921.85, 0.00226212
1487.36, 0.00166847
2265.36, 0.000667872
2457.55, 0.000953344
1575.96, 0.00207356
2286.91, 0.000686465
2298.49, 0.000447669
1301.42, 0.000530113
1589.68, 0.00240601
1520.11, 0.00241035
1207, 0.000146051
1625.68, 0.00273455
1404.03, 0.00916863
1256.1, 0.00111698
1292.31, 0.000631354
1691.67, 0.00214903
1684.57, 0.00241374
1527.39, 0.00157656
1291.08, 0.00235735
1919.42, 0.001939
2056.06, 0.00167933
1998.93, 0.00168297
1932.47, 0.00212963
1541.19, 0.00243167
2458.6, 0.00198549
2176.78, 0.0012239
1646.61, 0.00306797
1159.42, 0.000309338
1070.7, 0.00267931
1563.35, 0.00937538
1175.26, 0.000257195
1471.09, 0.00218272
2175.3, 0.00297578
1027.92, 0.000172814
1277.67, 0.000424286
1987.04, 0.00166597
1850.1, 0.00258001
1932.43, 0.0022708
1609.74, 0.00216181
1078.35, 0.00041285
1731.11, 0.0024573
1972.92, 0.00250021
1345.59, 0.00099816
2121.12, 0.00142891
1800.21, 0.00245178
1166.68, 0.000166142
2227.02, 0.00221055
2156.2, 0.00168025
1040.08, 0.000465311
1150.43, 0.000342494
2126.65, 0.00172079
2307.24, 0.00421177
2146.81, 0.00105288
1817.06, 0.00238386
2398.88, 0.000734843
2139.74, 0.00138331
1680.41, 0.00441294
1270.39, 0.000632868
1719.11, 0.00226243
1053.46, 0.000415771
2098.09, 0.00232525
1530.23, 0.00168633
1352.73, 0.00094347
2227.6, 0.000870752
1371.17, 0.00129141
2447.22, 0.0126716
1711.86, 0.00213382
2149.34, 0.00152452
1907.34, 0.00224233
1676.72, 0.00239863
1890.45, 0.00215876
1855.41, 0.00247518
1909.61, 0.00288022
1834.28, 0.00195011
2179.53, 0.00145419
1256.19, 0.000491023
2298.93, 0.000587643
1701.94, 0.00328332
2415.96, 0.0013252
1884.35, 0.00219818
1998.54, 0.0015008
2227.96, 0.00074819
2282.44, 0.000531845
1019.89, 0.0001828
1791.46, 0.00236367
1055.98, 0.000402739
2055.38, 0.00179447
2228.22, 0.00103385
1152.03, 0.000267582
1521.08, 0.0603485
1887.29, 0.00328358
2419.87, 0.00183843
1521.55, 0.00155138
1605.53, 0.00189719
2141.62, 0.00125276
1975.62, 0.00232105
2332.81, 0.000682536
2292.03, 0.000401002
2004.34, 0.00162387
1817.89, 0.00231889
1711.74, 0.0417722
2050.18, 0.00166853
2119.95, 0.00137766
1252.14, 0.000380183
1036.32, 0.000252164
2495.29, 0.00114894
1035.13, 0.000138213
1804.19, 0.00268917
2288.99, 0.000487952
1727.77, 0.00229133
1828.09, 0.00235204
1591.51, 0.00132549
1432.92, 0.00145569
1618, 0.00200597
2104.88, 0.00179823
1318.54, 0.00105367
1983.7, 0.0016658
2311.43, 0.000398769
1636.9, 0.00224213
1548.93, 0.002027
1773.33, 0.00248386
1246.24, 0.000447631
1745.05, 0.0035137
2302.8, 0.000677204
1291, 0.000692913
1272.27, 0.000708781
1007.81, 0.000178205
1323.05, 0.00196963
1464.32, 0.0020996
1505.98, 0.00123817
1876.07, 0.00302451
2036.83, 0.00171787
1629.65, 0.00236515
1173.23, 0.000289123
2035.7, 0.0037791
1154.92, 0.000197674
2135.66, 0.00139186
2415.38, 0.00120845
2258.34, 0.000683961
2357.7, 0.000682606
2112.07, 0.00207084
1182.99, 0.000147017
2406.56, 0.000704974
1189.88, 0.000256795
2285.3, 0.000652379
1328.29, 0.00105917
1378.34, 0.00109928
1294.58, 0.000424963
2282.69, 0.000586789
2056.02, 0.00207914
1205.09, 0.000114888
1025.76, 0.000763456
2496.09, 0.0014176
1217, 0.000210219
1739.67, 0.00378917
1628.87, 0.00267645
1726.09, 0.00244794
2290.42, 0.00101165
2491.13, 0.00160313
2339.61, 0.000357227
1456.52, 0.00214775
1326.95, 0.0025803
2132.52, 0.00159118
1962.99, 0.00184922
1207.56, 0.000136698
2462.88, 0.000946361
1390.52, 0.00100203
1964.99, 0.00196926
2143.13, 0.00111998
2158.33, 0.00125075
1848.03, 0.0120252
1502.29, 0.00219781
1486.4, 0.00166143
2277.04, 0.000848211
2231.01, 0.000768271
1035.51, 0.000405263
2490.21, 0.00153471
2156.26, 0.00180466
1106.18, 0.000408753
1760.61, 0.0019357
2018.66, 0.0018159
1870.95, 0.00201714
2120.61, 0.00486114
1856.53, 0.0023976
1047.04, 0.00027673
1157.54, 0.00167106
1989.55, 0.00272278
1098.76, 0.00018066
1520.02, 0.0017428
1476.83, 0.00147019
1349.26, 0.00105839
2060.15, 0.00264006
2237.12, 0.00104753
1376.2, 0.0010907
1713.88, 0.0037475
1883.85, 0.00197466
2056.55, 0.00313944
1445.68, 0.00110171
1718.91, 0.00319569
2198.02, 0.00100374
1705.96, 0.00268069
1796.53, 0.00253677
1746.75, 0.0041277
2068.47, 0.00164356
2264.25, 0.00063029
1996.14, 0.00233496
1355.06, 0.00109823
1407.57, 0.00246738
1743.03, 0.00246597
1603.45, 0.00258088
2330.82, 0.000478016
1661.17, 0.00207366
2067.42, 0.00156868
1371.32, 0.00128073
1000.48, 0.000805912
1927.86, 0.00192036
1726.79, 0.00269901
2006.02, 0.00180666
1609.19, 0.00261313
2304.61, 0.000413886
1180.45, 0.000322301
1659.4, 0.00853976
1577.85, 0.00215191
2120.39, 0.00142388
1694.99, 0.00188234
2110.65, 0.00139039
1159.22, 0.000224545
2204.94, 0.000841744
2471.73, 0.0019088
1312.26, 0.00157633
2007.49, 0.00256249
1132.61, 0.000160347
2233.37, 0.059934
1313.21, 0.013416
1696.02, 0.00275127
1283.54, 0.000916421
1244.07, 0.000270958
1804.3, 0.00526381
1349.02, 0.00218258
1907.7, 0.00227432
1517.31, 0.00308972
1195.33, 0.000109718
2081.59, 0.00213638
2332.22, 0.000367148
1909.39, 0.00244818
1923.08, 0.00223271
1123.88, 0.000403558
2028.51, 0.00206988
2493.12, 0.00243697
1346.62, 0.00121563
1042.4, 0.000502517
1865.96, 0.00231053
1645.19, 0.00258924
2071.64, 0.00228312
2286.43, 0.000575079
2181.27, 0.00114612
1107.9, 0.000368727
1943.08, 0.00197558
1957.13, 0.00304606
2467.54, 0.00107098
1390.9, 0.00209592
2335.9, 0.000381175
1699.47, 0.00203644
1957.85, 0.0323185
1824.55, 0.00246042
2385, 0.000561831
1973.28, 0.0598651
1845.24, 0.00198232
1198.54, 0.000231546
1811.25, 0.00232619
1660.02, 0.00221607
1704.57, 0.0022114
1706.87, 0.00275561
1376.24, 0.00132907
1567.64, 0.00235848
2307.69, 0.000626197
1337.61, 0.000991791
1941.03, 0.00191841
1283.15, 0.000629075
1831.52, 0.00286899
1153.37, 0.000254186
1008.93, 0.000593525
1395.99, 0.00267865
1192.93, 0.00022391
1942.53, 0.0207737
1367.11, 0.00108421
1046.8, 0.000912256
2165.8, 0.00110135
1618.37, 0.00183785
1777.78, 0.00418904
2316.56, 0.000457574
1785.55, 0.00272969
1087.36, 0.000420872
1408.26, 0.00188979
1463.6, 0.00167566
1580.39, 0.00241089
1327.82, 0.00108535
1737.39, 0.00219494
2247.96, 0.000842349
1869.76, 0.00232832
2012.78, 0.00209681
2062.51, 0.00205387
1950.94, 0.00187333
2168.41, 0.00103393
1047.76, 0.000199102
1102.8, 0.000346572
2156.38, 0.0010928
1271.93, 0.0005029
1018.58, 0.000255107
1662.5, 0.00251043
2148.78, 0.00111421
1807.62, 0.00251007
1841.09, 0.00890856
1060.19, 0.000854919
1548.03, 0.0022239
1350.93, 0.00128046
1995.73, 0.00177048
2131.67, 0.00152539
1736.58, 0.00230453
1220.78, 0.000437771
1120.58, 0.000235913
2230.57, 0.000997531
2131.02, 0.00117764
2030.86, 0.00203594
1937.49, 0.0029539
2314.03, 0.000469229
1260.13, 0.000461857
2023.32, 0.00195638
2044.73, 0.00768004
1833.29, 0.00251375
1136.76, 0.00023714
2001.6, 0.00177139
1385.39, 0.00143657
2299.4, 0.000461939
1512.79, 0.00211629
1434.74, 0.00142809
1755.29, 0.0027982
2154.24, 0.0013083
1001.11, 0.000166411
2448.99, 0.000938394
1763.7, 0.00207158
1793.74, 0.00387748
1113.16, 0.000369008
2482.2, 0.00146572
2478.1, 0.00114521
1271.48, 0.000616504
1920.45, 0.00197481
1449.37, 0.00167236
1934.55, 0.00221699
1560.43, 0.00195413
1583.56, 0.00205393
1983.98, 0.0018587
1449.62, 0.00195254
2174.22, 0.00138203
1612.4, 0.00203335
1075.17, 0.000187047
2136.41, 0.00126204
1094.68, 0.00110753
1887.89, 0.00212777
1341.78, 0.000939839
1799.88, 0.00251232
2344.9, 0.000504219
2203.04, 0.00113403
1282.84, 0.00103474
1665.1, 0.00304562
1642.27, 0.00247613
2198.17, 0.00200967
2114.57, 0.00155035
1187.11, 0.00018567
2426.63, 0.000889148
2274.1, 0.000606327
1036.29, 0.000167287
1027.76, 0.000381942
1576.75, 0.0022972
2131.22, 0.00325531
2278.63, 0.000499467
1773.46, 0.00221194
1328.18, 0.000617364
1344.65, 0.0012652
1685.15, 0.00601565
1498.54, 0.0019576
1313.19, 0.00166641
1810.42, 0.00213632
1913.51, 0.00243999
1755.26, 0.00294101
1278.86, 0.000490864
2297.62, 0.000470203
2271, 0.000648193
2134.96, 0.00138919
2222.19, 0.000873374
1650.37, 0.00205066
2096.54, 0.0013461
1799.81, 0.0027171
1584.32, 0.00253924
1838.78, 0.00322355
1595.04, 0.00307243
1473.03, 0.00155867
2237.09, 0.000755417
1418.68, 0.00163797
1602.13, 0.00229324
1037.62, 0.000810522
1328.05, 0.00037208
1536.3, 0.00223627
1450.85, 0.00177441
1682.76, 0.0017946
2362.75, 0.000560975
1816.2, 0.00455484
1489.84, 0.00194572
2477.39, 0.00115
1073.07, 0.000420375
2483.8, 0.00108706
1562.35, 0.00632712
1195.17, 0.000289207
2131.31, 0.00161068
1404.38, 0.00112611
1488.98, 0.00201736
1958.59, 0.0201648
2455.96, 0.00121927
2212.71, 0.0011639
2384.87, 0.00267407
1179.72, 0.000178476
2179.93, 0.00136872
1104.13, 0.000243378
1649.92, 0.0165804
2271.92, 0.000552141
2328.38, 0.000379655
1338.09, 0.000911792
1364.08, 0.00159224
1197.68, 0.000195127
2040.7, 0.00185929
2431.14, 0.00119335
2140.41, 0.00386244
1511.61, 0.00164857
1825.21, 0.00234914
1326.21, 0.000774778
2417.73, 0.000938692
2053.67, 0.00313527
1079.73, 0.000133489
1119.65, 0.000346749
1900.65, 0.00245438
1047.14, 0.000270846
2022.74, 0.00171121
1917.5, 0.00234166
1320.05, 0.00110542
2111.75, 0.00207841
1441.57, 0.0024218
1775.02, 0.0019104
2038.43, 0.00251979
1074.12, 0.000674841
1148.69, 0.000350018
2328.43, 0.000972965
2052.33, 0.00269776
2381.2, 0.00101135
2482.97, 0.0012961
1123.87, 0.000129071
1294.31, 0.000574826
1610.44, 0.00356698
2231.37, 0.000703608
1185.06, 0.000117393
2104.14, 0.00257184
2360.57, 0.000696586
2272.45, 0.000541114
1283.86, 0.00071682
2432.64, 0.00173828
1580.41, 0.00249204
1624.48, 0.00262203
2234.09, 0.000796378
2009.69, 0.00286608
1902.82, 0.00306634
1490.42, 0.00206994
1708.93, 0.00248374
2351.75, 0.00041838
1580.89, 0.00379982
1431.36, 0.00172469
2118.17, 0.00194618
1345.32, 0.00102362
1062.34, 0.000400615
2351.98, 0.000432337
1968.42, 0.002432
1837.81, 0.00232266
1136.76, 0.000374809
2082.3, 0.00184158
2185.16, 0.00259045
2238.38, 0.000751696
1469.92, 0.00143171
2235.59, 0.000937891
1853.74, 0.00402094
1180.03, 0.000169972
1005.6, 0.000253153
1577.65, 0.00256228
1943.86, 0.00235041
2080.93, 0.00205614
2448.75, 0.00102726
2188.13, 0.000998488
1920.63, 0.00191762
1940.03, 0.00263892
2277.98, 0.000651699
2436.87, 0.00109486
1664.43, 0.00238952
1112.35, 0.000177923
1436.04, 0.00170484
1438.05, 0.00124988
1397.67, 0.00128294
1036.09, 0.0002538
2003.65, 0.00158721
2409.72, 0.000999622
2339.49, 0.000399711
1380.1, 0.000751481
1153.23, 0.000243823
2105.58, 0.00197151
1499.17, 0.00247048
2262.19, 0.000721925
2409.74, 0.000869613
1038.83, 0.000339037
2213.1, 0.00124271
1802.91, 0.00270373
2315.56, 0.000560429
2056.1, 0.0018649
1460.73, 0.00187592
2418.26, 0.00094234
2101.52, 0.0014896
2161.12, 0.00166277
2470, 0.00127979
2415.17, 0.000776292
1164.82, 0.000363647
1366.36, 0.000941008
1105.84, 0.000436211
1183.91, 0.000607022
2462.06, 0.00103697
2252.93, 0.000878473
1980.29, 0.00229511
1577.19, 0.00439671
2321.02, 0.000497352
2127.36, 0.00126157
1598.63, 0.00246235
2344.51, 0.000381245
2065.37, 0.00160049
1398.24, 0.00131487
1381.08, 0.00123518
2081.77, 0.00248563
1739.42, 0.00330451
1352.34, 0.00121741
2230.62, 0.000762865
1438.49, 0.00321268
2213.44, 0.000895801
1296.3, 0.000934042
1715.37, 0.00260435
2042.24, 0.00157148
1029.02, 0.000234318
1150.43, 0.000365891
1323.3, 0.00154849
1014.92, 0.000221889
1810.94, 0.00237911
2394.85, 0.00128086
1035.5, 0.000326772
1589.41, 0.00269148
1613.55, 0.00176885
1100.63, 0.000318035
1056.65, 0.000517091
1916.65, 0.00237655
1494.18, 0.00201209
1455.59, 0.00159476
1508.72, 0.00200775
2018.7, 0.00173914
1420.85, 0.00178174
1232.73, 0.000403421
2104.19, 0.0016505
2073.43, 0.002019
1495.61, 0.00274197
1345.09, 0.00108587
1670.9, 0.00347307
2353.71, 0.000720367
1202.1, 0.000186629
1537.64, 0.0041117
1995.83, 0.00262581
1499.25, 0.0043587
1076.13, 0.000988555
1565.15, 0.00176586
1839.74, 0.00247891
1029.04, 0.000471855
1402.33, 0.00158343
1059.42, 0.000229919
1673.58, 0.00229
1495.19, 0.00299014
1903.41, 0.00204269
1185.85, 0.000169235
2218.33, 0.000958107
1229.51, 0.000216188
1092.33, 0.00107576
1449.43, 0.00177138
1756.65, 0.0153746
1744.61, 0.00509466
2068.64, 0.00144591
1155.05, 0.000900366
2498.44, 0.00216599
1735.25, 0.00276985
1977.98, 0.00200688
1378.53, 0.0013114
1778.83, 0.00693539
2498.57, 0.00150718
1512.27, 0.00215399
1980.7, 0.00247931
1090.78, 0.000210771
1249.99, 0.000277143
1855.55, 0.00212621
2275.87, 0.00071134
1453.28, 0.00586961
1611.68, 0.00184002
2212.37, 0.00109431
1697.5, 0.00274709
1635.23, 0.00282011
1115.38, 0.000571968
1204.33, 0.000148243
1691.99, 0.00266787
1201.58, 0.000299029
1463.2, 0.00187955
1896.71, 0.00255734
1706.01, 0.00241676
1340.78, 0.00172204
1556.22, 0.00225232
1006.22, 0.000628666
1187.44, 0.00021065
1635.13, 0.00251218
1017.62, 0.000197479
2111.86, 0.00275048
1088.47, 0.000451145
2395.66, 0.000710389
1141.79, 0.000478587
2233.97, 0.00093944
2084.91, 0.00146881
2473.84, 0.00105774
2219.39, 0.00110318
2377.81, 0.00082949
2298.85, 0.000417671
1449.82, 0.00197544
1720.77, 0.00224918
2188.45, 0.00158204
2437.03, 0.00223503
2391.41, 0.000862455
1208.65, 0.000143423
1986.25, 0.00188092
2166.03, 0.00139689
2497.52, 0.00136282
2394.03, 0.0143871
1076.17, 0.000317397
1034.43, 0.000191618
2189.99, 0.00130074
1114.07, 0.000241195
1606.15, 0.00161088
1496.4, 0.00233766
1481.13, 0.00179429
2209.43, 0.0012829
1051.63, 0.000205585
1129.76, 0.000377743
1048.57, 0.0121372
1086.67, 0.000311655
1087.96, 0.000529698
2435.27, 0.000835254
1243.68, 0.0017438
1776.16, 0.00244979
1747.86, 0.00530349
2125.99, 0.00137109
1691.59, 0.00252667
1908.86, 0.00875413
1769.9, 0.00272847
2193.71, 0.00104512
1732.86, 0.00247742
1930.96, 0.00212764
1547.42, 0.00224617
2261.72, 0.000666306
2047.53, 0.00183595
2103.29, 0.0010845
2483.39, 0.00109853
1579.64, 0.00190602
2450.69, 0.00133836
1993.39, 0.00242759
2471.48, 0.00209929
2270.5, 0.000557339
1636.87, 0.0026146
1282.51, 0.000407602
2124.82, 0.00149174
2126.47, 0.00157043
1557.08, 0.00185556
1071.21, 0.000598624
2087.46, 0.00354192
1287.78, 0.00071345
1153.81, 0.000204856
2293.57, 0.000435986
1643.36, 0.00240775
2198.97, 0.00113685
1575.16, 0.0024465
1854.93, 0.00254074
1004.95, 0.000375695
1837.25, 0.00279017
1357.45, 0.00120178
1503.61, 0.00825377
1513.4, 0.00201216
2479.75, 0.0011988
2375.91, 0.000560402
1720.27, 0.00244808
1734.9, 0.0078989
1012.01, 0.000194009
1193.51, 0.000105283
2019.88, 0.0018836
2473.93, 0.0015047
1280.66, 0.000673985
2143.35, 0.00125939
2370.11, 0.000565175
1738.36, 0.00257301
1193.58, 0.000134432
2088.85, 0.00159838
2312.37, 0.000430796
2317.16, 0.000450527
2135.48, 0.0182608
1059.71, 0.000435861
2030.89, 0.00189856
2169.23, 0.00146372
2100.18, 0.00153522
1770.13, 0.00281315
2207.29, 0.00151637
2305.49, 0.000400317
1479.26, 0.00183376
1792.17, 0.00247856
1268.5, 0.000943017
1528.1, 0.00215104
2274.09, 0.000588873
1613.41, 0.00240707
1715.45, 0.0021999
1652.77, 0.00292891
1810.45, 0.00175557
1527.48, 0.00228095
1833.94, 0.00168244
1945.81, 0.00464387
1736.15, 0.00468519
1065.76, 0.000663128
1409.47, 0.00150605
2254.12, 0.000661159
1217.37, 0.000201926
1977.76, 0.00193262
1529.87, 0.00193759
1989.76, 0.00408108
1087.05, 0.000358241
2392.32, 0.000682517
1987.87, 0.00293267
1481.15, 0.00155315
2372.05, 0.000734489
1980.45, 0.0033094
1417.02, 0.00196841
1298.51, 0.000689524
2122.97, 0.00104096
1517.5, 0.00510411
1556.17, 0.00234534
2108.72, 0.00267535
1620.98, 0.00731367
1746.99, 0.00337469
2205.67, 0.00193253
1419.23, 0.00129455
2342, 0.000485005
1219.54, 0.000283563
2134.44, 0.00252848
2072.28, 0.00186165
2382.43, 0.000968976
1956.38, 0.00218624
2113.67, 0.00127488
1486.75, 0.00242795
1049.64, 0.000499275
1232.13, 0.000255311
1623.89, 0.00216589
2142.51, 0.00134073
1327.92, 0.000817745
1036.94, 0.00013627
2404.49, 0.00112723
1021.44, 0.000212696
2356.48, 0.00107851
1328.94, 0.000822974
1369.76, 0.00146934
2081.88, 0.00156751
1978.17, 0.00243668
1104.12, 0.0012885
1669.26, 0.00210038
1468.75, 0.00162816
1638, 0.00227781
1988.26, 0.00234444
1887.46, 0.00220025
1871.22, 0.00164022
1842.18, 0.00240528
2299.88, 0.000592398
1145.38, 0.000283914
2458.15, 0.00306009
1039.23, 0.000283631
2182.64, 0.00107456
1173.37, 0.000279544
2262.23, 0.00161866
1499.12, 0.00192141
1805.11, 0.00230192
1608.57, 0.00222423
1600.95, 0.00270432
1106.54, 0.000260738
1335.32, 0.00070891
1567.87, 0.00206253
1981.97, 0.00223065
2246.62, 0.00174417
2279.22, 0.000544762
1046.71, 0.00111251
1240.02, 0.000327831
1543.74, 0.00206696
2083.91, 0.00125138
1395.08, 0.00138275
1532.97, 0.00221409
1588.49, 0.00199239
2451.59, 0.00112866
2168.41, 0.00106713
1651, 0.00267646
2205.65, 0.000958502
1539.82, 0.00172986
1908.08, 0.00238117
1778.6, 0.00241515
1003.11, 0.000312551
1770.93, 0.00248807
1150.41, 0.000237285
1244.22, 0.000407997
1880.74, 0.00224431
1503.49, 0.00260074
2433.46, 0.00130524
2205.64, 0.00117972
1729.1, 0.00267636
2418.65, 0.000826077
2031, 0.00168024
2325.29, 0.000394068
2417.74, 0.000837849
1115.55, 0.000269588
1365.32, 0.00375731
2447.98, 0.000939981
2137.69, 0.00147446
2165.68, 0.00177549
1550.24, 0.00758771
1784.93, 0.00226247
1633.65, 0.00248666
1998.61, 0.0043598
1468.64, 0.00120474
1569.4, 0.00213254
1080.16, 0.000434043
2212.74, 0.00129075
1889.72, 0.00223632
1931.58, 0.00316182
1336.64, 0.000861512
1622.28, 0.00364574
1115.29, 0.000306938
1045.42, 0.000899908
1427.93, 0.00142911
1308.15, 0.000953628
1067.13, 0.000313189
1904.64, 0.00243151
1325.95, 0.000901488
2465.46, 0.00108689
1689.35, 0.00281314
1189.43, 0.000415453
2074.35, 0.0013907
1158.87, 0.000291293
1895.77, 0.00234401
1717.8, 0.00269222
2331.99, 0.000320461
1683.35, 0.00394576
2070.7, 0.00165144
2051.35, 0.00165904
1263.2, 0.000695632
2062.21, 0.00174371
1340.11, 0.00189736
1450.01, 0.00183963
1903.62, 0.00318189
1015.09, 0.000676206
1424.1, 0.00275209
1600.32, 0.00815398
2443.2, 0.00153545
2465.95, 0.00242472
2154.81, 0.00118963
2247.52, 0.000705832
1634.29, 0.00270566
1007.04, 0.000310938
1561.51, 0.00158235
2202.67, 0.000961289
2198.42, 0.000998829
2300.88, 0.00042019
1039.39, 0.000190078
1582.97, 0.00149017
1755.57, 0.0023868
2082.55, 0.00186286
1726.69, 0.00257639
1337.12, 0.00104009
1857.41, 0.002685
1701.65, 0.00515516
1258.61, 0.000704595
1372.69, 0.00144528
1666.85, 0.00420765
2223.7, 0.000961635
2399.7, 0.000918046
1215.96, 0.000181853
1467.78, 0.0018382
2287.07, 0.000837349
1140.02, 0.000293716
2320.76, 0.00189263
1485.63, 0.00279383
2214.28, 0.000913323
1962.19, 0.00195519
1915.39, 0.00227426
1044.71, 0.000536737
2198.29, 0.0012915
1583.6, 0.00224239
1024.14, 0.000322881
1088.68, 0.000265304
2147.86, 0.00375645
1344.72, 0.0014268
1026.4, 0.000145186
1854.8, 0.00286868
2484.57, 0.00129223
2201.56, 0.000915097
1132.46, 0.00053177
1718.77, 0.00273745
2370.97, 0.00109608
1737.84, 0.00219986
1557.65, 0.00213143
2226.83, 0.0012725
2085.36, 0.00194165
1695.23, 0.00265795
1885.66, 0.00193413
1679.94, 0.00207729
1235.09, 0.000295097
1102.22, 0.000618848
2239.74, 0.000846232
1266.31, 0.000549369
1102.53, 0.000732615
1323.36, 0.000875125
2382.24, 0.000830028
1813.72, 0.00341065
2381.57, 0.000647831
1687.55, 0.0024018
2465.42, 0.00120291
2335.33, 0.00041782
2406.59, 0.0011015
2127.65, 0.00124126
1764.89, 0.00216203
2372.36, 0.00173325
2227.64, 0.00110047
1178.95, 0.00014823
1596.95, 0.00873648
2330.63, 0.000520146
1872.55, 0.00299509
1034.63, 0.000209374
1388.54, 0.00160854
2227.81, 0.000714466
2329.94, 0.000462656
2016.28, 0.00221361
1585.92, 0.00260955
1574.89, 0.00263262
2326.61, 0.000358215
1811.94, 0.00245539
1575.57, 0.00167022
1723.32, 0.00237877
2157.14, 0.00117323
1422.47, 0.0018582
1610.09, 0.00263886
1254.57, 0.000425079
2385.42, 0.00216275
2494.66, 0.0014918
2105.08, 0.00151093
1201.22, 0.000123747
1867.2, 0.00251021
2487.87, 0.00141491
2051.18, 0.00154828
2212.23, 0.000913135
1899.15, 0.00225948
2061.89, 0.00153516
2282.37, 0.000587973
1160.35, 0.000192468
2465.08, 0.00217674
2395.49, 0.000566586
1531.55, 0.00137717
1417.57, 0.0014805
1628.53, 0.00218342
1931.43, 0.00369476
1736.51, 0.0022859
2082.81, 0.00183593
1839.32, 0.00207498
1741.35, 0.00261559
2110.31, 0.00133746
1530.12, 0.00193937
1970.7, 0.00184656
1834, 0.0030922
1409.77, 0.00102488
2355.2, 0.000537277
2426.9, 0.000762955
1648.5, 0.00242048
1891.83, 0.00462685
1549.03, 0.00717679
2450.07, 0.0010149
1767.7, 0.00190887
1436.63, 0.00134891
1837.47, 0.00246974
1652.55, 0.00412701
1903.24, 0.002903
1410.81, 0.000971728
1714.58, 0.00403784
2126.52, 0.00137017
2027.41, 0.0025479
1413.35, 0.00101981
2109.21, 0.00177663
1831.16, 0.00226404
1045.95, 0.000379208
1484.12, 0.00229142
1255.37, 0.000620736
1489.85, 0.00241437
2388.72, 0.00349097
1599.81, 0.00199153
1475.44, 0.00212778
1654.08, 0.0019754
2375.38, 0.000596749
1266.36, 0.000353208
2333.72, 0.000429391
1245.33, 0.00034629
1018.61, 0.000328424
2046.37, 0.00187181
1283.05, 0.000945855
1879.84, 0.00207971
1344.22, 0.00113706
1646.77, 0.00264251
1793.61, 0.00201576
1722.64, 0.00230319
2297.09, 0.000410876
1733.76, 0.00209957
1481.42, 0.00382434
2051.95, 0.00176188
1203.85, 0.000103628
1813.26, 0.00233582
1403.86, 0.00104023
1815.13, 0.00218071
1185.16, 0.000176988
1005.55, 0.00031829
1242.6, 0.00037812
2042.97, 0.00182723
2350.98, 0.000451201
2384.22, 0.000714829
2140.06, 0.00140948
1549.52, 0.00358744
1013.89, 0.00035533
1784.11, 0.00237447
1079.53, 0.000394013
1921.14, 0.00223313
2094.07, 0.00202494
2163.15, 0.00105498
2293.91, 0.000501641
1250.02, 0.00029834
1532.83, 0.00325297
1572.35, 0.0022079
2367.73, 0.000650297
1657.66, 0.0026113
2316.99, 0.000440997
1343.05, 0.00130761
1456.39, 0.00197883
1554.18, 0.007837
2266.47, 0.000604894
1851.92, 0.0028422
1417.95, 0.00189997
2018.27, 0.00192699
1481.98, 0.00184816
2434.9, 0.00108614
1559.64, 0.00184388
1462.19, 0.00152924
2236.64, 0.00104502
1938.98, 0.00212833
1726.48, 0.00239417
2462.26, 0.00103959
1631.93, 0.00280103
2243.41, 0.000850017
1849.64, 0.0024489
2091.75, 0.00165261
1439.5, 0.00532463
2307.1, 0.00052875
2353.26, 0.000747003
2453.68, 0.000841109
1595.95, 0.00185011
1843.34, 0.00229526
2489.79, 0.00516811
1352.29, 0.000955813
1462.01, 0.00216394
1040.29, 0.000366257
1827.78, 0.00524242
2268.38, 0.000695042
1213.47, 0.000156117
1129.39, 0.000335522
1326.22, 0.000713849
2488.01, 0.00111234
1453.31, 0.00247746
2490.74, 0.00115355
1863.55, 0.00264396
1540.32, 0.00200463
1635.36, 0.00256183
1358.16, 0.00111643
1120.64, 0.000422868
1473.47, 0.0321152
1717.13, 0.00254318
1279.15, 0.00078658
2423.95, 0.000906939
1094.05, 0.000777102
1664.73, 0.00252548
2415.19, 0.000923238
1576.01, 0.00290574
2415.69, 0.000786495
1356.68, 0.000904697
1399, 0.00144525
2034.56, 0.00409256
1077.17, 0.000288322
1999.88, 0.0023739
2158.92, 0.00127028
1204.52, 0.000129638
2336.75, 0.00036848
1002.98, 0.000478016
2254.81, 0.000658745
1699.6, 0.0022423
2051.9, 0.00218728
2241.22, 0.000713647
1658.52, 0.00267081
1437.45, 0.00160952
1161.61, 0.000275389
1697.87, 0.00238623
1322.65, 0.000850675
2289.4, 0.000721125
2466.7, 0.00098008
1773.74, 0.00231799
2195.88, 0.000982889
1989.74, 0.00214756
1385.43, 0.00149574
1828.31, 0.0028014
1400.91, 0.000982146
1213.12, 0.000360648
1336.11, 0.000634326
1996.92, 0.0021952
2020.32, 0.00302945
2307.51, 0.00039081
1014.18, 0.00123464
1089.85, 0.000615554
2380.09, 0.000559145
1051.3, 0.00039279
2474.86, 0.00115502
2240.45, 0.000898389
1345.21, 0.00197637
2048.84, 0.00171835
1482.87, 0.00211057
1760.17, 0.00186993
1521.11, 0.00349972
2274.15, 0.000553874
2204.51, 0.00102008
1691.19, 0.00289542
1272.26, 0.00059346
1745.37, 0.00380515
2176.17, 0.00138498
2317.8, 0.000428742
1921.33, 0.00170799
1084.89, 0.000389162
1730.82, 0.0023249
2147.55, 0.00122138
1752.33, 0.00285552
1078.17, 0.000340559
1624.93, 0.00267883
2070.27, 0.00162115
2349.76, 0.000547166
1356.66, 0.000875151
1692.07, 0.00250363
1090, 0.000592112
2073.82, 0.00179107
1561.99, 0.0044971
1754.97, 0.00270082
2170.67, 0.00382951
2471.77, 0.00185086
2458.85, 0.000942459
2302.98, 0.000386232
2437.55, 0.000792442
1870.07, 0.00415515
2349.13, 0.000759481
1593, 0.00227089
1513.93, 0.00195794
1583.53, 0.00317532
1859.23, 0.00189704
1545.41, 0.0021278
1197.26, 0.000162846
2046.87, 0.00171553
2144.68, 0.00105106
1614.09, 0.00232015
1691.58, 0.00293621
1401.8, 0.00127357
1641.16, 0.00181176
2258.07, 0.000838766
1431.75, 0.00148495
2255.96, 0.000843473
1903.01, 0.00226577
1073.09, 0.000689533
1340.27, 0.00107601
2188.64, 0.00120123
1398.59, 0.00111092
1751.93, 0.00253574
1131.81, 0.000911281
1193.68, 9.89541e-05
1814.23, 0.00220341
1358.12, 0.00113867
1925.94, 0.00212553
2474.57, 0.00118176
1491.95, 0.00190169
2053.84, 0.00231248
1432.93, 0.00159097
1713.12, 0.00244886
1169.67, 0.000592724
1230.17, 0.000252482
2185.6, 0.000966486
1466.32, 0.00151517
1747.54, 0.00279347
1774.81, 0.00228096
2490.75, 0.00130718
1075.93, 0.000303157
1548.04, 0.00187886
2028.68, 0.0153918
1159.83, 0.000305971
1600.21, 0.00219926
1085.69, 0.00030516
2275.21, 0.00072488
1159.26, 0.000322236
1383.11, 0.00105107
1415.52, 0.00148393
2115.8, 0.00146943
1549.47, 0.00169181
1353.96, 0.00118985
2412.03, 0.00101052
2094.96, 0.00154769
1756.13, 0.00250947
1137.35, 0.00043343
2420.34, 0.000969345
1957.36, 0.00194076
2112.96, 0.00193875
1973.23, 0.00171049
1379.15, 0.00264616
1481.77, 0.00200098
1239.73, 0.000324124
2379.2, 0.000695848
2228.17, 0.00114036
1046.74, 0.000403784
1790.02, 0.00239129
2301.92, 0.000459791
2483.63, 0.00101055
1141.08, 0.000316362
2050.36, 0.00170932
1047.6, 0.000145292
2001.26, 0.00213167
1675.88, 0.00746779
2063.39, 0.00614897
2338.04, 0.000360997
2036.01, 0.00153672
1653.09, 0.00256084
1443.93, 0.0016516
1378, 0.00171784
1188.15, 0.000181245
2142.39, 0.00127103
1922.89, 0.00374845
2456.65, 0.00124948
1300.88, 0.000739511
1031.52, 0.000261461
1228.62, 0.000813181
2011.04, 0.00192663
1227.88, 0.000233782
2342.51, 0.000461244
2123.58, 0.00133432
1907.91, 0.00506518
1649.42, 0.0036468
1549.95, 0.00184082
1870.43, 0.00227832
2015.68, 0.00180892
1596.09, 0.00241869
1355.27, 0.00125537
1447.47, 0.00089633
2156.52, 0.00123729
2097.33, 0.00255032
1853.59, 0.00319051
1874.03, 0.00191977
1010.79, 0.000227261
1757.49, 0.00335378
2257.76, 0.0023598
2465.01, 0.000948872
1218.74, 0.000223498
1909.42, 0.00215929
2452.4, 0.000905708
1891.26, 0.00228767
2388.16, 0.0011013
1272.85, 0.000729864
1337.69, 0.000754982
1433.55, 0.00154525
2343.12, 0.000355719
1884.35, 0.00478372
1260.87, 0.000525753
2406.05, 0.000764191
1804.83, 0.00252141
1145.15, 0.000279286
2341.24, 0.000483487
2067.12, 0.0017204
1670, 0.00402979
1985.46, 0.0018297
1385.24, 0.00103797
2352.03, 0.000949815
1383.64, 0.0010885
1232.52, 0.000459107
1048.77, 0.000478325
1661.92, 0.00309225
1620.98, 0.00225046
1730.52, 0.00314996
1250.99, 0.000311711
1597.67, 0.00226148
2493.19, 0.00119392
2140.32, 0.00375541
2466.58, 0.00117017
1218.79, 0.000234637
1588.8, 0.00330775
1587.79, 0.00290601
1676.01, 0.00173956
1731.18, 0.0029765
1614.78, 0.00498481
2268.88, 0.000586527
2427.87, 0.000925101
2392.74, 0.00161667
2414.68, 0.00116791
1662.99, 0.00160472
1246.95, 0.000351356
1986.95, 0.00173949
1617.84, 0.00212672
1850.26, 0.00225892
1545.89, 0.00239369
1085.04, 0.000147535
1397.39, 0.00658559
2342.53, 0.000568022
1331.17, 0.00327655
1920.78, 0.00316246
1235.18, 0.000453061
1104.25, 0.00018091
1613.44, 0.0018888
1580.19, 0.00290232
1519.55, 0.00215546
1585.23, 0.00290162
2267.15, 0.00081581
1215.83, 0.00017325
1227.51, 0.000258123
2210.69, 0.000915975
1724.37, 0.00226639
1301.11, 0.000814503
2031.84, 0.00181765
1495.48, 0.00179955
1743.58, 0.0025198
1717.81, 0.00253763
1957.47, 0.00267873
1959.28, 0.00216414
1711.43, 0.00177769
1101.1, 0.000433434
1811.89, 0.00306834
1743.81, 0.00323561
1505.22, 0.00275638
1399.33, 0.0011447
2247.42, 0.000922755
1975.63, 0.00157591
2313.37, 0.000390869
1975.19, 0.00224825
1382.6, 0.00141975
2349.39, 0.000514326
2405.81, 0.00111778
2415.11, 0.000811927
1581.95, 0.00242461
1647.69, 0.00391404
1381.82, 0.000897516
2001.29, 0.00206311
2485.31, 0.00109532
2172.54, 0.00125168
1450.07, 0.00200837
2118.93, 0.00246602
2295.79, 0.000586803
2303.69, 0.000453445
1867.79, 0.00244119
1760.77, 0.00220469
1155.63, 0.00032771
2336.19, 0.000461354
1436.1, 0.00160001
1261.66, 0.00125313
1356.21, 0.00374392
2415.76, 0.000836184
1123.26, 0.000337948
2092.17, 0.00171058
2408.75, 0.000783763
1696.36, 0.00245523
2204.67, 0.00155556
1973.34, 0.0019842
1743.73, 0.00263572
1675.91, 0.00284046
1010.01, 0.0008179
1328.91, 0.000852964
1709.82, 0.00253169
1035.46, 0.000277659
1820.66, 0.00346359
2140.18, 0.00115662
2007.62, 0.0018387
2031.89, 0.00170709
1715.89, 0.00253309
2075.74, 0.00197318
2339.48, 0.000407401
1633.08, 0.00241428
2214, 0.00129147
1640.14, 0.00249824
1064.38, 0.00029967
1459.06, 0.00104547
2065.47, 0.00187812
2086.29, 0.00380958
2475.34, 0.00118176
2119.07, 0.00140262
1326.03, 0.000944448
2085.9, 0.00187471
1238.49, 0.000340387
1204.18, 0.000246616
1672.68, 0.00214957
1879.52, 0.00236863
2393.28, 0.000843069
2478.42, 0.00117863
1976.88, 0.00382303
1187.15, 0.000143734
2492.94, 0.00139788
1614.45, 0.00330153
2009.51, 0.00174724
2425.35, 0.00110628
1005.68, 0.000171674
1837.36, 0.00278537
2109.73, 0.00209348
2247.12, 0.00107205
1256.04, 0.000591283
1304.36, 0.000538113
1852.94, 0.00226275
1620.06, 0.00297569
1855.68, 0.00276043
1757.35, 0.00318879
2357.68, 0.000641875
2006.17, 0.00243385
1035.04, 0.000358855
1645.44, 0.00310062
1075.03, 0.00019206
1791.14, 0.00413771
1512.37, 0.00365786
2381.86, 0.000678622
1800.07, 0.00291596
2088.92, 0.00142255
1076.49, 0.00100765
1868.47, 0.00191087
2117.28, 0.00123421
1293.11, 0.000848535
2241.51, 0.000721723
2171.01, 0.00115492
1937.48, 0.0101582
2089.04, 0.00165699
1974.3, 0.00190046
1553.78, 0.0017746
2033.31, 0.00136532
2000.27, 0.00319969
1870.52, 0.00253045
1323.59, 0.000890423
1705.2, 0.00517486
1357.2, 0.00139535
1792.05, 0.00263646
1543.53, 0.00196333
2362.43, 0.000537068
1111.26, 0.00194617
2081.81, 0.00233909
1115.59, 0.000387877
2344.73, 0.000467685
1213.08, 0.000254847
1073.65, 0.00054473
1786.5, 0.00269103
1682.73, 0.00280187
2341.96, 0.00189931
1234.12, 0.000412879
2003.88, 0.002533
2080.52, 0.00187938
1913.18, 0.00225586
1480.53, 0.00747681
1502.58, 0.00139211
2080.36, 0.00402174
1140.92, 0.000287474
1576.37, 0.0022733
1492.42, 0.00215834
2416.27, 0.000681343
2236.79, 0.00152677
1283.25, 0.000710535
2298.56, 0.000527221
1621.89, 0.00253325
2340.09, 0.000445358
1418.18, 0.00226419
1268.16, 0.000561015
1516.58, 0.00201576
2269.3, 0.0006497
1906.69, 0.00216203
1236.38, 0.000368374
2058.81, 0.0014599
2083.65, 0.00241292
1905.13, 0.00332271
1560.56, 0.00174499
1459.88, 0.00165606
1256.07, 0.000678119
2036.09, 0.00196038
1633.23, 0.00209891
1648.42, 0.00215629
1512.95, 0.00197702
1826.29, 0.0237846
1221.56, 0.0112796
1259.34, 0.000531061
1801.49, 0.00308577
2112.61, 0.00148804
2370.19, 0.00138676
1245.37, 0.00028586
2116.95, 0.00315434
2187.37, 0.00115967
1810.82, 0.00250202
1944.99, 0.00214279
1480.32, 0.00189326
1923.37, 0.00234749
1388.34, 0.00130701
2395.59, 0.000648195
2141.65, 0.00120204
2185.67, 0.00159089
1782.34, 0.00275646
1044.94, 0.000655502
1300.46, 0.000930461
1937.2, 0.00691267
1798.09, 0.00297498
1281.08, 0.000655426
1786.71, 0.00205085
1644.95, 0.00220397
1495.14, 0.00215524
1890.97, 0.00226943
1781.37, 0.00248277
1457.7, 0.00143158
1755.1, 0.00253434
2294.31, 0.000435706
2179.45, 0.00103051
1052.82, 0.000265788
1213.79, 0.000192244
1051.86, 0.000209643
1745.92, 0.00633667
1576.46, 0.00262345
2246.3, 0.000827558
1562.71, 0.0119099
2488.57, 0.00127348
2067.22, 0.00181435
2168.29, 0.00128693
1509.36, 0.00217684
1086.94, 0.000431406
1480.99, 0.00120833
1921.74, 0.00204809
2069.93, 0.00138914
1129.5, 0.000352546
2237.23, 0.000889972
1844.03, 0.00244488
1357.64, 0.0010881
1084.51, 0.000835465
2425.07, 0.000771156
2264.7, 0.00113138
1219.72, 0.000191955
1287.59, 0.000605826
2245.41, 0.000978627
1532.39, 0.00257451
1219.62, 0.000529502
1823.83, 0.00216589
1418.95, 0.00088944
2396.55, 0.000884172
1644.27, 0.00238026
1626.23, 0.00271426
1473.51, 0.00185467
1038.91, 0.000215096
2372.2, 0.000596824
1514.41, 0.00227857
1076.14, 0.000213063
2428.6, 0.000864881
1114.79, 0.000192665
1323.66, 0.000723299
2452.06, 0.00201729
2211.21, 0.00151169
1254.8, 0.000369126
2147.7, 0.00113957
1059.09, 0.000309351
1271.27, 0.000668385
1551.63, 0.00194776
1979.4, 0.00493082
2114.91, 0.00161692
1420.44, 0.00178692
2340.19, 0.000345398
2475.3, 0.000982045
1966.57, 0.00256533
2053.64, 0.00156633
2245.14, 0.00100349
1196.99, 0.000142282
1398.54, 0.00180744
1734.13, 0.00222164
2116.91, 0.0013746
2031.36, 0.00265056
1743.69, 0.00230894
2013.89, 0.0021849
1722.39, 0.00291544
1897.14, 0.00186775
1771.57, 0.00268788
2283.83, 0.000490395
2180.32, 0.00130461
2314.72, 0.000867824
1120.28, 0.000296419
1836.89, 0.00284159
2220.5, 0.00096711
2294.91, 0.000530588
2342.12, 0.000437909
1529.14, 0.00222224
1300.37, 0.000601006
2188.96, 0.00114884
1695.13, 0.00231511
2432.3, 0.00116876
2262.93, 0.000714599
2337.19, 0.000376913
1990.42, 0.0025565
2049.59, 0.00162883
1043.83, 0.000188978
1691.8, 0.00217584
1348.6, 0.00113187
2068.73, 0.001616
2462.92, 0.00115212
1015.09, 0.000107977
2213.7, 0.000960317
1260.24, 0.000712105
1704.71, 0.00392856
1892.74, 0.0020867
2304.95, 0.000547984
2175.57, 0.00132814
1125.1, 0.000356341
2302.34, 0.000438314
2327.6, 0.000407844
2190.7, 0.00100856
2115.59, 0.00177516
1750, 0.0028153
1589.76, 0.0027638
2148.63, 0.00139311
1511.95, 0.00211096
2322.12, 0.000311283
1806.35, 0.0039073
1575.21, 0.00190846
1165.34, 0.00035766
1582.37, 0.00212061
2157.12, 0.00304536
1751.39, 0.00265356
2136.69, 0.0026124
1327.95, 0.000430179
2040.25, 0.00188398
1881.74, 0.00350534
1994.11, 0.00192417
2371.14, 0.000665029
1438.49, 0.00130841
1186.99, 0.000150451
1368.35, 0.000799772
1864.25, 0.00213505
1509.24, 0.00210029
1467.72, 0.00138895
1299.5, 0.000860332
2490.16, 0.00119744
1234.16, 0.00191226
2049.81, 0.00209186
1378.88, 0.00135684
2192.72, 0.00110513
1490.08, 0.00208719
2143.4, 0.00163228
1886.45, 0.00233612
1281.91, 0.000691792
1268.07, 0.000378332
2451.92, 0.00164036
2043.6, 0.00171849
1321.37, 0.000676494
1528.1, 0.00252658
2424.01, 0.00108046
1095.73, 0.000187653
1958.57, 0.00966071
1229.4, 0.000232228
2055.17, 0.00232065
2231.94, 0.000761354
2227.91, 0.000708821
2168.34, 0.00129817
2125.14, 0.0013529
2206.89, 0.0010624
1776.66, 0.00250293
1668.27, 0.00334946
1480.25, 0.00237615
2044.98, 0.00198782
2293.64, 0.000625826
2398.8, 0.000623558
2420.08, 0.00184261
1786.27, 0.00288453
1372.55, 0.0010803
2314.4, 0.000473104
1076.5, 0.000717644
2353.94, 0.000482665
2479.18, 0.0012958
2016.59, 0.00172124
2362.5, 0.000496317
1005.11, 0.00028592
1758, 0.00228458
1565.23, 0.00393947
2347.02, 0.000981328
2381.87, 0.000595326
1492.77, 0.00227749
2099.55, 0.00147543
2210.71, 0.00103119
1985.1, 0.00277791
1520.27, 0.00282154
1976.71, 0.0018531
1920.77, 0.00217691
1119, 0.000281856
1242.49, 0.000279192
1199.57, 0.000113857
2439.82, 0.00108094
1440.67, 0.00297642
1658.07, 0.00230001
1595.08, 0.00199749
1365, 0.00159077
2239.5, 0.000863444
1382.46, 0.00125554
2363.65, 0.00100588
1011.98, 0.00025314
1212.74, 0.000230161
1728.89, 0.00646903
1930.28, 0.00201625
2499.63, 0.00106207
1746.63, 0.00199334
2208.25, 0.000877154
1808.76, 0.00257995
1244.87, 0.000309498
1872.31, 0.00229265
2131.41, 0.00127887
1296.05, 0.00100185
1679.51, 0.00235009
1604.08, 0.00188659
1425.12, 0.00166061
2129.27, 0.00116451
1689.43, 0.00254826
1889.58, 0.00537889
1031.97, 0.000772429
1606.64, 0.00331109
1820.03, 0.00242576
1969.17, 0.00308207
2279.32, 0.00102595
1560.33, 0.00216593
1901.73, 0.00228811
1302.29, 0.000579707
1297.9, 0.00064993
1031.94, 0.00126605
1272.72, 0.000501806
1336.07, 0.00140225
1497.39, 0.00203125
1857.54, 0.00265271
1540.42, 0.00150964
2108.99, 0.00176331
1777.77, 0.00243714
1188.86, 0.000108573
1329.17, 0.00121239
2132.78, 0.0013289
1132.81, 0.000597758
1150.49, 0.000305249
1244.18, 0.000413345
1843.05, 0.00177884
1939.41, 0.00215968
1982.14, 0.0020696
2411.18, 0.000980997
2301.29, 0.000359641
1959.95, 0.00217856
1564.67, 0.00145544
2297.08, 0.000608222
2497.17, 0.00129719
1362.28, 0.00101264
2218.21, 0.000781414
1638.86, 0.00376966
2047.82, 0.00179831
1313.56, 0.000800962
2247.26, 0.000915604
2260.68, 0.000714364
1721.68, 0.0025808
2349.55, 0.000368453
1214.88, 0.000195621
2176.62, 0.00124291
2274.62, 0.000600181
2481.9, 0.0169008
1150.62, 0.000302617
1785.15, 0.00307043
2429.64, 0.00273339
1383.96, 0.00128768
1467.75, 0.00189489
1112.48, 0.000238781
1369.18, 0.000997744
2222.77, 0.00206168
1201.82, 0.000244033
1798.92, 0.00177234
2076.76, 0.00152398
1613.74, 0.00281939
2107.67, 0.00166494
2094.57, 0.00167725
1230.52, 0.000218745
1730.3, 0.00298676
2021.67, 0.00214597
1806.83, 0.00375554
1251.24, 0.00059168
1333.92, 0.00092869
1255.22, 0.000516767
2289.89, 0.000476897
1942.72, 0.00183077
1390.4, 0.00107697
1463.55, 0.00192844
1616.52, 0.00246486
2467.47, 0.000862015
1891.74, 0.00500377
1383.07, 0.00185886
1794.6, 0.00190497
2192.43, 0.0010618
1347.46, 0.000621103
1992.01, 0.00180834
1789.48, 0.00376428
1501.6, 0.00181383
1349.76, 0.000739069
2123.08, 0.00149087
1405.47, 0.00109372
1861.19, 0.00247382
1709.68, 0.00223258
1516.08, 0.00256563
1960.1, 0.0164171
1724.21, 0.00235428
1156.04, 0.000267529
1963.38, 0.00177976
1098.67, 0.000757899
1345.16, 0.00219716
1062.39, 0.000406767
1492.68, 0.00185652
1405.57, 0.00132943
2007.4, 0.00565805
1167.91, 0.000258839
2102.36, 0.00149188
1930.84, 0.111517
1451.79, 0.00165787
1586.04, 0.0019443
2449.52, 0.0010109
2334.5, 0.00111529
1325.13, 0.000778382
1377.42, 0.00229446
1505.86, 0.00175535
2273.66, 0.000545355
1747.69, 0.00249245
1260.42, 0.000406502
1689.3, 0.0027721
1080.63, 0.00406491
