temperature, L2
2086.86, 0.00521666
1815.72, 0.00315843
1532.98, 0.00250206
1946.32, 0.00332936
1892.94, 0.00765501
2474.97, 0.00140809
2007.29, 0.00539688
1036.27, 0.00848551
1557.5, 0.00429341
2354.09, 0.00206688
1616.41, 0.00332628
1515.35, 0.00236176
1528.3, 0.00279376
2284.68, 0.000583151
2150.46, 0.00173666
1003.38, 0.00206974
1598.12, 0.00303429
1376.7, 0.0117299
2326.58, 0.000144622
1562.3, 0.00492221
1250.78, 0.000260691
1574.6, 0.00922817
1289.87, 0.00127445
2472.55, 0.00107189
2389.84, 0.000418694
1137.87, 0.000882359
1209.5, 0.000137051
2030.1, 0.0529326
1789.75, 0.00340854
2259.65, 0.000876305
1767.9, 0.00494802
1359.57, 0.00345014
1717.22, 0.00502504
1806.85, 0.00486904
2072.77, 0.00337693
2490.06, 0.00269925
2492.75, 0.0738048
1313.82, 0.00121971
1760.76, 0.00303414
1511.64, 0.00381155
1418.25, 0.00285133
1545.65, 0.00338504
2216.3, 0.000697273
1935.31, 0.0091455
1731.79, 0.0101786
2287.45, 0.000621241
2403.68, 0.000935268
2375.1, 0.000504756
1135.18, 0.000749498
1988.67, 0.0107674
1428.54, 0.00235749
1844.97, 0.00379731
2272.38, 0.000880582
2434.98, 0.000788816
2327, 0.000117377
2260.23, 0.000551216
1200.79, 0.000124514
1731.01, 0.00520658
1118.18, 0.000572253
1386.98, 0.00228548
2328.85, 0.000121828
2216.54, 0.000705728
1814.77, 0.00476203
2298.74, 0.000386789
2444.58, 0.00181823
2273.41, 0.000743334
1244.47, 0.000525536
1606.3, 0.0153288
1271.74, 0.000599443
1013.73, 0.00095981
1060.38, 0.00163557
2456.11, 0.00137631
1671.5, 0.00403171
1915.39, 0.00317259
1948.07, 0.00319747
1325.87, 0.0179341
2478.9, 0.00141383
2106.15, 0.00136114
2349.19, 0.000211937
1937.69, 0.00346772
1641.67, 0.00436756
2145.03, 0.00403974
2447.66, 0.00286577
1387.77, 0.00241521
2080.82, 0.0220836
2038.6, 0.00401615
1964.54, 0.00585882
2267.15, 0.00131696
2318.41, 0.000241977
1825.56, 0.00287036
2262.03, 0.000602009
1336.62, 0.00152722
1702.89, 0.00683878
1904.3, 0.285618
1579.26, 0.00408151
1960.75, 0.00457895
1509.61, 0.00326927
2415.53, 0.000697554
1764.2, 0.00327365
2418.51, 0.000608722
1712.27, 0.00827808
2169.13, 0.00463945
1664.95, 0.00312515
2044.65, 0.00307573
2052.32, 0.0556028
1750.48, 0.00440166
1903.84, 0.00652784
1552.93, 0.00185134
2496.17, 0.0030915
2094.55, 0.00247441
2083.77, 0.0075806
1025.55, 0.00490077
1282.59, 0.000965155
2227.79, 0.000830144
1625, 0.00567708
1923.01, 0.00395026
2061.09, 0.00278167
1964.91, 0.00273928
1547.02, 0.00353572
1294.6, 0.00360268
1385.57, 0.00290271
1076.67, 0.00121327
1467.36, 0.00282859
2432.99, 0.0016682
1370.75, 0.00108385
2345.42, 0.000259472
1805.24, 0.00664565
1551.44, 0.0329469
1449.56, 0.00178072
1197.24, 7.69673e-05
2393.95, 0.0106675
1359.35, 0.00171362
1491.32, 0.00333842
1509.23, 0.0227017
2029.34, 0.00299002
1195.03, 0.000147158
1739.84, 0.00999818
1049.43, 0.0015114
1533.2, 0.00393308
2161.08, 0.00144697
1665.33, 0.00361218
2256.99, 0.000570314
1179.28, 0.000222576
2106.92, 0.00272387
2431.17, 0.000848779
2457.63, 0.00273588
2006.75, 0.00289088
1168.6, 0.000992837
2148.91, 0.00269086
1362.75, 0.00118419
1618.01, 0.00946514
2201.69, 0.00186245
1159.96, 0.000686433
2267.44, 0.00151664
2159.56, 0.00438927
1001.83, 0.00121882
2117.27, 0.00226221
1566.61, 0.00354483
1827.25, 0.004571
1451.07, 0.00577514
1790.84, 0.0046971
2432.66, 0.000750158
2253.94, 0.00117929
1705.04, 0.01199
1591.35, 0.00480484
1655.53, 0.00658272
2405.98, 0.00053981
1386.77, 0.0026321
1087.48, 0.000957895
1924.22, 0.00734205
1815.95, 0.00504405
1480.4, 0.0075643
2146.71, 0.00424708
1431.62, 0.00295909
2016.54, 0.00508161
1954.75, 0.00216048
1699.16, 0.00337833
1013.51, 0.00163169
1165.66, 0.000665886
1734.76, 0.00995325
1114.26, 0.00370523
2392.54, 0.000820476
2224.57, 0.000743799
1772.8, 0.00504987
1433.21, 0.00228258
2106.31, 0.0108372
1588.22, 0.00552784
1701.02, 0.00434463
1523.16, 0.00427823
1568.2, 0.00353103
1613.33, 0.00355615
2447.72, 0.00185499
2355.66, 0.000239609
1666.17, 0.00522787
1360.08, 0.00363303
1145.76, 0.00498254
2119.5, 0.00149099
1987.76, 0.00254658
1098.71, 0.00104484
2080.14, 0.0145179
1578.64, 0.00233662
2155.71, 0.00141984
1483.18, 0.00637987
1476.61, 0.00314652
2271.73, 0.00118146
2172.91, 0.00144767
2073.17, 0.00540327
1211.31, 9.52534e-05
1817.94, 0.0115595
1747.57, 0.0077148
1095.26, 0.0011398
2058.35, 0.00234867
2094.69, 0.00388493
1301.19, 0.00124786
2078.61, 0.00206565
2348.13, 0.00027675
1659.34, 0.0041954
2080.65, 0.00217526
2404.54, 0.000782145
2360.14, 0.00137497
1934.32, 0.00407291
2364.02, 0.000611815
1790.57, 0.00635145
1599.24, 0.00419153
2487.1, 0.00165269
1388.95, 0.00287503
1391.17, 0.00220552
2052.46, 0.00204045
1263.29, 0.000570931
1815.93, 0.00390471
1380.58, 0.00136913
1258.45, 0.000281271
2323.32, 0.000115347
2027.97, 0.00278824
1807.65, 0.00567677
2141.46, 0.00168827
1016.23, 0.00214226
1577.27, 0.00534991
1838.17, 0.00398644
1779.54, 0.00499126
2008.6, 0.012892
2040.13, 0.00406986
1945.47, 0.00323882
2490.36, 0.00202232
2037.93, 0.00529528
1514.2, 0.0201479
1239.07, 0.00065833
2270.66, 0.000527427
1209.52, 9.48012e-05
1975.94, 0.00372661
1710.97, 0.00919668
1426.25, 0.00379781
1537.22, 0.00413922
1371.64, 0.00459143
1710.55, 0.00378542
1065.92, 0.00105378
1492.88, 0.00405952
1964.34, 0.00336484
1342.65, 0.00252682
1032.33, 0.0063534
1770.05, 0.00354484
2312.69, 0.000205169
2231.68, 0.000781512
1263.71, 0.00348751
1426.43, 0.00220315
1400.53, 0.00308187
1903.07, 0.103678
2432.86, 0.0011183
2427.51, 0.000799225
1981.63, 0.00241676
1241.34, 0.000996468
2461.57, 0.00103537
2137.05, 0.00171505
1814.5, 0.00826659
2375.32, 0.000499017
1405.31, 0.00236451
1416.93, 0.00316599
1478.83, 0.00235144
2009.12, 0.00271441
2235.35, 0.00164236
2259.72, 0.000688065
2032.52, 0.00360162
2475.98, 0.00131189
2197.35, 0.00261971
1363.76, 0.00568759
1945.57, 0.00437382
1929.3, 0.0227398
1077.03, 0.00315248
2286.21, 0.000409181
2325.62, 0.000229438
1997.57, 0.0036547
1847.58, 0.00414381
2157.75, 0.00205885
2014.17, 0.0047419
1429.63, 0.00393905
2487.22, 0.00248682
2237.45, 0.00505702
1619.68, 0.00874001
1601.23, 0.00713086
1408.65, 0.00263048
1813.74, 0.00277264
1639.02, 0.00461793
1812.17, 0.00322021
2246.99, 0.00188316
2462.67, 0.00114698
1963.13, 0.00215995
1764.52, 0.00304186
1258.36, 0.0026404
1226.04, 0.000665589
1658.54, 0.00156042
1196.92, 7.0774e-05
1841.84, 0.00385989
1697.2, 0.00388185
1787.79, 0.00440773
2110.63, 0.00275841
1927.81, 0.00364645
1363.76, 0.00268472
1416.2, 0.00476964
1980.54, 0.00412923
1998.68, 0.0104788
2073.34, 0.00219349
1249.75, 0.00145345
1697.62, 0.011878
2332.71, 0.00028737
1389.28, 0.00498866
1252.2, 0.00219543
2172.49, 0.00261057
2482.33, 0.00263213
2410.23, 0.000953183
2167.54, 0.00505138
2285.64, 0.000253684
1559.15, 0.0025374
2468.77, 0.00162156
1754.73, 0.00584731
1752.69, 0.0176568
2105.31, 0.00240323
1748.78, 0.00413569
1735.99, 0.00295919
1358.03, 0.002934
2407.53, 0.000929432
1408.41, 0.00403904
2086.24, 0.00252599
1869.61, 0.00661782
1769.66, 0.00412985
2193.57, 0.00222968
2159.55, 0.00130634
1006.44, 0.0026689
2216.08, 0.00172706
2012.43, 0.00278778
1083.41, 0.00118658
2198.92, 0.000818972
1256.23, 0.000479476
2070.41, 0.00171669
1928.77, 0.00347914
1666.07, 0.00913607
2326.2, 0.000217985
1791.82, 0.00481529
2428.4, 0.00117903
1772.29, 0.0510455
1582.86, 0.00663186
1166.61, 0.00113681
1110.61, 0.00903851
1145.4, 0.000509919
1014.69, 0.00325521
1131.65, 0.00133847
2398.61, 0.000570685
2345.46, 0.000161621
1423.96, 0.0193032
2083.82, 0.00154485
1979.36, 0.00730682
1201.71, 6.21755e-05
1383.09, 0.00156945
1255.83, 0.000597937
1534.23, 0.00809202
1546.37, 0.0047067
1629.75, 0.00626645
1492.4, 0.00261467
1167.68, 0.00757262
2327.18, 0.000154654
2222.96, 0.00182835
1874.2, 0.00538734
1553.01, 0.00233569
1649.8, 0.00380052
1769.59, 0.00576501
2260.54, 0.000544379
1065.18, 0.00177079
1403.23, 0.00331803
1611.32, 0.00467607
2049.16, 0.00433901
1553.59, 0.00673333
1072.27, 0.00152698
1658.15, 0.00500617
1596.67, 0.00360192
1848.25, 0.00572753
1267.13, 0.000727068
1780.16, 0.00451435
1628.4, 0.00638185
1129.05, 0.000417853
2286.2, 0.000722927
2277.25, 0.000964291
2016.86, 0.00252304
2130.83, 0.00223019
2348.28, 0.000227161
2289.13, 0.000330001
1031.71, 0.00451129
1365.42, 0.00174701
2326.49, 0.000147182
1018.52, 0.0010328
2017.77, 0.00301498
1639.56, 0.00417552
1083.9, 0.00126591
1266.58, 0.00109244
1632.87, 0.00519075
1975.63, 0.0031227
1243.69, 0.00152388
1940.26, 0.00206401
1786.16, 0.00292211
1341.94, 0.00316836
1401.35, 0.00506347
1802.58, 0.00604067
2028.39, 0.00220901
1217.26, 0.000306237
1005.28, 0.0241602
1023.91, 0.00281209
1229.42, 0.000927711
1525.74, 0.00476759
1893.73, 0.0112227
1545.63, 0.00403028
1255.38, 0.00334538
1541.04, 0.00267765
1957.76, 0.0113716
1761.63, 0.00478322
1277.32, 0.00388697
2489.87, 0.00204467
1887.35, 0.124886
1242.34, 0.000264876
2133.98, 0.00282551
2313.05, 0.000239418
2480.24, 0.00484255
2112.55, 0.00141476
2202.23, 0.00541832
1478.3, 0.0017386
1071.19, 0.00278581
2485.32, 0.00139069
1365.04, 0.00203697
1230.98, 0.000796721
1752.1, 0.00583862
1494.67, 0.00320281
2137.24, 0.00261993
1836.95, 0.00488704
1936.13, 0.00288151
1203.52, 0.000101495
2194.17, 0.00973866
1356.33, 0.00185268
1545.27, 0.00620173
1883.04, 0.00498476
1674.01, 0.0114003
2405.88, 0.000760459
1035.65, 0.0250975
1606.66, 0.00470932
1198.28, 0.000257051
1162.14, 0.000450533
1840.85, 0.0018206
1416.41, 0.00344793
2001.31, 0.00196779
1366.71, 0.00168383
1488.22, 0.00370208
2465.56, 0.00157556
2235.44, 0.00265533
1119.76, 0.00120704
2055.93, 0.00502272
1398.7, 0.00190875
1266.79, 0.000997194
2387.46, 0.000454739
2343.29, 0.000178073
1702.86, 0.00666354
1347.46, 0.00609237
2079.16, 0.0598337
2014.36, 0.00433299
1500.23, 0.00374533
2172.91, 0.00191241
2138.61, 0.0013314
2095.07, 0.00223489
1767.73, 0.00466635
1355.32, 0.00164881
1034.65, 0.00240189
2416.07, 0.000783168
1981.94, 0.00387815
2448.09, 0.000863057
1352.37, 0.00317979
1954.24, 0.0110162
2449.23, 0.00240742
1181.64, 0.000153606
1235.61, 0.000449945
2497.24, 0.0017508
1716.83, 0.00328424
1904.2, 0.00381072
1477.58, 0.00521558
1220.72, 0.00030162
1084.07, 0.002396
1358.95, 0.00125241
2410.89, 0.00297901
2454.1, 0.00138665
2206.91, 0.00141542
1900.54, 0.0193776
1041.16, 0.00154255
1489.5, 0.00498882
1141.14, 0.00835662
2342.85, 0.000160478
1416.21, 0.00537687
1708.8, 0.00439988
1450.09, 0.00394238
2285.95, 0.00110366
1512.28, 0.00335272
1590.58, 0.00404781
2281.91, 0.000649903
2457.9, 0.00242316
1317.5, 0.0017531
2361.33, 0.000813626
1385.48, 0.0018364
1917.2, 0.00432669
1517.24, 0.00249027
1444.81, 0.00226968
1622.49, 0.00369972
1823.2, 0.00247988
1648.38, 0.0060194
1359.67, 0.00409271
1297.86, 0.00207038
1164.08, 0.000777735
1916.91, 0.00289217
1329.51, 0.00844312
2452.77, 0.00128144
1496.51, 0.00265837
1184.69, 0.000551812
1499.78, 0.0130785
1580.77, 0.00346406
1601.58, 0.00354051
1115.17, 0.00534036
1917.38, 0.00334304
2013.04, 0.00358225
2069.94, 0.00350148
2208.14, 0.00484143
1176.9, 0.000502497
2468.76, 0.0013465
2207.47, 0.00137449
1393.83, 0.00334839
1871.8, 0.00661125
2314.93, 0.000204576
1931.87, 0.0026156
1354.06, 0.00180558
2074.1, 0.00184686
2141.71, 0.00161428
1511.2, 0.00300398
1408.96, 0.00184031
2456.17, 0.000872202
1160.1, 0.00112882
1194.64, 0.000108459
2018.79, 0.00377131
2462.93, 0.00171361
1060.5, 0.00174818
1369.22, 0.00299223
2423.92, 0.000788689
1626.62, 0.00322016
1392.49, 0.00378328
1242.49, 0.000538528
1424.38, 0.0199137
1212.26, 0.000129091
1988.32, 0.00740903
1521.88, 0.00242263
1747.94, 0.0100414
1467.52, 0.00261168
2049.11, 0.00229907
1740.43, 0.00985214
1633.43, 0.0039023
2326.68, 0.000184486
2476.11, 0.00136948
1431.85, 0.00324352
1893.18, 0.00511576
1106.58, 0.00230414
2160.83, 0.00162844
1373.53, 0.00145468
1153.88, 0.00125551
1861.66, 0.00376624
2219.64, 0.000685871
1884.88, 0.00567056
2237.26, 0.00242845
1854.82, 0.00400021
1535.13, 0.0181311
1255.93, 0.0126914
2164.18, 0.0023781
1442, 0.00173238
1282.33, 0.00104766
1466.51, 0.00377984
1836.28, 0.00337625
1655.26, 0.0033936
1815.06, 0.00689698
1947.36, 0.00460282
2008.64, 0.00688122
1692.57, 0.00761143
2261.89, 0.00138702
1977.65, 0.00275404
1978.47, 0.0152719
2438.9, 0.000707334
1110.82, 0.00143474
1315.54, 0.00377321
1884.92, 0.00412732
2217.16, 0.00107418
1624.33, 0.0140139
1477.72, 0.00645793
1336.03, 0.0021224
2088.24, 0.00263424
2060.39, 0.00270296
1044.92, 0.0018395
2399.78, 0.000508356
2151.73, 0.00565093
1836.87, 0.00572507
1330.28, 0.00196497
2415.2, 0.000744705
1262.93, 0.000673824
2239.61, 0.00372091
2094.98, 0.00190112
1702.6, 0.00702887
1528.98, 0.00451212
1685.63, 0.0138696
1460.15, 0.00290452
1209.18, 0.00018974
1340.39, 0.00187737
1281.56, 0.000459578
1809.52, 0.00561416
1637.22, 0.00334082
2114.9, 0.0035681
1028.94, 0.0019051
1872.6, 0.00336534
1641.79, 0.0147401
1169.39, 0.000397368
1404.95, 0.00133562
2123.87, 0.00229146
1005.5, 0.00385549
1593.71, 0.00483152
1421.97, 0.0131797
1462.75, 0.00481796
2281.42, 0.000922285
1055.81, 0.0010053
1726.01, 0.0244392
2489.36, 0.0055336
1842.95, 0.0033043
2010.45, 0.00154137
1906.35, 0.00357054
2036.09, 0.00684472
2474.84, 0.0013484
1862.2, 0.00569049
1082.2, 0.00656472
1269.15, 0.00188609
2027.94, 0.00149435
1908.97, 0.00372519
1909.16, 0.00308933
1534.2, 0.00591855
2438.87, 0.00146831
1788.47, 0.00458808
2280.64, 0.000719302
1059.08, 0.00109749
2392.69, 0.000559521
2137.99, 0.00191665
1944.48, 0.746747
1374.88, 0.00157248
2048.14, 0.00192446
1539.47, 0.00277151
1167.4, 0.000799767
1535.26, 0.00123125
1424.92, 0.00229442
2350.51, 0.000340684
1137.13, 0.000502667
1664.66, 0.00466361
1151.4, 0.000413566
1407.29, 0.0102034
2436.9, 0.00249271
2323.42, 7.60462e-05
2318.7, 8.98897e-05
1186.67, 0.000112671
1399.49, 0.00321131
1122.38, 0.000535326
1563.39, 0.00510741
1946.57, 0.00529798
1321.03, 0.0015
1046.07, 0.00240016
1405.65, 0.00351702
2138.43, 0.00319525
2350.38, 0.000393631
1243.2, 0.000755186
1961.47, 0.0102704
1220.39, 0.000197854
1621.12, 0.00466597
1178.26, 0.000637944
1543.89, 0.00473907
2358.18, 0.000283735
2466, 0.00422847
2197.75, 0.00117655
1855.77, 0.00202434
2018.26, 0.00253223
1690.73, 0.00283433
1047.93, 0.00263014
2061.71, 0.00293223
2306.17, 0.0002425
2465.11, 0.00936478
2170.02, 0.00265987
1046.47, 0.00227495
2300.09, 0.00051679
1347.65, 0.00247342
1340.83, 0.00103703
2047.93, 0.00262362
1683.91, 0.00396778
1040.86, 0.00244882
1417.44, 0.0034348
2161.21, 0.00132427
2428.67, 0.00110581
1794.8, 0.00336495
1115.95, 0.00152366
2115.09, 0.00146423
1237.81, 0.000319753
1037.14, 0.000862114
2412.45, 0.00276952
1350.81, 0.00381957
1176.81, 0.000286017
1628.06, 0.00457594
1864.44, 0.00469404
1083.74, 0.000941825
1707.3, 0.0038011
1444.02, 0.0820691
1667.39, 0.0145726
1384.17, 0.0019621
2187.26, 0.00286178
2112.98, 0.00246657
1991.92, 0.00339132
2438.06, 0.00130734
1016.88, 0.00425403
1138.15, 0.0016591
1096.96, 0.00733763
1803.47, 0.00763668
2113.5, 0.00445008
1524.91, 0.00659726
2332.36, 0.000212311
1085.78, 0.00117226
2080.02, 0.00207705
1863.65, 0.00785828
1481.18, 0.00790588
1858.46, 0.00424569
2361.99, 0.000340763
2359.22, 0.000237472
2298.88, 0.000552105
1188.87, 0.000219997
2331.89, 0.000153983
1953.19, 0.0024326
2260.47, 0.00104672
1564.78, 0.00589275
2002.54, 0.00506635
1592.19, 0.00312874
2394.53, 0.000652717
1534.89, 0.00358025
1081.45, 0.00144226
2282.86, 0.000713191
1250.48, 0.000568525
2386.53, 0.000664273
2090.17, 0.00219977
1868.72, 0.00400432
1145.27, 0.000790767
2337.44, 0.000183057
1343.84, 0.00346812
2415.66, 0.00141548
1391.09, 0.00653533
1430.49, 0.00436454
2014.01, 0.0035788
2154.1, 0.00174073
2149.17, 0.00136434
2416.1, 0.00108927
2159.5, 0.00134136
1867.36, 0.00395476
2308.56, 0.000778891
1320.15, 0.0062042
1733.22, 0.00772291
2187.54, 0.000775529
1578.78, 0.00299139
1238.04, 0.000306841
2131.98, 0.00174229
1592.76, 0.00363709
1511.17, 0.00559558
1287.72, 0.00072685
2246.31, 0.00148064
2142.23, 0.00242349
1959.65, 0.00437418
1333.71, 0.00165235
2133.28, 0.00323309
2168.47, 0.00142647
1110.11, 0.00121962
2259.61, 0.00114687
2430.25, 0.00653063
1891.84, 0.00323033
1653.01, 0.00631765
1172.21, 0.000411691
2485.58, 0.00231977
1516.33, 0.00751241
1641.05, 0.00318374
1241.33, 0.000693069
1811.94, 0.00918895
2484.01, 0.00232836
1101.24, 0.00148745
1624.44, 0.00319867
2048.07, 0.025728
2277.42, 0.000386361
1836.79, 0.0838482
1172.51, 0.000463716
1420.46, 0.0025483
1429.46, 0.00420047
1124.53, 0.00225618
2384.78, 0.00101238
2392.95, 0.000459114
1116.63, 0.00920695
2184.99, 0.00168856
1567.32, 0.00556988
1067.41, 0.0659248
1634.23, 0.00856763
1201.38, 9.06413e-05
1665.85, 0.00358302
1951.83, 0.00891377
1427.07, 0.00257569
1547.99, 0.0359427
2198.26, 0.0566306
1507.7, 0.00327967
1495.18, 0.00489143
1636.44, 0.0296622
1797.96, 0.0117832
2381.3, 0.00123679
1020.61, 0.00227331
2133.83, 0.00131872
1585.64, 0.00714925
1984.58, 0.00336232
1400.21, 0.00182326
2045.96, 0.00230991
2124.93, 0.00142511
1933.31, 0.0025499
1731.53, 0.00301861
2077.61, 0.00415618
1766.27, 0.00527996
1623.23, 0.00368088
1090.58, 0.000488117
1944.61, 0.00321314
2160.04, 0.00229335
1654.5, 0.00621022
1204.42, 4.79343e-05
1110.41, 0.00238409
1968.72, 0.00465881
2342.42, 0.000278595
2178.32, 0.00147646
1139.45, 0.00097266
1531.4, 0.0139839
1687.41, 0.00381677
2440.36, 0.00108992
2020.25, 0.00323543
1814.22, 0.0028626
1582.44, 0.00458035
1443.19, 0.0023278
1051.71, 0.00309889
1820.18, 0.00435415
2244.22, 0.00322293
1650.49, 0.0122725
2236.13, 0.00134242
2309.07, 0.000278652
1317.15, 0.00229494
2407.74, 0.000551018
1562.06, 0.00411813
1085.16, 0.000852646
1667.96, 0.00310492
1905.53, 0.00203781
2028.67, 0.00235931
1759.52, 0.0041991
1848.88, 0.00633453
1799.69, 0.00664985
2215.64, 0.00159829
2019.32, 0.00296932
1918.38, 0.00339024
2125.58, 0.00249061
1198.67, 6.90659e-05
2284.75, 0.000590812
1632.71, 0.00479993
1723.57, 0.0047799
1200.57, 7.55054e-05
1977.82, 0.00252658
1332.41, 0.00198898
2189.08, 0.00232958
1972.45, 0.00652138
1420.56, 0.00253263
1209.6, 0.000255896
2402.46, 0.00104422
2458.9, 0.00157956
2374.89, 0.000808072
1356.73, 0.00166279
1778.09, 0.00342632
1826.35, 0.00328711
1640.1, 0.00699857
1161.98, 0.00232364
1419.14, 0.00236686
1490.91, 0.00401112
1628.3, 0.0085278
1864.36, 0.00250134
1001.23, 0.00260516
2067.78, 0.00513101
2086.28, 0.00728903
1342.31, 0.000983727
2263.45, 0.000534861
2289.4, 0.000358487
2264.45, 0.00433098
2046.01, 0.00257678
1866.31, 0.00774233
2070.41, 0.00511749
1637.44, 0.00337909
1941.82, 0.00323545
1734.6, 0.0059744
1708.07, 0.00565044
1481.96, 0.0090906
1305.27, 0.00196573
1163.39, 0.000497058
2161.48, 0.00151392
1746.29, 0.0090921
1744.63, 0.00333233
2490.4, 0.00202496
1109.32, 0.00102692
1685.72, 0.00450535
2462.74, 0.00136544
2495.05, 0.00129354
2198.92, 0.002361
1258.36, 0.00112553
1176.28, 0.000255554
1832.45, 0.00381742
1078.03, 0.00108845
2260.73, 0.000569131
1383.43, 0.00175692
1506.13, 0.00147936
1273.23, 0.00211871
1155.75, 0.000417729
1308.92, 0.00235658
2204.09, 0.000909496
1001.04, 0.00297523
1408.57, 0.00581163
1524.7, 0.00265064
1891.72, 0.0127902
2183.12, 0.00150332
1935.35, 0.00620922
1429, 0.00325107
1766.68, 0.00348806
1144.64, 0.00130126
1286.04, 0.00146525
2147, 0.00243063
2293.31, 0.000610582
1881.18, 0.00424764
1265.7, 0.000633238
1326.61, 0.00338407
1600.54, 0.00406894
1873.79, 0.00294147
1536.62, 0.00304668
1573, 0.0041451
2028.19, 0.00312977
1689.78, 0.00331237
1427.96, 0.0112123
1390.16, 0.00177998
2365.36, 0.000913497
1405.61, 0.00215779
1962.05, 0.00360425
1370.25, 0.00156881
1313.62, 0.00138776
1457.77, 0.0038499
1886.89, 0.0171304
2117.74, 0.00169796
1630.97, 0.00310108
1532.26, 0.00621659
1171.78, 0.000200264
2293.32, 0.000420979
1495.72, 0.00506057
2056.4, 0.00337874
1946.55, 0.016597
1615.88, 0.00399347
1714.75, 0.00523721
1045.37, 0.00108023
1682.92, 0.00363952
1139.07, 0.00079142
2186.61, 0.00282189
1078.24, 0.00150661
2222.02, 0.0014102
1151.85, 0.000442116
1382.13, 0.00774203
2084.87, 0.00222432
1728.63, 0.00559693
1314.93, 0.00214358
2385.91, 0.00490946
2478.13, 0.00152208
1908.75, 0.0146221
1201.71, 4.7136e-05
2373.04, 0.000378719
2265.92, 0.000736562
1276.49, 0.00129954
1705.13, 0.00316971
2469.56, 0.00214805
2332.7, 0.000143964
1003.78, 0.00210824
2358.5, 0.000275748
1511.21, 0.0042726
1297.75, 0.00145188
1255.6, 0.000709746
1846.47, 0.0294919
1597.2, 0.00414826
2462.33, 0.000916783
2116.81, 0.00332502
2130.02, 0.00173373
1276.56, 0.000804601
2073.51, 0.0194497
1923.6, 0.00220465
1456.35, 0.00437536
2109.29, 0.0242871
1571.33, 0.00199007
1087.6, 0.002267
2263.73, 0.000859434
1691.04, 0.0118715
2319.32, 0.000106155
1952.63, 0.00346168
2429.85, 0.000814906
1772.34, 0.00339606
1187.92, 0.000173521
1869.2, 0.0043546
1133.07, 0.000612261
1887.24, 0.00371231
2471.33, 0.00155881
2431.49, 0.00163597
1526.73, 0.00687726
1393.83, 0.00843912
1315.6, 0.0015619
2080.94, 0.00207327
1488.85, 0.00337729
1191.05, 0.000172113
1977.4, 0.00238851
2361.74, 0.000461429
1715.34, 0.00710797
1892.68, 0.0048751
2489.75, 0.00141353
1127.35, 0.0028909
2297.33, 0.000546071
2419.96, 0.000710678
1657, 0.00250071
1114.03, 0.00310049
2422.95, 0.000918445
1834.56, 0.00341396
2205.59, 0.00111358
1342.67, 0.00126464
1495.2, 0.00380211
2358.29, 0.000208703
1801.56, 0.00552528
2256.08, 0.0004271
2117.99, 0.00172562
1423.57, 0.00314793
1063.63, 0.00303314
1188.4, 4.31878e-05
1300.33, 0.00120242
2339.33, 0.000232593
1773.1, 0.00304315
1263.98, 0.00092746
1576.52, 0.00620984
1601.27, 0.0014895
1497.22, 0.00269801
1183.73, 0.000150826
1161.82, 0.00068289
1431.2, 0.00342227
2145.6, 0.00292998
2230.01, 0.00257966
2343.01, 0.000266383
1747.34, 0.00432833
2160.08, 0.0013393
2207.18, 0.0017387
2482.91, 0.00121036
1343.49, 0.00506555
1022.38, 0.00159429
1994.61, 0.00318685
2066.67, 0.00210639
1289.54, 0.00122623
1802.2, 0.00368173
2384.57, 0.000501999
1920.78, 0.00603497
2449.64, 0.00105552
1609.2, 0.00478286
1437.19, 0.0024392
1160.39, 0.000482936
1242.71, 0.000338261
1813.73, 0.00219487
1576.6, 0.00443728
1974.23, 0.00236159
1429.07, 0.00438476
1413.88, 0.00351412
1025.31, 0.00179306
1556.21, 0.00379884
2113.95, 0.00174838
1696.61, 0.0108505
2318.73, 0.000182944
2396.58, 0.000557113
2232.33, 0.000843482
1914.11, 0.0040869
2176.1, 0.00168766
1348.18, 0.00175116
1398.28, 0.00284299
2192.87, 0.00109324
2186.01, 0.00299231
2039.38, 0.00354291
2344.01, 0.00031306
2051.16, 0.00257173
1834.67, 0.00487514
2295.12, 0.00130724
1387.51, 0.00202845
1679.68, 0.00348803
1990.42, 0.00271329
2275.72, 0.000494723
1042.36, 0.00253416
2231.74, 0.0020759
2344.68, 0.000514517
1371.27, 0.00211742
2391.49, 0.000617188
2410.29, 0.00212942
2464.23, 0.00376269
2085.83, 0.00326375
2466.33, 0.000843995
1839.37, 0.0733077
1755.99, 0.00276089
1791.72, 0.00395448
1528.57, 0.00405484
2287.93, 0.000455722
1080.41, 0.0011276
2446.55, 0.00224826
1556.18, 0.00342701
2459.92, 0.00178171
1048.13, 0.00358228
2241.64, 0.00116672
1189.47, 0.000244197
2284.22, 0.000860662
1980.01, 0.00346788
1894.65, 0.0273478
1340.6, 0.00389081
2104.22, 0.00459398
1333.35, 0.00155479
1884.59, 0.00426647
1545.85, 0.00829536
2453.55, 0.00203647
1737.79, 0.0047896
1297.61, 0.00226013
1758.24, 0.0142013
1436.61, 0.00393935
2225.51, 0.000539827
1343.65, 0.000991678
1146.46, 0.000828483
2367.16, 0.000501413
1941.32, 0.00411113
2148.02, 0.00229771
2297.37, 0.000867394
1898.42, 0.0107071
1726.15, 0.00401026
2302.68, 0.000354641
2071.2, 0.00636175
1622.59, 0.00667894
1788.89, 0.00564809
2217.75, 0.0010823
2357.21, 0.000227584
1499.15, 0.018504
1533.11, 0.00364412
1568.2, 0.00312077
1008.66, 0.00162928
1754.38, 0.00394042
2059.77, 0.00312942
2347.38, 0.000264063
1927.86, 0.00614743
2175.45, 0.00408482
1301.29, 0.00285679
1479.54, 0.00253589
2381.93, 0.000779566
1407.45, 0.00317831
1288.05, 0.00127129
1128.34, 0.00286342
1024.46, 0.00237973
1732.29, 0.00407773
1249.85, 0.0004892
1796.05, 0.00369336
2089.52, 0.00195992
1136.54, 0.00103846
1410.46, 0.00303095
1861.64, 0.00326998
1863.17, 0.00889046
2107.28, 0.00205138
2226.1, 0.00265747
1673.77, 0.00321173
2325.05, 0.000154757
2004.96, 0.00268055
2285.13, 0.000323775
1583.76, 0.008598
2105.58, 0.00175127
1802.7, 0.0036564
2376.07, 0.00039099
1382.3, 0.00170902
1189.48, 0.000140193
2017.12, 0.00469612
1621.67, 0.00832619
1662.25, 0.00390772
2034.13, 0.00233065
1464.69, 0.00261404
1979.51, 0.00295674
2254.74, 0.000745766
1211.85, 9.94495e-05
1458.4, 0.00517545
1203.47, 0.000426173
2174.04, 0.00168141
1711.1, 0.00489405
1978.25, 0.00193817
2129.91, 0.00198958
1955.23, 0.00589481
1222.56, 0.000269757
2037.58, 0.00498846
1554.41, 0.00654954
1805.57, 0.00355092
1016.9, 0.00213702
1964.53, 0.0025527
2343.96, 0.000142515
2371.86, 0.000507669
1411.31, 0.00314778
1506.53, 0.00240359
1091.14, 0.000940968
1889.72, 0.0258275
1678.11, 0.00308132
2371.3, 0.000416353
1774.02, 0.00454299
1199.57, 0.000212892
1228.13, 0.000272503
1816.29, 0.00513802
2197.92, 0.00121593
1660.7, 0.00356952
1320, 0.0020577
1775.8, 0.00468044
1550.28, 0.00642021
2336.67, 0.000170608
1006.68, 0.00344743
1682.28, 0.00398406
1104.91, 0.00165637
1780.91, 0.00288866
2471.52, 0.00201945
2418.04, 0.00191254
2410.63, 0.000713685
1174.86, 0.00058977
1529.26, 0.00272528
2308.81, 0.000153448
1927.4, 0.00332836
2237.12, 0.00188344
1780.17, 0.00481972
1312.39, 0.0013999
1951.26, 0.00242179
1955.71, 0.00320798
1605.55, 0.00251261
1332.72, 0.00369909
1930.89, 0.00469527
2157.9, 0.0048324
1716.9, 0.00420685
1422.55, 0.00330253
1914.18, 0.00289098
2123.34, 0.00727695
1714.88, 0.00716305
1568.48, 0.00330736
1517.67, 0.00376604
2081.45, 0.00193154
2017.68, 0.00372995
1784.97, 0.00338172
2412.39, 0.00638245
1924.53, 0.00310838
1501.56, 0.00171955
2337.1, 0.000166452
1732.35, 0.0223434
2200.44, 0.000857662
1132.68, 0.00122746
1935.88, 0.0376733
2053.67, 0.00226265
1440.09, 0.00654665
1617.8, 0.00743806
2355.91, 0.000504658
2177, 0.0037487
1526.39, 0.00372862
2324.57, 0.00013777
1146.54, 0.000835995
2317.02, 0.000103771
1824.28, 0.00656588
1418.97, 0.00573073
2219.15, 0.000704641
1667.13, 0.00490383
1399.14, 0.00187938
1606.57, 0.00359006
1900.76, 0.00596985
1746.75, 0.00558965
1082.61, 0.000899626
1607.37, 0.0024209
1881.78, 0.00358107
1533.75, 0.00277748
2260.46, 0.000553546
2343.2, 0.00173507
1024.91, 0.00290825
2049.92, 0.00257839
1673.12, 0.00468851
1200.59, 9.51512e-05
1620.91, 0.00313885
1527.52, 0.0049875
1139.5, 0.000814
1575.32, 0.00391169
1161.92, 0.000808378
2449.01, 0.000821699
1433.29, 0.00273128
2287.01, 0.000494781
2159.18, 0.0022211
1239.33, 0.000519614
2189.78, 0.00291799
2459.96, 0.00118148
1878.77, 0.00532728
2350.68, 0.00023019
2498.23, 0.00161566
2326.99, 0.000112872
2240.63, 0.000930821
1013.67, 0.00331688
2265, 0.000953871
2237.47, 0.00366324
2462.26, 0.00170061
1534.33, 0.00664674
2400.33, 0.000529184
1256.64, 0.000882965
1075.04, 0.00142147
1811.57, 0.00253678
2400.06, 0.00864193
1477.74, 0.00802877
1706.05, 0.0044036
1047.22, 0.00151187
1476.55, 0.00329398
1084.85, 0.00147645
1914.52, 0.00307668
2283.35, 0.000608237
2425.1, 0.0016811
1061.01, 0.00370889
1110.38, 0.000680039
1513.7, 0.0051367
2474.35, 0.000979264
1750.44, 0.00646974
1903.03, 0.00389366
1725.39, 0.00430937
1421.83, 0.00234162
1480.2, 0.00654508
1465.76, 0.00237182
1100.51, 0.0034759
2371.39, 0.000605852
1722.9, 0.0226029
1422.62, 0.00136742
1262.89, 0.00109483
2152.39, 0.0018475
2352.81, 0.000223694
1470.58, 0.00632134
2454.2, 0.00230066
2172.22, 0.00155345
2328.78, 0.000420676
2024.26, 0.00322141
1544.7, 0.00502781
1669.76, 0.00971379
1800.23, 0.00332974
2132.46, 0.0015849
2430.59, 0.00234742
1251.21, 0.000843344
2247.14, 0.000713615
2266.96, 0.000736942
1429.7, 0.00269569
1890.01, 0.00572604
1818.55, 0.00232066
2372.43, 0.00237979
2015.47, 0.00416052
2376.13, 0.000339529
1520.59, 0.00184843
2086.63, 0.00410886
1823.48, 0.00291217
2193.95, 0.00192151
1403.63, 0.00183576
1270.02, 0.000908245
1619.64, 0.00367587
2423.7, 0.000887938
1801.79, 0.00154925
1063.53, 0.00129013
2484.48, 0.0077479
1071.21, 0.00192436
1817.1, 0.0698679
2272.21, 0.00426557
1157.64, 0.000512161
2370.64, 0.000274975
2096.32, 0.00155471
1796.48, 0.00365919
1848.63, 0.00289581
1750.19, 0.00679768
1239.43, 0.000332886
1731.36, 0.0030026
1761.04, 0.0044501
2469.33, 0.0144296
2391.31, 0.000520123
2227.94, 0.00062086
1508.97, 0.00345614
2061.63, 0.00267542
2388.5, 0.000592365
2450.16, 0.00109933
1189.07, 0.000127016
1440.35, 0.00321179
2049.82, 0.00331654
2245.81, 0.00100088
1431.22, 0.00210652
1878.92, 0.0032077
2220.64, 0.00100494
2105.22, 0.00212046
2378.24, 0.000734152
1890.65, 0.00527414
2126.74, 0.00151803
1505.25, 0.00279536
1316.37, 0.00860943
2407.76, 0.000911711
1891.6, 0.00370936
1679.32, 0.00359974
2172.93, 0.00142174
2416.08, 0.000791778
1136.73, 0.000701912
2238.43, 0.00103966
2057.9, 0.00269232
2276.71, 0.000359397
1803.61, 0.00344267
2010.52, 0.00441346
1063.45, 0.00142004
1026.35, 0.000780378
1112.08, 0.000809274
1001.68, 0.00643148
1280.44, 0.000792914
1852.32, 0.00483838
1687.6, 0.00613168
1123.72, 0.00168863
1220.11, 0.000178732
1198.02, 0.000112507
1491.42, 0.00253637
1871.98, 0.00364302
1791.83, 0.00827581
1230.54, 0.00174223
2132.14, 0.00328344
1009.31, 0.0021938
2298.39, 0.000893068
2330.83, 0.000130267
2055.63, 0.00301739
1924.74, 0.00392859
1512.78, 0.00191478
2182.59, 0.00129194
1155.48, 0.0045007
2433.13, 0.00140172
2375.02, 0.00789736
1963.28, 0.00214736
1061.91, 0.00419639
1832.9, 0.00922823
2206.71, 0.00219325
1279.92, 0.000864896
1913.89, 0.00865808
1022.72, 0.00341482
1231.75, 0.000357627
1741, 0.0029264
2359.83, 0.00109409
2020.24, 0.00446862
1266.28, 0.000482366
1023.07, 0.00150156
1024.54, 0.00298958
2273.73, 0.000504826
1455.18, 0.0027794
1523.02, 0.00393485
2401.91, 0.000558478
2206.08, 0.00109542
2036.61, 0.00367123
1046.69, 0.00229639
2449.23, 0.00089634
1316.13, 0.00169631
1501.92, 0.00334579
1815.72, 0.00433798
1431.24, 0.00111022
1349.37, 0.00185086
1037.15, 0.00204874
1478.41, 0.0243525
2054.2, 0.00226716
1849.4, 0.00395167
1338.63, 0.000620359
1664.77, 0.00415822
2341.29, 0.000245489
1625.72, 0.00343602
1618.39, 0.00356802
2308.08, 0.000284762
1632.46, 0.00547954
1527.4, 0.00276338
2443.14, 0.00201194
1947.91, 0.00397967
1255.23, 0.000761974
1961.22, 0.00449832
1838.24, 0.0144729
1395.4, 0.00376008
2163.98, 0.00298361
1825.13, 0.00318494
2422.34, 0.00139271
1465.92, 0.00319079
1921.27, 0.00567339
1715.19, 0.00430511
1391.69, 0.00286647
1068.19, 0.00196629
1199.37, 6.98474e-05
1635.94, 0.00554104
1404.67, 0.00464529
1719.2, 0.00394087
2019.48, 0.00302773
2205.46, 0.00147574
2022.8, 0.00284931
1796.85, 0.00569039
1132.14, 0.00192494
2483.21, 0.00518397
1916.91, 0.0160694
1502.78, 0.00632175
1349.15, 0.00136893
1183.26, 0.000232402
2483.13, 0.00326082
1469.74, 0.0250723
1158.06, 0.000579177
2276.95, 0.00269776
1805.65, 0.00249464
1672.8, 0.00309116
2004.96, 0.0058286
2100.19, 0.00160082
2161.43, 0.00122865
2200.3, 0.00129546
2433.36, 0.000933341
1220.04, 0.000253187
1915.17, 0.00336453
2311.52, 0.000370467
1190.83, 0.000134629
2499.57, 0.00241484
1955.83, 0.00526332
1246.59, 0.0013913
2283.43, 0.000896026
2446, 0.0015912
2095.72, 0.00286984
2431.29, 0.00149892
2009.73, 0.00492607
1326.7, 0.00294585
1616.73, 0.00321193
2330, 0.000268481
1367.67, 0.00328279
1396.57, 0.00229745
1259.85, 0.000989957
1371.44, 0.00234897
1492.64, 0.00296189
1699.93, 0.00345915
1936.34, 0.0033827
1091.68, 0.000886002
1977.1, 0.0508291
2481.7, 0.00116021
1091.24, 0.000792193
1077.3, 0.00112681
2335.22, 0.000238566
1017.47, 0.00214537
1732.76, 0.0029529
2367.14, 0.00049263
2051.39, 0.00328779
1659.77, 0.00822873
1747.14, 0.00452687
1964.21, 0.0130616
1295.1, 0.00269652
2305.82, 0.000486306
1968.21, 0.0056815
1487.82, 0.00291967
2458.26, 0.00219702
2007.71, 0.00784654
1030.92, 0.0176743
1467.49, 0.0037644
1386.25, 0.00558392
1814.49, 0.00983824
2311.27, 0.000229593
1284.05, 0.000880053
2394.66, 0.000648679
1475.52, 0.0033266
1778.34, 0.00451405
2294.13, 0.000369013
2055.48, 0.00205717
1211.76, 0.000161033
1446.24, 0.00598185
2164.06, 0.00212379
2291.97, 0.00230126
1913.96, 0.00274051
1705.67, 0.00986006
1449.07, 0.00390466
2408.82, 0.00122157
2438.54, 0.00445664
1244.51, 0.000405483
1661.56, 0.00733619
2185.15, 0.00223778
2401.91, 0.00154123
2177.36, 0.00114055
1386.07, 0.00171851
1759.84, 0.234603
1908.45, 0.00306364
1527.64, 0.00407747
2091.14, 0.00201792
2232.75, 0.000932336
1266.67, 0.00060173
1498.59, 0.00529207
1096.5, 0.00131807
1385.84, 0.00257062
1706.13, 0.00260808
2293.19, 0.000443994
1531.83, 0.00373181
1865.57, 0.00384475
1994.93, 0.00317988
2401.47, 0.00086977
1338.14, 0.00214718
2264.79, 0.00327971
1809.78, 0.00513237
1564.91, 0.00927332
1112.53, 0.00202639
2051.67, 0.0117305
1153.67, 0.000857218
1415.64, 0.00267975
2373.07, 0.000363308
2272.03, 0.00068087
2315.77, 0.00252406
1560.16, 0.00603259
1528.3, 0.00244333
2269.91, 0.00121281
2155.9, 0.00200821
1345.16, 0.00160743
1708.05, 0.0122869
1491.1, 0.00188637
1677.68, 0.00464207
1830.53, 0.0036318
1591.41, 0.00315844
1888.66, 0.00311042
1101.17, 0.00229768
1346.81, 0.00134572
2207.04, 0.00108169
1827.58, 0.00419208
1668.95, 0.00377808
2378.09, 0.000714141
1927.29, 0.0573355
1954.86, 0.0465742
1530.26, 0.00533467
2247.88, 0.000684364
1224.1, 0.000347417
1196.21, 4.11761e-05
1344.08, 0.00345112
1524.69, 0.0133012
1580.17, 0.00420102
1942.55, 0.00274433
2360.98, 0.000207925
1769.07, 0.00598516
1646.2, 0.00469403
1508.42, 0.00256504
1865.15, 0.00436893
1978.59, 0.0024896
2341.45, 0.000149699
1987.55, 0.00535945
1366.64, 0.00690675
1611.45, 0.00460302
1336.32, 0.00137454
1191.89, 9.69472e-05
2257.89, 0.00442837
1621.91, 0.00232513
2052.99, 0.00295389
1927.65, 0.00392938
1761.85, 0.00658425
1515.04, 0.00225422
1659.89, 0.00913608
1646.98, 0.00635601
1062.75, 0.00195819
2022.66, 0.00292693
1586.09, 0.00372418
1212.22, 0.000368199
1718.4, 0.00364996
1315.69, 0.00111518
1038.98, 0.00191231
1887.41, 0.0219377
1205.32, 5.52835e-05
1760.83, 0.00423081
2005.73, 0.00368703
1402.16, 0.00295797
2036.33, 0.00433855
2315.1, 0.000287981
1103.38, 0.000900292
1394.86, 0.0022295
1362.32, 0.00696019
1938.63, 0.0202671
1911.39, 0.00838397
2357.46, 0.000300831
1018.93, 0.00320684
2069.78, 0.00403253
2082.49, 0.00209533
1731.68, 0.00356071
1421.86, 0.0024649
1817.8, 0.00379199
1638.13, 0.0053065
2389.18, 0.000495273
2341.45, 0.000268799
1419.74, 0.0026608
2490.78, 0.0018752
1452.02, 0.00386466
1608.22, 0.00256014
1519.9, 0.00384769
2349.03, 0.000213637
2068.95, 0.00485276
1265.26, 0.000700416
1349.09, 0.00208156
1779.83, 0.00690525
1780.46, 0.00346214
1796.75, 0.00639586
1109.62, 0.000955192
2377.29, 0.000463664
1830.13, 0.0113293
1577.51, 0.0101391
2135.11, 0.00234066
1588.36, 0.00370676
1398.79, 0.00308393
1595.66, 0.00469122
1781.47, 0.00524893
2321.25, 0.00307028
1744.47, 0.00759807
2003.49, 0.0446843
1924.46, 0.00444661
1619.17, 0.00346027
2078.48, 0.00199081
2490.99, 0.00197374
1763.59, 0.00405972
2379.34, 0.000247449
2007.99, 0.0103724
1793.37, 0.0034574
1560.57, 0.00354786
2485.48, 0.00163538
2414.59, 0.000612854
1566.35, 0.00636223
2030.93, 0.00373668
1332.61, 0.00150215
1453.18, 0.00556103
1518.1, 0.00432876
2237.82, 0.000967175
1883.38, 0.00554395
1857.48, 0.00387054
2116.64, 0.00293734
1729.31, 0.00370837
1120.77, 0.000925275
2142.83, 0.00121884
1550.37, 0.00815003
2380.37, 0.000910557
1177.62, 0.00046127
1150.84, 0.000780974
1377.55, 0.00213752
2482.49, 0.00259968
1960.3, 0.00427149
1242.71, 0.00154548
1870.77, 0.0075285
2102.7, 0.00326135
2316.97, 0.000260313
1604.54, 0.00270276
1633.75, 0.006277
2485.38, 0.00291298
1314.29, 0.00114301
1030.52, 0.00106491
1758.58, 0.00660653
2403.45, 0.000543141
1645.09, 0.0052472
2004.44, 0.00517132
1210.69, 0.000110439
1852.62, 0.00326255
1778.56, 0.00878073
1385.44, 0.00263695
1441.04, 0.00279517
1594.84, 0.00478602
1597.95, 0.00536225
1830.42, 0.00330833
1978.99, 0.00248035
2166.25, 0.00277514
2284.64, 0.000318566
2204.42, 0.00252437
2433, 0.00171362
2373.63, 0.000346366
1855.15, 0.00574158
1526.79, 0.00421758
2106.9, 0.00275704
1231.12, 0.000269909
2285.93, 0.00085841
1232.95, 0.000262084
2183.53, 0.00218457
1610.85, 0.00533217
2147.31, 0.0107598
1248.88, 0.000509305
1460.12, 0.0111283
1887.05, 0.00480793
2108.19, 0.00195371
2170.53, 0.00157546
1007.21, 0.0021615
1625.67, 0.00625769
1813.98, 0.0034669
1213.49, 0.00014793
1031.28, 0.0291476
1190.39, 0.000115324
1099.98, 0.00130334
1705.03, 0.00520436
1066.23, 0.00153252
2466.83, 0.00164319
1173.34, 0.00123609
1731.19, 0.003611
1630.57, 0.00558634
2414.69, 0.00144668
1377.96, 0.00217676
2116.71, 0.00466781
1608.14, 0.00286087
1484.23, 0.00225802
2403.04, 0.00132335
1686.99, 0.028562
2392.17, 0.0005607
1988.76, 0.0205696
1354.65, 0.0015345
2466.42, 0.0020974
1150.33, 0.000226533
1153.23, 0.00058612
2102.65, 0.00215165
2383.73, 0.000792499
2060.44, 0.00849267
2425.09, 0.00110618
1922.45, 0.00521992
1457.86, 0.00414937
1955.06, 0.00537076
1345.36, 0.00202418
1120.72, 0.00138633
1884.31, 0.00290738
2110.17, 0.00348754
1383.12, 0.00190968
1429.44, 0.00244954
1534.07, 0.00458237
1022.64, 0.001938
1666.43, 0.00329362
1584.04, 0.00304896
1237.13, 0.000530458
1970.28, 0.00296889
2214.37, 0.00211324
1385.39, 0.00367093
1110.3, 0.00173946
1983.6, 0.00404854
2082.93, 0.192063
2296.96, 0.000768877
1132.92, 0.000845995
1494.71, 0.00291235
1412.76, 0.00286731
1137.08, 0.00153619
1549.42, 0.0215214
2008.65, 0.0035227
1502.55, 0.00284202
1373, 0.00170896
2211.15, 0.00170606
2359.3, 0.000225619
1970.05, 0.00205716
1214.97, 0.000183436
1392.25, 0.00249843
2122.06, 0.00439782
2453.53, 0.00179884
2409.01, 0.000797561
2020.89, 0.0031042
1312.65, 0.00405258
1498.31, 0.0098314
2228.55, 0.00219365
2028.24, 0.00282451
1861.31, 0.0122547
2273.11, 0.000906519
1973.34, 0.0069507
1659.02, 0.0032868
1064.21, 0.00184951
1033.27, 0.00119021
2299.09, 0.000606264
1351.73, 0.00110745
1743.96, 0.00926675
2063.11, 0.00367241
2459.77, 0.00147943
1234.15, 0.000395151
2035.05, 0.00233796
1513.85, 0.0036698
1432.08, 0.00235362
1378.93, 0.0020468
2345.68, 0.000189371
2068.25, 0.00916178
2021.84, 0.00210244
1269.7, 0.00122449
1981.29, 0.0203251
1844.14, 0.00307208
1756.24, 0.00292937
2468.67, 0.00176457
1030.45, 0.00178182
1435.31, 0.00597674
2133.48, 0.00162862
1467.77, 0.00529429
1227.91, 0.000459307
1688.7, 0.00615271
1187.58, 0.00020897
1481.89, 0.00289026
2443.39, 0.00316669
1301, 0.00172073
1165.92, 0.000301025
1615.66, 0.00281602
2460.68, 0.00185818
1958.11, 0.00426872
1808.98, 0.00447769
1119.09, 0.000912672
1319.46, 0.00116497
2048.23, 0.00317088
1575.97, 0.00402673
2237.8, 0.00105344
1085.13, 0.00495014
1072.05, 0.00368113
1995.02, 0.00481558
1028.21, 0.00145349
1848.82, 0.00421831
1571.28, 0.00495612
1970.18, 0.00515854
1802.83, 0.0242333
1797.81, 0.00321354
1879.41, 0.00539373
1291.34, 0.000584502
1077.03, 0.0111815
1384.01, 0.00232735
1720.46, 0.00563531
2329.99, 0.000324296
1005.02, 0.00250153
1339.36, 0.00179439
2383.87, 0.000576351
2378.55, 0.00132559
1081.3, 0.00104462
1061.56, 0.00176322
1543.51, 0.00403075
1944, 0.00155385
1432.86, 0.00287534
1425.33, 0.00237999
2230, 0.000941273
1388.88, 0.00282039
2480.12, 0.00147044
1690.31, 0.00527254
1494.07, 0.00658093
2240.45, 0.0019153
1482.47, 0.00257183
2440.35, 0.00156919
1954.23, 0.00231305
1152.19, 0.000801499
1943.38, 0.00507933
2275.85, 0.000571344
1732.18, 0.0037027
1996.12, 0.00309208
2346.08, 0.000228307
1234.87, 0.00086605
2213.86, 0.00137764
1585.49, 0.00790487
1866.69, 0.00372727
1827.64, 0.00759977
1116.27, 0.00186166
1287.64, 0.00145749
2059.04, 0.00258464
2217.57, 0.00224447
2449.61, 0.00165922
1119.54, 0.000730796
2339.17, 0.000127074
1229.41, 0.000498679
2477.76, 0.0022028
1972.53, 0.0251858
2499.58, 0.00136524
1222.13, 0.000290013
1526.6, 0.00335472
2353.56, 0.00161266
2109.02, 0.00232984
1186.54, 0.000396001
1987.86, 0.00676267
1496.08, 0.0130821
2422.24, 0.000644682
2364.49, 0.00110555
2316.16, 0.00023363
2487.05, 0.00129048
2463.1, 0.00455256
1281.57, 0.00265291
1609.85, 0.00281394
2398.21, 0.00116886
2131.08, 0.00132492
2195.41, 0.00259018
1457, 0.00506245
2101.38, 0.00257233
1216.9, 0.000174632
2121.16, 0.00186475
1765.32, 0.00369769
1102.21, 0.00100038
1120.84, 0.00134712
1361.5, 0.00284264
1807.47, 0.0026891
1140.19, 0.00112361
1527.19, 0.00285138
1931.24, 0.0035784
1709.81, 0.00528001
1471.98, 0.00889551
2275.11, 0.000859227
1742.7, 0.00241845
2391.89, 0.000434444
1774.18, 0.00234691
1868.11, 0.00286314
1107.19, 0.000952929
2423.47, 0.00184756
1867.05, 0.00497297
1705.23, 0.0178773
1329.21, 0.00122716
2167.51, 0.000896236
2301.85, 0.000589094
1123.51, 0.00142724
2211.55, 0.00101748
1117.55, 0.00238084
2228.4, 0.00080484
1436.98, 0.0959663
1195.93, 0.000197911
1088.64, 0.00109806
1453.42, 0.0131538
1056.94, 0.00153144
1336.34, 0.00153328
2002.52, 0.00410688
2363.53, 0.00154149
1486.17, 0.00286229
2073.57, 0.00253855
1603.75, 0.0356617
2451.02, 0.000763445
2174.15, 0.00230473
2296.22, 0.000297736
1928.08, 0.00386975
2042.91, 0.00393159
2346.95, 0.000481508
1932.41, 0.00394671
2193.88, 0.00260655
1538.92, 0.00434945
1855.42, 0.00320304
1013, 0.00156026
2465.21, 0.00184689
2384.1, 0.000295262
1705.53, 0.00454699
1035.84, 0.00127808
1896.16, 0.00303729
2135.94, 0.00935265
1191.03, 0.000257699
1283.48, 0.00368939
2248.16, 0.00101495
1905.08, 0.0530122
1865.36, 0.00397949
1090.1, 0.00131925
1015.44, 0.00226121
2377.86, 0.000372364
2067.11, 0.00324856
1094.05, 0.000971051
1868.25, 0.00330718
1505.67, 0.002954
2471.83, 0.000989535
2391.69, 0.000642866
1269.35, 0.00137819
1674.83, 0.00474319
1447.48, 0.00656176
1598.73, 0.0130354
1037.35, 0.00428748
1039.18, 0.00769159
1583.82, 0.00312839
1499.52, 0.00509942
2230.82, 0.00888912
1292.69, 0.000937668
1853.39, 0.0360285
1564.38, 0.00364659
1119.98, 0.00108257
1527.7, 0.00215149
1629.71, 0.00254516
1999.72, 0.00323154
1830.71, 0.00273492
1978.46, 0.00250043
1425.81, 0.00217207
1864.35, 0.00301921
1606.35, 0.00909852
2136.17, 0.00152221
1012.26, 0.0108
1717.08, 0.00332796
2299.74, 0.000376856
2099.56, 0.00459665
1724.78, 0.00559532
1685.35, 0.0187866
1784.56, 0.0121263
1986.81, 0.00476024
2194.14, 0.0014261
2279.7, 0.00118029
1552.41, 0.0036953
1804, 0.0124981
1282.1, 0.000956987
1237.49, 0.0002514
2429.19, 0.00131855
1905.28, 0.0031856
1749.07, 0.00950208
2032.94, 0.00303181
2027.37, 0.00167383
2465.13, 0.00185593
1106.19, 0.000687391
2085.9, 0.003311
1369.61, 0.00298646
1735.89, 0.00311056
1436.46, 0.00459062
1571.94, 0.00438295
2431.07, 0.00108779
2093.27, 0.00273156
1054, 0.00149001
2406.47, 0.00103922
1704.29, 0.00399607
1507.59, 0.0023632
2239.17, 0.000639704
1625.97, 0.0040316
1474.97, 0.00368877
1310.25, 0.00204755
1089.73, 0.00659573
2489.06, 0.00228221
2266.05, 0.000437045
1159.42, 0.000795421
2251.89, 0.000753812
2390.43, 0.000636241
1675.13, 0.00802507
1674, 0.00401014
1417.7, 0.0072466
1084.5, 0.00367129
1490.77, 0.00355118
2350.09, 0.000270334
2413.85, 0.00093792
1642.62, 0.00687964
1563.57, 0.00231195
2494, 0.00195031
2478.82, 0.00323036
2407.54, 0.00100584
2043.23, 0.0115667
1485.33, 0.0920231
1415.43, 0.00237921
2284.15, 0.00142323
2015.12, 0.00247558
1300.77, 0.00117822
1147.65, 0.000831984
2438.14, 0.00391923
2278.06, 0.000636032
2219.59, 0.00102956
1938.45, 0.0040541
1781.18, 0.0124148
2239.82, 0.00894883
2372.31, 0.000767114
2139.05, 0.00506046
1842.03, 0.00652357
2419.63, 0.000645199
1922.74, 0.00246239
1133.51, 0.00100928
1243.23, 0.000842628
2118.43, 0.00296585
1716.04, 0.00871032
2020.91, 0.00555278
1638.66, 0.0142321
1487.72, 0.00348117
2328.75, 0.000110023
1218.9, 0.00046937
1007.59, 0.00174519
1138.28, 0.00149132
2247.28, 0.216717
1679.25, 0.00488127
1327.61, 0.00180516
2208.98, 0.00118383
1104.22, 0.000820556
1767.91, 0.0031488
1588.34, 0.00555741
2364.4, 0.000916832
1178.22, 0.000442352
2428.09, 0.000705426
1205.56, 5.37703e-05
2331.41, 9.6078e-05
1960.7, 0.00882945
1123.23, 0.00151912
1113.52, 0.00166653
1336.36, 0.00164195
1082.87, 0.0415857
2315.16, 0.000191534
2330.3, 9.1064e-05
1790.44, 0.00308057
2366.41, 0.000317792
2113.04, 0.00161427
1767.84, 0.00404777
2126.8, 0.00513407
1790.32, 0.00664201
2253.86, 0.00189452
1077.21, 0.162798
2459.47, 0.00156262
1077.59, 0.002997
1752.94, 0.00348574
2093.86, 0.00412506
2202.54, 0.000815754
1096.57, 0.00109877
1419.77, 0.00280162
2456.09, 0.00094358
2417.22, 0.00060443
1991.83, 0.00373296
1605.43, 0.0241878
1255.29, 0.00107237
1479.91, 0.00645791
1632.07, 0.00366677
1477.12, 0.00565328
1500.45, 0.00472329
2155.95, 0.00157179
2406.9, 0.00374025
2104.64, 0.00373051
2242.71, 0.000790801
2287.8, 0.000452595
1683.07, 0.00431021
1382.91, 0.00173572
2027.05, 0.0027141
1349.55, 0.00358864
1516.38, 0.0148866
2065.86, 0.00293531
2358.26, 0.00062735
1980.34, 0.00290164
1711.3, 0.00348073
1117.88, 0.00128166
1429.83, 0.00835818
1854.04, 0.00793798
1554.76, 0.00603474
1974.58, 0.00379648
1850.97, 0.00315289
2301.48, 0.00101747
1527.05, 0.00283349
1703.27, 0.00383636
2020.92, 0.00254688
1921.8, 0.0118573
2291.6, 0.000634687
1861.56, 0.0213201
2436.24, 0.00109863
1540.26, 0.00636757
1966.11, 0.0029209
1761.85, 0.0144392
2093.89, 0.00204986
2301.15, 0.00216552
1041.87, 0.00118813
1563.39, 0.00291455
2186.7, 0.00175616
2132.35, 0.00144288
1637.34, 0.00512959
1364.39, 0.0789507
2082.01, 0.00990485
2487.15, 0.00419697
2055.74, 0.00918025
1298.98, 0.00176965
2131.08, 0.00360252
1144.93, 0.000687628
1718.93, 0.00467765
1824.14, 0.00456426
1000.5, 0.00296699
2344.77, 0.000194434
2118.04, 0.0059746
1561.13, 0.00251453
2464.04, 0.00223203
1871.08, 0.00296272
1602.81, 0.00392767
1760.25, 0.00321983
2152.57, 0.0019339
1751.5, 0.00675668
2159.05, 0.00259922
1696.38, 0.00343757
1990.42, 0.0058481
1416.89, 0.00283062
2083.26, 0.00280236
2386.58, 0.000397271
1404.09, 0.0018004
1686.96, 0.00387017
1113.01, 0.0017866
2491.09, 0.00128208
2180.8, 0.0100089
1736.78, 0.00300194
1569.66, 0.00468536
1129.28, 0.000714916
2035.22, 0.00238936
2320.96, 6.84601e-05
2371.7, 0.000544634
2043.34, 0.0041128
1230.8, 0.000358088
2233.23, 0.00155823
2257.22, 0.000576456
1495.55, 0.00367933
2020.55, 0.004713
2387.92, 0.000678216
1908.57, 0.00362771
1005.98, 0.00152755
2459.45, 0.00142123
2349.67, 0.000324136
2464.12, 0.00271201
2125.17, 0.00207548
1498.2, 0.0076131
1437.07, 0.0222302
1252.26, 0.00142997
2144.86, 0.00139419
1899.25, 0.0208212
2272.65, 0.000510137
1240.91, 0.000628797
1539.04, 0.0034098
1554.82, 0.0020499
1956.99, 0.00363753
1919.73, 0.00236926
1184.59, 0.000204656
1867.23, 0.0177911
1227, 0.000306062
2186.37, 0.00147386
1151.32, 0.000482987
2083.34, 0.00296735
1768.88, 0.00422267
1089.14, 0.00168162
2456.1, 0.00217211
2423.83, 0.00161698
1441.18, 0.00332087
2392.59, 0.000530968
1765.75, 0.00326681
2064.13, 0.00243417
1837.1, 0.0338551
2357.03, 0.000597292
1257.19, 0.000497773
2438.67, 0.00141021
2106.03, 0.00204933
2289.93, 0.000392733
1705.44, 0.00485312
2068.5, 0.00218318
1118.12, 0.00255289
1539.16, 0.00442467
1631.42, 0.00637707
1342.45, 0.00202841
1877.43, 0.0190468
1855.02, 0.00783658
1875.79, 0.00252003
1437.92, 0.00207972
1629.77, 0.0580731
1637.07, 0.0262704
1588.24, 0.00433537
1873.59, 0.00951531
1821.14, 0.0400553
1418.21, 0.00221107
1804.82, 0.0176476
1300.57, 0.00208249
2223.49, 0.00305546
2468.2, 0.00429488
1147.54, 0.000590237
1770.43, 0.00687748
1921.1, 0.00374733
2056.98, 0.00304251
1934.09, 0.00326684
2176.89, 0.00165303
2342.98, 0.00023193
1285.92, 0.000783801
2174.96, 0.00119807
2442.23, 0.0014157
1732.08, 0.00513128
2214.75, 0.00185782
2142.54, 0.00194166
1775.67, 0.00270533
1642.74, 0.00401338
1054.3, 0.00123617
1604.67, 0.00395835
2344.34, 0.000444577
1375.59, 0.00143701
1234.59, 0.00133591
1373.5, 0.00253761
2450.83, 0.00133321
2234.02, 0.000830141
1913.8, 0.00522602
1709.56, 0.00614636
1529.15, 0.003172
1762.73, 0.00445919
2445.96, 0.000936236
1992.41, 0.00303628
1477.53, 0.00326539
1727.94, 0.018931
2242.4, 0.00120073
1977.5, 0.0170605
2042.68, 0.00217924
1569.59, 0.0031035
2125.68, 0.00354781
1028.3, 0.0105693
1032.45, 0.00245941
1742.41, 0.0503467
1779.24, 0.00369106
2198.85, 0.00199006
1409.08, 0.00694614
1306.2, 0.001774
1712.04, 0.00687657
1507.02, 0.00265703
2118.83, 0.00193485
2081.68, 0.00566983
2398.17, 0.00147629
1913.82, 0.0248638
2275.95, 0.00140884
1421.29, 0.00345548
1335.23, 0.00126652
2255.42, 0.00558376
2464.64, 0.00120056
1803.27, 0.00219632
2408.94, 0.00106048
1989.54, 0.00387269
1700.12, 0.00461467
2233.64, 0.000870935
1383.4, 0.00182214
2225.11, 0.0111491
1071.75, 0.00146193
1839.74, 0.00485156
2104.3, 0.00287328
1333.42, 0.0047841
2345.94, 0.00017564
2262.97, 0.00144099
2300.32, 0.00175473
1736.83, 0.00609214
2281.68, 0.000399723
1516.61, 0.00406813
1881.92, 0.00171629
1159.49, 0.00045622
2163.75, 0.00221263
1563.15, 0.0039708
2349.75, 0.00137166
1186.67, 0.000203571
1477.09, 0.00295841
2111.86, 0.0109821
1469.74, 0.00173312
1667.23, 0.00246692
2216.32, 0.00302468
1026.96, 0.00251728
1815.19, 0.00399285
1318.42, 0.000975139
2118.53, 0.00214247
1150.41, 0.000663844
1407.21, 0.00181657
1343.46, 0.00142503
1485.86, 0.00187293
1311.85, 0.00127797
1033.13, 0.00153904
1304.02, 0.00106705
2129.75, 0.00130497
1921.68, 0.00914743
1829.41, 0.00312849
1952.81, 0.0064586
1651.65, 0.00381379
1713.96, 0.00395284
2356.01, 0.00025269
1346.05, 0.00170408
2095.85, 0.00636135
1150.89, 0.000470281
2462.12, 0.00179201
2299.41, 0.000258035
1367.74, 0.00293672
2403.3, 0.000504615
1735.7, 0.00373286
2421.6, 0.00062304
1654.02, 0.00725861
2002.96, 0.00435082
1212.9, 0.000113694
1783.46, 0.00308015
1397.76, 0.00249145
1825.11, 0.00346261
2115.56, 0.00642463
2407.59, 0.00152835
1151.64, 0.000690417
1902.89, 0.00237808
1574.06, 0.0142188
2125.09, 0.00253143
1016.47, 0.00234624
1032.27, 0.00171883
2476.18, 0.00208801
1185.89, 0.000527328
1680.97, 0.00480135
1208.93, 0.000121457
1776.6, 0.0047547
1101.53, 0.000781547
1552.24, 0.00867643
2160.65, 0.00324348
2205.72, 0.00276766
2328.2, 0.000142268
1514.36, 0.00255865
2336.43, 0.000184358
2266.01, 0.000705228
1467.78, 0.00228031
2026.75, 0.00392972
1504.41, 0.00222419
2291.92, 0.000434503
1787.82, 0.00503464
1655.78, 0.00459108
1581.49, 0.00227955
1190.97, 0.000163372
2277.99, 0.000427971
1280.16, 0.000546076
1336.92, 0.00139342
2073.87, 0.00156744
1942.31, 0.00530229
2119.63, 0.0014797
1060.39, 0.00248156
1790.33, 0.00306244
1750.72, 0.00714018
2193.88, 0.00114098
1683.2, 0.00392183
1685.41, 0.00579852
2155.71, 0.00123063
1676.35, 0.00968366
2014.91, 0.00309015
1515.24, 0.00382236
1499.03, 0.00464524
1011.62, 0.00227921
1091.67, 0.00409059
1635.86, 0.00370719
1664.28, 0.00327481
1756.87, 0.00561671
2025.88, 0.00367818
1279.83, 0.00117048
2080.3, 0.00241839
1528.62, 0.00313482
1703.84, 0.00465076
2144.25, 0.00118181
1139.96, 0.00245712
2221.5, 0.00338478
2274.98, 0.00271279
1284.28, 0.00153158
1652.23, 0.00459273
1090.34, 0.00271191
1644.38, 0.00398631
1997.09, 0.00189033
2353.43, 0.000170213
2151.48, 0.00495033
2045.15, 0.00265271
1089.59, 0.000804384
1705.15, 0.00521762
1702.28, 0.0054213
1114.76, 0.00437889
1993.48, 0.0419318
2372.3, 0.000484527
2082.27, 0.00255632
1074.03, 0.00146202
1447.07, 0.00994603
1867, 0.0208623
2200.62, 0.000994442
1251.67, 0.000599794
2342.93, 0.000679933
1816.8, 0.00293121
2491.84, 0.00174957
2423.94, 0.000672553
2002.55, 0.00333001
2033.46, 0.00184227
1938.11, 0.00516935
2470.89, 0.00115696
2222.19, 0.0008294
1670.64, 0.00566247
1033.56, 0.00224079
1802.91, 0.0577898
1377.67, 0.0512022
1898.98, 0.00280689
1086.29, 0.00119302
1319.15, 0.0012626
1572.48, 0.00680226
1880.86, 0.00401711
1521.46, 0.00424191
1078.19, 0.00153369
2108.63, 0.0191978
1078.28, 0.00278934
1362.74, 0.00517077
1804.71, 0.00796363
1523.66, 0.00398413
1636.3, 0.00567352
1738.55, 0.00499188
1421.48, 0.00179769
1783.11, 0.00715247
2071.88, 0.00348404
2403.37, 0.00055978
1753.89, 0.00194333
2276.85, 0.000426728
2022.58, 0.00201472
1568.6, 0.00185442
1208.46, 7.40944e-05
2412.12, 0.00103566
1232.62, 0.000495239
1012.62, 0.0024123
1239.48, 0.000249294
1884.62, 0.00736956
1345.63, 0.00123201
1481.35, 0.001996
1605.05, 0.00608278
1686.92, 0.00566088
2335.74, 0.000162823
2162.25, 0.00144432
1649.74, 0.0153507
2439.99, 0.00082481
1435.7, 0.00464043
2425.63, 0.000714434
2406.68, 0.00359347
2231.92, 0.000716805
1750.56, 0.0101985
1641.33, 0.00277796
1862.32, 0.00449478
1438.19, 0.00366088
1433.52, 0.00206158
1852.68, 0.00501377
2171.16, 0.00151614
1277.14, 0.0412476
1744.64, 0.00632494
2420.96, 0.00114546
1699.85, 0.0102005
1735.68, 0.0147206
1601.79, 0.00310991
1104.64, 0.000711928
1717.67, 0.00731237
2313.24, 0.000275756
1259.77, 0.000752705
1391.73, 0.00330645
1181.14, 0.000135332
2352.38, 0.000217708
1239.57, 0.000761517
1506.86, 0.00377198
2417.38, 0.00117294
1130.91, 0.00504273
1679.4, 0.00674267
1661.35, 0.00451885
1894.11, 0.0245776
2032.81, 0.00285375
1585.93, 0.00444537
1810.94, 0.00379626
1516.66, 0.00317718
2083.07, 0.00276039
2376.74, 0.000677408
1249.68, 0.000635382
1720.23, 0.00423831
2232.16, 0.000620828
1726.37, 0.00500181
1538.77, 0.00398787
2105.08, 0.00752415
1671.59, 0.00346624
2306.3, 0.00016299
2412.2, 0.000964745
2439.16, 0.00256708
1669.86, 0.00604859
2486.87, 0.00158819
1624.53, 0.0233534
2396.35, 0.000949119
1148.02, 0.000767134
1396.73, 0.00220694
1529.27, 0.00482484
1475.99, 0.00325693
1101.26, 0.00102526
1057.01, 0.00337068
2183.2, 0.00123003
1883.64, 0.00283129
1626.54, 0.00377494
1772.49, 0.00303484
1956.47, 0.033542
2115.11, 0.0120051
1817.43, 0.0212449
1502.76, 0.00276827
2076.48, 0.00408887
2216.18, 0.000896177
1775.3, 0.00350035
1853.07, 0.00422863
1275.72, 0.000501102
1712.19, 0.00473056
1881.48, 0.00522711
1635.65, 0.00393677
1045.92, 0.00179304
1250.25, 0.000504723
1446.27, 0.00248701
2224.75, 0.000859669
2258.66, 0.000702423
1168.36, 0.000455874
1487.2, 0.00727653
1925.95, 0.00609236
1759.74, 0.00293372
1968.21, 0.0039293
1083.2, 0.0019299
2195.7, 0.0011709
1464.59, 0.00248192
1503.22, 0.00313053
1311.76, 0.00140164
1092.19, 0.00146658
2288.66, 0.000536232
2342.77, 0.000194628
1420.11, 0.00187206
1623.82, 0.00820877
1068.1, 0.00235927
1353.24, 0.00319203
2144.59, 0.00192539
2184.95, 0.00185435
1075.55, 0.00103651
1002.62, 0.0015285
1634.84, 0.00234908
1920.15, 0.00965673
2101.82, 0.0123038
2476.78, 0.00127216
1631.45, 0.00780716
1820.5, 0.00881961
1003.15, 0.00213803
2459.64, 0.00112235
2321.92, 0.000223525
2101.67, 0.00217401
1645.55, 0.0054537
1336.08, 0.00121965
1762.71, 0.00329588
1941.54, 0.00241226
1391.75, 0.00710589
2448.53, 0.00131887
2444.65, 0.00572761
1754.71, 0.00826214
2385.61, 0.00374218
2081.91, 0.00460865
1210.99, 0.000230777
1370.15, 0.00264229
2489.62, 0.00149523
1761.28, 0.0120308
2181.57, 0.00275972
2139.9, 0.00202508
1187.69, 0.000119867
2391.72, 0.000436029
1092.4, 0.000989998
1995.89, 0.0060457
1904.09, 0.00252605
2378.1, 0.000404352
2283.16, 0.000430708
1034.88, 0.00196606
1431.03, 0.00250029
1099.95, 0.0017012
1062.55, 0.00113393
1808.4, 0.0204793
2260.08, 0.000916811
2266.87, 0.000950062
1093.29, 0.00156679
1203.87, 0.000289088
1267.51, 0.000755344
1771.66, 0.0171815
1349.97, 0.00109081
1663.33, 0.0246268
1372.62, 0.00859007
1829.89, 0.00370914
1751.21, 0.00565291
1184.36, 0.00128878
1279.74, 0.0056015
2482.54, 0.0219575
1924.77, 0.00533427
2187.83, 0.00597176
1630.7, 0.00496631
1945.71, 0.00663594
1949.37, 0.00927433
1618.39, 0.00489929
2143.09, 0.00149958
1165.91, 0.000581224
2102.15, 0.00153418
1537.34, 0.00361479
1018.1, 0.00114449
1551.85, 0.0141549
1675.64, 0.00363735
2097.63, 0.0201052
1758.04, 0.00274381
1487.29, 0.00243457
1690.61, 0.0029385
1059.56, 0.00447525
2455.54, 0.00299254
2389.1, 0.000519216
2401.78, 0.00140157
2471.84, 0.00151933
2332.38, 0.000151775
1121.59, 0.00255768
1476.33, 0.00212477
1619.94, 0.00623964
1003.5, 0.00427259
1634.24, 0.00372681
1789.37, 0.00399961
1649.22, 0.0077179
1413.15, 0.0025807
2078.12, 0.0018715
1080.87, 0.0019988
1885.41, 0.00333367
1329.6, 0.00112523
2243.75, 0.000571577
1658.14, 0.00253527
2456.22, 0.00102957
1673.38, 0.00585843
1067.25, 0.00684717
1791.08, 0.00943303
2273.15, 0.000739079
2209.83, 0.00768252
1784.29, 0.0071014
1100.87, 0.000882271
2073.09, 0.0132022
1212.33, 0.000109705
1459.79, 0.0076475
1195.1, 0.000113493
1860.32, 0.0378095
1406.81, 0.00179521
1668.11, 0.00667073
1355.86, 0.00157688
1833.31, 0.00277766
1032.24, 0.00148324
1068.48, 0.00103665
2285.3, 0.000294282
1190.41, 6.91589e-05
2457.32, 0.0045175
2456.15, 0.000917882
2209.73, 0.00116048
2345.3, 0.000216363
1319.54, 0.00185773
2341.9, 0.000160159
1107.1, 0.000823408
1761.26, 0.00359932
1350.13, 0.00123591
1629.39, 0.00449941
1531.23, 0.00423146
1140.7, 0.00130166
2044.4, 0.00185961
2048.33, 0.00468993
1739.77, 0.0108855
1792.61, 0.00838847
1043.48, 0.00140547
1099.82, 0.00188938
1042.31, 0.00256001
2445.09, 0.00105528
1927.3, 0.00390303
1133.24, 0.00121707
1471.76, 0.00221568
1985.94, 0.00258764
1229.38, 0.000351578
2199.72, 0.00100121
1035.61, 0.0027296
1254.57, 0.00110795
1404.33, 0.00199343
1743.17, 0.00439703
1809.73, 0.00481309
1468.26, 0.0023772
2098.41, 0.0019952
2027.5, 0.00423286
1404.25, 0.00718969
1359.84, 0.00569066
1108.82, 0.000737253
1606.59, 0.00571795
1924.14, 0.00319741
2327.23, 0.000139366
1440.77, 0.00272331
1050.69, 0.00140352
1028.55, 0.00182561
1653.95, 0.00727048
1877.79, 0.00783758
2311.11, 0.00029788
1283.43, 0.000625356
2095.71, 0.00599071
1410, 0.0107184
1316.47, 0.00104145
1849.2, 0.00466185
1427.88, 0.00390597
2461.83, 0.00199521
1265.3, 0.000952781
1558.42, 0.0837565
1216.2, 0.000101875
2300.15, 0.00528059
1344.37, 0.00156889
1085.25, 0.00146182
1065.95, 0.00133685
2327.15, 0.000116338
2368.82, 0.0014601
1770.63, 0.0038147
2170.74, 0.00129559
2187.19, 0.00140871
1428.96, 0.00234127
2074.94, 0.00586056
1615.04, 0.00458245
2347.2, 0.000163835
2286.88, 0.00123021
1616.54, 0.00259886
2413.95, 0.000713956
1327.93, 0.00138254
1344.02, 0.00123254
1209.05, 0.000210745
2046.18, 0.00250454
1980.47, 0.0031831
1206.14, 7.50229e-05
1590.03, 0.00784905
2285.98, 0.000909904
1923.15, 0.00337558
1363.55, 0.00276417
1832.05, 0.00571367
2003.2, 0.00502379
1135.36, 0.000700808
1579.91, 0.00259406
2110.25, 0.0248416
1826.55, 0.00631689
1324.76, 0.00158944
1633.6, 0.0129673
1059.21, 0.00237407
2103.65, 0.00357572
1212.3, 0.000160299
1685.42, 0.0220848
1434.07, 0.00954449
2442.04, 0.00178558
2352.45, 0.000150781
1856.2, 0.00716544
1407.63, 0.0159699
1760.91, 0.00405101
1730.58, 0.00916807
1542.21, 0.00540131
1672.44, 0.00458512
1971.83, 0.00521284
1166.92, 0.000671085
1335.95, 0.00264995
2185.84, 0.00183905
1188.25, 0.000129436
2332.94, 0.000139171
2325.97, 0.000220152
1697.46, 0.00476007
1862.89, 0.00281607
1286.84, 0.000681616
2445.28, 0.00187181
1065.85, 0.0012743
1427.07, 0.00195329
2227.26, 0.000883716
1287.88, 0.00496052
1466.85, 0.00349575
1507.19, 0.00501334
1114.76, 0.000686031
1601.37, 0.00837374
2050.11, 0.00467458
1868, 0.00218242
1389.52, 0.00310001
1112.4, 0.000702626
1811.72, 0.00618215
1150.2, 0.00061013
1579.28, 0.0110704
1765.28, 0.0053074
1972.62, 0.00377431
1452.41, 0.00422888
2131.74, 0.00700038
1175.38, 0.000538266
2188.69, 0.00118077
2093.83, 0.00220936
1792.08, 0.00826457
1592.01, 0.00636058
2322.07, 0.000373947
2290.58, 0.00109509
2233.57, 0.00122821
1607.79, 0.00769937
1120.33, 0.0045573
2104.09, 0.00280132
2030.22, 0.00190947
2326.63, 0.000173621
1853.69, 0.00291743
1322.73, 0.00143268
2421.27, 0.000649215
1391.56, 0.00379579
2136.63, 0.009492
1894.02, 0.00777713
1360.51, 0.00230438
2047.09, 0.0205072
1781.83, 0.00600309
1311.29, 0.00166087
1305.7, 0.00170057
2448, 0.0027661
1530.09, 0.0042857
2128.15, 0.00236489
1606.65, 0.00682708
2209.69, 0.00258011
1095.56, 0.00158916
2018.84, 0.00411897
1056.75, 0.00133276
1865.79, 0.00861777
1627.56, 0.00710918
1536.66, 0.0101548
1689.11, 0.0102297
2003.52, 0.0058123
1361.81, 0.00414048
1052.14, 0.00090033
1616.51, 0.00330811
1093.48, 0.00105505
1591.6, 0.00620871
1015.02, 0.002065
2116.23, 0.00176559
1321.5, 0.00128883
1040.69, 0.00385745
1485.82, 0.00374119
1793.88, 0.00653027
1198.94, 9.68029e-05
1213.71, 0.000139276
1827.03, 0.0025614
1819.29, 0.0025174
1197.32, 0.000135686
1949.08, 0.00324073
1109.84, 0.000732214
1151.26, 0.000460341
1179.78, 0.00136912
2158.23, 0.00281467
1721.19, 0.011605
1479.17, 0.00267516
1411.86, 0.0065677
2285.5, 0.000429194
1956.66, 0.00190069
1340.13, 0.00185043
2458.57, 0.00119702
1279.91, 0.000856678
2497.76, 0.00129451
1196.49, 7.8101e-05
1278.27, 0.00252598
1965.44, 0.00706879
2183.16, 0.00196034
1579.84, 0.00504174
2457.2, 0.00109456
2146.54, 0.0014006
1801.84, 0.00378809
1801.46, 0.0127067
1192.12, 0.00218477
2303.58, 0.000170197
2341.35, 0.00010372
2265.4, 0.000966505
2054.47, 0.00230931
1869.4, 0.0215961
1123.17, 0.00106792
1170.27, 0.00046401
2454.36, 0.000998349
1103.41, 0.00241266
1025.25, 0.00103364
1291.66, 0.005991
1883.42, 0.00440933
1611.33, 0.0192935
2179.76, 0.00110124
2290.64, 0.000499549
2189.09, 0.00276887
1772.88, 0.00841422
1415.45, 0.0022116
1739.58, 0.00445566
1301.56, 0.000941333
2335.34, 0.000231741
2256.06, 0.000471569
1958.16, 0.00310857
1290.29, 0.000970943
2402.85, 0.000995577
1389.87, 0.00232193
2059.33, 0.00446091
2099.77, 0.00176265
2212.82, 0.00236707
2066.63, 0.00661377
1882.49, 0.00236007
2459.65, 0.00128596
2301.27, 0.00023795
1490.98, 0.0143038
2450.62, 0.00528676
1756.65, 0.0139655
2416.06, 0.00100962
2259.74, 0.000435902
1789.73, 0.00370208
2485.38, 0.00169691
1255.85, 0.000628426
1125.56, 0.000629089
1005.03, 0.00220864
1297.79, 0.000758768
1897.21, 0.00748932
2332.48, 0.000314683
1388.38, 0.00638798
1702.26, 0.0428378
1793.33, 0.00522688
1486.25, 0.00427952
1257.25, 0.00121739
1112.53, 0.000595302
1598.5, 0.00924798
2116.32, 0.00161048
2164.23, 0.105866
1901.98, 0.00286751
1204.05, 6.97756e-05
1637.3, 0.00448582
1728.75, 0.00785551
1220.54, 0.00064526
2481.88, 0.0174788
1259.07, 0.000478273
1331.96, 0.00522783
1624.84, 0.00878404
2286.78, 0.000596963
1833.63, 0.00326124
2283.81, 0.000420285
1126.73, 0.00308373
1438.21, 0.00628963
1315.76, 0.00710829
1274.14, 0.00266245
2364.78, 0.00031467
1599.05, 0.00815066
1085.52, 0.00255673
1208.18, 6.24868e-05
2298.33, 0.00049587
1450.73, 0.00242945
1360.23, 0.00478496
1422.8, 0.00271344
2046.51, 0.0014492
2124.79, 0.00218638
1478, 0.00281211
1659.4, 0.00282546
2399.67, 0.0103679
2356.62, 0.000336115
2254.11, 0.000688656
1638.76, 0.00620049
1324.95, 0.000858379
2324.85, 0.000101021
1822.91, 0.00682424
1972.08, 0.0081223
1844.58, 0.00578757
2015.34, 0.00192622
2311.93, 0.000168435
1581.79, 0.00462197
2056.8, 0.00252354
2226.28, 0.00237032
1345.82, 0.00270962
1878.24, 0.00193463
1500.35, 0.00291509
2457.44, 0.00117177
1555.88, 0.00347488
2175.25, 0.00168041
2244.5, 0.000630304
1922.91, 0.00289453
1900.6, 0.004806
2189.17, 0.00173263
1122.77, 0.00142548
2470.04, 0.00309127
2484.7, 0.00158748
1016.59, 0.000991779
2368.64, 0.000352604
1149.99, 0.00034572
1671.47, 0.0289877
2428.58, 0.00103003
1298.25, 0.00188729
1216.69, 0.000454549
1132.66, 0.000997506
1328.31, 0.00163238
1975.52, 0.00438534
1957.84, 0.00353902
1764.99, 0.00398958
1973.01, 0.00548787
1209.11, 0.000305951
1943.53, 0.00457772
1329.36, 0.00725823
2272.51, 0.0110375
2010.95, 0.00557385
1662.72, 0.00512205
2240.97, 0.00133823
2005.31, 0.00452549
2200.78, 0.0013779
1043.26, 0.00100627
1278.56, 0.000538381
2013.98, 0.00438619
1155.35, 0.00090069
1252.62, 0.000757643
1473.41, 0.00919641
2267.83, 0.000603818
1744.46, 0.00368313
2393.53, 0.000597876
1902.05, 0.00709461
1216.34, 0.000171154
1302.09, 0.000895118
2189.36, 0.00135546
1854.4, 0.00257768
1523.61, 0.00350632
2331.23, 0.000138871
2296.85, 0.000412043
1617.15, 0.00287779
1720.41, 0.00440172
1321.6, 0.00213392
1483.88, 0.00163949
2347.93, 0.000206129
2233.72, 0.00217088
1253.27, 0.00194561
2018.26, 0.00276379
1779.33, 0.0126476
2217.82, 0.00481831
2085.71, 0.00844679
1550.76, 0.0021714
2452.73, 0.00140962
1064.3, 0.00945447
1372.74, 0.00221108
1843.81, 0.00301643
1483.53, 0.00910115
1159.15, 0.000266609
2390.48, 0.000872957
1440.43, 0.00293746
1426.32, 0.00614973
2140.02, 0.0023016
1939.3, 0.00359404
2198.25, 0.0014935
2181.32, 0.00106119
1249.73, 0.000709573
2402.44, 0.000765036
1928.77, 0.00337169
1205.25, 0.000158413
1479.19, 0.0031356
1850.52, 0.00433824
1003.76, 0.00268175
1573.61, 0.0069336
1543.53, 0.00393586
1750.4, 0.00299443
1327.29, 0.00293019
1050.58, 0.00761925
1388.59, 0.142696
1597.63, 0.004781
2410.74, 0.000873441
2004.82, 0.00436735
2440.61, 0.00211949
2351.74, 0.001836
2353.44, 0.0005005
1928.46, 0.00496909
1045.88, 0.000845917
1613.25, 0.00308686
2480.52, 0.000893594
1781, 0.00634306
1289.92, 0.000754638
1874.36, 0.00604057
1538.53, 0.0030159
1624.87, 0.00406039
2212.8, 0.000973878
1617.99, 0.00828251
1331.77, 0.00130995
2402.09, 0.000803442
2278.43, 0.00062152
1309.04, 0.00160817
1678.38, 0.00329862
1110.48, 0.00187236
1966.13, 0.00218189
2339.12, 0.00214401
1357.21, 0.0668377
1722.41, 0.0140912
1519.97, 0.00445565
2184.46, 0.000915493
2050.45, 0.00225984
2198.09, 0.000909377
1218.46, 0.00106613
1921.17, 0.00326708
1453.03, 0.00640164
1391.24, 0.00330461
1563.79, 0.00664299
1562.23, 0.00383668
1863.33, 0.0031698
1006.95, 0.00108807
1268.39, 0.000757496
1104.57, 0.00196783
2020.75, 0.00263216
1455.59, 0.00252037
1441.91, 0.00104565
1753.2, 0.00319707
2186.26, 0.00202884
1393.28, 0.00160831
2243.93, 0.00169167
2268.69, 0.000812336
2356.13, 0.000169395
2261.86, 0.000686032
2418.75, 0.000871758
1843.45, 0.0137243
1470.53, 0.0047916
2233.51, 0.000872346
2077.37, 0.00575977
2024.36, 0.00241116
1573.07, 0.0337935
2415.26, 0.000819855
1548.59, 0.00207046
1460.66, 0.00273802
2095.43, 0.00412698
1159.55, 0.000565386
1672.28, 0.00480658
2088.23, 0.00153566
1556.96, 0.0201039
2097.2, 0.0160618
2215.35, 0.00126424
1471.95, 0.00476078
1125.17, 0.000422694
1951.22, 0.00244385
2404.78, 0.00120599
1696.85, 0.00477269
1914.03, 0.00380376
1629.29, 0.00491211
1097.73, 0.00117928
1341.28, 0.00307668
1615.14, 0.00352133
1049.41, 0.00138356
2205.56, 0.00186963
2460.24, 0.00143232
1854.59, 0.00369649
2092.37, 0.00249748
2176.48, 0.00176267
1789.89, 0.00736834
2225.83, 0.00145562
1052.85, 0.00155574
1637.59, 0.102649
2373.24, 0.000500009
1040.69, 0.00367086
1520.34, 0.00427224
1789.91, 0.00464653
2309.67, 0.000581007
1931.75, 0.00731014
2328.3, 0.000132879
1192.09, 0.000178835
2370.92, 0.00039
1918.06, 0.00411305
1567.96, 0.00433968
1130.31, 0.000738497
1184.97, 0.000108647
2379.76, 0.000537546
1509.62, 0.816214
1511.11, 0.00615991
1344.32, 0.00415923
1158.87, 0.000483296
1919.53, 0.00861551
1965.48, 0.00489303
1147.98, 0.000710861
2384.78, 0.000378516
2454.28, 0.00124416
1894.02, 0.00281945
2473.07, 0.00110999
1178.13, 0.000354741
2034.52, 0.00957981
1484.57, 0.0121361
1478.99, 0.00146667
1716.75, 0.00836942
1177.64, 0.000295993
2286.99, 0.000595336
2412.88, 0.000772223
1943.5, 0.00376229
2337.28, 0.000134594
2319.54, 0.000175972
2213.53, 0.000973294
2163.13, 0.00131937
1658.88, 0.00319858
1408.53, 0.00135504
2302.27, 0.00281392
1207.55, 6.80971e-05
2442.19, 0.00226351
1628.35, 0.0890133
1121.98, 0.000615029
1386.58, 0.00293628
2196.99, 0.00150516
1144.32, 0.00103066
2099.71, 0.00252745
1889.29, 0.0360791
2071.52, 0.00707649
1132.07, 0.0016735
2015.45, 0.00277111
1596.27, 0.0112086
1889.99, 0.00953575
1854.66, 0.00442369
2180.36, 0.0147761
1968.19, 0.00317238
1653.9, 0.00597797
1396.22, 0.00170209
2475.77, 0.00257508
1337.98, 0.00255258
2283.9, 0.000941124
2209.91, 0.000891246
1383.53, 0.00279522
2341.35, 0.000315788
2062.87, 0.00213115
2126.28, 0.00240028
1657.13, 0.0193095
2051.16, 0.0043331
1153.37, 0.000759098
1111.5, 0.000923884
1514.56, 0.00894797
2128.19, 0.0100534
2295.97, 0.00110001
1910.73, 0.00350379
1797.42, 0.00620806
2005.95, 0.00346839
2264.04, 0.000930363
1735.22, 0.00404913
1317.59, 0.00543652
1764.14, 0.00342936
2383.45, 0.000846183
1497.91, 0.00361436
1800.93, 0.00357387
2029.54, 0.00320542
1485.33, 0.0021056
1326.72, 0.00321556
1591.34, 0.00456545
1526.28, 0.00604195
1565.76, 0.00499236
1008.31, 0.00160691
1211.44, 8.42878e-05
1922.18, 0.00872086
1015.3, 0.00300837
1194.89, 0.000107843
2424.62, 0.00342814
2161.94, 0.00259595
1033.5, 0.00113323
1136.07, 0.002061
1894.06, 0.00510367
1504.76, 0.00336768
1167.69, 0.000482991
1003.12, 0.00222452
1459.06, 0.00213468
2370, 0.000206352
2191.23, 0.000909225
1845.32, 0.00464575
1567.86, 0.00448964
1592.15, 0.00301776
1262.08, 0.000676686
1462.13, 0.00581859
1033.83, 0.00144733
2345.71, 0.000257904
2455.95, 0.000943674
1118.11, 0.000844145
1065.05, 0.00220795
1406.41, 0.00206201
1020.49, 0.00157743
1962.16, 0.00280712
1144.69, 0.000861391
2470.96, 0.00256151
1999.19, 0.00237802
1009.97, 0.00123752
1560.39, 0.0146333
1011.93, 0.00117755
2396.26, 0.000992474
2339.71, 0.00023499
1279.39, 0.000840426
1751.82, 0.00595961
1306.9, 0.000567841
1954.23, 0.00468621
1118.31, 0.00143652
1079.9, 0.00474897
2349.44, 0.000300667
1026.86, 0.00283396
2176.66, 0.00130601
1809.17, 0.00450222
1274.42, 0.0017554
2018, 0.00301326
1016.6, 0.00234387
1004.46, 0.00201305
1000.19, 0.00275888
1204.48, 8.63639e-05
2053.55, 0.00446364
1081.05, 0.00124228
2418.25, 0.0013143
1349.48, 0.00582401
2299.36, 0.000311749
2174.76, 0.00227619
1167.14, 0.00139468
1541.19, 0.0041615
2279.74, 0.000446964
1880.79, 0.0181814
1535.13, 0.00439846
2033.9, 0.00490889
2402.96, 0.000460954
1069.07, 0.00147196
2206.14, 0.0054881
1159.31, 0.00987248
1303.16, 0.00151157
1395.87, 0.00169733
1760.08, 0.014325
2004.32, 0.00241238
1521.82, 0.00914784
1428.08, 0.00675765
1336.86, 0.00245886
1280.76, 0.000551257
2057.61, 0.00372389
2270.13, 0.00240907
1664.06, 0.00298282
1964.83, 0.0105125
1442.75, 0.00183749
1031.95, 0.0521146
1714.49, 0.00461076
1788.85, 0.00230652
1337.51, 0.00811723
2447.64, 0.00103764
1324.07, 0.00189089
1244.97, 0.0440712
2260.82, 0.000985132
1750.13, 0.00435
2215.21, 0.00138531
1407.57, 0.00208471
2011.69, 0.00239902
2184.07, 0.00114562
1927.25, 0.00385112
1688.5, 0.364466
2271.54, 0.000374514
1148.98, 0.1684
2384.55, 0.00206507
1514.32, 0.00166868
1651.7, 0.00694784
1462.6, 0.00724078
1225.17, 0.000208409
2042.47, 0.00262748
1871.73, 0.00548187
1405.63, 0.00313817
1317.61, 0.00191809
1777.33, 0.00698786
1072.16, 0.00134071
2273.78, 0.0453738
2440.27, 0.00178609
2370.5, 0.000404883
1068.04, 0.302647
1319.17, 0.00126272
1860.14, 0.0021722
1265.2, 0.000601691
2176.23, 0.00456884
1489.86, 0.00464516
1578.49, 0.0041575
2475.99, 0.00933387
1410.23, 0.00302831
1578.75, 0.0107664
2323.1, 0.000217859
1806.14, 0.00254438
1088.84, 0.00524241
2001.51, 0.00937541
1542.18, 0.00179109
2056.67, 0.00713365
2126.24, 0.00216433
2463.19, 0.00109872
2307.4, 0.000576803
1053.8, 0.00170856
2176.43, 0.00313691
1359.89, 0.00176506
2478.2, 0.00237206
1792.58, 0.00459574
1508.55, 0.00430077
1123.4, 0.00089483
1354, 0.0029333
2204.29, 0.00347092
1721.95, 0.00338251
2072.98, 0.00227573
2288.42, 0.00029858
2003.71, 0.00333886
2176.61, 0.00240851
1564.77, 0.00401409
1550.18, 0.00282741
2359.83, 0.000621453
1045.32, 0.00118261
1872.92, 0.00436151
1763.67, 0.0110814
1587.97, 0.0143977
2234.65, 0.00084296
1912.84, 0.0240445
1439.41, 0.00215973
2261.93, 0.000619543
1013.07, 0.00189732
1652.88, 0.00362696
2074.02, 0.00418719
1268.82, 0.00200945
1157.23, 0.0020617
1942.82, 0.00281171
1524.42, 0.00403105
2479.6, 0.00105372
2069.67, 0.00531028
1890.86, 0.00295086
1004.87, 0.00770412
2334.72, 0.000141279
1378.7, 0.00187942
2193.95, 0.0025344
1303.45, 0.00514746
2466.64, 0.00381017
1221.2, 0.000829771
1321.98, 0.00235473
2055.72, 0.0031436
2385.02, 0.00103664
1238.02, 0.000302075
1878.11, 0.0250822
2120.5, 0.00466525
2427.46, 0.000919548
2352.25, 0.00020733
1823.38, 0.00785398
1135.27, 0.00235517
1168.76, 0.000894193
2192.26, 0.00478936
1910.32, 0.00269685
1654.11, 0.00472408
1923.14, 0.00276242
2338.88, 0.0016424
2042.93, 0.00194602
1073.1, 0.00317804
1586.21, 0.00430564
1006.53, 0.00177923
1438.5, 0.00344532
1894.91, 0.00186975
1250.3, 0.00042037
1343.79, 0.00231055
1423.62, 0.00314537
1514.73, 0.00282122
2277.82, 0.000475961
1828.28, 0.00323919
1257.38, 0.000917642
1426.3, 0.00219173
2108.39, 0.00210471
2313.13, 0.000162083
1432.32, 0.00208427
1891.32, 0.00813311
1838.12, 0.00326939
1666.17, 0.0128522
1140.65, 0.00108415
1093.59, 0.0015188
1235.16, 0.000518803
1369.21, 0.00107788
2206.61, 0.00169985
2019.58, 0.00390684
1619.03, 0.026532
2242.12, 0.00139488
1416.85, 0.0016926
2357.75, 0.000396042
1230.83, 0.00057459
2314.25, 0.000262041
1626.17, 0.00414581
1366.43, 0.00193692
1285.23, 0.000644426
1114.46, 0.00107717
1382.44, 0.00216683
1592.56, 0.00782922
1384.21, 0.00156246
1665.6, 0.00640271
1137.17, 0.000419836
2365.18, 0.00767563
1344.94, 0.00347139
2449.26, 0.000895549
1394.92, 0.00362373
1436.42, 0.00380814
1211.19, 0.000340298
2360.57, 0.000274491
1886.83, 0.0071177
2236.83, 0.000853132
1710.72, 0.0759971
1014.24, 0.00203249
2162.1, 0.00181962
1058.8, 0.00244145
1506.62, 0.00256701
1380.95, 0.00563478
2318.88, 0.000308287
2077.28, 0.00346976
2087.49, 0.00339648
1730.88, 0.0036036
1263.1, 0.000615625
1685.18, 0.00324593
1868.93, 0.0288265
1633.86, 0.0603187
2089.27, 0.00292239
2269.62, 0.00102539
2477.74, 0.0036157
1007.19, 0.00183918
1133.4, 0.00058414
1571.21, 0.00960056
1700.11, 0.0120522
2439.78, 0.00168311
2134.01, 0.00169291
1758.05, 0.00579895
1452.8, 0.00351004
1163.37, 0.000504152
1118.79, 0.000910929
1945.83, 0.00688773
2293.35, 0.000276274
1567.65, 0.00261722
2388.34, 0.000505882
1241.89, 0.000338612
1185.16, 0.000283256
2114.2, 0.00390569
2069.85, 0.00382441
1649.92, 0.00514943
1423.48, 0.00264231
1216.41, 0.000277903
1922.6, 0.00318163
1972.5, 0.00321446
1676.19, 0.00723947
1466.86, 0.00357586
1786.51, 0.130294
1209.74, 0.000262012
1536.41, 0.00750417
1682.35, 0.00421349
2163.58, 0.00491479
1169.96, 0.00036425
2464.53, 0.00303269
1102.58, 0.00547186
1344.97, 0.00128361
1549.21, 0.00499709
1292.08, 0.00187206
1657.7, 0.00332628
2356.94, 0.000225767
2247.66, 0.000814714
1235.87, 0.0026912
2018.01, 0.00216968
1510.38, 0.00401772
1951.29, 0.00330391
2156.85, 0.00169549
1058.87, 0.00126368
1142.49, 0.00036368
1878.02, 0.00267936
1531.16, 0.00326927
1723.98, 0.00377462
1704.53, 0.00339668
1506.42, 0.00239286
1481.94, 0.00341474
1571.78, 0.00524181
1353.61, 0.00220157
1700.69, 0.00348535
1624.47, 0.00333549
2260.16, 0.00183206
2100.94, 0.012092
1046.89, 0.00657135
2111.62, 0.00228382
1719.07, 0.00423255
2167.01, 0.00176067
1995.61, 0.00725273
1117.08, 0.00156508
1740.6, 0.0272179
1802.76, 0.00605755
1536.23, 0.00355617
1125.06, 0.00211876
1073.54, 0.00127771
1711.04, 0.00352679
1528.03, 0.00961973
2378.48, 0.000441567
1956.67, 0.00258838
2146.36, 0.00155954
1604.44, 0.0036809
2315.01, 0.00022289
2183.36, 0.00160026
2464.75, 0.00157571
1113.69, 0.000826056
1123.95, 0.00126856
1871.16, 0.0135164
1418.43, 0.00255557
2496.04, 0.00136748
2141.4, 0.00209245
1009.47, 0.00237827
1029.35, 0.00177972
1587.49, 0.0042273
1125.61, 0.0012256
1702.84, 0.0103583
1608.89, 0.00270715
1570.38, 0.00481323
1753.69, 0.00381939
1158.01, 0.000635386
1799.13, 0.00331258
1548.49, 0.00289346
1023.45, 0.0024882
2159.29, 0.0012988
1447.96, 0.00309571
2038.42, 0.0032213
1753.2, 0.00399046
1052.02, 0.00280467
2134.24, 0.00211279
1369.11, 0.00227645
1893.39, 0.00314854
1632.96, 0.00213933
1531.59, 0.00201168
2495.18, 0.00154254
1993.46, 0.00294687
1953.44, 0.00323268
2024.77, 0.00631417
1955.15, 0.00581627
2411.1, 0.00166473
2220.94, 0.00359462
2236.99, 0.000800325
1221.66, 0.000429228
1061.49, 0.00186095
1805.88, 0.00761187
2098.35, 0.0018475
2071.58, 0.00323908
2048.65, 0.0039296
1096.19, 0.00110347
1863.75, 0.0114419
2104.06, 0.0017342
1768.43, 0.00955702
1442.6, 0.00273116
2012.05, 0.00767233
2116.29, 0.00221933
2162.04, 0.00203484
1095.17, 0.00097107
1424.6, 0.00245281
1569.66, 0.00217797
2021.55, 0.00270966
2448.92, 0.00140671
1486.41, 0.00534746
1892.77, 0.00356293
1510.6, 0.00329154
2466.05, 0.0028027
1200.9, 8.68955e-05
2494.27, 0.00208266
1594.74, 0.00577216
2306.53, 0.000391349
1064.87, 0.00936592
1124.31, 0.000615396
2067.84, 0.00686159
1617.39, 0.00408186
1035.28, 0.00343448
1251.5, 0.000522982
2049.9, 0.00375789
1030.92, 0.00126817
2350.59, 0.000229452
1670.38, 0.00776812
1002.15, 0.00136707
1561.29, 0.0146639
1720.56, 0.00583898
2253.06, 0.000933823
1050.15, 0.00162306
2325.31, 0.000256371
1408.18, 0.0107844
1700.78, 0.00586038
1805.51, 0.00578214
2021, 0.00527426
1633.22, 0.00268145
1771.96, 0.00439561
2011.26, 0.00286211
1892.86, 0.0037943
1291.17, 0.000863166
1138.12, 0.00167274
1971.78, 0.00863273
2030.26, 0.00315064
1826.68, 0.00227527
1641.4, 0.00520257
1909.75, 0.0245094
1027.89, 0.00764378
1459.11, 0.00192215
2006.2, 0.00200887
1697.03, 0.00424894
1296.03, 0.00209986
2302.94, 0.00041337
1897.55, 0.00354096
1786.27, 0.00569157
1212.39, 0.000604056
2429.23, 0.00085754
1196.48, 7.13224e-05
1801.69, 0.00653489
1076.31, 0.00142631
1119.3, 0.000747424
1928.21, 0.00257247
2374.79, 0.000784547
1578.62, 0.00425144
1770.39, 0.00457829
1105.39, 0.000890809
2431.25, 0.000994703
2350.18, 0.000628904
2406.28, 0.00456449
1795.57, 0.0248982
1881.84, 0.00282924
1200.22, 5.10572e-05
1483.76, 0.00293566
1961.35, 0.0022254
2120.35, 0.00277053
1102.06, 0.00311778
2329.62, 0.000697028
2212.59, 0.00270342
1924.28, 0.00986939
1892.07, 0.00287724
1761.29, 0.00221191
2221.51, 0.00219416
2468.6, 0.00283722
1351.5, 0.0110199
1438.35, 0.00200552
2234.5, 0.00108545
1362.97, 0.00300622
2189.5, 0.00121779
1221.3, 0.000343589
1868.15, 0.00347632
1956.81, 0.00268656
1488.11, 0.0132012
1666.3, 0.00350232
2328.32, 0.00083677
1530.75, 0.00363962
2004.57, 0.00276589
2124.2, 0.00264909
1427.01, 0.0023557
2175.05, 0.00291871
1013.72, 0.00108764
1748.39, 0.00267113
2006.24, 0.00451647
1762.9, 0.00335898
2468.96, 0.000935082
2457.66, 0.00151733
2355.16, 0.000275297
1577.34, 0.0043071
1434.15, 0.00225827
2347.75, 0.000172086
1297.93, 0.0012131
2228.68, 0.00121915
1687.94, 0.00869631
2356.42, 0.000168428
2234.48, 0.00273154
1881.5, 0.00325673
1343.57, 0.00211016
1021.29, 0.0070741
1286.06, 0.00242982
1431.87, 0.00268439
1887.05, 0.00381775
1336.98, 0.00167657
1624.89, 0.00579237
1243.64, 0.000473316
1977.71, 0.0102616
2164.64, 0.00182348
1445.98, 0.00247015
2389.35, 0.000478477
1769.99, 0.00392413
1130.48, 0.00138692
2499.47, 0.00188533
1037.74, 0.00149123
1588.65, 0.00521321
1116.08, 0.00095054
1195.77, 4.89684e-05
2209.19, 0.00114296
1317.93, 0.00324326
1116.49, 0.0020336
1633.26, 0.00405616
1585, 0.00268724
1394.65, 0.00375314
2220.14, 0.00140456
1729.08, 0.0826771
1184.14, 0.000302209
1591.41, 0.00881548
2078.95, 0.00550805
1286.22, 0.00147328
1760.41, 0.00337119
1490.34, 0.00447037
1784.16, 0.00501068
1632.02, 0.00326313
1657.9, 0.00550798
1385.6, 0.00390593
1692.07, 0.00343421
1047.59, 0.0012369
1376.44, 0.00754963
2294.05, 0.000507997
1678.25, 0.00236689
1003.69, 0.00206101
2155.7, 0.00173818
2349.28, 0.000221697
2087.35, 0.0048328
2180.12, 0.00118109
1213.91, 0.000309906
2449.25, 0.00832466
1360.38, 0.00608384
1928.65, 0.00527634
1603.04, 0.00480434
2317.17, 0.000150644
1693.25, 0.00331422
1225.71, 0.00075446
1999.38, 0.00238561
1764.89, 0.00351866
1701.91, 0.00552552
1929.27, 0.00400025
1403.12, 0.00322331
1308.79, 0.00522575
1237.52, 0.00044751
1374.07, 0.00403031
1868.21, 0.00391147
1402.91, 0.00209601
1397.27, 0.0032771
2143.53, 0.00120739
2415.23, 0.000933533
2302.08, 0.00036318
1415.33, 0.0163567
1898.03, 0.00470031
1076.18, 0.00364546
1802.05, 0.00444874
2115.25, 0.00202422
1507.92, 0.122344
1340.85, 0.000746605
1854.74, 0.00476429
1445.89, 0.00288908
1463.4, 0.00214001
2279.79, 0.00052668
1742.98, 0.00331168
1530.77, 0.00308047
2321.69, 0.000126162
1677.33, 0.0408867
2017.35, 0.012193
1892.71, 0.00348467
2286.21, 0.00150326
1783.58, 0.00276912
1615.24, 0.0037266
2191.19, 0.00321759
1584.57, 0.00361139
2416.85, 0.000736157
2346.26, 0.000344299
2415.85, 0.00117098
1705.24, 0.00421945
2036.23, 0.00214832
1751.8, 0.00562365
1899.95, 0.00206242
1301.76, 0.00100018
1638.69, 0.0030048
1363.04, 0.00318275
1629.19, 0.00884156
1535.05, 0.023147
1952.84, 0.00426434
2160.11, 0.00100625
2211.89, 0.00137376
1804.86, 0.00351336
2252.47, 0.000598085
2024.83, 0.0016168
1292.56, 0.00291353
1629.67, 0.00574912
1127.4, 0.00458968
2338.56, 0.000233746
2387.19, 0.000852142
2248.4, 0.00132459
1053.71, 0.00184151
1949.22, 0.00696884
1953.86, 0.00360814
2210.87, 0.00243585
2082.2, 0.00488189
1703.43, 0.00295218
1152.59, 0.000604773
1867.05, 0.00755939
1084.15, 0.000962042
1800.82, 0.036516
1256.61, 0.000554086
2274.42, 0.000816504
1470.77, 0.0020566
2481.06, 0.00728124
1824.6, 0.00300602
1533.25, 0.0477295
1700.12, 0.0287174
1301.24, 0.000656864
2271.63, 0.00108231
1260.24, 0.000537416
2115, 0.00262833
1179.62, 0.0001602
1158.37, 0.000473253
1959.04, 0.00363025
1910.57, 0.00418374
1500.23, 0.00238845
2144.6, 0.00303087
1440.9, 0.00398352
1305.55, 0.00123922
2379.71, 0.000560042
1383.62, 0.00278447
1649.11, 0.00407303
2276.83, 0.000502939
1826.44, 0.00510512
1410.26, 0.00237531
1296.35, 0.00131685
1861.3, 0.00298744
1083.06, 0.00825406
1150.86, 0.000409633
1118.3, 0.00183787
2008.04, 0.00260931
1386.64, 0.00311982
1880.76, 0.00468709
1254.58, 0.00450792
1500.1, 0.0172654
2120.29, 0.00140429
1788.26, 0.00876865
2369.72, 0.000207554
1801.76, 0.0089441
1305.97, 0.00413861
1410.1, 0.00591632
1954.45, 0.00558837
2219.44, 0.00103403
1093.15, 0.00305688
1765.95, 0.00266926
1563.95, 0.00239981
2181.22, 0.0020275
1394.05, 0.0023643
2396.92, 0.0023817
2352, 0.000319866
1039.75, 0.00358034
2115.99, 0.00382103
2410.39, 0.00063114
2198.75, 0.00182488
2280.28, 0.000427447
2353.98, 0.000167918
1087, 0.00111923
1595.44, 0.00246863
1712.54, 0.00653201
2020.28, 0.00847727
1623.87, 0.00393996
1441.35, 0.00762238
1321.08, 0.00789259
2030.63, 0.0037326
1813.92, 0.00579156
1373.48, 0.00258091
1518.03, 0.00215124
1469.16, 0.00179211
2265.78, 0.00047808
1737.64, 0.00410099
1796.32, 0.00649709
1641.05, 0.00743751
1825, 0.00464917
1689.45, 0.0179919
2433.44, 0.00103624
1974.4, 0.00245482
2086.03, 0.00179617
1128.11, 0.0012137
1988.73, 0.0137977
1560.62, 0.00470208
1828.55, 0.00527626
1973.63, 0.0216157
1613.66, 0.00465058
2391.64, 0.00755247
1416.93, 0.00383466
1371.32, 0.00305435
2139.7, 0.00137609
1721.95, 0.00506642
1353.42, 0.00143491
2385.48, 0.000408286
1608, 0.00507574
1507.14, 0.00228994
1813.7, 0.00515018
2354.21, 0.000128804
1090.29, 0.00113307
2327.61, 0.00011252
1412.4, 0.0031236
2287.16, 0.000380772
1492.59, 0.00305388
1194.94, 6.22431e-05
1212.64, 9.6352e-05
2285.7, 0.0012327
1645.06, 0.00443201
1475.19, 0.00314497
1739.64, 0.00381325
2460.48, 0.00164811
1995.68, 0.00346736
1971.83, 0.00535025
1577.41, 0.00378273
1788.59, 0.00259424
2477.15, 0.00118192
1306.36, 0.00125354
1182.04, 0.000121636
2483.8, 0.00201267
2024.44, 0.00249715
1254.72, 0.000468562
1003.12, 0.00817771
1200.93, 6.71254e-05
1441.05, 0.00390962
2401.46, 0.000804758
1227.72, 0.000616022
1438.94, 0.00201503
2254.72, 0.000803363
1373.7, 0.00263676
2240.01, 0.00155659
1002.82, 0.00186557
2413.01, 0.000538424
2344.89, 0.000312162
1901.34, 0.00424189
1753.68, 0.00445392
1759.51, 0.004021
1454.44, 0.00734365
1656.2, 0.00345673
2023.82, 0.00347769
2051.37, 0.00287323
1719.08, 0.00277872
1949.34, 0.00567877
2241.99, 0.00262599
2218.61, 0.0180309
1900.23, 0.00598898
1838.95, 0.00938333
2009.09, 0.00417181
1113.5, 0.00144695
1841.95, 0.00411541
2002.68, 0.00277511
2068.46, 0.00322315
1736.96, 0.00352181
2443.78, 0.000796841
1683.49, 0.00906503
2321.65, 0.000155498
1067.23, 0.00177342
1949.88, 0.00245762
2471.71, 0.000936053
2398.23, 0.000564188
1650.32, 0.00574484
1929.57, 0.00363532
1627.09, 0.00422099
1808.42, 0.00421108
1470.78, 0.00250215
1574.81, 0.0024915
1086.12, 0.00970487
1977.92, 0.00313989
2057.65, 0.00263334
1008.63, 0.00126165
2276.3, 0.000454938
2051.24, 0.00469473
2363.39, 0.0025153
2484.92, 0.00224809
1960.14, 0.00518682
2296.83, 0.00025781
1154.03, 0.000893997
1051.45, 0.00097826
1576.79, 0.0100949
1549.92, 0.00324326
2465.77, 0.00105226
1512.33, 0.0802726
2399.03, 0.000556148
2149.44, 0.00321566
1575.84, 0.00455041
2119.29, 0.00160629
1414.61, 0.0033508
1813.73, 0.00369141
2124.71, 0.00141306
1278.86, 0.00291895
2320.08, 0.00043279
1924.99, 0.00446634
2347.11, 0.000222649
1417.87, 0.00259841
2334.24, 0.000210335
1943.25, 0.00368332
1486.7, 0.00737632
1958.61, 0.00266412
2258.56, 0.0605338
2257.66, 0.000939996
2106.17, 0.00160124
1747.86, 0.00622982
2042.43, 0.0037513
2260.65, 0.0468537
2188.74, 0.00237972
1456.7, 0.00444541
1088, 0.00135853
1079.5, 0.00105147
1680.35, 0.00472274
1027.6, 0.00416541
1451.3, 0.00205265
2358.37, 0.00687621
2338.71, 0.000158688
2434.44, 0.000866631
1271.03, 0.000661331
1537.55, 0.0050867
2092.46, 0.00260198
1330.89, 0.000778935
1701.23, 0.00459915
1217.93, 0.000168037
1453.47, 0.00245353
1563.17, 0.00363995
1399.18, 0.00181816
2376.84, 0.000943187
1502.46, 0.00634156
2183.49, 0.00113511
2112.9, 0.00281339
2389.68, 0.000996046
1654.71, 0.00542402
2335.11, 0.000153972
1036.69, 0.00161334
1741.82, 0.0118768
1804.73, 0.00394701
2404.29, 0.00119463
2296.54, 0.00130708
1140.03, 0.000733777
2136.57, 0.00194655
1611.53, 0.00446118
1424.5, 0.00198514
2497.41, 0.00120629
1959.68, 0.00737926
1143.32, 0.000749381
1020.9, 0.0026048
2366.36, 0.0011486
1138.81, 0.0014619
1265.65, 0.00052743
1817.68, 0.0268281
1803.86, 0.0048562
2072.51, 0.00165956
1744.65, 0.00224942
1586.51, 0.00801694
1633.48, 0.0235539
1360.91, 0.00806867
1118.32, 0.00229404
1761.03, 0.00748723
1057.46, 0.00153064
1990.55, 0.00291586
1887.09, 0.0049066
1888.28, 0.00366441
1541.96, 0.00702566
2298.46, 0.00172283
1158.21, 0.000820061
2295.48, 0.000811337
2382.42, 0.000535876
1696.38, 0.0092511
2304.25, 0.000926083
1649.94, 0.00259696
2167.76, 0.00215944
2334.63, 0.000146485
2437.57, 0.00659385
1831.55, 0.00529664
1728.59, 0.00390573
2063.22, 0.00233695
2384.6, 0.000604466
1507.46, 0.00342512
1612.5, 0.00241342
1095.11, 0.000735031
1952.24, 0.00266107
1376, 0.0019546
1469.31, 0.00526314
2316.96, 0.000120449
1931.66, 0.0064746
1196.19, 8.2512e-05
2427.59, 0.00297108
2124.19, 0.00148375
2056.21, 0.00374909
2253.55, 0.000678758
1153.38, 0.00203379
1461.03, 0.00962199
2415.96, 0.00315362
2456.39, 0.00104515
1593.8, 0.00542748
1223.3, 0.0938609
1722.48, 0.00404633
1547.68, 0.00351453
1353.87, 0.0112021
1565.09, 0.00309999
1426.61, 0.00385243
1026.01, 0.001639
1675.11, 0.00345682
2258.42, 0.000882606
1009.87, 0.0226839
2469.59, 0.000942766
1961.99, 0.00320642
1945.45, 0.00323304
1056.4, 0.00696905
1719.94, 0.00767851
2475.99, 0.00421701
1382.94, 0.00230448
1209.01, 0.00107843
2000.37, 0.00551499
2058.93, 0.00208865
2438.33, 0.000856992
1775.06, 0.00937271
1537.24, 0.00187397
1701.09, 0.00653598
2069.06, 0.00205403
2034.6, 0.00882765
1020.39, 0.00142066
2424.16, 0.00343423
2228.12, 0.00186432
1171.21, 0.00051999
1211.49, 0.000686015
1704.48, 0.0100401
1077.6, 0.00167185
1414.65, 0.00313015
1632.02, 0.00779949
2131.53, 0.00305679
1574.14, 0.00369186
2119.65, 0.00233235
1164.97, 0.000484236
1619.59, 0.00426037
1057.98, 0.00463282
2465.45, 0.00159432
1527.81, 0.00276179
1312.74, 0.00151063
1827.54, 0.0134592
1416.46, 0.00681658
2437.22, 0.00140517
1223.05, 0.000399466
2380.44, 0.0159687
2394.78, 0.000488838
1102.3, 0.00223193
2496.79, 0.00214841
1526.15, 0.00364845
1152.87, 0.00100305
1741.56, 0.017557
2307.9, 0.000304632
1339.16, 0.00343836
2377.19, 0.000878222
2236.82, 0.00166878
1250.51, 0.000731755
1109.84, 0.00096093
1801.4, 0.00753464
1636.7, 0.00447877
1937.48, 0.00347961
1403.4, 0.00241209
1931.37, 0.00922449
1845.39, 0.00912344
2446.43, 0.00105797
2499.45, 0.00312261
2230.95, 0.000593589
1824.23, 0.00457042
2270.08, 0.000459152
1360.9, 0.00751763
1534.22, 0.00201605
1405.62, 0.00276014
1620.72, 0.00387219
1720.96, 0.00374567
1194.06, 0.000223819
1643.44, 0.00431555
1892.61, 0.00485303
1185.66, 0.000217583
1905.01, 0.010023
1858.91, 0.00638935
1558.99, 0.00553103
1072.72, 0.00121666
2245.74, 0.000495917
2345.67, 0.000273883
1125.46, 0.0023079
2319.41, 0.000242828
1355.77, 0.00111317
2052.01, 0.00267683
2172.4, 0.00350525
2486.93, 0.00185982
2377.44, 0.00040875
2309.16, 0.000213902
1741.32, 0.00437274
1814.03, 0.00366517
1672.3, 0.0392104
2027.8, 0.00160933
2242.19, 0.00111063
2230.89, 0.00125135
1114.15, 0.000829457
1031.36, 0.00197633
1846.65, 0.00300999
1423.25, 0.00267489
1251.5, 0.000664006
1751.99, 0.0042953
1697.21, 0.0129402
1745.86, 0.00972252
1352.68, 0.00169676
2069.95, 0.00300563
1618.8, 0.0040814
2369.08, 0.000324017
1067.31, 0.00571366
2091.81, 0.00459236
1945.31, 0.00479633
2319.45, 0.000143849
1380.3, 0.00198898
1196.72, 6.92967e-05
2373.17, 0.00034785
2398.59, 0.00094294
2165.05, 0.00148457
1575.63, 0.0039264
1211.48, 0.000125679
1033.25, 0.00176526
1774.94, 0.00642242
1467.74, 0.00469461
1047.63, 0.00193234
1118.34, 0.00294099
2392.96, 0.000456194
1029.76, 0.00128862
1099.14, 0.00182791
1953.06, 0.00519146
1874.31, 0.00861008
1614.21, 0.00396607
2096.35, 0.002327
1850.95, 0.00378861
1664.94, 0.00265665
1231.35, 0.000335992
1611.62, 0.00622431
1922.21, 0.0079452
1886.33, 0.00583809
2370.93, 0.000560483
1738.24, 0.011102
1851.34, 0.00263616
1807.56, 0.00194997
1669.57, 0.00616403
1820.62, 0.0044958
2437.29, 0.0019565
2354.53, 0.000254355
2217.07, 0.000935189
1870.68, 0.0037198
1725.98, 0.00282079
1495.25, 0.00218592
1774.67, 0.00328387
1192.49, 0.000118404
1565.63, 0.00436767
1041.68, 0.00242703
2349.31, 0.000181813
1307.98, 0.00120697
1092.46, 0.00117282
1432.47, 0.00321417
2452.63, 0.00282353
1966.18, 0.00272385
1238.03, 0.00196134
1310.77, 0.0015786
1535.48, 0.00627123
1843.96, 0.0117233
1126.21, 0.000753333
1995.65, 0.0422527
1379.15, 0.00402664
2093.05, 0.0022423
1743.8, 0.003339
1319.24, 0.00111743
1044.28, 0.00441271
1306.28, 0.00127335
2272.81, 0.000687226
1783, 0.00474948
1846.64, 0.00378432
1675.54, 0.00600107
1235.12, 0.00304432
2398.74, 0.000780635
1631.38, 0.00419465
2395.18, 0.000507369
2484.52, 0.00178715
2192.77, 0.00138718
1272.01, 0.000679262
1416.36, 0.000958135
1789.43, 0.00765202
1461.28, 0.00468234
1941.48, 0.0070874
1468.25, 0.00227021
1186.71, 0.000632949
2134.93, 0.00192826
2324.17, 0.000117126
2438.05, 0.000944754
2478.51, 0.00225278
1526.47, 0.00238642
1529.69, 0.00308378
2413.29, 0.000721978
1454.61, 0.00333379
2019.45, 0.0028043
1523.98, 0.00403959
1859.66, 0.00567971
1192.6, 0.000839667
1756.02, 0.0038589
1707.46, 0.00470792
1070.55, 0.000506241
1050.24, 0.00243381
2123.39, 0.00313144
1667.69, 0.00735946
1752, 0.0186145
1837.85, 0.00658711
1639.13, 0.0499957
1644.49, 0.00378741
2244.37, 0.00245532
1539.97, 0.00514269
2116.07, 0.00190696
1606.41, 0.0027635
2256.44, 0.00088526
2300.07, 0.00115468
2493.73, 0.00134968
2303.78, 0.000268564
2462.22, 0.00124255
2145.74, 0.00246165
1494.25, 0.00426814
1030.25, 0.00364397
2079.94, 0.00242928
1190.1, 8.1166e-05
1398.44, 0.00216755
2361.29, 0.000239292
1684.85, 0.00322081
1884.11, 0.00568799
1125.64, 0.000555489
1648.1, 0.0114806
1526.33, 0.00402037
2114.15, 0.00277741
1794.26, 0.00438997
1093.21, 0.00118057
1793.92, 0.00280099
1954.14, 0.00382104
1909.29, 0.00283583
2473.12, 0.00171188
1453.27, 0.00266113
1321.27, 0.003448
2103.77, 0.00304959
1544.39, 0.00240882
2150.33, 0.0170167
1414.89, 0.00368689
1521.78, 0.00315797
2036.74, 0.00553523
1391.13, 0.00128115
1257.27, 0.0012453
2424.59, 0.00114587
1948.97, 0.00839002
2392.31, 0.000836035
1944.82, 0.00280622
1735.18, 0.003206
2477.72, 0.00101741
2306.48, 0.00028676
1826.07, 0.00436894
1407.09, 0.00228214
2146.67, 0.0059463
2444.59, 0.000879668
1326.89, 0.00127514
1696.79, 0.00672482
1602.13, 0.00858343
1065.07, 0.000909576
1301.17, 0.000750808
2026.83, 0.00253508
1869.54, 0.00393415
2034.42, 0.00415119
1854.08, 0.00477246
2216.85, 0.00401684
1986.36, 0.00330113
1095.36, 0.00210152
1035.16, 0.00246257
2015.93, 0.00236756
2354.16, 0.0010118
1388.5, 0.00223645
2129.17, 0.00168139
2083.31, 0.00165784
1859.79, 0.0421275
1787.89, 0.00411201
1140.44, 0.00219392
1816.25, 0.00955583
2263.79, 0.000708227
1805.75, 0.00804279
1926.54, 0.00256832
1178.21, 0.000217508
1338.87, 0.000881572
1082.91, 0.0020868
1775.06, 0.00462358
2413.79, 0.000918263
1448.28, 0.00148657
1451.01, 0.00164971
2358.03, 0.0070347
1840.13, 0.00568534
1078.23, 0.00189157
2218.96, 0.00144143
2010.34, 0.00311952
1665.52, 0.0113868
1690.84, 0.00371054
2086, 0.00212062
1632.47, 0.216216
2173.1, 0.00164869
2385.24, 0.000568868
1942.24, 0.00418675
1667.23, 0.00387137
1231.85, 0.000388857
2442.78, 0.0010495
1184.19, 0.000159228
2317.48, 0.000361849
1621.02, 0.0291989
1213.95, 0.000128804
1540.6, 0.00223799
2368.85, 0.00111273
1364.93, 0.00198114
2197.34, 0.00119427
2366.81, 0.000752795
2157.67, 0.00126511
2273.96, 0.0025917
1691.19, 0.00370113
1155.21, 0.000387295
1162.27, 0.00062444
2495.81, 0.00209137
1373.8, 0.00138906
1647.85, 0.00465722
1716.11, 0.00295529
1300.96, 0.0019853
1230.55, 0.000411667
1856.41, 0.00241281
1374.58, 0.00199641
2305.59, 0.000261019
1491.79, 0.00756113
1062.57, 0.00682238
1897.46, 0.00993407
1397.34, 0.00304625
1765.42, 0.00621378
2449.98, 0.000988643
1838.58, 0.00230209
2346.57, 0.00026251
1719.58, 0.00451019
1078.42, 0.00192133
1836.52, 0.00328981
1647.03, 0.0141494
2087.85, 0.0020048
1588.95, 0.0033371
2122.72, 0.00247166
1352.46, 0.00105888
1934.81, 0.00557101
1437.89, 0.00355068
1032.96, 0.00823167
2110.94, 0.00552408
2300.7, 0.00024498
2364.04, 0.000356709
1493.68, 0.0065195
1352.94, 0.00213715
1386.25, 0.00218999
2147.61, 0.0296485
2238.66, 0.00307135
1472.02, 0.00483894
1969.92, 0.00478344
1697.9, 0.00648093
2359.42, 0.000297041
2338.01, 0.000151853
1240.42, 0.000469195
1231.8, 0.000583092
1125.77, 0.000783024
2162.04, 0.00143094
1730.2, 0.00756439
1587.3, 0.00403356
1737.53, 0.00320877
1051.46, 0.00137588
1569.66, 0.00673627
1709.55, 0.00473453
2198.79, 0.00065629
1046.75, 0.00112124
1851.87, 0.00276053
1783.5, 0.0161607
1426.97, 0.00260374
1276.77, 0.000886919
1854.67, 0.00418036
1021.18, 0.00283039
1721.27, 0.0172073
1936.49, 0.00486982
1526.37, 0.00278251
1293.99, 0.000807736
2087.73, 0.00262587
2033.89, 0.00257785
2079.41, 0.00221132
1144.89, 0.000562522
2163.99, 0.00175443
2214.6, 0.00117287
2291.86, 0.000359654
2017.03, 0.00917605
2074.77, 0.00298763
2483.43, 0.00133474
2247.04, 0.00145002
1712.67, 0.00258819
2143.55, 0.00255473
2434.79, 0.00717307
1611.28, 0.0048483
1955.6, 0.00937095
1334.11, 0.00100303
1156.28, 0.000385915
2009.35, 0.00265078
1046.37, 0.00133345
1720.92, 0.0156703
1470.41, 0.00337201
1549.15, 0.0049229
1786.79, 0.0120574
2072.7, 0.0022243
1725.62, 0.00524517
1362.79, 0.0623232
1257.68, 0.000716872
1335.87, 0.00225363
1904.89, 0.00351463
1057.44, 0.000853
2337.6, 9.41712e-05
1678.16, 0.00413367
1760.61, 0.0401744
2372.53, 0.00254363
1693.3, 0.00386088
1629.02, 0.00782511
2173.01, 0.00155148
2236.33, 0.00113279
2033.15, 0.0039868
1016.69, 0.00266536
2052.62, 0.0040677
2459.1, 0.00251207
1568.15, 0.00970805
2252.44, 0.000705164
2072.19, 0.00350203
1582.35, 0.0536042
2468.68, 0.0382345
1320.11, 0.000817975
1279.5, 0.00135792
1382.12, 0.00193853
1995.28, 0.00384629
1433.12, 0.00226098
2123.37, 0.00383862
1219.86, 0.00024521
2470.9, 0.00110164
1728.04, 0.0160555
1993.06, 0.00588272
1153.36, 0.000455777
2050.68, 0.00291591
1897.93, 0.00323503
2411.92, 0.000671224
2079.96, 0.00262328
1745.31, 0.00344831
1085.02, 0.00120464
1611.32, 0.00472405
1503.06, 0.0034388
1012.68, 0.00113405
2377.68, 0.00678688
1511.38, 0.00275445
2035.05, 0.00407552
1065.09, 0.00147024
1188.72, 0.000133301
1303.07, 0.00150802
2009.07, 0.0110362
1894.52, 0.00605449
1793.64, 0.00521185
1631.06, 0.00383627
2189.57, 0.00398477
2154.15, 0.00162966
1850.41, 0.00303107
1937.28, 0.0116517
1093.74, 0.00140585
2173.66, 0.00141159
2437.15, 0.00104512
2257.48, 0.00203153
1397.65, 0.00243588
1079.5, 0.00171844
2122.19, 0.00238662
1429.51, 0.00776476
1161.81, 0.000491455
2142.17, 0.00328206
1750.56, 0.00389632
1401.95, 0.00239131
1709.17, 0.00443517
2206.95, 0.00109315
1898.92, 0.00717687
2100.46, 0.00243961
1692.96, 0.00343686
1608.89, 0.00744039
2338.54, 0.000471885
1841.96, 0.00268795
1418.84, 0.00247539
1025.94, 0.00528008
2090.9, 0.00200822
1457.24, 0.00526164
1267.45, 0.000751421
2101.37, 0.00328892
1198.35, 8.44064e-05
2150.59, 0.00314262
2307.18, 0.000299965
1404.43, 0.0017681
1914.55, 0.0041061
1347.11, 0.00343893
1570.04, 0.00300491
1279.82, 0.000912141
2310.49, 0.000216374
2443.42, 0.00277888
1193.23, 0.000106757
1661.24, 0.00468324
1942.15, 0.00744988
2403.1, 0.00123452
1496.17, 0.0209666
1032.66, 0.00309969
1493.93, 0.00590005
2092.7, 0.00135696
2395.5, 0.00428798
1314.26, 0.00135517
1992.69, 0.00255408
2352.84, 0.000193789
2027.21, 0.00273147
1295, 0.00232166
1992.2, 0.0056948
1869.02, 0.00380429
1829.39, 0.00274841
1488.25, 0.00352957
1035.6, 0.00549909
1332.97, 0.00243343
1351.63, 0.00537739
2141.53, 0.00213301
1711.04, 0.0221837
1786.03, 0.00530516
1344.34, 0.00150399
1726.63, 0.00453042
1906.12, 0.00331171
2004.69, 0.00706449
1056.96, 0.00163984
2060.52, 0.00330458
1452.29, 0.00384575
2376.58, 0.00042034
1816.24, 0.0136151
1604.5, 0.0165984
2103.35, 0.00172931
2491.95, 0.00203793
2380.47, 0.00122949
1543.6, 0.00591539
1585.75, 0.00215001
2285.49, 0.00059835
2423.03, 0.0138504
2436.6, 0.00241129
2264.65, 0.000784746
1812.01, 0.00399342
1448.19, 0.0040334
2084.04, 0.21531
1571.62, 0.0173822
1093.68, 0.00142504
1022.36, 0.00368789
1809.08, 0.00397635
1293.98, 0.00183711
2431.12, 0.000657988
1071.41, 0.00115753
1292.87, 0.00291415
1270.1, 0.00602074
1613.19, 0.00762145
1250.57, 0.00293217
1413.75, 0.0015392
1612.31, 0.0025755
1003.62, 0.00203433
1389.29, 0.00186666
1842.73, 0.00264203
1196.04, 6.35155e-05
2229.97, 0.00139967
2268.31, 0.000895627
2335.53, 0.000154018
1468.49, 0.00290487
1304.6, 0.00155617
2385.48, 0.0022067
2224.99, 0.00134634
1088.99, 0.00189156
1924.32, 0.00492244
1222.51, 0.00136649
1205.45, 7.03637e-05
1613.71, 0.0417915
1997.6, 0.00235432
2129.89, 0.00755992
1762.38, 0.00275963
1970.97, 0.00261088
1066.17, 0.00204781
1038.28, 0.00221666
1184.78, 0.000156916
1823.62, 0.0107832
2354.94, 0.000201685
2419.8, 0.000862854
1208.03, 8.96092e-05
2125.56, 0.00213565
1038.28, 0.0014348
1185.48, 0.00218099
1973.46, 0.022627
2399.7, 0.00056789
2241.89, 0.00102221
1223.5, 0.000256736
1074.4, 0.00247543
1105.74, 0.00231645
1183.4, 0.000312784
1428.08, 0.00784715
2490.75, 0.0124634
1795.95, 0.00293417
1332.04, 0.00128948
1202.24, 0.00010724
1346.74, 0.00162528
1933.25, 0.0106462
1235.92, 0.000388639
1788.91, 0.00594792
1561.28, 0.0166319
1609.77, 0.0110441
1606.81, 0.00543706
1448.89, 0.00387852
1957.23, 0.00325497
2289.8, 0.000389768
1980.38, 0.00196485
2089.7, 0.00225162
1620.2, 0.00437278
2042.49, 0.00351978
1998.33, 0.00293049
2037.08, 0.00338112
2124.74, 0.00216181
1609.24, 0.00379209
2286.26, 0.000708063
2047.15, 0.00753043
1210.31, 0.000192046
1769.49, 0.00364035
1097.23, 0.000800987
1677.31, 0.00494669
1340.38, 0.00149138
1207.3, 0.00015545
1604.02, 0.00401052
1569.63, 0.00976222
1063.58, 0.00127685
2020.58, 0.00363291
1469.72, 0.00272081
1783.99, 0.00381466
2437.63, 0.00104277
1015.64, 0.00475086
2103.31, 0.00321354
1621.88, 0.00413442
2021.08, 0.00307579
1870.98, 0.00609463
2438.92, 0.000969504
1730.56, 0.00259999
1879.8, 0.00401977
1646.75, 0.0170716
1212.77, 0.00024495
1235.69, 0.000436727
1070.9, 0.00152978
2279.16, 0.000725027
1175.28, 0.000412771
1069.56, 0.00323869
1429.6, 0.0033621
1740.02, 0.00253267
1255.62, 0.000690848
2067.69, 0.00325717
1409.67, 0.0019418
1006.02, 0.00283683
2315.6, 0.000228742
1260.3, 0.000892079
2227.01, 0.00126661
1800.84, 0.00600525
2183.87, 0.000872114
1168.99, 0.000582753
1246.14, 0.000970594
1368.75, 0.00652372
1439.98, 0.00248037
2444.21, 0.00110503
1404.43, 0.00657209
1511.65, 0.00431077
1791.72, 0.0105341
1288.27, 0.0160061
1232.65, 0.000668115
1530.83, 0.00495631
1685.52, 0.0105124
2401.97, 0.000594235
1763.93, 0.00263202
2069.15, 0.00156506
2378.85, 0.000461916
1255.9, 0.000139583
1491.52, 0.00723228
1530.89, 0.00758301
2235.12, 0.00451806
1504.78, 0.0027541
1470.07, 0.00381789
1184.96, 0.000341966
1744.18, 0.00828133
1925.42, 0.00405242
1719.34, 0.00835478
1227.18, 0.108547
1276.79, 0.0026701
2234.46, 0.0215146
1459.54, 0.00397985
1117.79, 0.000490065
2233.38, 0.00807685
1987.99, 0.00387912
1566.93, 0.00519454
1557.99, 0.00495853
1783.27, 0.0491387
1758.33, 0.00634967
1500.64, 0.00212564
2338.3, 0.000224703
1041.75, 0.00390483
1167.43, 0.00120914
1273.31, 0.000725104
1299.52, 0.00143165
2026.04, 0.00253495
1111.35, 0.00676469
2163.11, 0.00212731
2265.63, 0.000394924
1926.43, 0.00500175
1752.21, 0.00349081
1983.78, 0.00288007
1098.5, 0.00683623
2071.38, 0.0022771
2181.49, 0.00277239
1798.82, 0.00387777
1758.38, 0.00742477
2048.3, 0.00221313
1078.58, 0.000923251
1604.94, 0.00318736
1513.04, 0.00358598
1698.41, 0.00461644
1206.21, 7.05437e-05
2220.69, 0.00162242
1504.8, 0.00326595
1646.5, 0.00844345
2021.37, 0.00191563
2243.37, 0.00123396
1428.22, 0.00624647
1254.61, 0.000485364
1653.2, 0.0055255
2322.57, 0.000613937
1153.03, 0.00168824
2430.11, 0.00336886
1095.69, 0.00219234
1918.69, 0.00438253
1053.17, 0.000872437
2435.2, 0.00222119
2016.57, 0.00184269
2219.91, 0.000856779
2064.12, 0.00299581
2010.47, 0.0086096
2322.66, 0.000126992
1637.26, 0.00585493
1289.46, 0.00121848
2012.48, 0.00248932
2129.95, 0.0032059
1908.72, 0.00613515
1059.19, 0.00135804
2347.11, 0.0002223
1413.58, 0.0031899
1651.39, 0.00256784
2111.41, 0.00291369
2166.17, 0.00283115
1509.06, 0.00482765
1443.8, 0.00224413
1476.3, 0.00228391
2264.22, 0.00193786
1325.24, 0.000951254
2440.33, 0.00223474
1713.27, 0.00289984
2209.35, 0.00212622
2105.89, 0.00256396
1147.87, 0.000392068
1614.2, 0.00696843
1782.16, 0.0153176
1811.76, 0.00506079
1225.06, 0.000226227
1708.7, 0.0069066
2356.12, 0.000238613
2428.67, 0.00152211
1964.73, 0.0103188
2339.75, 0.000250984
2115.24, 0.00128594
2326.94, 0.000211674
1003.05, 0.00195369
1506.35, 0.00691268
1018.29, 0.00188622
1316.76, 0.00119111
1636.82, 0.0053235
1166.7, 0.000468831
1348.21, 0.00137853
1492.71, 0.00310268
1988.9, 0.00383303
1226.6, 0.000341813
1984.83, 0.00275452
1337.22, 0.00286367
1450.39, 0.00173184
2284.91, 0.000606722
2165.35, 0.00189059
1461.69, 0.00348876
2055.29, 0.00248928
1463.19, 0.00283892
1949.54, 0.00477994
2259.83, 0.000906588
1895.86, 0.0112275
1782.56, 0.00333723
1311.16, 0.00126806
1803.28, 0.00900594
1955.01, 0.00373185
1315.24, 0.000721462
1889.57, 0.00323436
1388.73, 0.00219174
1100.72, 0.00142929
2153, 0.00127564
2234, 0.000532744
1923.68, 0.00161102
1903.54, 0.00316384
2331.7, 0.000154528
1019.25, 0.00945322
1081.56, 0.00165913
1595.8, 0.0219787
2162.45, 0.0101153
1424.24, 0.00226838
1352.28, 0.00223456
2402.67, 0.00048091
1869.92, 0.0231572
1884.71, 0.00631862
1756.78, 0.00485601
2014.4, 0.00340104
1265.31, 0.000561794
1923.11, 0.0048079
2129.45, 0.00415495
2096.11, 0.00260126
1917.72, 0.00361206
1607.22, 0.0100162
1358.11, 0.0146864
1202, 0.000133447
2058.03, 0.00203304
1039.01, 0.00241289
1037.99, 0.00123984
1058.22, 0.000556387
2382.63, 0.000351172
1502.8, 0.00487202
1369.28, 0.00197581
1277.28, 0.00105774
1309.87, 0.00244947
2145.54, 0.00359705
2091.47, 0.00220712
2351.64, 0.000403412
2139.63, 0.00227884
1842.91, 0.00583249
1661.98, 0.00437547
2206.92, 0.00215944
2364.16, 0.000420873
2035.84, 0.00379165
2310.84, 0.000587481
2334.37, 0.000122785
1091.5, 0.00140696
2162, 0.00203157
2402.62, 0.000407425
2001.29, 0.00235709
1115.74, 0.00482795
1968.22, 0.00378679
1948.25, 0.00718226
2184.45, 0.0101073
1199.67, 5.34495e-05
1087.67, 0.00115838
1781.15, 0.00742722
1440.49, 0.00178867
2211.53, 0.00140762
1667.2, 0.00474926
1807.19, 0.00642653
1095.27, 0.000738327
2262.67, 0.000755828
1673.63, 0.00670742
1729.25, 0.00297467
1546.51, 0.00455593
2053.54, 0.00298589
1663.64, 0.00644159
1664.59, 0.518255
1381.83, 0.0030281
2020.09, 0.00337605
1714.88, 0.00461296
1330.57, 0.0019416
1156.66, 0.000838689
1457.73, 0.00416308
1439.85, 0.00254276
2161.75, 0.0116898
2492.14, 0.00229303
2469.23, 0.00141616
1064.43, 0.00347928
1463.49, 0.0042214
1678.86, 0.00472217
2208.32, 0.000885258
1172.09, 0.000363854
1340.35, 0.00344073
2116.75, 0.00258659
2061.86, 0.00576956
1452.41, 0.00459331
1702.8, 0.0028676
1104.86, 0.000839838
1852.21, 0.002311
1260.43, 0.000546182
1000.19, 0.00129819
1611.36, 0.234389
2290.02, 0.000312963
2175.81, 0.00110207
1687.35, 0.00330718
1332.24, 0.00188786
2494.18, 0.00254679
1565.55, 0.0207295
1537.76, 0.00561887
2387.87, 0.000373381
2214.06, 0.00301143
1331.46, 0.00141765
1992.87, 0.00527828
1274.67, 0.000506136
1791.74, 0.0207837
1464.54, 0.00342578
1547.23, 0.00229341
1948.27, 0.00273638
1671.87, 0.00533454
1372.67, 0.00306014
1650.21, 0.0206296
1047.41, 0.00170968
2489.82, 0.00133628
1284.34, 0.00143505
1203.97, 8.33606e-05
1550.35, 0.00373582
1516.31, 0.0503371
2444.32, 0.0012282
1361.67, 0.00834891
2336.57, 0.00178524
1001.06, 0.00243474
1290.73, 0.00111478
2007.2, 0.0115086
1089.73, 0.00134176
1245.73, 0.000398404
1602.04, 0.0018689
1843.67, 0.00920529
2131.81, 0.00170093
2223.58, 0.00122017
1005.3, 0.00456292
1798.61, 0.00442547
1333.84, 0.00246708
1728.34, 0.00423924
2132.63, 0.0013899
1649.07, 0.00445318
1453.5, 0.030889
1005.43, 0.00423349
2054.03, 0.00885442
1883.4, 0.00496539
1495.62, 0.00165116
1474.59, 0.00276037
1647.97, 0.00858452
2461.26, 0.0012699
1290.85, 0.00263394
1496.08, 0.00258477
1689.34, 0.00488319
1152.95, 0.000315456
1270.06, 0.00135187
2016.75, 0.00285562
2281.19, 0.000698339
1543.32, 0.00344919
1995.87, 0.00209698
1095.66, 0.000977988
1157.56, 0.000440288
2194.2, 0.00106347
1336.75, 0.0019555
2206.44, 0.0135093
1047.49, 0.00180795
1440.54, 0.00465145
2358.9, 0.000383397
1583.24, 0.00956945
1886.77, 0.0111718
1388.59, 0.001671
1599.79, 0.00373034
2079.46, 0.00140046
1858.54, 0.00353456
1947.19, 0.00382214
1839.91, 0.00396396
1418.7, 0.0028418
1541.62, 0.00572456
2415.16, 0.00383891
2188.23, 0.00183524
1990.72, 0.00378781
2056.37, 0.00400832
1772.4, 0.00475604
2488.33, 0.00125676
1829.93, 0.0043822
2464.11, 0.00144956
1728.4, 0.00421147
2226.94, 0.00179907
2270.77, 0.000375263
1492.4, 0.00229757
1804.49, 0.00468901
2091.86, 0.00310158
1512.58, 0.00251494
1334.28, 0.00200834
1181.43, 0.000177061
1455.73, 0.00449469
1506.21, 0.00554074
2076.35, 0.00179584
1252.14, 0.000719212
1709.51, 0.00619056
1431.82, 0.00318552
1287.05, 0.00199523
1040.64, 0.0016641
1403.79, 0.00252192
2051.35, 0.00460637
2454.33, 0.000891192
2067.46, 0.00212086
2000.46, 0.00705937
2258.56, 0.000644726
1255.2, 0.000527263
1999.32, 0.00437529
1406.58, 0.010971
1660.19, 0.00393299
2311, 0.000309928
1332.53, 0.00211483
2427.38, 0.00107008
2436.25, 0.000868056
1374.33, 0.00292622
2346.92, 0.000185612
1396.65, 0.0024285
1908.48, 0.00356328
1255.7, 0.00148249
1821.44, 0.00374045
1260.98, 0.000521803
2093.99, 0.00219982
2366.38, 0.000392872
1851.08, 0.00493704
2410.21, 0.000750964
2088.72, 0.00598174
1179.72, 0.000413808
1379.93, 0.0027198
2479.21, 0.00107099
1056.71, 0.00634532
1543.03, 0.00471212
1188.05, 0.000287962
2386.45, 0.000736704
1263.18, 0.00134669
2225.47, 0.000767726
2372.77, 0.000330874
2117.23, 0.00268324
1749.82, 0.00283008
1625.54, 0.00477949
1775.11, 0.00283832
2098.75, 0.00270538
2426.38, 0.0012366
2411.62, 0.000745949
2364.03, 0.000394969
1990.18, 0.0112132
1464.47, 0.00301911
1736.81, 0.00638533
1953.8, 0.00332582
1822.56, 0.00308463
2192.91, 0.00529902
1844.5, 0.00315922
1715.19, 0.00597296
2495.71, 0.00302952
2089.12, 0.00501193
1502.05, 0.0126334
1876.63, 0.0216745
2469.21, 0.00149263
2226.43, 0.000844411
1911.22, 0.00402348
1037.31, 0.00100923
2304.43, 0.000291359
1601.67, 0.0026863
1795.56, 0.00690971
1092.71, 0.00185117
1574.38, 0.00270583
1287.26, 0.000738145
1648.13, 0.00633291
1151.43, 0.000561294
1667.35, 0.00395572
1263.18, 0.0076539
2256.39, 0.00103895
1207.32, 0.000102954
2399.8, 0.000549896
2402.53, 0.000607659
1260, 0.000498438
1280.63, 0.000907723
2326.48, 0.000107118
1485.83, 0.00409862
1651.49, 0.00298154
1766.91, 0.00377547
1905.33, 0.0117577
2168.01, 0.00117469
2070.92, 0.00227909
1103.76, 0.00145123
1820.87, 0.0322627
2471.48, 0.00158335
1214.58, 0.000226968
1788.45, 0.00863612
1956.95, 0.00441266
2465.06, 0.00125613
1530.62, 0.00353326
1130.05, 0.00331768
1520.03, 0.00439086
1100.51, 0.000727904
1120.15, 0.000939252
1990.15, 0.00288786
2141.01, 0.00112027
2106.37, 0.00388227
1833, 0.00411812
2063.77, 0.0042536
2326.81, 0.000156759
1252.43, 0.00109613
1903.89, 0.0106349
1695.23, 0.00253629
2385.8, 0.00081169
2155.77, 0.00126665
1915.89, 0.00277177
1580.42, 0.00363638
1404.66, 0.00294716
1662.94, 0.00224574
1435.42, 0.00164213
1085.61, 0.00271505
1597.75, 0.00312431
2471.87, 0.0017207
2213.56, 0.000656459
2331.06, 0.000130512
1476.13, 0.00473277
2367.66, 0.000294659
1094.07, 0.000951628
2450.74, 0.000934593
1171.37, 0.00314691
1669.77, 0.00428598
2160.96, 0.00127339
1510.32, 0.00233699
2170.92, 0.00212834
1682.77, 0.00534743
1143.81, 0.000504106
1910.46, 0.00289605
2048.89, 0.00476788
1472.17, 0.00150624
1393.44, 0.00254368
2197.34, 0.017366
1139.02, 0.000689643
2034.18, 0.00375407
1281.77, 0.0017156
2056.22, 0.00209485
1124.41, 0.000884964
1435.81, 0.00342184
1443.53, 0.0102643
1258.25, 0.000886799
1946.06, 0.00326347
1304.38, 0.00118666
1026.69, 0.00553106
1354.38, 0.00291683
2447.56, 0.000701028
2378.26, 0.00049489
1798.01, 0.00901474
2236.53, 0.00893716
2293.86, 0.000452264
2423.49, 0.00325241
2440.69, 0.000990685
2135.85, 0.00326662
2043.76, 0.00354155
1177.32, 0.000546734
1072.88, 0.00403444
1151.91, 0.00207873
1021.62, 0.00347626
1338.5, 0.00303792
2088.12, 0.00239209
1612.83, 0.00648365
1619.12, 0.00179171
1489.17, 0.011201
2146.68, 0.00282447
1602.69, 0.0280807
2303.55, 0.000354374
2110.89, 0.00580458
1349.24, 0.00147679
2392.39, 0.000791798
1452.28, 0.0028458
2211.22, 0.00117677
1355.74, 0.00225241
1448.1, 0.0028862
1781.47, 0.00471358
2460.32, 0.00125874
2224.12, 0.000663097
1615.33, 0.00904591
1705.89, 0.00280467
1949.63, 0.00476542
1342.8, 0.00180868
2360.32, 0.000380432
2335.38, 0.000295002
1419.64, 0.0100409
1396.06, 0.00251886
1591.85, 0.00415431
1525.97, 0.011404
1024.5, 0.00154222
1500.5, 0.00459233
2124, 0.00280763
1587.37, 0.00432343
2379.05, 0.000666521
1780.64, 0.00334604
2009.19, 0.00489653
1604, 0.00643327
2185.49, 0.00179014
1356.64, 0.00147478
1277.88, 0.00156483
2267.59, 0.000486917
1818.51, 0.00461152
1530.2, 0.00225541
1015.83, 0.0015666
2133.55, 0.00307868
1286.84, 0.00111149
1154.14, 0.00064724
1533.85, 0.00326986
1405.5, 0.00262791
1731.81, 0.00613012
1373.34, 0.0019228
1463.09, 0.00285442
1152.95, 0.399221
2180.96, 0.000924419
2131.61, 0.0024016
1247.21, 0.000661358
1872.47, 0.00268887
1696.97, 0.00438978
2045.2, 0.00344654
1924.8, 0.00250096
2319.8, 0.000733173
1483.41, 0.00279266
1923.07, 0.00519139
2301.26, 0.000553985
1320.63, 0.00195753
1080, 0.00183322
2123.3, 0.00194404
2278.58, 0.000289666
1364.61, 0.00259872
2003.62, 0.00362067
2377.25, 0.000459294
1783.19, 0.00444902
1576.5, 0.0258523
2488.46, 0.00149451
1902.19, 0.00514956
1181.89, 0.000192516
2051.91, 0.00349868
1007.58, 0.0037802
1890.17, 0.00442348
1181.77, 0.00017352
2159.84, 0.00329586
1573, 0.00352714
2017.43, 0.0073457
2125.93, 0.0062884
2124.91, 0.00211987
2009.23, 0.00557799
1947.77, 0.0041326
1078.25, 0.00172591
1152.36, 0.00193133
2451.42, 0.00279315
1664.79, 0.00541977
1806.42, 0.00503181
1847.54, 0.0122324
2337.67, 0.000113436
1390.98, 0.00514148
1234.36, 0.000469314
2116.51, 0.00150145
1176.28, 0.000455582
1058.49, 0.00154341
1149.29, 0.000428524
1259.73, 0.000806936
2257.11, 0.000650623
2036.75, 0.0124637
1754.69, 0.00522838
1647.83, 0.00368691
1968.08, 0.0109104
1189.49, 0.000198766
1080.88, 0.00184118
2041.09, 0.00255512
1441.52, 0.00301955
2263.73, 0.00436026
2411.35, 0.00942065
1305.87, 0.00978373
1451.42, 0.00184396
1088.65, 0.0011481
2395.84, 0.00185975
1130.25, 0.000828873
1930.31, 0.00301308
1435.52, 0.0158204
1209.98, 0.000140094
1780.83, 0.00408993
1120.51, 0.00133586
1260.47, 0.000655765
1733.55, 0.00415937
2154.27, 0.00760076
1600.59, 0.00322975
1964.83, 0.00255308
2003.77, 0.0048932
1012.57, 0.00160958
1936.13, 0.00318961
1260.63, 0.000441461
2137.82, 0.00148075
1018.42, 0.0027549
1969.59, 0.00432164
2397.88, 0.00180707
1238.53, 0.000585454
1434.09, 0.00415691
2477.34, 0.00187251
2048.95, 0.00326722
1109.95, 0.00226594
2138.89, 0.00152129
1231.08, 0.000519327
2291.33, 0.000840953
2381.7, 0.000744346
2249.41, 0.000632313
1616.15, 0.00686385
1478.85, 0.00230315
1991.17, 0.00258858
1014.45, 0.00176359
2044.95, 0.00335436
1063.26, 0.00398462
1694.85, 0.012251
2338.97, 0.00064166
1020.97, 0.00163268
2379, 0.000735832
1737.65, 0.00236043
1796.38, 0.00350056
2086.14, 0.0021916
1397.75, 0.00285782
1172.66, 0.00053118
2479.07, 0.0011838
1711.14, 0.003373
2433.1, 0.000728809
1849.85, 0.00554349
1020.38, 0.0036651
2042.21, 0.00219548
2174.22, 0.0017372
1220.76, 0.000166082
1734.22, 0.00266494
2496, 0.00184349
2453.62, 0.00195447
1664.98, 0.00282363
2380.51, 0.000216038
2004.46, 0.00307598
2303.31, 0.000703683
1173.92, 0.000496068
2413.06, 0.000889167
2154.83, 0.00451126
1258.88, 0.000756995
1089.34, 0.00152601
2346.27, 0.000235732
2289.99, 0.000962417
1337.82, 0.00474316
1668.16, 0.00359394
1477.33, 0.00263275
2132.51, 0.00209557
2452.71, 0.000782739
2078.34, 0.00258592
1984.44, 0.0028661
1689.5, 0.00436859
1810.55, 0.00465281
1852.9, 0.00282488
2330.95, 0.000488729
1832.02, 0.00373353
2154.65, 0.00180664
1847.71, 0.00418738
1207.76, 0.000156649
1075.12, 0.00210268
1400.9, 0.00172225
1728.63, 0.00320806
2163.41, 0.00119731
2147.4, 0.00243819
2323.86, 9.44977e-05
1934.88, 0.00570217
1954.5, 0.00535443
1764.95, 0.00484355
1112.92, 0.00106097
1336.3, 0.00311303
2287.45, 0.000398189
1140.63, 0.00198037
1854.97, 0.0087023
1373.42, 0.00886784
2078.5, 0.00170467
1517.57, 0.00441782
1332.55, 0.00319501
1723.34, 0.00364168
2472.91, 0.00285527
2273.41, 0.00268753
2216.68, 0.0024253
2156.49, 0.00229408
1219.85, 0.000431571
1264.7, 0.00452324
1774.38, 0.00339534
1483.93, 0.00636864
2231.83, 0.00119605
1606.61, 0.00294285
2370.62, 0.000402352
2375.17, 0.00046215
1766.45, 0.00731641
2488.89, 0.00105519
1802.49, 0.00459553
2370.89, 0.000327437
1398.5, 0.00388442
2377.71, 0.000390955
2203.25, 0.0011292
1626.89, 0.00601172
1214.36, 0.00085428
2480.54, 0.00123469
1124.11, 0.00104814
1200.13, 9.00434e-05
1648.55, 0.0185187
1037.22, 0.00202807
2159.58, 0.0046655
1989.41, 0.00358401
1559.13, 0.00510311
2160.58, 0.0124324
1844.33, 0.00300602
1572.38, 0.00413011
1473.65, 0.00428241
1519.8, 0.00221087
1268.5, 0.000937754
1864.42, 0.00494064
1386.32, 0.00445941
1403.52, 0.0022047
2268.22, 0.000846233
2194.04, 0.00124043
1670.23, 0.00392711
1321.35, 0.00173509
1328.03, 0.00182546
2116.6, 0.00526361
1691.91, 0.00355608
1843.06, 0.00329092
1491.35, 0.00305209
2233.33, 0.00071151
1456.57, 0.00427389
2391.77, 0.000389441
1181.65, 0.000182553
1247.62, 0.000504284
1680.51, 0.00352194
1850.24, 0.00435686
1186.68, 0.000544207
2066.76, 0.00261757
1033.84, 0.00175737
1852.81, 0.00539421
1511.01, 0.00662861
1371.43, 0.00292174
1762.35, 0.0129759
2154.1, 0.00194761
1532.54, 0.00293264
2195.06, 0.000979443
2080.59, 0.0019768
1592.1, 0.00566792
2068.29, 0.00319413
2414.27, 0.00055386
1965.42, 0.00464585
1172.01, 0.00101434
1688.54, 0.00598213
1446.68, 0.00384399
1278.17, 0.000794668
1422.46, 0.00317108
1718.69, 0.00334603
1840.98, 0.00345909
1869.48, 0.00862755
2465.27, 0.00200377
1790.53, 0.00889211
2195.36, 0.000976288
1066.88, 0.00143674
1235.92, 0.000334787
1529.93, 0.00360862
1242.35, 0.00139554
1015.19, 0.00294464
1532.78, 0.00346769
1894.71, 0.0144067
2034.6, 0.00347996
1210.12, 9.21521e-05
1557.47, 0.00325077
1720.78, 0.00385263
1789.63, 0.0204285
2028.62, 0.00284851
1289.39, 0.000915415
1916.35, 0.00476726
1733.36, 0.0203938
1281.31, 0.000997916
1434.47, 0.00709072
2218.9, 0.0025396
1763.87, 0.00417619
2056.95, 0.00272172
1553.91, 0.00300384
1721.48, 0.00594653
1465.15, 0.00232187
2094.43, 0.0014564
1698.99, 0.00708916
2402.27, 0.000840867
1094.52, 0.00299858
2295.46, 0.00194761
1849.37, 0.00472098
1280.66, 0.00230949
1895.69, 0.00937897
2294.65, 0.000362524
1648.6, 0.0104672
2273.52, 0.000557775
1506, 0.00421505
1756.02, 0.00388783
2184.95, 0.00117295
1514.78, 0.00313051
1396.06, 0.00451801
2308.85, 0.000248693
2021.9, 0.00763175
1651.29, 0.00700444
1889.54, 0.0116165
1795.69, 0.011134
2239.08, 0.00313892
2027.6, 0.00295337
2207.18, 0.00152737
1508.54, 0.00649229
1755.05, 0.00471485
1568.92, 0.0023704
1933.9, 0.00381497
1205.07, 9.74324e-05
2421.97, 0.00096969
2119.26, 0.00332183
2184.78, 0.00279277
1821.54, 0.00331901
2465.06, 0.00220603
1647.17, 0.00467201
1349.03, 0.00863941
1959.43, 0.00232748
1908.98, 0.00330442
1016.79, 0.0030349
1400.04, 0.0019219
2083.38, 0.00362909
1326.41, 0.00202747
1144.79, 0.0103795
2059.28, 0.00238128
1831.41, 0.00526506
1780.28, 0.00479098
1906.86, 0.00679093
2195.54, 0.00110497
1110.74, 0.00106246
1286.43, 0.00109348
1527.75, 0.00662157
1441.08, 0.00504778
1090.09, 0.00258404
1645.04, 0.01189
1108.39, 0.00112936
2161.66, 0.00298489
1477.83, 0.00468586
1848.99, 0.0033899
1154.34, 0.000679382
1786.45, 0.00387924
2112.55, 0.00888398
1608.18, 0.00264958
1555.59, 0.00184309
2240.87, 0.00132508
1852.92, 0.00414224
2448.05, 0.00152285
1750.66, 0.00364088
1776.14, 0.0030117
1283.15, 0.000939327
1997.32, 0.00255178
1852.7, 0.00360135
1088.77, 0.00343351
1888.06, 0.0118431
2047.31, 0.00319647
2399.3, 0.00102832
1202.45, 4.83576e-05
2402.58, 0.00107322
1365.52, 0.00126665
1133.34, 0.00109106
2142.63, 0.0021614
1618.23, 0.00257631
1279.22, 0.00105414
2254.99, 0.00101535
1492, 0.00251273
1690.96, 0.00399735
1828.43, 0.00213443
1875.84, 0.00229252
1765.3, 0.00318816
2043.85, 0.00178862
1638.78, 0.00425342
2435.69, 0.00220622
2210.06, 0.00116566
2031.51, 0.0081569
2390.47, 0.00102736
1813.99, 0.00394339
1691.79, 0.00329733
1231.58, 0.000387319
2357.2, 0.000129448
1267.36, 0.00124446
1981.47, 0.00287195
1967.11, 0.0121667
1559.72, 0.00340169
2342.52, 0.0285183
1369.77, 0.00237827
1710.02, 0.0042428
1821.28, 0.00487554
2163.83, 0.0256265
1093.71, 0.00106538
1680.62, 0.00597349
2117.45, 0.00326695
2083.47, 0.00573053
1124.7, 0.00107714
2101.48, 0.00233365
1412.94, 0.00168373
1718.82, 0.00486704
1031.85, 0.00171376
2376.43, 0.000513905
2040.19, 0.00290441
1950.15, 0.00486146
1247.61, 0.000412736
2041.1, 0.00722239
2149.2, 0.00126857
2260.8, 0.000588667
1090.93, 0.00255878
2281.33, 0.000427455
1295.36, 0.00150277
2102.27, 0.00233461
1312.06, 0.0008223
1861.92, 0.00371143
1222.35, 0.0002214
1612.23, 0.081287
1148.52, 0.000655205
1037.38, 0.00733499
1902.53, 0.00485253
2495.33, 0.00132521
1670.11, 0.0144984
1365.15, 0.00138529
1958.06, 0.00241046
2477.57, 0.00247638
1389.64, 0.0113967
1306.26, 0.00228417
2268.87, 0.000700278
1467.5, 0.00232662
1629.19, 0.00419581
2455.78, 0.0103355
1245.71, 0.000822062
2444.97, 0.00138321
1889.22, 0.0044908
2163.2, 0.00221154
2401.82, 0.000888458
1148.68, 0.000458833
2168.49, 0.00163839
2157.24, 0.00331595
1429.82, 0.0111754
2032.24, 0.00532439
1325.58, 0.00144877
1978.28, 0.00226791
1244.3, 0.000882244
1245.36, 0.000628422
1198.99, 8.14274e-05
2033.68, 0.00224809
1973.31, 0.00512839
1637.26, 0.00455006
2103.97, 0.00174126
1405.02, 0.00169348
1365.48, 0.00227277
1196.57, 0.00011181
2379.4, 0.000499734
1936.47, 0.0026862
2075.34, 0.0018029
1190.2, 0.000223085
2303.49, 0.00029912
2463.12, 0.00149806
2257.97, 0.000521992
2205.5, 0.00896585
2364.57, 0.00106763
1338.9, 0.00213362
2327.54, 0.000164667
1476.45, 0.00310343
2371.54, 0.000300562
1215.52, 0.000207083
2409.49, 0.000943506
1218.58, 0.00025026
1060.48, 0.00198771
2486.56, 0.00234014
1294.89, 0.000771037
1433.55, 0.00314277
2393.43, 0.00109149
2199.57, 0.00110394
2177.48, 0.00257221
1929.94, 0.00357225
1946.2, 0.00281819
1268.07, 0.00325204
2206.73, 0.00108269
2071.46, 0.00348982
2391.8, 0.00254035
2129.79, 0.00188289
1106.97, 0.00143609
2284.21, 0.000341323
1193.37, 0.00011021
1959.38, 0.0113076
1310.15, 0.000862029
2120.78, 0.0112557
2461.35, 0.000961484
2468.55, 0.00173199
1880.1, 0.00632176
1856.54, 0.0078405
2123.72, 0.00208648
2215.34, 0.00180225
1032.49, 0.00341863
2059.1, 0.00316474
2324.17, 0.000108134
2022.09, 0.00719248
1707.01, 0.114903
1796.09, 0.00717827
1840.01, 0.00319954
2094.35, 0.00160717
2464.17, 0.00208073
1757.41, 0.00525976
1656.38, 0.00341893
1540.4, 0.0782256
1775.48, 0.00440718
1478.73, 0.00402705
1279.92, 0.000913166
1587.03, 0.00427117
1399.83, 0.00257398
2020.96, 0.00696727
1767.91, 0.0036936
1700.81, 0.00432571
1469.56, 0.0045223
2153.99, 0.00180824
1156.81, 0.00124735
1516.68, 0.00477995
1611.34, 0.00295058
2286.65, 0.000667796
1648.88, 0.00360374
2376.87, 0.000618179
1370.16, 0.00166196
2296.87, 0.000481143
1575.7, 0.00443356
1274.51, 0.00255538
1593.86, 0.00336895
2316.08, 0.000636155
1219.82, 0.00597051
1024.22, 0.00187247
1371.58, 0.00327226
1103.79, 0.000606266
2123.95, 0.00169085
1232.43, 0.000281642
1235.79, 0.000423915
1962.97, 0.00524756
1423.21, 0.00855909
1395.23, 0.00287041
1960.5, 0.00467228
2099.85, 0.0049556
2472.79, 0.00199138
1693, 0.00326209
1953.06, 0.00573456
1166.84, 0.000487842
1607.52, 0.00592034
1307.93, 0.00206847
1821.43, 0.00281619
1146.32, 0.000546433
1146.49, 0.000416681
1520.17, 0.00357682
2205.9, 0.00233255
1626.8, 0.00524012
2172.89, 0.0041023
1781.31, 0.00971617
1472.24, 0.00489104
1359.62, 0.00423536
2325.1, 0.00024389
2481.15, 0.00169951
1820.58, 0.011704
1022.62, 0.00120684
1796.11, 0.00395245
2314.76, 0.000303611
1492.31, 0.00848417
1419.35, 0.00196509
1608.07, 0.00414513
2344.24, 0.000159468
1202.14, 0.000233546
1844.76, 0.0160304
1390.72, 0.00254946
1413.31, 0.00879788
2137.31, 0.00474225
1020.75, 0.00116705
2060.03, 0.00454853
1917.1, 0.0066861
1166.97, 0.000665065
1015.76, 0.00244312
2203.51, 0.00102068
2020.94, 0.00239739
1615.92, 0.00327361
1076.48, 0.00295121
1392.84, 0.00966412
1774.3, 0.0042611
1516.35, 0.0102524
1188.83, 0.00014711
1421.99, 0.000870495
1476.14, 0.00636703
2218.45, 0.00255597
2386.31, 0.000614532
1386.06, 0.00435813
1205.69, 9.22252e-05
2109.76, 0.00392471
1775.39, 0.00661171
1391.13, 0.0030843
1629.79, 0.0192204
2028.26, 0.009762
1984.34, 0.00226704
1059.48, 0.000858052
2272.91, 0.000905066
1318.79, 0.00467055
1665.56, 0.00425562
2279.56, 0.000572599
2396.98, 0.00177988
1325.14, 0.0769707
1550.15, 0.00541511
2182.92, 0.00210316
2028.99, 0.00341225
1840.13, 0.00377436
1280.38, 0.00137211
2123.25, 0.00155339
1925.89, 0.00669408
1089.4, 0.0010866
1527.61, 0.0026759
1913.03, 0.00539797
1944.39, 0.0224533
1859.14, 0.00492822
1212.66, 0.000114983
1005.91, 0.00410805
1715.62, 0.00649512
1903.69, 0.00239865
1900.19, 0.00231635
1592.05, 0.00515227
1176.04, 0.000634931
1374.25, 0.00252689
1873.23, 0.00349065
1018.39, 0.00185186
2295.27, 0.000478562
2128.08, 0.00126972
1040.31, 0.00163031
2065.99, 0.0231352
2031.22, 0.0194989
1584.53, 0.00552804
2165.74, 0.00163732
1754.26, 0.00341835
1569.87, 0.0199278
2399.13, 0.0109101
1318.61, 0.00259152
2421.25, 0.0016317
1537.99, 0.00233627
1708.92, 0.0138465
1716, 0.00313482
2114.63, 0.00283203
2342.49, 0.000291823
1875.54, 0.00427668
1381.56, 0.00300488
1157.71, 0.000304627
1286.11, 0.00078628
1520.24, 0.0239396
1280.58, 0.000728923
2147.36, 0.00286072
1787.32, 0.00432679
1281.47, 0.00173658
1031.08, 0.00164346
2453.45, 0.00119568
1746.92, 0.00393731
1039.23, 0.00146517
1015.62, 0.00344632
1702.32, 0.00350753
2147.05, 0.00248071
1053.72, 0.0016822
1103.71, 0.000838134
2392.75, 0.000959747
1131.32, 0.000987231
1770.53, 0.0062157
1828.01, 0.00586486
1195.95, 0.000310426
2371.29, 0.000302254
1976.44, 0.00381866
1858.99, 0.00400198
1538.37, 0.00258076
2010.99, 0.00176341
1723.49, 0.00545746
1304.3, 0.00179556
1477.06, 0.00182524
2123.75, 0.00176563
1458.08, 0.00334386
1710.06, 0.0129645
1964.46, 0.00502552
1093.03, 0.00144694
1262.63, 0.000717644
1918.18, 0.0031175
2094.93, 0.00430968
1104.49, 0.000640706
1799.45, 0.00290153
1884.55, 0.00429526
1237.4, 0.000487476
2225.96, 0.00105903
1745.13, 0.00666675
1457.95, 0.0250989
1155.94, 0.000542416
1063.17, 0.00109288
2092.29, 0.00551067
1703, 0.00407297
2281.43, 0.000841846
2419.04, 0.000821899
1730.58, 0.00466967
1225.74, 0.0155146
1105.46, 0.000616622
1831.88, 0.00446918
2252.38, 0.000820247
2274.43, 0.000902686
1087.09, 0.00773922
2361.83, 0.000287879
2465.27, 0.00293596
1975.17, 0.00624692
1320.11, 0.00419279
1413.97, 0.00198633
1226.45, 0.00015763
2303.58, 0.000241301
2071.58, 0.00371174
2409.76, 0.000556942
2414.96, 0.00114689
1355.6, 0.00138967
2448.99, 0.0226005
2387.81, 0.000666532
1647.1, 0.00989941
2294.77, 0.000443995
1090.48, 0.00192709
1245.34, 0.000716487
1838.9, 0.00451526
2475.22, 0.00175664
1096.53, 0.00115905
1489.84, 0.00587011
1595.72, 0.0050563
1515.25, 0.00225807
1299.94, 0.00109852
1941.85, 0.0193212
1001.12, 0.00827104
1210.2, 9.79817e-05
2308.1, 0.000164136
1147.38, 0.00123321
1293.19, 0.00102779
1695.3, 0.00169876
1176.61, 0.000222298
1445.09, 0.00471297
1878.09, 0.00395319
2100.78, 0.00958941
1108.43, 0.00138823
2423.04, 0.000834139
2229.81, 0.00667462
2020.91, 0.00712417
2175.22, 0.00369569
2087.05, 0.00871747
2201.94, 0.00343533
2484.9, 0.0129859
1856.46, 0.00370013
2218.47, 0.000846826
1983.14, 0.00230646
2196.07, 0.00106219
1605.3, 0.00531406
2459.36, 0.00161789
2101.56, 0.0581839
1595.35, 0.00747862
2059.45, 0.00154243
1655.87, 0.039622
1377.82, 0.00307322
1825.3, 0.00374742
1363.54, 0.00806741
1290.12, 0.000817847
1347.24, 0.00288275
1409.48, 0.0017074
2217.94, 0.00110038
1284.81, 0.00113041
2383.88, 0.000717622
2283.51, 0.000899854
1498.58, 0.00585046
2161.44, 0.0016257
1496.65, 0.00952764
1287.73, 0.00278429
2162.76, 0.00195264
1497.16, 0.00247862
1519.31, 0.00203804
1760.45, 0.016299
2220.75, 0.00133741
1516.66, 0.00174505
1721.11, 0.0888648
1408.86, 0.0023965
2374.24, 0.00044378
1584.86, 0.0302705
1136.43, 0.000554356
2000.23, 0.0098137
2161.45, 0.00217068
1202.62, 8.17002e-05
1438.45, 0.00318359
2124.6, 0.00339779
1153.1, 0.000408895
2294.2, 0.000927746
1415.24, 0.00221394
1404.78, 0.00167887
1679.92, 0.00454888
1384.06, 0.00349526
2196.33, 0.00384189
2221.49, 0.00107865
1646.22, 0.00249032
1356.17, 0.00168619
1836.87, 0.00359006
1375.97, 0.00203052
1578.67, 0.00430562
2442.41, 0.000900744
2264.12, 0.00184003
2024.2, 0.00211141
1134.45, 0.00122061
2223.67, 0.000725405
1820.01, 0.00953273
1081.12, 0.000727912
1611.79, 0.00459792
2168.46, 0.00142535
1986.2, 0.00236586
1150.82, 0.000709161
2105.83, 0.00311602
2448.22, 0.000998962
2463.78, 0.00269316
1679.96, 0.00534579
1471, 0.00632002
1602.21, 0.00273082
1863.5, 0.00491042
1173.7, 0.000706212
2000.49, 0.00438611
1472.59, 0.00288328
1016.98, 0.00611801
1387.29, 0.00237359
2190.26, 0.00179661
2215.06, 0.00122041
2436.32, 0.00122419
1339.96, 0.00127137
2216.69, 0.00120635
2105.95, 0.00128998
2196.13, 0.00247277
1139.12, 0.000523162
1048.41, 0.0300986
2066.6, 0.00251649
2168.17, 0.00157587
1905.71, 0.00783131
1747.29, 0.0193757
2323.83, 0.000335547
1600.29, 0.00405786
2129.08, 0.00269373
1171.99, 0.00507568
1313.23, 0.00192822
1811.62, 0.00317094
2369.38, 0.000421502
2482.17, 0.00137213
1549.34, 0.00457584
2350.82, 0.000299335
1374.17, 0.0028338
1554.29, 0.00285059
1524.55, 0.00688855
1071.81, 0.00104889
1799.83, 0.00447854
2351.25, 0.000546014
2373.86, 0.000494921
2329.82, 0.000288325
1461.91, 0.00374664
2310.42, 0.000259267
2115.74, 0.00152266
1493.15, 0.0036427
1333.41, 0.00111517
1934.76, 0.0102924
1296.76, 0.00104991
2494.54, 0.00118705
2325.93, 0.000210173
2255.05, 0.00339278
1069.58, 0.00291103
2113.18, 0.0014231
1669.82, 0.00302558
1784.69, 0.00270819
2470.56, 0.00172843
1452.88, 0.00404421
1345.42, 0.00145806
1453.62, 0.00305212
1035.28, 0.004201
2019.24, 0.00540205
1409.48, 0.00204608
2026.2, 0.00172617
2328.22, 0.00193908
1966.04, 0.00261771
2121.43, 0.00104482
1082.03, 0.00130252
1764.27, 0.00292404
2100.63, 0.00208654
1732.01, 0.0104708
1114.95, 0.00078073
2291.6, 0.000855223
1663.38, 0.00441879
1698.26, 0.0598631
2335, 0.000156168
1828.28, 0.0353256
1594.16, 0.00323753
1377.81, 0.00273445
1419.02, 0.0016822
2459.34, 0.000760241
2019.65, 0.00390749
1228.67, 0.000396739
2341.74, 0.000151604
1620.46, 0.00291538
2074.32, 0.00784874
2085.19, 0.0130109
2323.06, 0.000152646
1276.81, 0.00152851
1465.58, 0.00331312
1566.14, 0.00504706
1143.69, 0.000477075
1909.83, 0.00573965
2352.6, 0.000175555
1824.97, 0.00655551
1834.75, 0.00405455
2174.36, 0.0350329
1362.03, 0.00210442
1133.58, 0.00239149
1904.34, 0.00446402
2459.25, 0.00174699
1205.49, 8.17291e-05
1750.94, 0.00306484
1391.13, 0.00294237
2264.97, 0.00987308
2137.4, 0.00693566
1273.42, 0.000662057
2190.9, 0.00149875
1287.81, 0.00080757
2214.49, 0.00608388
1745.83, 0.00290041
2319.06, 0.000228813
1268.22, 0.00440532
2299.74, 0.000254501
1423.25, 0.011881
1196.31, 6.29642e-05
2298.35, 0.000213791
2324.82, 0.000120216
1583.81, 0.00748215
1461.13, 0.0027805
1263.39, 0.000504353
1685.83, 0.00386281
1156.54, 0.000290207
2356.27, 0.000247253
1261.44, 0.000613182
2239.4, 0.000801468
2400.71, 0.000593758
1430.44, 0.00705673
1238.49, 0.000613628
1062.02, 0.00357843
2120.74, 0.00228829
1929.95, 0.00543705
2032.89, 0.00203822
2145.64, 0.00145187
2008.16, 0.00209438
1769.77, 0.00461333
1263.85, 0.000974908
1648.81, 0.00363262
1651.19, 0.00448595
1626.59, 0.00409186
2184.61, 0.00118633
2274.56, 0.000893388
1641.55, 0.0037822
2280.39, 0.000633643
2484.46, 0.0086129
2105.01, 0.00294774
2097.23, 0.00234881
1684.96, 0.00377202
1556.35, 0.00501456
1869.94, 0.00379145
2394.15, 0.00055162
1380.36, 0.00233539
1699.23, 0.00576615
1661.54, 0.00238492
2167.26, 0.00110519
1434.61, 0.0147235
2464.99, 0.000962381
1373.98, 0.00132708
1535.33, 0.00344624
2319.62, 0.00017248
1380.66, 0.195856
1877.54, 0.00474122
1907.36, 0.00603857
1944.14, 0.0335678
1944.74, 0.00584141
1144.99, 0.000570832
1215.95, 0.000631098
1581.3, 0.134981
2046.84, 0.00400737
2326.97, 0.000780757
2266.79, 0.000469041
1212.04, 0.000206257
2088.19, 0.00282731
2313.27, 0.000580329
1722.59, 0.0104979
1195.05, 0.000117135
1316.25, 0.00147235
1087.78, 0.0330129
2394.25, 0.00610794
2038.22, 0.00365479
1293.68, 0.00188059
1309.55, 0.00371185
1253.98, 0.000448691
1100.73, 0.00172959
2390.47, 0.000508664
2088.48, 0.00179988
1685.14, 0.00465043
1794.12, 0.00319543
2253.06, 0.00154505
1640.41, 0.00361762
1085.9, 0.00414035
2311.3, 0.000111828
1595.26, 0.00409898
1221.84, 0.000250473
2283.98, 0.000787499
1634.49, 0.00525015
1471.03, 0.00227814
1108.63, 0.0028524
1589.14, 0.00310971
2050.45, 0.00351021
2163.02, 0.00283059
1799.45, 0.0133615
2212.82, 0.00130504
1697.87, 0.00360763
1817.02, 0.00346023
1344.37, 0.00274111
1820.66, 0.0111153
2141.77, 0.00474149
2402.65, 0.000625263
1111.89, 0.00174292
2019.03, 0.00445147
2101.65, 0.00172936
1379.36, 0.00148435
1405.8, 0.00648795
1852.57, 0.00256204
1135.19, 0.00112911
1201.34, 0.000127345
2007.1, 0.00594438
1989.3, 0.00275734
1533.34, 0.00275006
1374.76, 0.00223532
2204, 0.00138547
1236.92, 0.000274461
1241.81, 0.000495356
1557.93, 0.00233518
2276.24, 0.000436155
1067.4, 0.00178167
1853.15, 0.0266309
2146.83, 0.00215271
1376.74, 0.0024324
1971.91, 0.00370604
1991.19, 0.00182901
2403.61, 0.00299073
1709.57, 0.00309601
1070.33, 0.00213151
1899.59, 0.00690465
2331.36, 0.000176519
1675.95, 0.014342
1362.28, 0.00218256
1662.23, 0.00298256
2015.4, 0.0026931
2279.06, 0.000328339
1464.06, 0.00371637
1223, 0.000145972
1268.8, 0.000515615
1457.96, 0.0029167
1695.82, 0.00415009
1130.66, 0.00230555
1557.56, 0.00388323
1581.7, 0.00333163
2448.45, 0.000868162
1991.03, 0.00520557
1256.5, 0.00308655
1440.13, 0.00244333
1283.99, 0.00242724
1328.7, 0.0042673
2320.07, 0.000154908
2433.18, 0.00108835
1170.02, 0.0122143
1671.96, 0.0124637
1259.51, 0.00114607
1099.45, 0.0016823
2351.71, 0.00017839
2315.04, 0.000283241
2008.6, 0.0099188
1377.11, 0.00653534
1398.72, 0.0026188
2356.57, 0.000259665
1841.74, 0.00302598
2404.7, 0.000637422
1378.12, 0.00235501
1902.85, 0.00384523
2154.12, 0.0017906
1867.72, 0.00625283
1049.56, 0.0124642
1090.04, 0.00121578
1869.12, 0.00321283
1370.19, 0.00227017
2171.95, 0.00126108
2057.27, 0.00484121
2382.47, 0.000697649
1256.16, 0.00297748
2253.98, 0.0011603
1092.97, 0.000731557
1169.25, 0.00122691
1162.89, 0.000442121
2368, 0.000383342
2046.41, 0.00287387
1455.89, 0.149926
1872.74, 0.00580904
2453.47, 0.00192652
1955.77, 0.00260746
1371.65, 0.00220562
2463.2, 0.0055965
1786.71, 0.00577119
1827.12, 0.00332014
1169.72, 0.000428614
1527.34, 0.00545121
1735.93, 0.00940188
2311.72, 0.000298964
1382.32, 0.00406562
2204.6, 0.00689754
2003.86, 0.00367139
2317.95, 0.000108932
1673.39, 0.00592148
1013.46, 0.00222054
1511.27, 0.00962208
1495.79, 0.00428029
2420.08, 0.000667772
1971.12, 0.00317626
2209.36, 0.0018046
2353.06, 0.000247629
1478.78, 0.00221614
2462.13, 0.00144592
1408.02, 0.022245
2130.02, 0.00797615
1152.38, 0.000758374
2032.26, 0.00641536
2429.49, 0.00226706
2459.32, 0.00303285
1211.78, 0.000265116
1109.74, 0.000657732
1789.01, 0.00556494
1289.71, 0.00110268
1413.08, 0.00330336
1641.39, 0.00361351
2461.53, 0.0013031
1609.99, 0.0053832
1031.54, 0.209935
2254.36, 0.000910984
2081.52, 0.0025497
2171.97, 0.00161343
1197.03, 0.00018556
1525.36, 0.00361721
1829.09, 0.00633551
2000.84, 0.00341721
1056.21, 0.0012431
1533.43, 0.00352139
1911.9, 0.00868871
1823.37, 0.00448057
2039.9, 0.00403798
1913.93, 0.00699895
1760.61, 0.0029807
2471.1, 0.00166083
1309.4, 0.00164316
1014.99, 0.00246664
1904.3, 0.00307572
1129.01, 0.000554251
2421.51, 0.000692095
1048.21, 0.0455109
1513.76, 0.00377698
1885.42, 0.00318999
1515.62, 0.01122
2466.41, 0.00371851
1315.24, 0.00261818
1861.98, 0.00446896
1803.18, 0.00562424
1571.33, 0.00325993
2248.63, 0.000845622
2121.71, 0.00365312
1045.71, 0.00120143
1053.9, 0.00516361
1569.53, 0.00324274
1799.68, 0.0102586
1168.09, 0.000350018
2135.08, 0.00184941
1116.22, 0.00500736
1447.2, 0.0073405
1603.33, 0.00320588
2216.38, 0.0023648
1125.21, 0.000755457
1339.89, 0.00172691
1080.63, 0.00151814
1092.39, 0.000975067
1676.93, 0.0127336
1800.27, 0.00576508
1708.87, 0.00695217
1205.43, 0.000685914
1753.5, 0.0030862
1550.6, 0.00239336
2189.2, 0.0178687
1857.1, 0.0041449
1096.12, 0.00215546
2086.01, 0.00236797
1445.76, 0.00217074
1018.74, 0.00129063
2042.77, 0.00444224
2160.96, 0.00240226
1039.73, 0.00181969
2079.21, 0.00911859
2251.34, 0.000734375
1403.64, 0.00712214
2341.64, 0.000167035
1891.23, 0.00337225
1819.4, 0.00260546
1976.1, 0.00305232
1130.41, 0.000622527
1783.04, 0.011824
1212.16, 0.000170527
1307.36, 0.00323662
2254.83, 0.00113973
1318.17, 0.00115746
1304.24, 0.00153198
1530.96, 0.00676634
1178.55, 0.000216162
1768.52, 0.00626656
1595.14, 0.00435272
2436.61, 0.00157134
1007.78, 0.0126055
1212.19, 0.00016335
1559.72, 0.011961
2302.85, 0.00036061
2073.26, 0.00511765
1692.35, 0.0065043
1204.55, 9.39902e-05
1104.52, 0.00448564
1256.94, 0.000542702
1110.64, 0.00274936
2207.79, 0.00253862
2125.19, 0.00198889
1561.57, 0.017117
2377.49, 0.000330648
1399.12, 0.0025994
1496.55, 0.00407107
1055.72, 0.00171969
1587.92, 0.0159414
2393.67, 0.000445755
1162.51, 0.00112098
2209.05, 0.00128707
1762.62, 0.00618237
1951.45, 0.0107506
1048.65, 0.00682144
1000.23, 0.00219588
1647.32, 0.00338642
1238.44, 0.000554683
1486.13, 0.00240425
1863.34, 0.00346538
1093.95, 0.00129685
1612.01, 0.00552731
1898.91, 0.00329271
1622.27, 0.00309678
1975.99, 0.017233
1613.23, 0.00559745
1442.26, 0.00264997
1931.72, 0.0063163
2357.8, 0.000508756
2198.74, 0.00155786
2178.56, 0.00484348
2156.75, 0.00112463
1485.27, 0.00519132
1456.46, 0.0113411
1033.18, 0.00179908
1248.94, 0.000677408
1733.38, 0.0034246
1568.19, 0.0129614
1950.13, 0.385262
1903.51, 0.00334027
1626.2, 0.00382813
2015.13, 0.00544158
1122.92, 0.00123309
1821.5, 0.00350224
1922.14, 0.00436108
2133.97, 0.00136812
1456.39, 0.0133578
1614.95, 0.00211861
1867.52, 0.00522905
1832.52, 0.00433403
1387.6, 0.00189507
2393.02, 0.00117484
2253.32, 0.00468393
1789.99, 0.0112294
1574.53, 0.00310966
2005.06, 0.00266966
2167.01, 0.00411462
1710.94, 0.00612383
2427.96, 0.000764173
2078.53, 0.00209035
1749.79, 0.00378195
2460.7, 0.00099461
2116.83, 0.00556777
1715.31, 0.00913698
1156.14, 0.000910134
1091.36, 0.000973017
2377.24, 0.00072768
1664.07, 0.00300077
1265.44, 0.00131983
2094.71, 0.00318301
1430.05, 0.0023555
1577.43, 0.00344023
1856.12, 0.00989409
2160.73, 0.00163266
2477.05, 0.0037857
1396.79, 0.00177864
1567.55, 0.00710605
2419.32, 0.0129053
1405.73, 0.00423841
1218.6, 0.000455998
2209.3, 0.00157923
1869.7, 0.0076035
1515.87, 0.00290032
2307.01, 0.000227812
1227.41, 0.000287827
1028.98, 0.00174815
2295.51, 0.000293375
1745.72, 0.0047039
1756.25, 0.00630876
1900.11, 0.00236998
2189.15, 0.00148125
1615.17, 0.0070735
2439.28, 0.00205739
1654.18, 0.00619076
1467.67, 0.00915859
1688.7, 0.00334638
1459.18, 0.00288851
1191.12, 0.000195276
2269.3, 0.000651889
1697.2, 0.00390042
2145.77, 0.0028117
1357.05, 0.00166755
2352.87, 0.000196493
2093.16, 0.00183845
1349.62, 0.00180955
1833.01, 0.00302927
1990.65, 0.00526577
1175.7, 0.000570429
2015.09, 0.00453438
1070.06, 0.00321319
1078.61, 0.00139318
1337.8, 0.00131035
1086.61, 0.00134951
1971.9, 0.0227575
1712.72, 0.00407794
1323.76, 0.00193039
1209.85, 0.000920807
1152.93, 0.000814485
2075.73, 0.0027571
1066.34, 0.000928092
2248.63, 0.00108596
1018.66, 0.00152374
1773.12, 0.00442657
1448.41, 0.00209629
1752.62, 0.0101639
2115.45, 0.00387827
2473.42, 0.00168755
1573.7, 0.0143785
1693.24, 0.0109832
2170.92, 0.00148374
1525.52, 0.00517488
1625.31, 0.00410048
2314.02, 0.000307615
2379.51, 0.000372848
2141.88, 0.00190346
1594.61, 0.00825659
2361.25, 0.000211837
2104.07, 0.00931359
2038.09, 0.00328064
2391.08, 0.000945895
1283, 0.000937645
1277.5, 0.00054831
1607.89, 0.00882599
1111.61, 0.00195035
1713.76, 0.00490173
1306.26, 0.001463
2293.57, 0.000530702
1750.93, 0.00405387
1493.15, 0.00297561
2207.74, 0.00112513
1274.31, 0.00129192
1126.45, 0.00057051
1940.16, 0.0109621
2428.63, 0.000781889
1488.25, 0.0105139
1889.96, 0.00331802
1685.97, 0.0134305
1834.78, 0.00524059
1570.18, 0.00482566
1064.26, 0.00205427
1406.94, 0.00163648
1519.54, 0.00521926
1847.83, 0.0056656
1287.17, 0.00277494
1229.19, 0.000257546
2055.4, 0.0113253
2330.83, 0.000188174
2477.86, 0.00129667
1756.62, 0.00377639
2181.97, 0.00124541
1029.53, 0.00264586
1901.32, 0.00342133
1960.94, 0.00475389
2306.01, 0.00015765
1965.72, 0.00181583
2398.37, 0.000652324
1272.04, 0.00350895
2037.28, 0.00261183
2491.86, 0.00128866
1858.72, 0.00514218
2342.74, 0.000211861
2456.94, 0.00695942
2199.96, 0.00172902
2375.21, 0.000382402
2071.09, 0.00202839
2200.15, 0.00131462
2415.34, 0.000971118
1932.14, 0.00397207
2430.04, 0.00079378
1914.74, 0.00394932
2286.87, 0.000628189
2308.4, 0.000205392
2317.76, 0.00313156
1790.13, 0.00711889
2199.05, 0.00485795
1086.11, 0.000915731
1162.96, 0.000254361
1795.7, 0.00221824
2052.04, 0.00174706
1190.63, 0.000222015
1431.33, 0.00290378
2169.11, 0.000862138
2095.43, 0.00154924
1159.58, 0.0004153
1316.28, 0.00247377
1687.58, 0.00630564
1250.32, 0.000581613
1027.62, 0.00248073
2323.53, 0.000514193
2338.86, 0.000147685
1691.58, 0.00733404
1262.06, 0.000518745
1949.91, 0.00373053
2213.87, 0.00125968
1359.17, 0.00920148
1016.32, 0.00362419
1396.09, 0.0463398
1313.05, 0.000871606
1353.63, 0.00333393
1288.35, 0.00198499
1397.04, 0.00685777
1005.54, 0.00295972
1627.28, 0.00300751
1971.5, 0.00249277
1245.12, 0.00103144
1997.76, 0.00468639
1663.26, 0.00386302
2256.41, 0.000924093
1233.93, 0.000539153
1925.38, 0.00329665
2201.23, 0.00123744
1737.25, 0.00680696
2295.88, 0.000434785
1475.24, 0.00366965
1969.55, 0.00383365
2392.25, 0.00078163
2358.14, 0.000293811
1611.26, 0.021012
1706.18, 0.030744
1900.05, 0.00276389
1798.5, 0.0569148
1137.87, 0.0011469
2458.97, 0.0013003
2480.65, 0.00184709
1337.3, 0.00172399
2428.9, 0.00103632
2376.2, 0.000635008
2276.21, 0.000517157
1768.04, 0.00562601
1418.52, 0.0027418
1150.18, 0.000422587
1149.43, 0.00125684
2006.27, 0.00388868
1722.93, 0.00508677
1045.9, 0.00142263
1616.11, 0.00841001
1662.34, 0.00846382
1867.14, 0.00265676
1379.32, 0.00577421
1938.33, 0.00447182
1670.17, 0.0037632
2354.97, 0.00041078
1172.23, 0.000786899
2122.76, 0.00209727
2486.22, 0.00138968
1919.27, 0.00333484
1814.35, 0.00277054
2011.89, 0.00289784
2071.54, 0.00344587
2439.66, 0.000925877
2410.32, 0.000673621
2405.67, 0.000756614
1463.8, 0.00253862
1519.78, 0.00687653
2157.76, 0.00412367
1661.14, 0.00613632
1488.68, 0.00278793
1920.14, 0.00336057
1869.43, 0.00488459
1403.82, 0.00342794
1195.38, 9.3316e-05
2018.21, 0.0104391
1953.15, 0.00321919
1022.31, 0.00152673
1687.63, 0.0712632
2288.29, 0.000523585
2000.77, 0.00395758
1238.42, 0.000657996
2467.04, 0.00179216
2131.66, 0.00298858
1640.02, 0.0345096
2174.8, 0.00444619
2307.62, 0.0262276
1949.06, 0.0017887
1715.03, 0.00949321
1225.53, 0.000327535
2185.49, 0.00187312
1684.06, 0.0109641
1713.86, 0.00467633
1547.47, 0.00342092
1999, 0.00359215
1901.53, 0.0230291
2305.01, 0.0119781
1534.19, 0.00443251
1947.63, 0.00823897
1497.76, 0.00702263
1773.62, 0.00329517
2445.1, 0.00146969
1671.06, 0.0485625
2470.85, 0.00142452
2185.18, 0.00118831
1103.7, 0.00128856
1038.35, 0.00271956
1934.21, 0.00278384
1192.1, 0.000155449
1832.73, 0.00571954
2087.96, 0.00889885
1321.15, 0.00110768
2481.85, 0.00119887
2249.56, 0.00395797
1382.99, 0.00240457
1064.05, 0.00064027
1989.46, 0.00426021
1271.35, 0.000989069
2017.09, 0.00281164
1732.21, 0.00284522
1879.24, 0.00292711
2036.7, 0.00265683
1656.63, 0.0151848
1699.93, 0.00700018
1255.08, 0.000946399
1634.26, 0.00560151
2360.91, 0.000387969
2038.54, 0.00245446
1100.52, 0.00118549
2250.26, 0.00133525
1872.89, 0.0044678
1280.2, 0.00124049
1178.82, 0.000250666
1965.49, 0.00412483
1448.56, 0.00172722
1051.12, 0.0020655
2366.1, 0.000600968
2300.79, 0.00246732
1533.65, 0.00284833
1089, 0.0125255
2299.79, 0.000894342
1792.82, 0.00659089
1346.26, 0.0031873
1746.58, 0.00357732
1509.03, 0.00642137
1123, 0.00252429
1814.42, 0.00357905
2127.55, 0.00175272
1108.75, 0.00125236
1557.27, 0.00253261
1501.19, 0.00416255
1048.41, 0.00144452
1348.07, 0.00355959
1357.28, 0.0017147
1449.7, 0.00250004
2351.7, 0.000310544
2151.66, 0.0034708
1784.41, 0.0117116
1171.46, 0.000239103
2457.41, 0.00103115
2088.42, 0.00532966
1254.43, 0.00354717
1267.91, 0.00212013
2015.36, 0.00234915
1971.73, 0.00235306
1896.8, 0.0274976
1885.85, 0.00757772
1306.2, 0.00103988
1321.52, 0.00492782
1129.25, 0.00285888
2381.19, 0.00049806
1167.74, 0.000620704
1350.66, 0.00240075
2402.21, 0.00115647
2127.76, 0.00138948
1540.5, 0.00473923
1099.23, 0.0207206
1463.26, 0.00502376
1855.87, 0.0037811
1403.11, 0.00241672
1689.19, 0.00228283
1380.42, 0.00852887
1113.94, 0.00142873
2332.1, 0.000157464
1429.42, 0.00712275
1837.2, 0.00958783
1026.52, 0.00259782
1316.79, 0.00123429
2418.01, 0.000817874
1378.58, 0.00172546
1818.12, 0.00463526
1638.94, 0.00530349
1738.97, 0.00644212
2080.48, 0.00263655
2440.2, 0.00176341
1621.96, 0.00295348
2498.51, 0.00267729
2067.63, 0.0036075
1424.56, 0.0032374
1822.84, 0.00571964
1538.06, 0.00367536
1639.87, 0.00335654
1299.17, 0.000924815
1565.28, 0.00370452
1629.1, 0.0037754
1849.25, 0.00754365
1824.16, 0.00304593
1580.58, 0.00412231
1828.9, 0.0052165
1482.27, 0.00351403
1039.45, 0.00196915
1536.59, 0.00274124
1496.67, 0.0026847
2437.47, 0.00103001
1120.02, 0.000955811
1912.71, 0.0049543
2499.73, 0.0186729
2021.63, 0.00295824
2054.7, 0.0065683
2445.03, 0.00131957
2477.65, 0.0023119
2322.53, 0.000613355
1886.64, 0.00489121
2303.66, 0.000204189
2038.92, 0.0022831
1922.04, 0.00434222
2190.26, 0.00216027
1625.91, 0.0042145
2448.47, 0.000752974
1486.22, 0.00448513
2494.7, 0.00152194
2183.48, 0.000857281
1729.43, 0.00554558
2100.8, 0.00221964
1575.79, 0.00474795
1377.42, 0.0118346
1976.2, 0.00457906
2060.04, 0.00181854
1148.73, 0.000406959
1437.99, 0.00333122
1174.62, 0.000245781
1819.64, 1.94385
1483.23, 0.00322195
1939.41, 0.00457476
2205.65, 0.00123919
2102.05, 0.00186719
2296.85, 0.000326113
1635.02, 0.0113381
1225.75, 0.000413598
2321.61, 0.000168928
1494.51, 0.00356913
2187.07, 0.00250364
1747.69, 0.00465888
2415.13, 0.000891584
2356.08, 0.000287438
1266.12, 0.00133782
1372.24, 0.0012871
1782.14, 0.00451271
1713.5, 0.00657329
2153.58, 0.00241021
1898.6, 0.00933779
2165.3, 0.00130456
1656.14, 0.00262073
1665.4, 0.00348388
2261.37, 0.00302093
1779.6, 0.00501487
2247.44, 0.000822689
1033.2, 0.00124866
1795.44, 0.0197672
1519.65, 0.00377549
1857.98, 0.0053253
2082.79, 0.00222686
2130.57, 0.00275267
1125.34, 0.00260587
1706.14, 0.00340461
1442.75, 0.00317848
2484.37, 0.0259824
1693.52, 0.00292626
2272.68, 0.000598133
1116.54, 0.00533313
2386.81, 0.000427057
2171.93, 0.00754123
2432.59, 0.00115811
1247.69, 0.000965666
1630.62, 0.00467756
1235, 0.00134737
2473.91, 0.000723938
1234.05, 0.000510655
2258.95, 0.00056268
1272.37, 0.00186615
1151.75, 0.00060719
1720.47, 0.0056443
2090.86, 0.00218834
1906.97, 0.0107493
1417.81, 0.00232849
1273.85, 0.00198321
1564.61, 0.00335685
1600.81, 0.00652134
2342.2, 0.000299203
1068.68, 0.00211423
1964.22, 0.00427224
2354.6, 0.00125167
1642.48, 0.0033347
2441.49, 0.00244347
1018.99, 0.000857689
2267.16, 0.000432447
2422.46, 0.00120507
1406.2, 0.00328908
2047.29, 0.00324137
2255.57, 0.000721874
2378.1, 0.000377237
1642.73, 0.0576039
1000.66, 0.00372251
1613.21, 0.00560166
1677.37, 0.00572671
1042.91, 0.010041
2111.03, 0.00362855
1201.88, 6.72993e-05
1146.09, 0.000301071
1069.37, 0.00419931
1498.44, 0.00287764
1051.69, 0.00171554
2302.32, 0.000931875
1837.06, 0.00460641
1848.53, 0.0128646
1212.01, 0.000164652
2236.46, 0.000747282
2060.3, 0.00604457
1078.26, 0.0025449
1727.18, 0.00267953
1079.71, 0.0197942
2488.63, 0.00182704
1608.56, 0.00423808
1312.66, 0.00158694
2336.68, 0.000251817
1461.86, 0.00251627
2220.19, 0.00170544
1232.14, 0.000987668
1793.64, 0.0150641
1587.42, 0.00392591
2312.58, 0.00317393
1864.86, 0.00428138
2474.51, 0.00240656
1791.89, 0.00591228
1606.68, 0.00240394
1885.76, 0.00759703
1392.47, 0.00402126
2093.9, 0.00329599
1694.26, 0.0151775
1195.15, 9.08161e-05
1458.55, 0.00495198
2281.73, 0.00061139
1361.88, 0.00112211
1134.87, 0.000293632
1408.83, 0.00379129
1862.69, 0.00418017
1858.98, 0.00677441
1699.16, 0.0115037
2135.6, 0.00121967
1496.34, 0.00283915
2019.66, 0.00280843
1443.6, 0.00418583
2341.38, 0.000252115
2325.06, 0.000150259
1662.99, 0.00451913
2431.49, 0.000941944
2400.25, 0.000694252
2405.08, 0.000530074
2158, 0.00242398
1406.54, 0.00429736
1909.58, 0.00581512
1467.69, 0.00242281
1705.89, 0.00549469
1201.28, 8.14606e-05
1967.67, 0.0328
2482.02, 0.00117976
1665.7, 0.00314541
1374.95, 0.0020593
1364.91, 0.00348912
2348.64, 0.000207033
1919.87, 0.00263966
1576.03, 0.00703482
2291.73, 0.000449418
1303.74, 0.00087751
1085.69, 0.00162769
2125.47, 0.0010892
1402.88, 0.00258051
2349.02, 0.000331708
1925.8, 0.00477008
1361.42, 0.00302494
1261.33, 0.000699243
2094.33, 0.0035888
2247.93, 0.000811024
1246.16, 0.000434191
1011.4, 0.00176534
2141.47, 0.0027001
2033.29, 0.00325868
1932.95, 0.00238097
1088.5, 0.00814996
2429.25, 0.00107297
1240.14, 0.000424425
1658.24, 0.0140708
1286.45, 0.0015609
1339.89, 0.00156407
2248.64, 0.00307637
2143.07, 0.00262626
1935.72, 0.00274899
1308.14, 0.00299602
1949.94, 0.0052162
1562.49, 0.00238129
2062.03, 0.00851591
1005.6, 0.00394944
2466.04, 0.00163018
1645.42, 0.00351684
2094.78, 0.00286659
1282.45, 0.00118956
2334.21, 0.000122781
2435.68, 0.00092126
2099.17, 0.00148979
1259.77, 0.00127823
2047.48, 0.00200591
1565.82, 0.0057826
1012.2, 0.00132344
2055.85, 0.0030214
1695.09, 0.00475013
1822.41, 0.00594477
1041.05, 0.00110778
2109.96, 0.00350868
1499.08, 0.00577236
2195.66, 0.00164392
2012.34, 0.0195937
1312.68, 0.00414952
1109.25, 0.000623835
2141.52, 0.00219923
1949.45, 0.00371959
2173.14, 0.00125454
2359.6, 0.00036446
2346.26, 0.00020531
1730.85, 0.0158042
2177.61, 0.0018469
2018.88, 0.00254142
1192.66, 5.84313e-05
2496.77, 0.00103904
1962.65, 0.016532
1691.63, 0.00282506
2487.45, 0.00203327
1565.83, 0.00306288
2048.06, 0.00429316
1679.64, 0.0059247
1025.16, 0.00188218
2256.89, 0.000995139
2018.22, 0.00301058
1103.6, 0.00154801
1315.83, 0.00184641
2287.35, 0.000354652
1069.51, 0.00215085
1188.11, 0.000832588
1599.48, 0.011301
2299.28, 0.000579545
1723.18, 0.00346657
1028.9, 0.00194066
2068.12, 0.0470727
1352.1, 0.00143388
1491.5, 0.00322485
1541.95, 0.00321942
1749, 0.0168282
2124.63, 0.00218743
1642.11, 0.00404114
2155.47, 0.00241873
1246.09, 0.000354816
1024.66, 0.001807
1795.85, 0.00338842
2186.77, 0.00408754
1684.27, 0.00333402
2003.92, 0.00257816
1867.72, 0.00465593
1431.06, 0.00263609
1017.67, 0.00424999
1007.78, 0.00863923
2163.45, 0.00203957
1969.19, 0.00283073
2151.12, 0.00140768
1654.3, 0.00971643
1816.36, 0.00339981
1417.58, 0.00320951
1991.92, 0.0104509
2105.25, 0.00764339
1109.84, 0.00137023
2461.48, 0.00324881
1496.2, 0.00250953
2413.69, 0.000501957
2335.53, 0.000151559
2245.01, 0.000996512
2404.16, 0.00147804
1207.44, 0.000122081
1764.13, 0.00297512
1599.84, 0.00391306
1615.09, 0.002578
1371.59, 0.00154081
2372.37, 0.000499856
2481, 0.00984855
1300.71, 0.000659866
2387.03, 0.000426954
1085.75, 0.00223955
1856.42, 0.0052066
1677.43, 0.0035614
1870.04, 0.00739229
1557.9, 0.00751878
2337.25, 0.000113498
2245.81, 0.00157026
1794.18, 0.00839076
1840.39, 0.00444049
1193.47, 0.000108705
1188.03, 0.000136525
2431.3, 0.00100723
2432.52, 0.000810254
1451.48, 0.00408571
1575.82, 0.00305631
1573.01, 0.00239801
1341.43, 0.00138671
1041.34, 0.00120511
1338.93, 0.00138313
1187.62, 0.000262933
1781.42, 0.0111867
1403.25, 0.00323976
1051.87, 0.00202572
1832.61, 0.00345529
2229.85, 0.00564998
1062.58, 0.00168929
2116.74, 0.0022011
1616.13, 0.00381437
1904.48, 0.00316946
1688.47, 0.00569234
1949.39, 0.00286018
1539.16, 0.00345775
1383.98, 0.0020415
1196.03, 6.82281e-05
1829.24, 0.00413916
2132.95, 0.00414805
1973.59, 0.00216034
2494.95, 0.00433009
2162.97, 0.00782982
1134, 0.00738536
1187.91, 0.000119807
2069.23, 0.00451234
2441.99, 0.00157488
1734.8, 0.00654562
2497.56, 0.00359945
1898.18, 0.00686605
1922.21, 0.00425364
1871.34, 0.00369531
1480.02, 0.00366583
1327.77, 0.00149716
1545.42, 0.00527951
2126.03, 0.00206219
2234.35, 0.00222879
2045.01, 0.00370023
1449.52, 0.00228229
1535.78, 0.0044974
1418.24, 0.00175138
1375.97, 0.00221942
2095.85, 0.0029336
1104.24, 0.00163012
1052.64, 0.00109157
2028.05, 0.00362963
1182.5, 0.000436693
1164, 0.000413226
1743.42, 0.00488184
1110.43, 0.00122337
2312.86, 0.000292596
1024.12, 0.00182953
1765.02, 0.0034536
2033.99, 0.00517992
2289.22, 0.000991621
1542.63, 0.00473524
1792.83, 0.0048831
1183.63, 0.000435651
2235.28, 0.000667877
2109.03, 0.0351522
2480.09, 0.00099113
1744.98, 0.00466439
1760.85, 0.00924836
2091.69, 0.00365402
1582.22, 0.00559971
2091.52, 0.00232751
1530.94, 0.00327506
1063.9, 0.00148973
2353.11, 0.000398134
1787.19, 0.00450777
1026.07, 0.0056061
2059.09, 0.00173657
2108.91, 0.00622832
2388.98, 0.000523533
1031.32, 0.00143539
1208.78, 9.82528e-05
2192.7, 0.00110175
1205.01, 8.30399e-05
1896.33, 0.00446561
1358.98, 0.00453448
1247.91, 0.00392921
1014.11, 0.00226392
1436.88, 0.00891654
1217.33, 0.000835334
1655.65, 0.0054373
1377.49, 0.00491033
1200.73, 0.000324038
1419.42, 0.00294633
2428.5, 0.00394262
1145.19, 0.000520082
1618.87, 0.00947679
1149.58, 0.00148893
2125.77, 0.00166612
2425.69, 0.000993295
1161.22, 0.000673757
1336.32, 0.00365373
2396.06, 0.00083792
2427.19, 0.00131657
1981.46, 0.00455587
1289.2, 0.000821953
1359.02, 0.00355443
1284.38, 0.000807651
1109.18, 0.00650528
1948.16, 0.00589598
1821.55, 0.0206022
1119.71, 0.00134454
2041.06, 0.00206506
1512.06, 0.00310307
2487.47, 0.00446797
2041.05, 0.00591927
2438.71, 0.000935556
2264.25, 0.00061859
2052.95, 0.00208787
1595.55, 0.00759916
2426.39, 0.00449946
1635.63, 0.00360664
2118.97, 0.00186137
1341.34, 0.00409517
1359.98, 0.00172223
2280.66, 0.000448054
2105.19, 0.00398016
1840.79, 0.00313963
1517.1, 0.00289562
2239.6, 0.00105638
1985.77, 0.00324755
1604, 0.00620816
1850.03, 0.00818048
1516.26, 0.00357492
2095.86, 0.00227588
2021.66, 0.00285391
1271.32, 0.000725339
2452.94, 0.00126093
1488.36, 0.00234017
1440.99, 0.00399509
1580.34, 0.00842725
2368.16, 0.000308682
1488, 0.00339376
1557.8, 0.00672117
1273.67, 0.00152582
1755.23, 0.00321679
1332.35, 0.00115781
1285.8, 0.00392144
1012.08, 0.00225085
1745.68, 0.00346022
2075.03, 0.00980812
2113.15, 0.00413605
1844.28, 0.00529683
2089.82, 0.00198991
2072.15, 0.00171703
2120.84, 0.00200795
1433.1, 0.00200569
2490.98, 0.00163789
2467.65, 0.00196239
2202.93, 0.00375771
1413.82, 0.00199863
1628.51, 0.00613614
1262.99, 0.000741571
2302.92, 0.000493718
2397.08, 0.000710709
1958.21, 0.00266904
1129.43, 0.000723875
2310.37, 0.00039209
1310.61, 0.00119666
2164.18, 0.00226102
1163.01, 0.000827553
1577.09, 0.0103369
1839.67, 0.00532426
1661.61, 0.00406436
1250.02, 0.000299482
1177.42, 0.00035301
1471.68, 0.00282318
2332.24, 0.000558859
2443.89, 0.00156473
2369.11, 0.000527329
1402.95, 0.00363678
1513.4, 0.00354942
2478.91, 0.0013207
1817.5, 0.0190384
1623.82, 0.00547085
1891.3, 0.00329349
1542.4, 0.0022456
2060.06, 0.00341499
2005.2, 0.0053522
1205.93, 7.29474e-05
2418.03, 0.00210903
2441.08, 0.000821191
2282.4, 0.000655674
2306.13, 0.000364308
2144, 0.00172439
1727.14, 0.00403463
2406.02, 0.00103126
2142.16, 0.00229548
1206.29, 0.000175682
2049.47, 0.00284798
1299.99, 0.00279421
2099.3, 0.00653932
1907.62, 0.00332023
1409.55, 0.00195137
1775.12, 0.00560648
1515.62, 0.00523575
2020.01, 0.00717389
1947.77, 0.00248507
2378.97, 0.000349489
1816.64, 0.00292794
2405.87, 0.00135604
2412.39, 0.000909459
2212.71, 0.000838313
1119.69, 0.00108251
1889.66, 0.00315238
1137.05, 0.000670769
1716.98, 0.00789881
2225.11, 0.00195886
1872.59, 0.00667235
1374.6, 0.00653154
1471.99, 0.0041963
1120.07, 0.0020908
1589.41, 0.0107235
1553.37, 0.00356871
2012.47, 0.00281877
2339.55, 0.000203789
1979.17, 0.0270535
1762.06, 0.00700507
2440.38, 0.00122334
1217.87, 0.000294173
1513.79, 0.00210199
2034.11, 0.00290775
2145.56, 0.0696173
1634.95, 0.00990168
1053.27, 0.00107581
2003.35, 0.00408449
1311.73, 0.00560321
2369.67, 0.00110077
2323.7, 0.000182593
1535.58, 0.00678722
1086.86, 0.00152479
1233.04, 0.000497621
1136.66, 0.000930393
1201.55, 0.000213017
1092.09, 0.00246774
1805.18, 0.00550318
2126.48, 0.00208794
1231.38, 0.000732588
1356.92, 0.00256065
1812.56, 0.0029861
2366.44, 0.000331516
2071.27, 0.00243421
1573, 0.0106674
1490.92, 0.00481499
1687.52, 0.00379284
2131.4, 0.00337149
1242.64, 0.000603842
1736.58, 0.00413365
1807.62, 0.00302561
1880.1, 0.0120341
1271.8, 0.000686354
1460.45, 0.00387819
2072.92, 0.0025343
2227.4, 0.0029961
1187.88, 0.000483885
1378.45, 0.00254107
1433.48, 0.00427526
1216.23, 0.000163952
1937.73, 0.00297535
1907.91, 0.00365462
2482.19, 0.00217644
1885.06, 0.00458198
2348.85, 0.000728895
2238.34, 0.00133935
1670.27, 0.00424381
2250.97, 0.000927429
1700.54, 0.00328485
1714.08, 0.00627078
1301.97, 0.00365959
2054.32, 0.00295381
1416.57, 0.00283212
2052.54, 0.00210049
1270.41, 0.00117327
2077.31, 0.00306403
2195.7, 0.00205018
2003.14, 0.00221665
2049.88, 0.00551413
1029.39, 0.00125903
1594.04, 0.0054493
2003.03, 0.00204044
1153.81, 0.000690582
1931.61, 0.00584592
1201.09, 0.000207284
1379.65, 0.00150863
1983.5, 0.0083965
1238.61, 0.00421183
1430.72, 0.00618912
2478.08, 0.0052349
2489.32, 0.00132299
1871.28, 0.00237738
1802.65, 0.00341116
1056.8, 0.00188371
1731, 0.00412429
1680.84, 0.00302484
1665.98, 0.00478555
1733.92, 0.00461907
1404.76, 0.00201546
2315.87, 0.000384397
1455.66, 0.00169531
2077.11, 0.00426628
2106.65, 0.010338
1696.76, 0.00715696
2191.51, 0.00142778
1512.14, 0.0068443
2102.76, 0.00185509
1871.11, 0.0055863
2301, 0.000463533
1509.49, 0.00574881
1575.38, 0.00801441
2397.83, 0.00186817
1750.64, 0.00783747
1771.61, 0.00628072
2420.4, 0.00159008
1210.78, 0.000415194
1970.53, 0.00294537
1910.77, 0.002197
1023.85, 0.00224814
2112.81, 0.00915609
1532, 0.00386244
1006.41, 0.00228088
1607.8, 0.00312337
2095.21, 0.0072169
2448.69, 0.00121284
1233.51, 0.00294746
1203.53, 5.36408e-05
1395.91, 0.00254628
1273.49, 0.000881303
1677.39, 0.00687717
1718.84, 0.00476698
1240.56, 0.000715266
2270.04, 0.000683311
2111.19, 0.0129704
1936.88, 0.00732958
1044.58, 0.00294325
1682.08, 0.0037398
1766.08, 0.00405565
2306.38, 0.00790878
1482.66, 0.00485512
2458.23, 0.00107589
1513.52, 0.00398844
2274.05, 0.00167962
1465.86, 0.00399635
1336.21, 0.00158587
2296.01, 0.000219657
1292.62, 0.000922074
1884.99, 0.00630044
1315.64, 0.00317246
1939.09, 0.00388097
2395.84, 0.000433083
1045.14, 0.00217199
2115.85, 0.0168635
1691.39, 0.00308956
1447.49, 0.00341661
1195.35, 7.4881e-05
1320.86, 0.00272813
1790.35, 0.00518058
1934.64, 0.00639346
1991.65, 0.00345667
1736.16, 0.00286974
1596.22, 0.00930211
2443.63, 0.00126866
1758.58, 0.00395563
1816.82, 0.00272233
1691.64, 0.00326528
2331.76, 0.000121098
1277.92, 0.00148699
1360.72, 0.00200657
1429.99, 0.00197889
2226.14, 0.000981352
1572.36, 0.00920957
1964.42, 0.00344676
1949.98, 0.00855692
1319.77, 0.00747597
2169.85, 0.00128518
1824.19, 0.00431349
1695.77, 0.002968
2152.89, 0.056914
1853.42, 0.00339733
1131.73, 0.00107178
1715.03, 0.0056336
1261.12, 0.000654615
2135.96, 0.00246019
1134.1, 0.000551298
1635.74, 0.00375415
2306.1, 0.000562005
2195.15, 0.00358909
2349.17, 0.000287695
1348.6, 0.00234934
1744.53, 0.00340132
2188.77, 0.00184161
2173.58, 0.00167494
1283.33, 0.00106442
1422.1, 0.00378528
2274.76, 0.00526336
2306.1, 0.000455137
1056.71, 0.00153465
1378.1, 0.00183853
1899.09, 0.0261008
1707.28, 0.00463476
1298.44, 0.00180449
1275.07, 0.00163482
1118.37, 0.00350784
2053.02, 0.00240651
2211.48, 0.00332871
1061.37, 0.00245923
1421.49, 0.00486737
2436.07, 0.0124123
2298.41, 0.00221742
1542.83, 0.0032586
1665.82, 0.00296428
2228.44, 0.00131571
1456.66, 0.00320006
1389.57, 0.00192052
1676.67, 0.0136253
1549.51, 0.00546816
1981, 0.00748256
2059.14, 0.00568673
1628.66, 0.00273119
1663.75, 0.00365011
1664.93, 0.00891574
2089.61, 0.00585521
2061.11, 0.00429478
1258.11, 0.000813445
1551.59, 0.012588
1315.44, 0.00129935
1881.49, 0.00400793
1551.6, 0.00250594
1507.95, 0.00426172
1072.24, 0.00099332
2129.21, 0.00359466
2068.13, 0.00277757
2473.89, 0.00181017
1982.63, 0.00366337
1611.6, 0.00328473
2394.99, 0.000549514
2141.08, 0.00382534
1706.94, 0.00434268
1705.28, 0.00219314
1786.76, 0.00444632
1068.84, 0.00202582
2492.35, 0.00308806
2299.86, 0.000576782
1765.59, 0.0312859
1769.51, 0.00425644
2154.86, 0.00199504
1894.07, 0.00621703
1063.97, 0.00218873
1162.26, 0.000252492
1169.57, 0.00408716
2107.35, 0.00176116
1773.02, 0.197684
2053.52, 0.00293588
1957.51, 0.00328044
1472.18, 0.00394386
1708.48, 0.00250723
1041.92, 0.00216585
1939.96, 0.00319026
1754.94, 0.0024416
1832.47, 0.00204012
2414.47, 0.0016855
1529.36, 0.0570627
1024.96, 0.00396366
1411.7, 0.00172828
2194.48, 0.00181476
1811.45, 0.00456688
1059.59, 0.00203206
2401.64, 0.000583954
2162.11, 0.0015603
1671.61, 0.00540812
2455.71, 0.00166582
1601.25, 0.00529174
2317.46, 0.000254105
1941.99, 0.00928639
2233.42, 0.00136218
1430.87, 0.00249585
2332.3, 0.000163736
1427.21, 0.00618029
1441.31, 0.00192265
1867.15, 0.00496818
1448.98, 0.00167928
2402.35, 0.000683146
1099.23, 0.000938954
2364.13, 0.000268808
1005.74, 0.00359485
1695.58, 0.00499852
1978.53, 0.00253015
1139.42, 0.000540137
1649.12, 0.0054453
1242.31, 0.000593464
2344.22, 0.000240144
1942.68, 0.00341523
2355.4, 0.00165396
2085.05, 0.00198242
2387.74, 0.000524716
1812.39, 0.00258785
1018.92, 0.00901676
2105.53, 0.00229882
1193.28, 9.78098e-05
1520.54, 0.0147127
1711.79, 0.00569353
1127.59, 0.00150539
1421.82, 0.0024374
1828.28, 0.00441462
1095, 0.00204499
1460.67, 0.0031952
1482.69, 0.00427227
2201.67, 0.00228054
1299.98, 0.00336353
1057.69, 0.00197961
1433.13, 0.128692
2400.76, 0.000825177
1450.04, 0.0103311
1293.81, 0.000996414
2336.69, 0.00145821
1971.19, 0.00409549
1529.52, 0.00521162
1104.87, 0.0015707
1585.13, 0.00290506
1291.27, 0.00706784
2196.43, 0.00305665
1975.31, 0.00935299
1569.38, 0.00176546
1675.98, 0.00415705
1986.4, 0.00208371
2255.45, 0.0016589
2481.77, 0.00410605
1090.64, 0.000985074
1262.21, 0.000864739
1580.43, 0.0036212
1917.14, 0.00444095
1217.76, 0.000245077
1570.83, 0.00265557
1599.86, 0.00713706
2405.3, 0.00154244
2410.29, 0.00102545
2265.73, 0.00136659
2144.06, 0.00298429
2099.1, 0.00207702
1892.12, 0.0023624
1785.63, 0.00338319
1175.98, 0.00151962
2199.71, 0.00166987
1339.75, 0.00202813
1787.84, 0.00365981
1006.28, 0.00250415
2127.04, 0.0021801
1928.39, 0.00270127
2384.14, 0.00151782
1055.5, 0.0188219
2397.59, 0.00117358
2243.33, 0.00060726
2092.02, 0.00255014
2488.79, 0.0020352
2234.86, 0.00096858
2063.28, 0.0014778
1093.5, 0.000873548
2001.91, 0.00279664
1802.63, 0.00608995
1250.34, 0.000755608
1133.77, 0.00160939
1076.52, 0.00513522
1689.84, 0.00366905
2048.37, 0.00194668
1403.64, 0.00204744
1565.49, 0.00281168
2352.32, 0.000803389
2311.26, 0.000541983
1193.15, 8.54471e-05
1879.26, 0.00446127
1795.42, 0.00486769
1131.43, 0.00143073
1281.93, 0.00136898
2482.2, 0.00149506
1963.14, 0.0103558
1129.41, 0.00317385
1872.05, 0.00993993
1963.33, 0.0058955
2131.17, 0.00555848
2025.48, 0.00242548
1831.53, 0.00451298
2385.3, 0.000436817
1773.07, 0.00329771
2423.08, 0.00133803
1876.08, 0.00299156
1821.65, 0.00398574
2389.82, 0.00091553
2288.26, 0.00125908
1828.22, 0.00853882
1912.34, 0.00731917
1371.45, 0.00296679
1712.16, 0.00405078
1963.78, 0.0026374
1040.74, 0.00274415
1618.37, 0.027941
2378.89, 0.000851763
1249.52, 0.00253427
2446.9, 0.000992998
2190.75, 0.00141524
2229.83, 0.00132053
1719.51, 0.00397102
1457.83, 0.0030607
2019.6, 0.0110688
2389.63, 0.000753922
2311.03, 0.000228386
1751.7, 0.00515541
1284.43, 0.00113905
1218.24, 0.000347005
1188.03, 0.000247934
1536.15, 0.00295754
1264.42, 0.00108431
2308.96, 0.000117584
1439.62, 0.00245369
1303.82, 0.00328923
2128.17, 0.00125399
2089.61, 0.00156567
1572.8, 0.00277609
2492.64, 0.00307643
1431.26, 0.00287191
1420.26, 0.00260054
1790.4, 0.00295843
1507.05, 0.00220434
1698.05, 0.00379444
2483.4, 0.00491145
1343.52, 0.00250722
2213.02, 0.0012954
1328.73, 0.00479362
2043.35, 0.00217119
1553.05, 0.0037334
1266.13, 0.000628701
1438.71, 0.00460156
1917.15, 0.0473909
1335.94, 0.0023162
1071.07, 0.00722268
1762.84, 0.00437342
1066.15, 0.00119593
1167.79, 0.000920902
1770.54, 0.00772279
1135.59, 0.00605594
1812.94, 0.00313558
2173.04, 0.00190701
1637.2, 0.00907302
2433.56, 0.00102336
2113.81, 0.0033833
1248.71, 0.000637453
2249.46, 0.00100955
2476.41, 0.00155483
2238.73, 0.00869558
1303.74, 0.000810494
1714.44, 0.0101841
1145.78, 0.00147826
2174.91, 0.0024235
1371.9, 0.000955017
1485.65, 0.00324079
1739.71, 0.00534266
2451.27, 0.00109921
1637.95, 0.00787196
1059.34, 0.0366605
1832.98, 0.00273073
2197.33, 0.122817
2046.73, 0.0131582
1825.85, 0.0157193
1238.7, 0.00532155
1988.27, 0.00365123
2213.64, 0.00105555
1184.08, 0.000234821
1986.7, 0.00217277
2214.29, 0.00172124
1496.29, 0.00333446
1774.23, 0.0033079
1472.36, 0.00952283
1673.26, 0.00485161
1437.16, 0.0198105
1676.5, 0.0075184
1048.6, 0.0015682
1454.74, 0.0021745
1749.97, 0.00721748
1466.56, 0.00278166
2447.31, 0.00295414
1567.53, 0.00666387
2397.76, 0.000557865
2332.81, 0.000290437
1179.3, 0.000265966
2498.67, 0.0014803
1808.37, 0.00264708
1287.27, 0.000804552
1172.93, 0.000310113
1602.71, 0.00388712
2304.69, 0.00030872
1473.69, 0.00286092
1540.42, 0.00349699
2275.42, 0.00109163
1276.94, 0.00105498
2044.15, 0.00236866
2414.41, 0.000605879
1168.61, 0.000604993
2007.45, 0.00371471
2466.84, 0.00399351
2266.05, 0.000582377
1695.92, 0.00317452
2365.81, 0.000318889
2081.84, 0.00144842
1534.16, 0.00451968
1616.4, 0.00360859
1631.49, 0.00328068
1787.45, 0.00573292
1118.19, 0.0139281
1255.03, 0.000448939
1701.24, 0.00310511
1391.37, 0.00193287
1433.27, 0.00373724
2146.58, 0.00170639
2427.28, 0.00171595
1795.12, 0.00400706
1944.72, 0.00239144
1770.57, 0.00405115
1625.48, 0.0168902
1023.23, 0.00379494
1894.67, 0.00358095
1820.22, 0.00240261
2384.65, 0.000688721
2187.72, 0.0012792
2133.12, 0.00371604
1612.06, 0.0166879
1411.87, 0.00265305
1607.89, 0.011111
2464.43, 0.00173767
2207.43, 0.00172194
1851.06, 0.841428
1291.84, 0.00118705
1616.71, 0.00338929
2243.99, 0.0018127
1407.01, 0.00215619
1109.38, 0.00158818
2372.09, 0.00033746
2404.5, 0.000757982
1345.21, 0.00548646
2377.48, 0.000349238
2209.83, 0.00145117
2387.85, 0.000496563
1690.09, 0.00226494
1320.29, 0.00119212
1732.9, 0.0135754
1454.43, 0.00147186
2094.71, 0.00305797
1250.51, 0.000484248
1306.48, 0.00102901
1000.76, 0.00198196
1782.21, 0.01606
1618.35, 0.00595298
1072.84, 0.000973898
1811.29, 0.0071205
1221.98, 0.000228452
1810.32, 0.00598322
1491.43, 0.00548627
2324.26, 0.000166562
2235.65, 0.000982423
2044.01, 0.00236121
1445.93, 0.00418879
1674.7, 0.0057438
1108.63, 0.00559259
1062.41, 0.00191389
1206.6, 0.000146855
1165.96, 0.000662301
1539.83, 0.00286104
1344.04, 0.00115966
1476.63, 0.00255907
1415.46, 0.00551933
1149.72, 0.000883876
2233.61, 0.00309792
1167.03, 0.000620127
2290.28, 0.000336303
1840.28, 0.00297238
1079.43, 0.0072721
1513.6, 0.00409773
2133.2, 0.00157505
2013.51, 0.00228552
1624.51, 0.00448873
1512.32, 0.00269146
1096.04, 0.0120642
1111.42, 0.00316565
1305.02, 0.0022525
2084.03, 0.00268859
1777.21, 0.00526765
1435.59, 0.00238621
1828.38, 0.0297691
1769.13, 0.0057726
1209.81, 0.000208285
2156.78, 0.00166808
1648.45, 0.00535576
2365.52, 0.000232189
2192.83, 0.00159295
1853.69, 0.0046887
1967.65, 0.00330902
1204.07, 0.000140371
1130.27, 0.00803649
1145.92, 0.00121941
1356.63, 0.0020944
2205.99, 0.0049893
1671.15, 0.00277977
1499.95, 0.0038493
1798.33, 0.00763197
1139.67, 0.00212546
1789.55, 0.0123535
2369.44, 0.000352172
1754.45, 0.00301467
2445.57, 0.00164131
1142.53, 0.000563697
1187.19, 0.000184668
2231.26, 0.000828675
1715.8, 0.00284114
2486.68, 0.000968887
2372.69, 0.000620437
1311.21, 0.00251697
2337.45, 0.000148965
1180.48, 0.000326339
1956.06, 0.0228894
1399.66, 0.00218289
1302.07, 0.012876
2112.4, 0.00923552
1686.07, 0.00585383
2295.16, 0.000503029
1915.09, 0.00205023
1463.64, 0.0189614
2364.62, 0.00123434
1401.11, 0.00235771
1328.1, 0.00248767
1620.71, 0.0665498
2048.28, 0.00334992
1609.58, 0.0024755
1369.91, 0.00163823
2085.89, 0.00465876
1902.29, 0.0226411
2341.4, 0.00021356
2409.38, 0.00138857
1261.22, 0.000565663
2423.71, 0.00101261
1367, 0.00646808
2445.2, 0.00535824
1242.77, 0.00213421
1574.81, 0.00310653
1980.54, 0.00223242
2240.33, 0.00079055
1398.8, 0.00261702
2492.61, 0.00142562
2474.92, 0.00160836
1311.96, 0.00847609
1179.46, 0.000371802
1375.73, 0.00241387
1302.88, 0.00116672
1981.31, 0.00418835
2047.84, 0.00178665
1669.56, 0.00300467
1664.66, 0.00301067
1914.13, 0.00381205
1634.69, 0.00273416
2414.42, 0.00107721
1220.4, 0.00194541
1513.35, 0.00198384
1466.16, 0.00506188
1562.85, 0.0032972
1305.86, 0.000861723
1073.91, 0.00082633
1975.67, 0.00878879
1616.62, 0.00413543
1846.34, 0.00282713
1829.86, 0.00503321
1601.54, 0.00486542
1209.83, 8.75282e-05
2497.91, 0.00225671
1653.14, 0.00313998
1263.66, 0.000388467
2177.98, 0.00703661
1069.54, 0.0016635
1581.7, 0.0429909
1294.57, 0.000785669
1844.64, 0.00328582
2324.66, 0.000179651
1744.38, 0.00365305
1929.99, 0.00456556
1039.3, 0.00114845
1060.55, 0.00572189
1395.43, 0.00438878
2127.04, 0.0026654
2404.58, 0.00537261
1925.43, 0.00469441
1815.51, 0.00408254
2197.11, 0.0245628
1976.74, 0.00316184
1795.6, 0.00673656
1805.23, 0.00248019
2311.07, 0.000293295
2273.68, 0.000436177
2234.92, 0.000882275
1286.97, 0.00122187
1396.94, 0.00331654
2410.61, 0.000655581
1907.65, 0.00334952
1454.68, 0.00336905
1773.26, 0.00411657
2207.89, 0.00293196
1236.06, 0.000378701
1695.35, 0.00546163
2288.8, 0.000658475
2357.94, 0.000443052
1659.78, 0.00366703
1324.83, 0.00118216
1854.41, 0.00466114
1512.93, 0.00852624
2463.29, 0.000999332
1058.04, 0.00180025
2261.5, 0.000670847
1252.2, 0.000564148
1438.5, 0.00399506
2486.26, 0.00273076
2260.13, 0.000664024
1559.81, 0.00350392
2075.59, 0.00171961
1205.25, 5.41996e-05
1282.93, 0.00564747
2001.6, 0.0148542
2093.88, 0.0036255
1825.04, 0.00397385
1543.68, 0.00221777
1190.27, 0.000235747
1041.66, 0.00270599
1733.81, 0.0120305
1750.02, 0.00906768
1664.86, 0.00445843
1530.09, 0.00539543
2205.71, 0.00148041
1432.73, 0.00158785
2105.94, 0.00306544
1608.54, 0.00289622
1206.49, 8.03849e-05
1750.41, 0.00634384
2489.73, 0.00720342
2423.42, 0.00289707
1340.06, 0.0160963
1850.75, 0.00699344
1282.44, 0.00106349
1424.26, 0.00515528
1738.93, 0.00856008
1758.49, 0.00351796
1149.84, 0.000440274
1879.38, 0.00351107
1693.43, 0.00473454
1306.62, 0.0012509
1136.42, 0.000704362
1469.83, 0.00199544
2420.09, 0.00236252
2149.48, 0.00219331
1990.44, 0.230388
1647.43, 0.00363461
2122.98, 0.0022702
2213.19, 0.00304283
1870.13, 0.0040682
1800.96, 0.00434547
2177.65, 0.00145505
1743.45, 0.00395845
1729.06, 0.00614352
1075.27, 0.00139939
1414.1, 0.00180038
1388.97, 0.00231961
1176.56, 0.00145861
1589.03, 0.00315284
1977.74, 0.00438131
1560.78, 0.0154054
2150.51, 0.0169069
2331.46, 0.000153118
1212.95, 0.000144581
2091.81, 0.00191235
1241.23, 0.00058157
1895.47, 0.0103575
1559.25, 0.0029514
2108.55, 0.00152969
2323.66, 0.00022571
1675.43, 0.00688868
2471.79, 0.00226531
1661.43, 0.00334207
1290.47, 0.000557424
1191.45, 7.41978e-05
1741.77, 0.00549465
1689.22, 0.00448593
1119.28, 0.00254937
1446.94, 0.00169145
2476.15, 0.00130656
1057.01, 0.00113669
1309.2, 0.00122918
2045.21, 0.00289904
1023.02, 0.00218914
1311.35, 0.00129922
1622.75, 0.00300748
1163.38, 0.00195217
2388.62, 0.000525399
1089.02, 0.000947528
1276.77, 0.00138858
1081.24, 0.00118352
2372.91, 0.00270947
2395.18, 0.000619311
1657.74, 0.0034013
1052.14, 0.00325464
1256, 0.00127947
1307.64, 0.00754768
2264.45, 0.000614494
1995.97, 0.00354285
2140.14, 0.00202719
1875.51, 0.00583027
1131.15, 0.00131528
1423.55, 0.00135477
2083.64, 0.00778361
2366.25, 0.000578801
1748.33, 0.00296238
1307.03, 0.00166034
1105.89, 0.00167458
1795.46, 0.00448861
1591.94, 0.00498796
2280.51, 0.000731974
1317.79, 0.00106666
1130.1, 0.00150194
1869.07, 0.00273107
1218.31, 0.000113625
2018.32, 0.00556251
1224.1, 0.000406856
2126.27, 0.00519411
1182.11, 0.000118131
1803, 0.00443879
2262.18, 0.00123607
2102.96, 0.00334838
1298.2, 0.00251152
1056.88, 0.00145528
1601.76, 0.00329723
1591.12, 0.00279995
1415.98, 0.00315933
1562.68, 0.00283454
2033.78, 0.00334105
2026.54, 0.0031378
1898.46, 0.00588152
1331.37, 0.00125173
2087.7, 0.00288455
1848.06, 0.00391166
1201.39, 5.9313e-05
2106.91, 0.010826
1068.82, 0.0134294
1485.08, 0.00294719
1050.76, 0.146897
1056.57, 0.00345677
1439.82, 0.00192781
1334.8, 0.00412009
1029.82, 0.00200628
1039.11, 0.00170109
1598.42, 0.00292886
1773.25, 0.00558491
1744.07, 0.00503552
2236.7, 0.000906203
1781.44, 0.00439239
2306.71, 0.00016136
2463.43, 0.000962671
1552.23, 0.00271162
1464.71, 0.00353759
1002.26, 0.0013407
1649.8, 0.00463941
1997.56, 0.00221845
1809.33, 0.00382981
1211.83, 0.000404873
1825.16, 0.0107859
1554.37, 0.00318452
2139.35, 0.00130865
2163.11, 0.00219333
1450.31, 0.0019512
1549.69, 0.00538874
1804.88, 0.00362552
2242.92, 0.00089246
1025.54, 0.00215002
2004.78, 0.00190274
1213.92, 0.000119818
2343.09, 0.000225195
2484.9, 0.00159984
1549.96, 0.00637184
1752.68, 0.00366799
2198.6, 0.00307934
1676.45, 0.00393242
1833.04, 0.00964394
1273.52, 0.000507939
1820.53, 0.00551303
1230.39, 0.000651716
1335.98, 0.0212416
2480.83, 0.00169968
2398.53, 0.00111502
1430.4, 0.0023441
1657.71, 0.00306083
2389.74, 0.000648971
1660.66, 0.00395827
1444.81, 0.00420487
1399.08, 0.00250633
1273.87, 0.00224801
1205.11, 8.11454e-05
2227.31, 0.00105699
2375.78, 0.00122686
2196.06, 0.00161536
2467.5, 0.00308326
1084.91, 0.00178839
2367.79, 0.000669734
2261.66, 0.00144093
2139.66, 0.00186372
2375.78, 0.000514006
1835.4, 0.00874589
2248.94, 0.000944842
1131.66, 0.000633433
2327.65, 0.000427781
1559.25, 0.00693947
2325.96, 0.000408016
1988.57, 0.0035022
1512.44, 0.0263745
1786.99, 0.00336978
1900.17, 0.00315514
1560.58, 0.00502605
1130.34, 0.00120118
2386.32, 0.000653808
1687.66, 0.00498706
1921.58, 0.00743887
1188.54, 0.000159693
2481.02, 0.00131235
1759.39, 0.0113807
1391.58, 0.00168944
1184.26, 9.32963e-05
1701.09, 0.00540041
2024.92, 0.00299232
1660.73, 0.0164597
1946.95, 0.003022
1170.05, 0.000413432
2095.61, 0.00329817
1397.77, 0.00336803
2119.72, 0.00273932
1153.95, 0.000461362
1435.24, 0.00201216
2408.33, 0.00158768
1089.34, 0.00185733
2168, 0.00151599
2205.21, 0.000980919
1228.42, 0.00034298
2069.17, 0.00278409
2388.25, 0.00347297
2251.23, 0.00170331
2461.56, 0.00175774
1136.06, 0.00132449
2460.1, 0.00133488
1028.85, 0.0225189
2296.49, 0.000716384
1065.98, 0.00192104
1245.04, 0.000358125
1993.49, 0.00243718
2442.86, 0.000646612
2111.89, 0.012825
1272.18, 0.000269403
1195.46, 9.41791e-05
1559.18, 0.00522098
1031.37, 0.00151084
1803.2, 0.00442564
1933.87, 0.0061254
2040.57, 0.00210416
2335.08, 0.000145315
2440.58, 0.00135068
2064.07, 0.00296652
1809.05, 0.0353182
1437.11, 0.00247302
1787.51, 0.00416865
1817.32, 0.00455878
2389.31, 0.00051429
1586.48, 0.0114655
1013.85, 0.000425516
1095.38, 0.00161247
1112.41, 0.00112942
2451.06, 0.00632798
2426.43, 0.000954201
2141, 0.00639899
1006.55, 0.00348834
2246.85, 0.00126423
1535.32, 0.00276153
2317.96, 0.00010577
1711.59, 0.00380537
1763.02, 0.00478435
1240.64, 0.000896734
1474.61, 0.0025367
1410.13, 0.00777503
2424.44, 0.00133672
1663.67, 0.00336036
2028.33, 0.00699278
1931.76, 0.00221131
1877.65, 0.00310355
2198.11, 0.000991318
1693.44, 0.00423871
2440.74, 0.00110109
1575.92, 0.00392239
1339.56, 0.002142
1221.35, 0.000224851
1807.92, 0.00622731
1764.79, 0.00548322
1478.5, 0.00284779
1660.35, 0.00294572
1569.42, 0.00337487
2350.03, 0.0002673
1376.38, 0.00232178
1593, 0.00562289
2411.63, 0.000685302
2176.02, 0.00198218
2271.3, 0.000568789
1599.88, 0.0099367
2331.04, 0.000247832
1120.8, 0.00328638
1214.28, 0.000105179
1948.26, 0.00301507
1624.19, 0.00362695
1816.89, 0.00587481
1163.06, 0.000419186
1191.93, 0.000202094
2199.08, 0.00147639
2421.14, 0.000688854
2107.52, 0.0037048
1674.88, 0.00839516
2483.32, 0.00126173
1036.1, 0.00100434
1830.21, 0.00460088
2204.63, 0.00113052
1425.88, 0.00336664
2182.88, 0.00258454
1646.21, 0.0361684
1012.37, 0.00168479
2188.2, 0.000872144
2211.7, 0.00235324
1254.46, 0.000457025
2092.87, 0.00376321
1343.92, 0.0112304
1850.16, 0.0173381
1625.06, 0.00682413
2325.93, 0.000165891
1014.69, 0.0070237
1682.69, 0.00806715
1134.12, 0.00394846
2331.34, 0.000141475
2255.3, 0.00221675
1246.06, 0.00093521
1595.7, 0.00327745
1593.35, 0.00518562
1936.69, 0.00631263
1614.77, 0.00472616
1028.18, 0.0023007
1195.69, 0.000184007
2109.69, 0.00251117
1339.16, 0.00560182
1854.97, 0.0034153
1253.47, 0.000492036
1934.95, 0.00406701
1737.4, 0.0958954
1943.91, 0.00296174
1127.58, 0.0013149
1240.57, 0.000581277
1165.63, 0.00478614
1834.09, 0.00346965
1094.38, 0.00361122
1463.81, 0.00444624
1545.87, 0.00466979
1395.16, 0.00355902
1706.17, 0.0103396
1429.03, 0.0067318
1690.67, 0.011779
2006.1, 0.00264225
1194.73, 0.000726554
1746.74, 0.00348575
1978.46, 0.0200712
1165.4, 0.000851471
1060.16, 0.000869583
1021.62, 0.00374675
2134.02, 0.00205244
1613.86, 0.179955
1856.9, 0.00467206
2345.48, 0.000400907
1228.39, 0.000892588
2493.52, 0.00247575
2155.09, 0.00275402
1201.41, 8.00089e-05
1742.43, 0.00457331
2039.59, 0.00306751
2298.92, 0.000491249
1826.08, 0.00333782
1551.64, 0.00324678
1913.3, 0.00458131
2135.64, 0.00163632
2176.4, 0.00160825
2319.76, 0.000158147
1124.08, 0.00626415
2226.98, 0.000774973
2010.75, 0.0120675
1033.98, 0.00207351
1883.95, 0.0117247
1715.02, 0.00381825
1183.52, 0.000203523
1823.05, 0.00329641
2282.55, 0.000812575
1252.41, 0.00329602
1670.96, 0.00393485
1722.2, 0.00489219
1997.46, 0.00420983
2348.02, 0.000198312
1885.6, 0.00216476
1880.3, 0.0112644
2434.61, 0.000884586
1575.94, 0.0072863
1627.1, 0.00390117
1652.24, 0.00340297
1227.05, 0.000389061
1203.57, 5.62179e-05
1837.71, 0.0037606
2192.23, 0.00299521
2423.55, 0.000682469
1091.17, 0.00228508
2488.27, 0.00187239
2124.42, 0.00304773
1115.48, 0.00300864
1048.03, 0.00182633
1835.19, 0.00312964
1262.36, 0.000701712
1657.21, 0.00513218
2414.78, 0.000612799
2036.04, 0.00271474
2494.66, 0.001767
1120.39, 0.00220196
1396.88, 0.00281512
1307.28, 0.00128765
1880.53, 0.00294941
1769.57, 0.00478278
2448.88, 0.00105983
1454.74, 0.00419318
2212.12, 0.00166411
2375.85, 0.000998141
2129.09, 0.00326131
1720.3, 0.00338205
1546.33, 0.00359454
1025.96, 0.00201202
1864.86, 0.00506855
1970.43, 0.00424306
1844.91, 0.00710978
1151.07, 0.000643211
2498.5, 0.00290673
2145.09, 0.00290536
1171.97, 0.000424748
1205.51, 9.08098e-05
1913.82, 0.00251935
1417.39, 0.00561669
1284.12, 0.000675429
2192.38, 0.00184439
1089.2, 0.0012807
1712.77, 0.00775808
1421.84, 0.00515861
1449.48, 0.00295846
2402.48, 0.000534925
2162.69, 0.00154806
1596.14, 0.00245543
1398.22, 0.00289269
1760.77, 0.00739595
1257.05, 0.00245082
1286.97, 0.000530564
1618.68, 0.00254502
1468.86, 0.00311998
2462.02, 0.00136679
1770.5, 0.0171058
1491.3, 0.00722101
1833.84, 0.00439033
2067.05, 0.00249327
1695.16, 0.00898388
2274.32, 0.000533893
1356.41, 0.00170758
1376.02, 0.00357626
2126.23, 0.00191317
1696.81, 0.004738
1496.95, 0.0117353
1046.33, 0.00205906
1212.83, 0.000148783
1272.99, 0.00399097
1077.53, 0.00189277
2391.71, 0.00163892
1125.53, 0.000489631
2351.92, 0.000378717
1824.48, 0.00347554
1823.76, 0.0303623
1023.77, 0.00154442
1431.6, 0.00314031
1440.41, 0.00170882
1820.05, 0.00541511
1588.7, 0.00551087
1231.39, 0.000823549
2465.8, 0.00134898
2462.46, 0.00121935
1088.09, 0.00226056
1937.67, 0.0164377
1587.27, 0.00604865
2257.47, 0.000862296
1616.91, 0.00984238
1787.7, 0.00550508
1315.26, 0.00174017
1771.47, 0.00371824
1078.23, 0.00180695
1760.53, 0.00454317
1227.68, 0.000239237
1836.48, 0.00581158
2291.27, 0.000432506
1176.96, 0.000297783
2050.88, 0.00856727
1758.16, 0.00548572
1877.38, 0.00583208
1331.01, 0.00115931
1713.17, 0.00393763
2252.1, 0.00628457
1501.71, 0.00250743
1895.34, 0.643173
2402.69, 0.000773056
1305.11, 0.00105267
1432.42, 0.00749977
2366.7, 0.000894163
1595.56, 0.00310333
1007.48, 0.00170332
2171.17, 0.00115233
2227.71, 0.00093705
2162.46, 0.00130235
1577.89, 0.00435942
1821.36, 0.00462761
2401.22, 0.000536334
1922.48, 0.0135749
1435.21, 0.00339191
1620.84, 0.00506343
1592.39, 0.00174252
1868.86, 0.00487829
1241.06, 0.000376864
1052.2, 0.0011778
1632.78, 0.00498151
1030.5, 0.00300641
1100.31, 0.00102699
2276.44, 0.00049457
1417.9, 0.00117516
2229.4, 0.00210866
1997.45, 0.00226941
2150.54, 0.00203395
2379.84, 0.00041254
1215.23, 9.96902e-05
2088.94, 0.00180109
2364.68, 0.000305873
1305.04, 0.00087412
1387.6, 0.00261577
1905.56, 0.00436242
1725.16, 0.00631089
2296.13, 0.000441263
1691.02, 0.00516682
1727.55, 0.0293587
1582.28, 0.00695803
1308.18, 0.00102395
1376.72, 0.00242256
1256.03, 0.0009904
2394.1, 0.00217703
1195.27, 7.36886e-05
1374.92, 0.00117751
1254.2, 0.000723708
1406.22, 0.00174113
1933.81, 0.00769675
1056.39, 0.00773668
1863.84, 0.00322177
1469.43, 0.0131208
1492.73, 0.00285697
2129.38, 0.00165633
2470.19, 0.00110063
2328.33, 0.000226241
1329.21, 0.00131108
1989.39, 0.00224675
2285.81, 0.000472925
1978.68, 0.00260294
1176.24, 0.000266226
1136.75, 0.000697665
1162.79, 0.000186078
1833.76, 0.0153829
1056.88, 0.00140564
1270.2, 0.00183461
2151.71, 0.00386606
2393.01, 0.0016298
2086.53, 0.00436412
1913.62, 0.00330614
2235.46, 0.00106232
2180.64, 0.00165386
2403.04, 0.000748813
2234.56, 0.00597381
1673.79, 0.00333413
1991.84, 0.00395534
2206.15, 0.0027218
1163.89, 0.00104942
1759.55, 0.00604982
2426.89, 0.000598331
2436.74, 0.000790317
1103.27, 0.00200613
2264.4, 0.000710628
1014.73, 0.00105982
1281.33, 0.00142836
2077.92, 0.00361985
2208.44, 0.0025068
1473.01, 0.00141243
1615.67, 0.00495824
1829.7, 0.00694269
1548.56, 0.00285729
2275.46, 0.000818481
1922.44, 0.00291118
1402.97, 0.00607169
2093.07, 0.0017544
1124.58, 0.000816896
1523.45, 0.00220935
2042.73, 0.00194584
1695.08, 0.00303878
1726.99, 0.00362467
1493.8, 0.00269004
2370.68, 0.000347218
1333.59, 0.00150486
2255.46, 0.000650885
1401.32, 0.00300433
1905.39, 0.00353331
2060.58, 0.00263328
1090.74, 0.000852219
1032.26, 0.002946
2459.05, 0.00172016
1649.02, 0.202613
1206.49, 9.75433e-05
1347.98, 0.00172448
1765.33, 0.0047074
2430.4, 0.000919885
2363.73, 0.000433943
2435.98, 0.00353579
2286.81, 0.000281396
1000.59, 0.0031121
1311.76, 0.00132735
1143.68, 0.000539154
2415, 0.000759537
1014.55, 0.00295404
1350.28, 0.00592093
1300.3, 0.00190079
2087.06, 0.00516097
1780.2, 0.0165939
1122.56, 0.00199493
2309.67, 0.000150508
2097.43, 0.00192496
1548.89, 0.00471879
1846.41, 0.00798182
2325.27, 0.00019378
2495.09, 0.00105795
1621.98, 0.00809094
1653.9, 0.00440677
1984.2, 0.00237043
1658.86, 0.0283173
2119.57, 0.00270875
2401.99, 0.000578378
1822.31, 0.00394595
2337.29, 0.000268875
1694.49, 0.00306194
2337.87, 0.00161218
1226.98, 0.000166265
1359.51, 0.00109313
2303.13, 0.000215043
2444.51, 0.00127641
2272.42, 0.000914485
1169.16, 0.000407936
1592.58, 0.00499725
2255.9, 0.000499611
1978.67, 0.00502943
1913.48, 0.00327318
1541.5, 0.00409549
2238.38, 0.000748369
2287.71, 0.000302057
1817.89, 0.00338926
1277.44, 0.000618074
2091.01, 0.00345469
1226.55, 0.000203904
1198.07, 4.46319e-05
2210.66, 0.00159071
2345.02, 0.000285787
1216.79, 0.000230438
2389.75, 0.000484779
1517.59, 0.0032774
1989.67, 0.00266861
1733.54, 1.15791
1952.02, 0.00206721
2402.6, 0.000906661
1713.43, 0.00364009
1095.62, 0.00120728
1725.64, 0.00325685
1312.45, 0.00116631
2092.57, 0.00253213
1189.25, 0.00026924
1754.1, 0.00474105
2129.9, 0.00148606
1363.26, 0.00185439
2037.69, 0.00427617
2016.35, 0.00288993
2101.04, 0.0020913
2426.93, 0.00222451
1399.5, 0.00287803
2411.12, 0.000787838
2304.06, 0.000290329
2463.46, 0.00806092
1660.67, 0.00551783
2328.16, 0.000121974
1328.25, 0.00592727
1562.79, 0.00298203
1754.83, 0.00441074
1177.77, 0.000702848
2127.51, 0.00152616
2438.89, 0.00141019
2120.25, 0.00299582
1249, 0.00131546
1628.87, 0.00427374
2485.29, 0.00182385
1992.39, 0.00565523
1795.97, 0.0112609
1677.13, 0.0109616
1870.79, 0.00317264
2005.82, 0.00452063
1372.93, 0.00531903
1606.58, 0.00944028
1524.67, 0.00915456
2036.7, 0.00318731
2102.68, 0.00358286
1111.42, 0.00144215
1283.18, 0.00268034
1924.96, 0.00358435
2306.31, 0.000515134
1816.71, 0.00416987
1548.81, 0.00596027
1149.92, 0.0012129
1521, 0.0285973
1705.41, 0.00374534
2206.89, 0.000843774
1914.65, 0.00287979
2100.96, 0.0417546
1840.34, 0.00775597
1281.07, 0.00117125
1559.86, 0.00606161
1175.83, 0.00291026
1043.72, 0.00143038
1318.1, 0.00191507
1066.89, 0.0016947
2491.64, 0.00217487
1490.37, 0.00341167
2077.69, 0.00175859
1505.22, 0.00294281
1209.18, 0.000157665
2079.3, 0.00322446
1355.44, 0.00104739
1752.19, 0.00585094
1976, 0.0113703
2263.32, 0.00066305
2439.16, 0.00241759
1579.26, 0.0035696
2158.39, 0.00712841
1548.39, 0.0195664
1655.57, 0.0047535
1977.57, 0.00284427
1298.11, 0.0201163
1724.8, 0.00470935
1713.51, 0.00357258
1685.52, 0.00327818
2272.64, 0.000555211
1875.89, 0.0054767
1276.43, 0.00547479
2386.65, 0.000693335
2123.28, 0.0016248
1659, 0.00353983
1283.02, 0.00190924
2127.17, 0.00393574
1121.64, 0.00166738
1427.28, 0.00700734
2375.93, 0.0433246
2083.18, 0.00323078
1564.99, 0.00298904
2135.87, 0.00173359
1182.29, 0.000376625
2301.55, 0.00955328
1129.86, 0.000717987
2274.88, 0.000317559
1916.71, 0.00631081
2057.88, 0.0015525
1299.17, 0.00201591
1777.33, 0.00229983
2238.7, 0.00100544
2413.4, 0.000750706
1731.68, 0.00722254
1845.98, 0.00818809
1523.57, 0.00358666
2154.6, 0.00384252
2221.55, 0.00196355
1511.52, 0.00267127
1959.28, 0.00361877
2126.05, 0.00188711
1695.64, 0.00451545
1473.76, 0.00389562
1500.8, 0.00306359
2367.81, 0.000348884
1703.29, 0.0100403
2307.21, 0.00021473
1312.89, 0.0059722
1441.79, 0.00275071
1734.64, 0.00551267
1929.07, 0.00618556
1278.54, 0.00078913
2495.81, 0.00113861
1017.78, 0.00126663
1570.57, 0.00328659
1049.21, 0.00270487
1074.93, 0.001959
1400.91, 0.00256142
2082.25, 0.00207871
1011.71, 0.00503376
2345.76, 0.00103699
1976.57, 0.0517605
1218.13, 0.000175322
1016.56, 0.00350182
1104.8, 0.00114415
1723.35, 0.00621665
2463.94, 0.00166525
2001.27, 0.00307534
1167.67, 0.000639351
1014.48, 0.00145603
1016.15, 0.00220478
1344, 0.00336719
1655.79, 0.0379355
1274.48, 0.000936891
1396.51, 0.0121162
1447.26, 0.00424163
1344.58, 0.00308541
2011.03, 0.0207169
1062.26, 0.00139457
1183.03, 0.00025267
1412.16, 0.00581286
1990.63, 0.0117925
2494.96, 0.00355899
1106.32, 0.00123783
2044.57, 0.00414595
2131.86, 0.00490578
2321.18, 9.10333e-05
1954, 0.00749021
1042.23, 0.00830913
2035.59, 0.00368993
1803.37, 0.00430648
1787.51, 0.00621682
1343.12, 0.0017625
2408.01, 0.00129569
1986.04, 0.0128546
1268.4, 0.00281209
2217.45, 0.00136087
1861.42, 0.0064945
1648.19, 0.00348164
1085.25, 0.00198015
1041.34, 0.00143514
1550.49, 0.0108014
1327.47, 0.0042995
1600.77, 0.00475501
1988.24, 0.669652
1038.77, 0.000969059
1316.33, 0.000964105
1264.81, 0.00161359
1002.9, 0.00645356
2469.88, 0.0140195
1381.02, 0.00343488
1578.2, 0.0026434
1092.5, 0.00131847
1573.07, 0.00804116
1736.16, 0.0818029
1473.03, 0.00340136
1942.39, 0.00389265
2112.21, 0.00158225
2497.34, 0.00188699
1266.07, 0.00152957
2029.57, 0.00431911
2244.67, 0.000641839
1661.29, 0.0072811
1782.97, 0.00290582
1768.98, 0.00496305
1773.81, 0.00677522
1355.61, 0.00564061
2013.68, 0.014072
1909.03, 0.00386408
2103.94, 0.00197353
1799.73, 0.00662941
1597.14, 0.0278852
1415.93, 0.00264216
1320.22, 0.00109259
1221.4, 0.00029389
1471.25, 0.00155154
2388.65, 0.000450932
1398.7, 0.00430705
1094.12, 0.00668153
1183.59, 0.000214833
2193.57, 0.00202577
2402.4, 0.00252537
1745.54, 0.00228659
1423.33, 0.00213699
1249.39, 0.000417446
1529.54, 0.00352428
2170.24, 0.00261776
1696.88, 0.0280183
2027.83, 0.00269738
2105.31, 0.0100238
1221.37, 0.000274862
2213.53, 0.00076309
1319.12, 0.00391493
2167.54, 0.00478582
1743.42, 0.00563644
2027.05, 0.00166459
2331.94, 0.000134429
1482.93, 0.00478487
1902.11, 0.0242055
2230.08, 0.000545395
1112.89, 0.00102294
2498.31, 0.00398558
1081.09, 0.00200707
1532.28, 0.00281926
1998.06, 0.00405477
1134.64, 0.000522273
2345.35, 0.000176497
2036.43, 0.00439368
1509.71, 0.00245319
1838.36, 0.00403204
1251.55, 0.000664349
1668.14, 0.00832703
1176.3, 0.000404043
1018.1, 0.0112986
1226.88, 0.000263271
1345.76, 0.00170468
1153.3, 0.000516944
1212.12, 0.000762071
1681.82, 0.00986223
1042.89, 0.00138595
1455.36, 0.0032065
1954.07, 0.00292924
1640.61, 0.0103775
2147.62, 0.00161348
1009.8, 0.00223933
1303.15, 0.000784803
1148.59, 0.000682094
1966.47, 0.0589638
1110.48, 0.00286519
2133.63, 0.00251732
2108.65, 0.00599075
2459.74, 0.00618422
2489.93, 0.0031787
1225.89, 0.000452726
2303.75, 0.00103303
1240.28, 0.000316037
1056.88, 0.0152963
1298.32, 0.0011149
1793.2, 0.00329416
2276.96, 0.000380912
1403.57, 0.00302804
2215.92, 0.00115794
1980.61, 0.00336143
2336.21, 0.000273219
1649.16, 0.00403895
1123.82, 0.00088709
1493.37, 0.0224932
1793.27, 0.00929307
2198.56, 0.000851403
1139.13, 0.000944305
1331.75, 0.00224253
1694.81, 0.00471626
1926.86, 0.00339385
1805.41, 0.00618146
1320.18, 0.00100417
1519.42, 0.00150348
2322.85, 0.000112631
1796.58, 0.0053496
1574.43, 0.00270052
1140.53, 0.00104458
2030.69, 0.00247365
1528.58, 0.0020761
1974.48, 0.0107859
1400.07, 0.00396623
2323.11, 0.000236448
2392.5, 0.00144919
1974.01, 0.00783559
2499.18, 0.00127715
1911.35, 0.00714844
1865.93, 0.00537687
2246.66, 0.00539706
1921.46, 0.310637
1034.86, 0.00143838
2331.1, 0.000233213
1455.63, 0.00398494
1010.15, 0.00281784
2187.3, 0.00147082
2402.42, 0.0020738
1090.54, 0.00168643
2016.54, 0.00402667
2473.67, 0.000960677
1140.15, 0.00153327
1348.76, 0.00247265
2242.13, 0.00105286
2304.97, 0.00100305
1470.14, 0.00148865
1294.54, 0.000921647
1427.49, 0.00408319
2451.58, 0.000926466
2465.97, 0.00130577
2169.82, 0.00286413
2247.73, 0.00109455
1338.6, 0.002144
1764.1, 0.0109315
1248.94, 0.000789169
2101.39, 0.00790675
1327.95, 0.00187238
2368.59, 0.000311698
2190.28, 0.00160068
1704.52, 0.00500904
1501.9, 0.00520839
1489.05, 0.00255653
2429.06, 0.000840555
1987.34, 0.00595608
1559.77, 0.0194978
1564.1, 0.00391674
1467.63, 0.0120704
1813.07, 0.00578521
1507.7, 0.00232562
1762.57, 0.00659035
1726.42, 0.00567074
2395, 0.000713832
1573.08, 0.0978112
1675.46, 0.0185096
1243.68, 0.000634711
1393.05, 0.00376686
1864.44, 0.00459546
1849.21, 0.00362535
1000.52, 0.00165088
1297.8, 0.00225559
1691.01, 0.00477184
2285.2, 0.000470257
1599.96, 0.0063217
2351.31, 0.000256028
1427.87, 0.00222893
1897.75, 0.00627413
1328.96, 0.00419571
1586.8, 0.00441679
1571.35, 0.00761761
1017.82, 0.00128769
2095.78, 0.0017576
1558.56, 0.00334188
2138.49, 0.00183028
1741.71, 0.00475818
1911.21, 0.00291421
1799.49, 0.00204306
2410.76, 0.000774968
1672.41, 0.00421873
1106.82, 0.000980337
1984.12, 0.00371375
2088.72, 0.00380321
1092.13, 0.00267418
2065.45, 0.00274852
2213.86, 0.00752604
2479.66, 0.00104531
1657.74, 0.00639234
1122.49, 0.000690026
1720.87, 0.00345063
2361.43, 0.0011675
1915.16, 0.00691503
1103.22, 0.00118101
2025.65, 0.00502712
1458.17, 0.00175975
1381.19, 0.00242239
1974.84, 0.00283202
1250.44, 0.00178492
1043.24, 0.00209288
1067.86, 0.00213902
1551.76, 0.00327479
1834.77, 0.00662432
2283.86, 0.000603344
1648.89, 0.00458337
1778.46, 0.0256527
1938.06, 0.00329712
2116.93, 0.00234195
1129.62, 0.00100697
1877.48, 0.0101267
1973.19, 0.00611726
1402.38, 0.0038694
2436.01, 0.00194571
1855.14, 0.00313491
1892.65, 0.00362131
1220.98, 0.000193965
1748.06, 0.0032136
2342.51, 0.000243084
2044.58, 0.0029632
1515.38, 0.0546905
1341.05, 0.00119931
1858.02, 0.00289064
2365.64, 0.000303899
2412.91, 0.000583044
2026.41, 0.00334557
1614.22, 0.00273981
1592.92, 0.00857501
2007.41, 0.0030843
2147.78, 0.00847343
1686.2, 0.0421248
2028.42, 0.00204363
1902.79, 0.00342907
2363.85, 0.000361407
1491.2, 0.0067028
1616.98, 0.004698
1720.29, 0.0042986
1659.42, 0.00460229
1231.43, 0.000364644
1765.47, 0.00311326
2151.48, 0.000951601
1300.21, 0.000485326
1765.58, 0.00355803
1873.23, 0.00356053
2316.25, 0.000292978
1279.1, 0.00308642
2118.39, 0.00131582
2428.04, 0.000724799
1864.22, 0.00798972
2007.31, 0.00268936
1414.68, 0.00201301
1196.86, 7.01396e-05
2033.37, 0.0043131
2049.03, 0.00365281
2129.69, 0.00402539
1298.94, 0.00186652
2054.83, 0.00293131
1464.42, 0.00404455
2051.74, 0.00502242
2409.02, 0.000565677
1443.4, 0.00515597
1982.84, 0.00494812
1139.36, 0.000628821
1899.14, 0.00360078
2378, 0.000623681
1684.87, 0.0133939
2465.48, 0.00151095
1034.2, 0.0870018
1133.16, 0.00107992
2378.44, 0.000416592
1145.17, 0.000884762
1991.33, 0.127852
2081.89, 0.00599211
1584.34, 0.00310367
2456.33, 0.00190675
2495.7, 0.00718419
1794.89, 0.00308308
1511.72, 0.0304069
1155.49, 0.000364553
1197.04, 0.000127605
1185.35, 0.000268648
1169.58, 0.000363077
2475.96, 0.00117646
1662.24, 0.00303834
1750.77, 0.00401408
1685.02, 0.00748304
2068.65, 0.00345228
2155.92, 0.00249274
1301.84, 0.00153225
1636.07, 0.00629254
1219.63, 0.000307118
2023.81, 0.00396364
1483.8, 0.0031252
1681.94, 0.00339783
1085.69, 0.00846468
1643.4, 0.00319572
1298, 0.00143293
1162.67, 0.00031387
2301.73, 0.000247182
1136.94, 0.000782034
1911.8, 0.00776857
1291.86, 0.00203659
1715, 0.00514057
2403.56, 0.000899562
1116.2, 0.000854344
2214.36, 0.00107728
1396.24, 0.00286946
1712.22, 0.00441771
2330.94, 0.000178075
1576.9, 0.00336216
1753.16, 0.00374479
2209.17, 0.000867883
1985.7, 0.0144559
2245.86, 0.00135258
1357.5, 0.00535464
2349.22, 0.000275149
1734.73, 0.00381703
1725.04, 0.00601019
2067.18, 0.00380545
1380.63, 0.00218813
1936.9, 0.00531734
1648.23, 0.0085879
1312.91, 0.00803835
2201.16, 0.00160657
1303.05, 0.00140762
2124.44, 0.0038687
1307.77, 0.00404716
1399.44, 0.00272349
1185.03, 7.39329e-05
1361.78, 0.00229531
1213.05, 0.000293114
2252.97, 0.000550044
2008.89, 0.00563612
1871.26, 0.00523702
1977.58, 0.00369795
1989.55, 0.00432403
1954.66, 0.00336936
1819.73, 0.00283398
1175.02, 0.00104835
1307.12, 0.00190959
2319.5, 0.00011096
1429.31, 0.00275023
1597.96, 0.0023222
2441.74, 0.00096738
1457.31, 0.00316243
1837.7, 0.00536241
1740, 0.00488961
1045.65, 0.0020183
1898.02, 0.00386333
1250.06, 0.000735056
1013.97, 0.00175212
1354.46, 0.0031896
1033.58, 0.00137737
1268.32, 0.000655629
1170.77, 0.000360194
1255.13, 0.000783292
1869.46, 0.00327019
2072.89, 0.0025205
2493.28, 0.00366263
1864.51, 0.00310288
2357.68, 0.000274064
2185.98, 0.00252676
1256.61, 0.000712487
2232.27, 0.0103646
2195.23, 0.00390287
1847.22, 0.0100772
1524.93, 0.00298576
2185.43, 0.00287007
1840.12, 0.0137981
2257.92, 0.00154373
2013.67, 0.00337264
1249.87, 0.000568416
2007.67, 0.00324337
2224.95, 0.000938301
1027.13, 0.00235637
1340.14, 0.000747335
1856.13, 0.012176
2412.58, 0.000687834
1167.49, 0.000505119
1385.28, 0.00292028
1332.35, 0.00305456
1079.23, 0.00146259
1421.71, 0.00303281
2377.22, 0.00103953
1189.32, 0.000227524
1332.39, 0.00130922
1460.47, 0.00583721
2194.21, 0.00128282
1139.74, 0.000432354
1297.17, 0.00110266
1041.76, 0.282911
1824.04, 0.00337869
1499.02, 0.00284548
2457.55, 0.0012146
1327.24, 0.00159274
2434.82, 0.00102977
2017.85, 0.00305506
2305, 0.000425578
2305.83, 0.000402438
1663.67, 0.00732589
1138.67, 0.000365634
1650.23, 0.00285876
2454.93, 0.000953516
2298.73, 0.000273375
1835.35, 0.0035077
1907.01, 0.00402084
2063.69, 0.00520489
1583.79, 0.005964
1196.11, 0.000170507
1039.68, 0.00109204
2182.15, 0.0014834
1127.56, 0.00768709
1964.82, 0.00391329
2327.62, 0.00013913
1210.32, 0.000116139
1749.57, 0.0076547
1750.24, 0.00336308
1003.87, 0.00702776
2210.75, 0.00452332
1740.84, 0.00702615
1323.79, 0.00247075
1171.94, 0.000209088
1565.55, 0.00324396
1584.14, 0.00276555
2087.88, 0.00167647
2108.85, 0.00271622
2329.11, 0.00091481
2263.26, 0.00146475
2380.32, 0.000311701
1281.24, 0.00122925
1213.93, 0.000241143
1552.31, 0.0240632
2446.54, 0.00111308
1273.25, 0.00192525
1308.77, 0.0032365
1995.4, 0.00344673
2289.41, 0.00306704
1810.93, 0.00548013
1456.32, 0.00734086
1858.9, 0.00385098
1446.79, 0.00555421
1223.49, 0.000258647
1010.64, 0.00271342
1677.24, 0.00683831
1251.17, 0.000793726
1695.08, 0.0043084
1803.17, 0.00414829
1524.48, 0.00975771
2496.56, 0.00399302
2218.23, 0.000926614
2071.38, 0.00256933
1271.38, 0.000387872
2453.58, 0.00165676
2121.84, 0.00152162
2266.48, 0.000751008
2026.37, 0.00299507
1272.4, 0.000983423
2226.12, 0.00132158
2368.46, 0.000362468
2026.75, 0.00477159
1468.45, 0.213014
1461.37, 0.00342266
2303.82, 0.00193839
1788.62, 0.00378832
1740.36, 0.00507817
1367.65, 0.00200447
2409.77, 0.0013408
1324.27, 0.0039936
1556.92, 0.00283207
1003.39, 0.0028633
2296.44, 0.000358268
2175.31, 0.00146393
1646.03, 0.00308362
1372.26, 0.00276528
2432.96, 0.00134883
1409.03, 0.0162152
1370.18, 0.00203263
1087, 0.0018144
1834.84, 0.0044559
1784.03, 0.00418962
1858.8, 0.00593116
1685.08, 0.00464626
1941.54, 0.00713833
2033.36, 0.00370874
2245.59, 0.00113272
1927.44, 0.00312715
1820.79, 0.00652086
2138.62, 0.00344328
1147.73, 0.00115522
1661.97, 0.00381777
1424.11, 0.00261455
1922.91, 0.00176752
2294.63, 0.000544354
1033.64, 0.0029731
1591.8, 0.00468635
1516.13, 0.00449656
1682.5, 0.00483166
1612.18, 0.00240041
2030.23, 0.00329715
1251.42, 0.000859348
1219.77, 0.000239135
2107.08, 0.00204386
2178.97, 0.00216774
1883.26, 0.00206403
1390.21, 0.115306
1248.57, 0.000396362
1556.39, 0.00792368
2236.41, 0.00119868
1806.68, 0.00406932
1042.95, 0.0012703
1663.67, 0.00370224
1988.26, 0.00658675
2182.59, 0.00233935
2296.25, 0.000295404
2286.65, 0.00263783
1039.6, 0.00151086
1300.57, 0.00113577
1819.51, 0.00311123
2468.42, 0.00134674
1360.86, 0.00110394
2487.11, 0.00191819
1506.22, 0.00573511
1075.64, 0.00405294
2168.35, 0.00107133
1209.56, 0.000134933
2367.6, 0.000622413
2392.2, 0.00235077
1820.98, 0.00358693
1914.12, 0.0130561
2342.37, 0.000260894
1281.7, 0.00108035
1527.86, 0.00639809
2132.15, 0.00348719
2251.11, 0.0172158
2114.26, 0.00357708
1599.88, 0.0049422
1094.38, 0.000908146
2321.81, 0.000173628
1671.11, 0.00397077
1724.29, 0.00746253
2002.07, 0.00601189
2372.36, 0.000487211
1483.46, 0.00185562
1778.45, 0.00448985
1458.18, 0.00267105
1607.89, 0.00267912
1469.08, 0.00373376
2208.69, 0.0130671
1599.8, 0.00420602
1552.1, 0.00291092
2321.91, 0.000142639
1888.55, 0.0038449
2452.91, 0.00154391
2133.82, 0.000966992
1113.54, 0.00221955
2240.73, 0.001004
1007.72, 0.00190378
2218.74, 0.00141677
2330.61, 0.000565804
1931.82, 0.00354868
2473.16, 0.0013856
1756.91, 0.00409773
2404.58, 0.000696767
1725.43, 0.0151302
1890.47, 0.00424724
1178.18, 0.000323533
1577.21, 0.00423809
2415.4, 0.00112223
1581.55, 0.00395048
1659.91, 0.0108294
1712.46, 0.00419649
1201.03, 8.61294e-05
2158.21, 0.00412077
2263.52, 0.000572338
2284.88, 0.000408941
1089.82, 0.000840961
2362.44, 0.000220138
1502.54, 0.00276267
2008.16, 0.00307015
1336.42, 0.00164238
1070.98, 0.00128573
2027.55, 0.0373715
1253.01, 0.000768796
2438.05, 0.00100832
1725.38, 0.0221653
1776.01, 0.0207182
1812.08, 0.00508302
1324.04, 0.00347999
1236.28, 0.00144327
1553.77, 0.00925632
1467.3, 0.00219616
1196.63, 4.78302e-05
2318.81, 0.000380407
1933.52, 0.00389204
1342.43, 0.00706796
1035.76, 0.00133482
1764.66, 0.0110109
2277.95, 0.000564098
1280.48, 0.000395047
1595.2, 0.0276509
1034.05, 0.00346756
1231.1, 0.000654801
2232.18, 0.00120139
2404.82, 0.000968504
2464.29, 0.00102548
2270.99, 0.000693966
1094.43, 0.00443757
1606.5, 0.00342513
1997.67, 0.00260656
1940.27, 0.00416573
2258.51, 0.000777515
2235.99, 0.00208536
2470.25, 0.00310993
2156.6, 0.00105273
1637.72, 0.00435294
1029.51, 0.00240701
1904.96, 0.00456916
1687.69, 0.00399986
1397.15, 0.00161269
2083.86, 0.00183098
1623.98, 0.00305578
1037.43, 0.0043691
2218.7, 0.00104037
1678.74, 0.00370344
1894.87, 0.00280527
1740.07, 0.0196108
2212.92, 0.00526398
1290.26, 0.000801804
1069.21, 0.00105541
1646.78, 0.0061387
1272.2, 0.000446291
1844.17, 0.00532884
1503.67, 0.00272077
2048.31, 0.00201514
1888.95, 0.00327265
1506.82, 0.00236568
2344.95, 0.000436781
1511.13, 0.00288321
1788.36, 0.00433389
1041.25, 0.00190484
2350.65, 0.000208738
2036.97, 0.00312486
1565.21, 0.00534873
2027.73, 0.003416
1715.63, 0.00475675
1546.52, 0.00446324
1829.25, 0.00790072
2183.31, 0.00554182
1910.15, 0.00395015
1599.76, 0.00296507
1877.59, 0.00352397
1449.46, 0.00315818
2467.84, 0.00175323
1020.36, 0.000908543
1776.26, 0.00381391
1163.33, 0.000336654
2499.98, 0.00134021
2195.02, 0.00123692
2394.3, 0.000845369
2467.1, 0.00110765
1736.65, 0.00324685
2224.26, 0.00202454
2182.3, 0.00740004
2166.37, 0.00191094
1506.08, 0.00348294
1189.43, 0.000136299
1536.57, 0.01397
1154.12, 0.000415401
2461.25, 0.00192969
1875.34, 0.0234126
1152.82, 0.0011653
2103.14, 0.00148672
1849.82, 0.00315798
1417.59, 0.00319986
1911.06, 0.00589586
1632.11, 0.00391874
1314.06, 0.000942311
2456.42, 0.000844811
2450.75, 0.00118516
1851.38, 0.00480055
1621.56, 0.021419
1416.17, 0.00578718
1045.55, 0.00210289
2289.35, 0.000408618
2069.73, 0.00308981
1590.07, 0.00569742
2366.67, 0.000825236
1015.32, 0.00175187
1358.48, 0.00205984
1991.33, 0.00255086
2404.59, 0.00204413
1699.67, 0.00550467
1460.13, 0.00564341
1467.87, 0.00492937
2160.14, 0.00154689
1727.86, 0.00310815
1101.96, 0.00109483
2179.08, 0.000869812
1037.64, 0.00178278
2086.49, 0.00247526
1433.83, 0.00525359
1832.48, 0.00475698
2296.83, 0.00188677
1625.5, 0.00375942
2400.81, 0.0012183
1934.5, 0.00331007
1933.61, 0.00555098
1760.75, 0.00429811
2240.5, 0.00191322
2165.69, 0.00302438
2152.54, 0.00270385
2495.15, 0.00135601
1356.86, 0.00284745
1398.44, 0.00302415
1678.64, 0.00619838
1419.12, 0.0025892
2132.68, 0.00431121
1646.67, 0.0266705
1702.74, 0.00507711
1782.51, 0.0126657
1096.42, 0.00177048
1209.7, 0.000196332
1506.58, 0.00318311
2387.54, 0.000930292
1406.61, 0.00163324
2454.26, 0.00109701
1660.05, 0.00417863
2286.47, 0.00101238
2395.26, 0.000597706
1243.69, 0.0014602
2430.65, 0.00353201
1766.61, 0.00404965
2361.65, 0.000469622
2489, 0.00159272
1587.97, 0.0112215
2375.73, 0.00277223
1729.95, 0.00284228
2124.06, 0.00197497
1529.39, 0.0106831
1404.66, 0.00247625
1474.34, 0.00383686
1586.87, 0.00370345
1787.79, 0.00515692
2456.64, 0.00179843
1457.88, 0.00384692
1065.66, 0.000824637
1150.21, 0.0086854
2015.43, 0.00329492
1323.32, 0.00312448
2080.88, 0.00254928
2461.88, 0.00128778
1128.06, 0.00033527
1177.5, 0.000311633
1045.53, 0.00138926
2325.64, 0.000119414
1009.61, 0.00238273
1946.86, 0.00520946
1979.02, 0.00363708
2175.52, 0.0015791
2200.22, 0.00180041
2475.31, 0.00153652
2378.45, 0.000363745
2061.26, 0.00413439
1282.75, 0.00333219
1155.54, 0.000739899
2119.95, 0.00388304
2181.68, 0.00957862
1083.17, 0.00166094
1458.58, 0.0458913
2250.85, 0.00115448
2011.26, 0.00524217
2181.24, 0.00221472
2230.85, 0.00098433
1062.82, 0.00171307
1076.92, 0.00134481
1744.75, 0.0020552
1500.46, 0.00398683
1768.38, 0.00563
1544.72, 0.00328093
2248.16, 0.000747601
1929.21, 0.00333308
1270.72, 0.00109231
1033.71, 0.00264494
1017.4, 0.00138231
2366.01, 0.000414049
1488.81, 0.00389942
1047.88, 0.00658634
1385.53, 0.00516928
2310.3, 0.00024411
2373.12, 0.000407
1070.3, 0.000826786
2278.28, 0.000466794
1113.01, 0.00136604
1111.76, 0.000489935
1051.17, 0.00150414
1985.29, 0.00475826
1830.43, 0.0034441
2400.34, 0.000965127
1456.51, 0.00251485
1259.24, 0.00135456
2305.12, 0.00122693
2402.25, 0.000768668
