temperature, L2
1851.75, 7.36119e-06
1320.91, 3.09405e-07
2369.91, 1.20313e-07
1896.31, 1.76086e-06
1564.33, 3.04692e-07
2455.14, 1.6672e-06
1536.04, 2.25381e-07
1641.64, 8.60406e-08
1129.52, 9.41331e-07
1089.57, 7.33283e-07
1498.3, 2.05009e-06
1734.72, 4.35742e-07
1127.8, 7.386e-06
1982.34, 1.07468e-06
1605.55, 3.98337e-07
1230.3, 2.08887e-07
1021.04, 2.02488e-09
1011.72, 1.87028e-05
2458.38, 2.27536e-05
1260.29, 5.80692e-07
1606.55, 2.72017e-06
2245.13, 1.93804e-06
1290.2, 7.69893e-08
1624.05, 7.22522e-06
2483.57, 3.82529e-07
2472.78, 2.16452e-06
1259.77, 3.68024e-07
1168.87, 1.9129e-07
2424.12, 1.4173e-06
1178.89, 1.15475e-06
1922.52, 4.33287e-07
2010.35, 1.82596e-06
1020.68, 2.73114e-08
1002.46, 1.69078e-05
2214.53, 3.34458e-06
1859.24, 3.61145e-06
1473.34, 3.79624e-05
2144.79, 4.60906e-06
1385.68, 3.2624e-07
1396.06, 7.41805e-06
1142.77, 2.71387e-06
1468.28, 3.52116e-06
1771.42, 5.66176e-07
1748.24, 3.99243e-06
2359.56, 1.06135e-07
1714.11, 8.31342e-07
1255.1, 9.34437e-07
2367.18, 6.994e-08
2312.73, 5.30065e-06
1605.6, 3.72622e-06
1049.33, 2.01314e-06
1993.2, 8.94868e-06
1823.17, 1.74754e-06
2002.75, 8.67533e-06
1233.85, 6.02817e-08
1308.49, 1.59429e-08
1909.58, 1.53581e-06
2085.4, 1.38023e-06
2175.34, 1.16818e-05
2100.13, 2.46323e-06
1761.64, 1.79684e-06
1507.34, 5.65163e-07
1267.48, 5.43766e-07
2274.39, 3.34766e-06
1733.2, 8.81475e-07
1315.55, 2.90762e-05
1720.02, 2.7428e-06
1157.06, 1.44772e-07
1123.95, 4.43239e-06
1489.66, 1.92382e-06
1650.87, 2.99274e-07
1077.69, 3.46658e-06
1727.32, 2.0526e-06
1329.51, 1.4812e-08
1834.11, 4.7164e-06
1197.24, 3.36537e-09
2253.39, 9.39054e-06
2193.13, 2.30433e-06
1078.88, 8.27461e-06
1156.02, 9.05246e-07
1624.1, 1.84109e-07
2406.87, 7.32593e-06
1544.17, 2.82392e-06
1068.01, 4.14355e-07
2089.46, 5.57389e-06
1426.1, 1.35806e-06
2287.52, 9.99196e-07
1659.52, 5.84627e-07
1730.41, 6.34116e-06
2155.42, 8.4487e-06
1003.18, 5.79046e-06
2474.81, 2.06514e-06
1352.65, 7.15565e-07
2494.82, 1.36249e-06
2466.53, 3.64094e-06
1329.61, 4.52461e-06
2360.96, 1.65627e-07
1541.83, 4.61757e-07
1374.3, 1.21607e-06
1003.31, 6.82705e-05
1715.97, 4.70494e-06
1962.15, 3.94471e-06
1901.13, 7.17581e-07
2488.83, 6.29321e-06
1447.61, 1.34288e-06
1523.17, 1.98291e-05
2410.03, 8.7438e-06
1740.88, 6.56809e-06
1112.98, 5.81766e-06
1335.07, 5.69134e-07
1925.68, 3.8379e-06
1243.35, 5.20099e-08
1928.95, 7.14808e-07
1698.3, 3.56914e-06
1281.5, 6.44263e-06
2219.02, 1.37332e-06
1820.39, 2.60252e-06
1365.25, 1.20715e-06
2111.58, 2.82024e-06
2354.18, 1.09055e-07
1131.54, 5.40532e-06
1523.05, 5.41659e-06
2235.78, 1.1702e-06
1519.83, 1.85774e-07
1477.93, 4.12796e-08
2152, 1.61307e-06
1658.5, 7.56999e-07
1597.51, 2.15106e-06
2471.05, 2.75418e-06
1529.57, 1.02053e-05
1051.89, 2.10387e-07
2140.86, 3.66945e-05
2352.05, 4.43146e-07
1406.98, 2.48956e-06
1259.79, 4.09033e-08
1381.11, 4.35402e-06
1864.35, 1.32297e-06
2320.43, 5.66367e-07
2195.4, 1.06689e-05
1959.13, 2.52292e-06
1251.67, 1.37368e-06
1691.57, 9.90984e-07
1382.6, 7.60665e-07
1559.17, 1.41161e-06
1331.12, 2.54697e-06
1003.47, 8.55282e-07
1949.68, 1.04724e-05
1259.47, 4.97581e-07
1910.9, 7.9462e-06
2290.91, 2.79931e-06
2383.52, 7.75487e-05
1867.1, 1.1122e-05
1286.67, 4.46773e-05
1041.61, 4.19772e-05
2133.2, 3.09327e-06
2003.5, 1.26286e-06
2373.22, 2.95641e-07
2017.92, 1.12741e-06
1542.01, 6.19378e-06
2239.07, 0.000254226
1950.33, 1.86852e-06
1372, 5.54735e-06
2329.3, 8.11844e-06
1022.1, 2.51398e-07
2265.32, 5.47096e-06
2248.1, 2.80716e-06
1125.68, 2.26376e-09
1295.95, 2.20373e-06
2436.17, 7.7519e-06
1193.64, 8.72601e-08
1304.49, 3.7355e-06
2171.76, 1.79249e-06
2087.55, 8.70025e-06
1066.6, 1.01277e-06
1687.61, 3.64184e-07
2371.25, 4.55469e-07
1822.39, 8.66831e-07
1882.04, 2.45131e-06
1179.56, 2.29859e-08
1592.32, 2.52629e-07
2408.46, 1.79364e-06
1649.71, 1.74467e-07
1296.4, 5.93639e-07
1995.56, 1.28757e-05
1885.09, 2.27808e-06
2412.05, 1.04929e-05
1213.39, 1.35156e-08
1439.02, 1.87675e-05
1844.55, 1.75131e-06
1532.14, 1.21513e-05
1416.63, 1.65025e-05
1055.51, 6.76797e-06
1437.83, 6.22355e-07
1446.6, 2.90096e-06
1157.04, 8.31956e-07
1692.7, 2.29903e-07
2338.86, 8.69418e-07
2287.78, 1.92056e-07
1672.04, 3.27116e-06
1736.25, 2.57109e-06
2418.98, 1.14221e-06
1339.07, 2.55111e-07
2451.35, 1.27869e-06
1260.81, 1.98622e-07
2373.76, 2.83454e-07
2457.4, 2.25247e-06
1595.39, 3.5711e-07
1373.62, 2.46772e-06
1084.35, 4.94965e-06
1103.63, 5.59494e-06
2437.69, 9.99072e-07
2395.82, 1.71182e-06
1666.4, 1.29203e-06
1604.99, 7.57225e-06
1392.82, 4.92026e-08
1796.31, 1.37288e-06
1451.26, 1.60203e-06
1334.74, 2.09741e-06
1961.16, 2.12358e-06
1569.04, 1.12293e-06
1762.31, 1.49419e-05
1466.3, 3.59342e-07
1791.16, 7.9785e-07
1841.07, 1.64415e-06
1259.27, 2.84554e-07
1934.78, 1.58214e-06
1792.42, 6.36235e-07
1503.86, 2.62152e-07
2175.71, 8.17545e-07
1535.69, 8.89394e-08
1082.13, 7.10715e-06
1967.31, 1.30474e-06
1693.58, 3.694e-06
1374.23, 1.54063e-06
1380.42, 8.10546e-07
2004.56, 1.2824e-05
1137.19, 6.82587e-07
2138.73, 7.27691e-06
2421.71, 1.5665e-06
1735.68, 1.43642e-05
1301.08, 7.7787e-07
2024.75, 1.43967e-06
2236.48, 7.99795e-06
1660.89, 2.94882e-07
1780.16, 1.24629e-06
1400.88, 5.37999e-08
1124.64, 7.15063e-07
1479.13, 5.26171e-07
2082.87, 3.75925e-06
1094.73, 1.19589e-08
1150.73, 1.6644e-06
1012.21, 1.61267e-05
1050.25, 5.52843e-06
1921.79, 6.32691e-05
2369.6, 4.65196e-07
1724.55, 2.0086e-06
2087.36, 1.12029e-06
1066.76, 1.36566e-09
1620.47, 3.51459e-06
2473.2, 1.8478e-06
2124.43, 2.98277e-06
2482.62, 3.76346e-06
1807.59, 2.3389e-06
2484.49, 2.82482e-06
1165.32, 2.97735e-06
2025.29, 3.5996e-06
2009.28, 5.841e-06
2168.07, 3.00503e-05
2126.38, 1.28199e-06
1488.02, 1.31043e-05
2494.76, 1.16269e-05
2103.38, 3.4008e-05
2058.27, 1.73717e-06
2473.84, 1.63186e-05
2092.52, 2.96663e-06
1116.46, 2.99269e-07
1116.75, 2.1793e-06
2337.37, 1.41722e-06
2172.53, 2.11769e-06
1455.27, 1.9588e-05
1427.78, 1.67496e-08
1059.69, 0.000166969
1286.05, 2.45493e-09
1856.71, 1.89021e-06
2125.34, 1.14337e-05
2041.31, 1.53857e-06
1846.13, 2.9032e-06
1192.94, 4.85225e-06
1016.94, 3.57803e-06
2322.94, 6.52353e-06
1555.89, 6.03308e-07
1365, 1.14087e-06
2086.95, 7.52461e-06
1477.92, 1.5882e-07
2285.07, 2.81352e-06
2336.22, 9.5875e-07
2416.95, 1.98295e-07
2181.09, 2.70681e-06
1312.68, 1.27491e-05
1516.26, 5.28525e-07
1610.35, 4.69807e-06
1715.38, 7.74115e-06
2256.06, 1.41501e-06
1313.91, 5.93921e-06
2221.44, 7.84131e-06
1480.33, 5.02745e-07
2140.12, 8.34219e-06
2249.92, 2.78453e-06
1933.27, 5.47167e-07
1539.04, 4.7272e-07
2258.66, 1.46555e-06
1498.29, 5.77492e-06
1850.11, 1.66029e-06
1938.05, 1.98027e-06
1299.15, 6.87003e-06
1398.32, 2.34107e-06
2020.97, 1.52993e-05
1362.03, 1.86249e-06
1273.32, 1.54745e-06
1588.82, 5.25091e-05
2440.53, 4.99659e-06
1155.96, 1.57463e-06
1732.88, 4.07208e-07
1906.91, 3.34651e-06
1715.42, 2.44231e-06
2134.96, 1.60503e-06
2059.56, 1.12946e-06
2435.72, 2.09362e-06
1180.5, 1.86732e-07
1940.63, 0.000259366
2195.14, 2.36202e-06
1317.96, 7.15517e-08
2206.72, 5.24105e-06
2349.3, 3.20437e-07
2263.78, 1.10493e-05
2240.39, 2.11311e-06
1193.87, 2.38394e-08
2124.4, 2.05454e-06
1303.3, 4.49409e-07
1200.7, 1.39707e-07
1180.31, 1.52204e-06
1081.9, 4.16306e-06
1534.51, 1.6833e-07
1832.5, 5.93192e-07
1194.6, 1.34647e-07
1131.01, 7.51004e-08
1301.75, 2.79845e-06
2350.8, 2.8793e-07
1826.51, 8.07266e-07
2151.82, 5.04784e-06
1273.02, 3.03081e-06
1642.37, 1.17212e-06
1830.5, 1.16584e-06
2230.59, 1.69013e-06
1250.39, 4.25312e-06
1535.9, 3.32733e-06
1964.26, 1.61262e-06
1002.61, 1.9385e-07
1124.19, 2.68082e-06
1664.13, 2.98196e-07
1014.07, 3.85403e-06
1892.66, 1.30641e-05
1200.94, 2.51059e-07
2482.93, 5.01429e-06
1292.85, 3.62339e-07
2267.4, 3.53708e-06
2434.95, 3.06666e-06
2469.47, 2.15024e-05
1970.48, 1.86368e-06
1603.42, 2.15924e-06
2251.75, 2.10615e-06
1916.66, 1.94995e-06
1640.53, 1.24119e-06
1412.55, 5.14313e-07
1911.34, 1.0051e-05
1943.52, 1.85027e-06
2266.39, 1.11803e-06
2481.74, 1.83176e-06
1074.77, 1.8087e-06
1932.37, 5.92673e-06
2264.6, 1.14572e-06
1793.69, 5.35504e-06
2103.77, 4.17853e-06
2311.21, 4.39543e-07
1030.09, 7.39166e-06
2343.86, 4.57463e-07
1178.78, 1.28659e-06
1892.66, 8.58789e-06
2334.98, 6.16301e-07
1800.33, 3.14334e-07
1504.52, 3.75455e-06
1178.72, 3.49027e-08
2101.59, 1.68295e-06
1011.32, 3.62297e-06
2227.45, 2.46354e-06
2044.66, 1.48663e-06
1605.4, 2.59311e-07
2349.2, 3.21342e-07
1846.18, 2.78019e-05
1617.03, 2.18466e-06
2443.4, 2.98003e-06
1283.13, 3.4319e-07
1423.07, 1.23726e-08
2330.62, 7.57975e-07
2491.3, 2.51104e-06
2443.75, 1.26558e-05
2064.52, 3.01736e-06
2477.89, 4.13276e-06
2200.33, 1.27041e-06
1713.06, 4.79513e-06
1340.93, 3.89986e-06
1443.23, 1.53016e-06
2148.12, 1.48713e-06
1005.78, 1.2746e-05
1187.36, 1.33155e-07
1463.98, 3.14496e-06
1019.59, 1.65236e-05
1180.13, 5.45976e-07
1466.42, 1.28083e-06
1538.3, 1.71278e-06
1594.12, 2.55974e-06
1412.38, 7.14763e-06
1414.9, 3.68561e-07
1986.85, 8.22872e-06
1000.97, 1.59216e-05
1710.81, 3.4329e-06
1244.16, 1.80436e-07
1443.02, 1.92012e-06
2169.39, 1.58094e-06
1736.77, 7.8689e-07
1949.66, 1.11288e-06
1891.61, 3.89016e-07
2035.97, 2.12371e-06
2051.22, 2.20069e-06
1140.99, 6.60866e-06
2296.67, 1.06503e-06
1259.76, 1.62417e-06
1880.85, 2.35349e-06
1335.34, 3.53853e-07
1886.87, 7.10513e-07
1724.7, 2.84818e-06
1477.54, 6.06563e-06
1600.32, 4.37248e-06
2091.05, 8.70268e-06
1505.9, 2.07555e-06
2138.15, 2.03653e-06
1789.75, 1.09402e-06
1428.46, 7.06235e-07
2469.24, 6.86049e-06
2086.9, 2.29812e-06
1417, 3.55423e-06
1277.09, 1.03598e-05
2146.66, 5.43147e-05
1533.49, 1.31064e-06
2368.38, 1.52236e-05
2181.12, 2.24385e-06
1987.84, 4.33122e-06
2259.93, 6.96321e-06
1302.55, 1.15454e-05
1417.2, 8.55282e-07
1845.85, 7.59724e-07
2178.68, 7.83549e-06
1531.44, 4.37108e-06
1674.08, 1.67914e-06
1353.25, 4.48478e-06
1239.11, 2.06774e-07
1593.35, 1.28955e-06
2487.97, 1.09327e-05
2029.48, 2.94243e-06
1979.44, 1.71019e-06
1227.03, 5.28335e-06
2229.19, 1.05426e-05
1925.03, 1.77156e-06
1720.85, 3.01408e-06
2318.81, 2.72807e-06
2439.27, 7.22949e-07
1204.93, 8.17431e-07
2039.82, 3.94555e-06
1383.94, 2.72478e-07
1539.23, 1.9709e-06
1413.02, 1.5905e-05
1017.88, 2.05864e-05
1876.04, 2.31327e-06
1783.08, 1.43284e-06
1065.05, 6.50025e-06
2091.6, 4.7654e-06
2145.39, 1.936e-06
1217.66, 8.29316e-08
1350.71, 1.07639e-08
1056.83, 1.21117e-06
1213.8, 4.95468e-08
1307.14, 1.64986e-06
2460.62, 7.87141e-07
1302.47, 1.1192e-06
1665.48, 1.41907e-06
2197.83, 1.32975e-06
1450.74, 1.49698e-06
1185.63, 7.79836e-07
1185.8, 3.08914e-06
2110.85, 1.97887e-06
1795.87, 1.29079e-06
2022.07, 1.48402e-05
1473.85, 1.37954e-06
1114.2, 1.24035e-05
2458.72, 1.4381e-06
1983.29, 3.55271e-06
1777.44, 2.68631e-06
2389.39, 4.99172e-07
1503.3, 7.85691e-07
2140.32, 1.31882e-06
2086.06, 2.45627e-06
1100.9, 1.28702e-06
1962.87, 5.3018e-07
1505.86, 4.63258e-07
1696.84, 4.71305e-07
1066.4, 1.73276e-06
2035.74, 1.63671e-06
1759.06, 1.45473e-06
1564.16, 5.11782e-07
2285.88, 5.75772e-07
1788, 2.80832e-06
1637.96, 1.53638e-06
1262.31, 2.34234e-07
1415.96, 8.71782e-06
2301.05, 7.75202e-06
1954.23, 4.67491e-06
2066.45, 2.02642e-06
1375.77, 1.25933e-06
1389.61, 2.48001e-06
1823.46, 1.61341e-06
1718.08, 1.54329e-06
2390.64, 2.46601e-07
1771.4, 1.23675e-06
1037.01, 2.10448e-05
2107.02, 1.66598e-06
1902.61, 2.42279e-06
1803.62, 2.72626e-06
2159.83, 1.58266e-06
1411.04, 1.06586e-06
1136.22, 2.20413e-06
1804.73, 4.7388e-07
2116.83, 1.76182e-06
2461.65, 6.23265e-06
1525.44, 1.49371e-07
2462.08, 3.72563e-06
1254.45, 4.16189e-08
2111.06, 2.17817e-06
2104.51, 5.05954e-06
1978.84, 3.32786e-06
2228.55, 1.84335e-06
1038.91, 5.82377e-07
1138.84, 8.00578e-08
1347.9, 7.65049e-07
1286.81, 2.43839e-07
2327.52, 1.02897e-06
2132.75, 2.6149e-06
1765.33, 9.14335e-07
1592.15, 4.0903e-06
2315.19, 4.13423e-07
2373.53, 3.26611e-07
2112.03, 2.05371e-06
1734.07, 3.8326e-07
1716.42, 8.24331e-07
1378.3, 7.31842e-07
2171.19, 2.28005e-06
2044.28, 9.64578e-07
2478.96, 7.78151e-06
1309.34, 2.43061e-06
1748.92, 9.65214e-07
1354.74, 1.25477e-05
1327.74, 9.25446e-07
2174.72, 9.27485e-07
2280.34, 1.15364e-06
1585.64, 9.82141e-08
2090.39, 1.28968e-05
2056.1, 1.62567e-06
2004.45, 7.76179e-06
1339.25, 6.0284e-06
2152.45, 2.99019e-06
1733.71, 1.88951e-06
1398, 7.0761e-07
2313.16, 1.2445e-06
2480.02, 5.94685e-06
2325.28, 1.20314e-06
1722.67, 3.96002e-06
1668.95, 2.44416e-06
1818.19, 3.64944e-06
2464.09, 1.76818e-06
2195.21, 1.98889e-05
1562.34, 1.70071e-05
1292.43, 5.09539e-07
2428.27, 1.72042e-06
1661.69, 9.98684e-07
1824.37, 4.92763e-06
2296.36, 4.58175e-06
2018.22, 1.79334e-06
2107.94, 1.47957e-06
2457.3, 6.21876e-06
1604.88, 6.07325e-06
1914.06, 2.55776e-06
2496.76, 1.00976e-05
2076.69, 2.16622e-05
2167.05, 2.3489e-06
1094.46, 1.26233e-06
2056.93, 2.41714e-06
1824.64, 3.2346e-06
1249.93, 3.89367e-07
1935.28, 2.41515e-06
2019.08, 7.59064e-07
2277.54, 3.97204e-06
1124.79, 1.108e-07
1010.85, 2.67841e-06
2110.87, 3.32648e-06
2253.76, 2.33222e-06
1808.9, 9.92535e-07
2310.37, 1.74721e-06
1551.56, 2.79971e-06
1842.87, 5.83635e-07
2195.11, 2.93001e-07
1705.87, 2.56266e-05
2027.83, 1.31255e-06
1315.61, 7.54914e-07
2370.38, 2.89689e-07
1840.39, 1.90971e-06
2432.59, 6.87155e-06
1179.2, 2.77603e-06
1927.76, 3.4247e-06
1246.66, 6.16327e-07
1716.68, 4.62943e-06
2030.51, 2.25569e-06
1700.08, 6.13698e-06
1736.84, 7.1294e-07
1796.85, 1.09617e-05
1450.29, 1.83045e-07
1523.51, 7.2833e-06
2262.15, 5.47154e-06
1084.48, 2.99928e-05
1415.92, 6.50171e-07
2005.48, 1.69729e-05
1659.57, 4.77955e-06
1043.02, 3.43984e-06
1979.54, 1.41678e-05
1756.69, 1.32468e-06
1990.08, 3.153e-06
1688.08, 5.85745e-07
1731.02, 2.32104e-06
1705.59, 7.63053e-06
1268.03, 1.60741e-06
2030.84, 1.93567e-06
1332.86, 8.08184e-07
1430.86, 1.15486e-06
1827.5, 1.17182e-05
2118.83, 3.47416e-06
1521.87, 2.43694e-07
1489.12, 1.00887e-06
1054.78, 4.01066e-07
1457.95, 2.12376e-05
1870.99, 4.89436e-06
1079, 1.78719e-05
2201.93, 2.28197e-06
2342.76, 1.3337e-06
2454.09, 1.07144e-05
2236.25, 2.01521e-06
1219.21, 7.60818e-08
1742.24, 3.10946e-06
1739.29, 1.13327e-06
2252.15, 9.31649e-07
2279.13, 2.37005e-06
2393.76, 6.53766e-07
1882.38, 4.85803e-06
1557.16, 2.06165e-06
1738.85, 6.90725e-07
1708.54, 9.02497e-06
1453.36, 1.66819e-06
1082.85, 9.673e-07
1620.19, 1.03257e-05
2451.17, 2.92539e-06
2169.61, 1.50581e-06
1362.32, 2.70061e-07
1631.56, 8.72921e-07
2275.49, 9.64197e-07
2417.17, 2.07481e-06
1901.91, 8.14525e-07
1580.98, 2.42006e-06
1800.82, 3.74085e-06
1203.11, 2.38725e-07
1549.82, 3.45908e-06
1053.09, 7.48416e-10
1929.35, 1.16615e-05
2025.16, 8.89775e-06
1614.71, 2.15233e-07
2034.03, 3.10105e-06
2350.99, 4.78515e-07
1055.73, 2.78111e-06
1804.01, 2.96144e-06
1509.26, 3.63807e-07
1893.3, 6.42571e-07
1595.84, 5.72151e-07
2312.6, 4.30972e-06
2345.14, 3.51547e-06
1448.71, 3.55782e-06
1487.25, 2.63179e-06
1081.28, 2.68052e-06
1555.64, 6.47836e-06
1862.09, 1.02434e-06
1993.76, 1.32267e-06
1295.22, 1.59619e-08
2253.77, 3.62903e-06
2279.86, 7.15043e-07
1536.99, 2.66451e-05
1387.59, 2.18241e-05
1099.3, 3.60361e-06
1561.54, 1.64962e-06
1440.35, 1.00992e-06
2471.3, 3.59475e-05
1188.35, 1.4892e-07
1581.2, 1.23078e-06
2270.26, 5.06802e-06
1322.03, 4.36929e-05
1597.43, 7.1958e-07
1404.05, 4.31854e-06
1309.88, 1.65175e-07
1713.73, 5.18469e-06
2205.91, 2.01038e-06
2337.56, 4.33e-07
1510.64, 8.50512e-06
2347.58, 9.33585e-07
1793.77, 2.26583e-05
1914.28, 4.79044e-05
2449.65, 1.74923e-06
2434.34, 5.37925e-06
1938.57, 9.31826e-07
1532.11, 8.89379e-06
2496.62, 8.37991e-06
2018.77, 1.44917e-06
1950.97, 2.46054e-06
2184, 3.46287e-06
1060.19, 6.24063e-10
1604.83, 8.19992e-08
2237.87, 0.000132933
1774.69, 1.49414e-06
1925.47, 1.99678e-06
1757.08, 9.28698e-07
2494.07, 2.46428e-06
1416.21, 9.24347e-07
1223.03, 1.9736e-06
1306.17, 1.50708e-07
2365.53, 6.77859e-08
2028.63, 9.08436e-06
1922.92, 1.57798e-06
2434.35, 5.95795e-08
1870.22, 2.8271e-06
1826.3, 2.37297e-06
1326.76, 1.76431e-05
2343.9, 2.94323e-07
1580.99, 4.58751e-06
1778.27, 4.98934e-06
2308.11, 1.60165e-05
2234.05, 2.19477e-06
1404.6, 3.29861e-08
2456.58, 7.881e-06
1078.25, 1.1772e-05
2094.69, 0.000981225
1252.31, 1.38656e-08
2468.2, 3.1053e-06
1005.04, 4.44829e-05
2054.9, 2.85972e-06
1501.19, 6.79011e-07
1231.76, 7.19631e-09
1139.46, 9.98945e-07
2301.24, 4.60751e-05
1638.72, 1.43493e-06
2456.89, 3.25309e-06
2060.72, 2.71643e-06
2282.81, 1.55311e-06
1427.46, 4.49145e-05
1912.57, 1.3037e-06
1753.4, 8.8161e-07
2076.73, 0.000144262
1241.22, 7.44367e-07
1999.36, 1.77847e-06
1792.5, 4.71295e-06
2045.14, 5.6338e-06
2419.8, 1.65689e-06
1715.9, 0.000110359
2104.89, 3.16759e-06
2475.41, 1.26979e-05
2309.21, 1.48071e-06
1044.46, 1.49967e-05
2456.1, 6.75705e-06
2430.81, 1.32671e-06
2000.32, 9.66025e-06
1107.91, 4.84922e-07
1099.82, 8.78294e-07
1679.99, 2.61449e-07
1669.29, 3.48608e-06
2490.46, 5.5926e-06
2470.64, 4.19488e-06
1729.23, 4.92126e-07
2014.18, 1.91034e-06
2141.25, 8.95022e-06
2074.46, 2.44124e-06
1869.88, 4.17693e-07
1421.17, 1.4735e-07
1944.8, 1.90702e-06
1600.82, 2.53074e-06
1893, 1.38249e-06
2409.68, 5.95609e-07
2165.29, 1.74641e-06
1412.07, 6.39809e-07
1096.63, 5.61196e-07
1938.25, 4.02924e-06
2015.19, 2.77501e-06
1826.03, 7.26121e-07
2165.71, 9.59935e-07
1528.06, 7.50401e-06
1207.67, 9.70384e-08
1618.92, 2.12156e-07
2057.04, 1.35061e-06
1312.34, 2.03401e-05
2032.55, 1.87603e-05
2051.57, 2.37898e-06
2055.25, 6.75771e-07
1802.04, 1.0729e-06
2380.31, 2.95954e-07
2159.47, 2.80309e-06
1793.73, 7.39635e-07
2167.26, 4.63571e-06
1775.3, 1.23643e-05
1096.38, 1.30181e-05
1111.43, 9.49337e-06
1633.3, 2.08502e-07
1974.88, 7.2033e-07
2406.04, 7.03625e-07
1794.3, 5.88495e-07
1934.2, 1.61401e-06
2239.53, 3.57869e-06
1681.61, 3.1667e-06
1075.86, 5.06192e-06
1711.83, 9.87215e-07
1481.77, 2.47431e-08
1239.96, 4.51843e-07
2199.47, 2.08171e-06
1645.43, 1.35301e-06
1810.72, 1.13319e-06
1155.7, 5.21084e-06
1122.12, 2.20656e-06
2290.73, 3.70685e-06
1251.32, 2.32797e-06
1520.05, 4.4208e-06
2259.95, 3.28622e-06
1244.84, 1.43264e-06
1455.43, 7.21021e-07
1946.47, 5.77481e-06
1298.07, 6.78261e-07
2463.84, 2.38289e-06
1646.09, 1.39239e-07
2261.84, 1.42233e-06
2412.27, 2.43877e-06
1980.8, 2.08777e-05
2167.4, 2.7834e-06
2352.45, 3.03408e-07
2437.75, 2.53522e-06
1666.8, 1.87721e-07
2059.18, 2.28744e-06
2177.66, 6.24679e-06
2369.69, 3.00967e-07
2166.31, 3.23991e-06
1609.6, 2.38238e-07
2254.94, 7.05642e-06
2477.4, 9.51153e-06
1721.18, 3.93057e-06
1879.61, 9.28537e-07
2072.87, 1.18611e-06
1127.68, 9.94261e-08
2044.48, 3.16288e-06
1256.12, 9.73565e-07
1943.04, 3.18603e-06
2442.75, 6.49108e-06
1487.26, 4.22668e-06
2345.45, 1.20063e-06
1937.47, 2.05755e-06
1657.91, 1.63997e-07
2020.37, 1.21405e-05
1563.47, 6.21227e-06
1281.26, 9.20296e-06
2142.35, 9.84214e-05
1447.77, 1.93957e-06
1412.27, 8.40718e-07
2472.72, 1.18054e-06
1821.09, 1.03588e-06
2118.66, 5.45253e-05
1237.85, 1.27239e-06
2008.13, 2.82121e-06
1289.23, 1.32902e-06
2185.73, 2.2798e-06
1747.38, 1.72005e-06
1042.49, 3.26574e-05
1759.76, 1.02948e-06
1566.89, 5.43023e-07
2305.71, 8.27153e-07
1208.72, 5.12445e-08
1313.11, 2.51156e-07
2164.77, 1.31528e-05
1887.92, 1.11705e-06
2464.33, 2.61287e-06
1764.62, 2.14913e-06
1669.64, 5.08721e-07
1088.79, 9.34477e-08
1950.38, 3.21511e-06
2470.12, 2.71335e-06
2274.68, 2.78197e-06
1271.54, 5.31321e-06
2154.9, 3.64026e-06
1243.39, 1.46058e-10
1429.36, 5.31542e-07
2245.58, 2.38317e-06
1744.91, 3.08041e-06
1179.65, 1.09157e-08
1748.57, 7.85551e-07
2295.07, 4.35881e-07
1757.33, 3.90146e-06
1775.16, 1.03206e-06
2049.13, 1.95379e-06
1651.19, 3.05553e-07
1253.59, 1.58797e-08
1947.17, 1.83857e-06
1185.21, 2.30507e-07
1252.45, 7.12291e-09
1756.8, 5.87442e-06
2151.85, 1.61766e-06
2461.49, 2.17638e-06
2206.45, 9.00681e-07
1865.57, 1.87791e-06
2230.98, 1.59522e-06
1508.59, 1.0576e-05
1033.96, 1.35411e-05
1481.51, 4.89962e-06
2192.23, 5.0509e-06
1087.88, 2.457e-06
1573.84, 4.35109e-06
1485.99, 4.42967e-06
1613.43, 6.2363e-06
2232.62, 2.23595e-06
2455.46, 2.21015e-06
1841.54, 3.25621e-06
1058.3, 3.10641e-06
2361.93, 4.92282e-07
1775.55, 3.35507e-06
1842.44, 1.86082e-06
1952.09, 2.16555e-06
1135.78, 8.33035e-06
1552.3, 3.01471e-06
2344.35, 1.28084e-06
2187.69, 2.63175e-06
1858.01, 6.09504e-06
1853.56, 5.53648e-05
1322.84, 2.60024e-07
1746.76, 1.21077e-05
1049.83, 1.27823e-05
2160.79, 4.17926e-06
1272.95, 4.43782e-08
1549.61, 2.43108e-07
1809.66, 5.23265e-06
2436.24, 1.39851e-06
2393.98, 4.37836e-07
1578.03, 4.502e-05
1120.15, 2.89517e-05
2290.94, 6.97942e-07
2055.39, 2.51225e-06
1010.93, 8.0902e-08
2371.7, 4.34467e-07
2315.35, 6.75188e-06
1805.63, 2.46954e-06
1613.92, 7.01991e-06
1141.98, 1.78882e-06
1714, 1.11062e-05
1248.4, 5.93704e-08
2110.72, 1.6924e-06
1944.94, 1.13739e-05
2402.39, 1.53632e-06
1955.98, 2.21223e-06
1556.62, 9.39563e-07
1890.8, 3.66881e-05
2007.42, 1.84138e-06
1282.79, 2.73303e-06
1989.81, 2.4962e-06
2006.07, 2.37125e-05
1288.58, 7.17036e-07
1233.2, 2.62979e-06
1426.14, 1.82298e-05
2062.44, 1.13937e-05
1115.09, 7.51832e-06
1508.83, 1.372e-06
1863.91, 2.71287e-06
1906.63, 7.06915e-07
1208.8, 6.5056e-07
1964.44, 2.89715e-05
2020.65, 2.78937e-06
1251.69, 1.46846e-06
1608.28, 1.36687e-06
2126.07, 8.85111e-06
1002.7, 1.73862e-06
2187.69, 2.36157e-06
2441.97, 0.000287812
2219.26, 2.95665e-05
1259.22, 1.97761e-06
1719.18, 3.7596e-07
2295.55, 3.4396e-06
1723.64, 1.31697e-05
1673.72, 2.86923e-06
1542.18, 2.56539e-07
1314.66, 8.98803e-09
2413.87, 1.45884e-06
1163.98, 1.9675e-07
2302.93, 8.98943e-07
1839.88, 7.06901e-07
1767.45, 4.69157e-07
2430.33, 1.34911e-06
1506.53, 4.47975e-07
2150.36, 2.62741e-06
1179.29, 1.88757e-07
1650.69, 1.73828e-07
1610.92, 2.96717e-07
2144.89, 2.97661e-06
1528.16, 1.07814e-06
2046.36, 3.81351e-06
1323.78, 4.13417e-07
1679.9, 1.00282e-05
1568.83, 2.25083e-06
2317.96, 1.22057e-06
2407.81, 7.66251e-07
2340.04, 4.7036e-07
1771.46, 8.65285e-07
1273.26, 1.40238e-07
1010.31, 2.31438e-06
1952.04, 6.86714e-06
2410.22, 1.34714e-06
1125.44, 1.20213e-07
1841.12, 1.59735e-05
2241.69, 1.06005e-06
1736.46, 3.85512e-06
1064.95, 1.88246e-05
1499.49, 2.95332e-08
1861.16, 1.58162e-06
1208.75, 8.78605e-08
2423.63, 1.07077e-06
1589.09, 1.11188e-06
1281.63, 4.96785e-06
2469.38, 1.38326e-06
1951.08, 4.14296e-06
2251.06, 1.70283e-06
1196.17, 4.37737e-07
2455.56, 1.58573e-06
1753.13, 3.34946e-06
2399.37, 1.05441e-06
1278.85, 1.92783e-06
2255.47, 1.85994e-06
1436.75, 4.17584e-06
1549.29, 1.98055e-05
2465.65, 8.36674e-06
1112.25, 8.12568e-08
2455.27, 8.98386e-06
2288.26, 8.68881e-07
2060.5, 1.8452e-06
1129.46, 1.06968e-05
1860.64, 5.96502e-07
1252.47, 2.03772e-07
1435.5, 8.62127e-07
1353.59, 3.5943e-06
1075.29, 8.45837e-07
1995.44, 1.58182e-06
1922.15, 2.26655e-06
1766.47, 2.96714e-06
1961.32, 2.66199e-06
2481.66, 5.37986e-06
1468.35, 2.45797e-06
1549.92, 5.07287e-07
1807.77, 1.23516e-06
1855.39, 1.47422e-06
2148.35, 1.23002e-06
1558.59, 4.24269e-07
1987.53, 1.17199e-06
2445.22, 2.08043e-07
2267.25, 2.46678e-06
2498.08, 5.49086e-06
2481.94, 3.10839e-06
1069.76, 3.57299e-06
1226.04, 2.68902e-07
1503.84, 1.27537e-06
1523.89, 3.60309e-07
2480.35, 9.09104e-06
1649.5, 9.1618e-07
1177.46, 8.58422e-07
1735.99, 2.73627e-06
1654.14, 3.99032e-06
2017.35, 4.35267e-06
2020.93, 1.54994e-06
1650.24, 2.16494e-06
1339.27, 2.10172e-07
1459.19, 2.48613e-06
1195.74, 8.3446e-07
1617.07, 3.82271e-06
1123.8, 1.03264e-05
1226.44, 3.42814e-07
2266.55, 6.77724e-07
1740.13, 1.71e-06
1308.74, 6.68454e-07
1779.63, 3.85367e-06
1014.49, 1.10194e-05
1471.47, 4.11921e-05
1300.63, 4.59121e-08
1436.03, 3.88877e-06
2025.74, 2.57681e-05
1426.19, 6.85431e-06
2010.23, 4.64418e-06
2187.29, 2.54811e-06
1752.68, 1.7526e-06
2271.51, 2.20102e-06
1633.16, 7.55829e-07
2073.47, 1.37559e-06
1802.3, 3.22632e-07
2331.48, 1.23446e-06
2428.08, 8.82369e-07
1037.08, 3.02138e-07
1225.43, 7.08886e-07
2116.51, 4.05648e-06
1867.18, 1.38332e-06
1692.26, 1.06218e-06
1374.19, 5.76555e-08
2176.33, 8.92882e-06
2280.97, 1.8882e-06
1993.69, 1.11045e-06
1127.86, 5.83664e-06
1933.46, 2.70159e-06
1708.17, 3.40441e-07
2111.61, 2.23841e-06
1279.25, 2.07102e-07
1552.93, 6.60704e-06
1353.52, 4.18539e-06
1070.11, 8.61904e-07
2284.46, 7.17773e-07
1073.23, 8.85871e-09
1804.87, 2.90122e-06
1676.41, 2.92476e-06
1897.14, 1.26011e-06
2433.34, 1.30084e-06
2286.01, 1.25606e-06
2144.95, 2.37289e-05
2223.76, 1.19673e-06
1868.45, 2.5745e-06
1605.67, 3.21871e-07
1146.83, 8.66961e-07
1915.4, 3.92182e-05
2265.53, 2.26756e-06
2311.54, 3.91469e-07
1812, 4.06479e-06
1997.94, 1.70813e-06
1295.13, 2.08434e-06
1852.83, 5.61956e-07
1634.53, 4.79195e-06
2193.03, 1.88902e-06
2380.18, 1.77549e-05
1397.22, 9.51389e-06
1345.53, 2.3008e-07
1528.79, 2.6233e-06
2135.82, 5.8049e-06
1435.25, 1.88506e-06
1922.65, 7.30378e-06
1051.85, 7.07293e-06
1198.79, 1.99959e-06
2338.88, 5.10263e-07
2384.77, 2.7344e-07
1940.96, 1.21923e-06
2273.49, 1.15283e-06
1441.86, 1.68864e-06
2028.13, 2.63233e-06
1014.2, 3.13343e-06
2494.95, 4.06839e-06
1194.5, 4.50886e-07
1140.47, 3.41377e-06
1801.54, 1.92483e-06
2472.26, 1.43036e-06
1797.91, 5.40386e-06
1962.43, 5.69961e-06
2368.16, 5.76624e-07
2016.37, 6.26699e-06
1133.98, 3.0569e-06
1756.82, 2.89527e-07
2217.61, 3.85277e-06
1492.28, 8.6613e-07
1936.35, 8.24156e-07
1803.52, 4.14807e-06
2300.72, 1.82832e-06
2467.29, 1.16436e-06
2250.1, 8.20181e-06
1526.48, 1.0421e-07
1878.82, 6.49761e-05
1760.2, 5.24364e-06
1709.48, 8.73242e-07
2001.78, 4.3681e-06
1824.76, 2.68948e-06
1570.2, 4.87226e-07
1732.01, 1.157e-06
1624.64, 1.30698e-05
1913.43, 1.18441e-06
1308.59, 2.42357e-06
1142.52, 9.47917e-05
2437.8, 5.05765e-06
1207.35, 1.16581e-07
1901.66, 1.15971e-06
2189.42, 2.77042e-06
2029.96, 3.32822e-06
2341.18, 1.20605e-06
2359.11, 5.62969e-07
1246.25, 2.5265e-07
1670.19, 5.59919e-06
1486.53, 2.26189e-07
2436.63, 3.00122e-06
1071.13, 5.85145e-05
1080.33, 1.92392e-07
1528.04, 4.03448e-06
1290.74, 5.20142e-06
1069.13, 2.0161e-06
1178.78, 3.41559e-05
2088.23, 2.28754e-06
2261.31, 5.56257e-06
1077.03, 6.28962e-06
2458.24, 6.8386e-07
1080.29, 1.33106e-05
1731.7, 3.13957e-06
1517.59, 1.98084e-06
1519.1, 2.36972e-06
1679.71, 4.04897e-07
1429.54, 4.26498e-07
1261.55, 5.44996e-06
2498.21, 1.15533e-05
2017.62, 1.61678e-06
1159.34, 5.20659e-06
1433.77, 5.21132e-07
2158.62, 4.05953e-06
1443.24, 1.04588e-08
1253.79, 1.33264e-06
2222.72, 1.36486e-06
1145.16, 1.75716e-06
1218.92, 8.549e-07
2297.9, 1.92646e-06
2063.45, 8.85455e-05
1334.29, 1.35038e-05
2143.88, 6.08341e-06
2429.25, 1.32984e-06
1083.68, 2.68279e-06
1953.2, 2.9927e-06
1394.02, 2.45554e-07
1711.46, 8.98823e-07
2427.48, 1.36043e-06
2004.01, 2.93643e-05
1479.56, 3.60399e-06
1201.92, 1.79204e-05
2477.82, 5.00901e-06
1919.45, 2.07185e-06
1752.04, 5.77723e-07
2113.99, 3.59164e-06
1621.76, 1.64687e-06
1073.44, 6.79172e-06
2106.25, 2.93598e-05
1656.18, 8.96998e-07
1262.83, 6.3481e-08
1400.66, 1.05775e-06
1765.65, 1.80744e-06
1854.29, 4.12652e-06
1373.41, 3.89668e-06
1214.95, 5.15259e-08
2127.36, 8.98212e-07
1690.58, 1.35999e-06
1147.54, 2.6561e-06
1786.22, 3.79734e-06
1745.57, 3.08967e-06
2348.92, 2.85515e-07
2136.16, 2.43366e-06
2186.82, 3.27098e-06
1324.99, 3.43776e-07
2469.3, 6.6582e-06
1135.83, 6.31232e-07
1142.7, 1.07179e-07
2184.45, 3.95427e-06
2163.87, 5.33088e-06
1161.27, 4.72869e-07
2268.04, 1.34903e-06
1969.07, 2.39965e-06
2177.66, 1.5606e-05
1694.51, 3.10599e-06
1041.48, 2.85558e-06
1599.14, 1.51046e-05
1445.57, 1.70262e-06
1642.34, 3.62243e-06
2373.97, 1.50122e-07
1865.07, 7.77181e-07
1809.33, 1.02065e-05
1674.3, 4.58047e-07
2316.67, 1.69656e-06
1848.58, 8.19198e-07
1506.16, 1.96459e-05
1177.25, 6.02689e-07
2299, 1.17448e-06
2039.31, 1.16264e-06
1885.46, 2.15753e-06
1911.62, 9.02153e-07
1615.26, 2.28034e-05
2185.64, 4.65138e-06
1269.74, 9.88194e-08
1124.31, 1.55241e-06
2270.29, 7.8627e-07
1488.89, 7.61046e-07
1555.89, 2.9311e-07
1923.1, 2.41976e-06
2007.54, 4.94495e-06
2176.97, 2.48953e-06
2129.17, 1.95622e-06
1028.81, 9.92604e-07
2047.08, 2.15185e-06
1627.83, 0.00262012
1952.29, 1.11661e-06
2218.27, 5.09116e-06
1919.92, 1.04801e-06
2261.63, 4.77597e-06
1479.34, 6.00312e-07
2136.67, 6.68135e-07
1523.95, 3.23427e-07
1617.84, 3.61974e-06
1259.04, 3.81692e-07
1981.81, 1.47022e-06
1226.51, 8.00972e-09
2341.66, 1.4839e-06
1507.34, 2.22492e-06
2005.66, 2.02923e-06
1427.96, 1.27251e-05
2113.01, 8.82984e-06
1358.66, 1.32543e-06
1404.65, 5.19471e-08
2400, 7.61836e-07
1595.02, 4.41916e-07
1613.58, 4.91586e-06
2005.24, 1.45951e-06
1522.69, 2.23814e-07
2186.24, 1.03519e-06
1943.66, 1.44356e-06
1520.12, 8.45889e-07
1074.86, 2.54328e-06
1015.93, 0.000121188
2148.11, 1.3379e-06
2262.83, 3.95712e-06
2152.17, 1.53191e-06
2029.79, 2.10675e-06
2130.09, 1.08551e-05
2207.27, 8.52074e-07
1046.14, 9.47079e-07
2223.04, 5.10573e-06
2289.16, 3.66254e-06
1729.77, 1.22385e-06
1078.04, 2.31254e-05
1734.99, 4.34643e-07
1919.37, 5.9198e-06
1511.73, 3.21156e-07
1116.85, 1.87687e-06
1326.39, 3.97171e-06
1176.09, 9.83818e-07
1697.42, 1.98016e-06
2455.48, 9.68952e-07
1065.92, 8.34031e-07
2336.51, 9.6903e-07
1918.23, 7.96025e-07
2184.91, 5.59892e-06
1247.69, 1.26662e-07
1531.77, 3.18915e-05
1747.15, 2.89866e-06
2128.93, 1.6309e-06
2474.49, 1.52466e-05
1301.81, 8.36708e-07
1318.72, 3.79467e-06
1848.48, 2.02371e-06
2412.81, 7.94731e-07
2464.3, 2.0395e-08
1451.19, 1.43268e-07
1564.68, 3.4107e-06
1399.8, 5.32224e-07
2256.24, 4.54772e-06
1668.94, 1.04018e-06
2373.94, 5.35335e-07
2229.23, 0.000234877
2386.2, 6.70883e-07
1975.56, 4.99133e-06
1668.69, 2.3428e-07
1958.5, 1.86936e-06
1275.54, 8.5636e-07
1094.97, 1.83443e-06
1532.43, 7.49938e-06
2166.98, 6.43502e-06
2040.19, 6.06157e-06
1743.25, 7.08295e-06
1733.38, 1.08908e-06
2267.32, 4.74833e-05
1868.64, 8.39388e-07
1900.4, 2.07157e-06
1514.57, 8.10895e-06
1418.22, 1.44909e-06
1130.8, 7.40094e-05
1304.78, 2.07683e-07
1257.86, 5.5266e-05
2495.77, 3.27051e-06
1539.18, 3.29197e-06
2094.42, 9.79055e-06
2083, 5.06129e-07
2267.12, 1.48659e-06
1181.47, 1.92553e-06
1730.68, 2.12088e-07
2429.65, 4.18e-06
2284.45, 7.19982e-06
1361.38, 4.49806e-07
1532.96, 7.87742e-05
1789.31, 6.34894e-07
2154.37, 2.87657e-06
1880.38, 1.65278e-05
1778.99, 5.59713e-06
1461.46, 6.41401e-08
2236.79, 1.31787e-06
1070.52, 6.03211e-06
1037.11, 1.0813e-06
1681.08, 3.14384e-06
1823.81, 1.0286e-06
1698.18, 8.78002e-07
1151.38, 5.48475e-08
2132.92, 3.68655e-06
1062.95, 2.62347e-06
2030.85, 4.06888e-06
2406.4, 3.38651e-06
2447.03, 2.38715e-06
1411.71, 1.67544e-05
1580.55, 1.49876e-06
1745.76, 4.90698e-06
1903.86, 4.09632e-06
1623.11, 8.10767e-06
1480.39, 7.88355e-06
1736.56, 1.15503e-05
1933.59, 4.52186e-06
1614.27, 1.27642e-05
1945.29, 1.61687e-06
1104.74, 2.49154e-05
2074.14, 7.83503e-06
1234.2, 8.66703e-07
2109.13, 4.02343e-06
2403.16, 5.26254e-06
1910.64, 1.33857e-06
1801.77, 1.35915e-06
1314.1, 4.8185e-07
2394.02, 3.84027e-07
1505.88, 5.64435e-07
2202.16, 9.93892e-07
2337.05, 1.42896e-06
1782.65, 7.31106e-07
2137.19, 1.32905e-06
2227.44, 9.27618e-06
1022.98, 1.74826e-05
1088.13, 1.00897e-07
2131.63, 4.70827e-06
2032.94, 4.60035e-06
1644.77, 9.57264e-06
1051.44, 1.65895e-05
1868.61, 1.31117e-06
1486.24, 1.84743e-07
2447.52, 3.11294e-06
2185.75, 4.55228e-06
1508.71, 1.56911e-07
2048.53, 2.99597e-06
1089.35, 2.49348e-05
1348.86, 6.96648e-07
1539.31, 1.40043e-06
1650.12, 2.04764e-06
1673.82, 2.65553e-07
1050.81, 3.05177e-05
2052.63, 1.6588e-06
2268.26, 2.1561e-06
2370.72, 1.81933e-07
1927.05, 1.1681e-06
1927.15, 8.18223e-07
1447.05, 1.01822e-06
1289.73, 6.82765e-07
2388.05, 7.66058e-07
2396.29, 5.14476e-07
1740.35, 9.5027e-07
1347.16, 1.60294e-06
2389.08, 1.55759e-06
1829.09, 1.36924e-06
2129.18, 4.5936e-06
1498.09, 6.84953e-08
2097.97, 2.8383e-05
2257.69, 1.11943e-06
1098.83, 1.75333e-06
2179.64, 4.47959e-05
2425.47, 7.99527e-06
1817.69, 6.47362e-07
1898.17, 9.819e-07
1450.73, 9.85798e-05
2161.78, 5.84981e-06
1352.49, 5.65406e-07
2235.34, 1.4484e-05
2140.88, 4.5952e-06
2352.34, 1.57849e-07
2260.44, 1.51864e-06
1837.37, 1.28863e-05
1407.13, 3.49569e-06
1295.93, 8.40142e-07
1589.67, 1.35292e-07
1928.97, 3.88736e-06
2181.6, 2.45471e-06
2052.25, 2.17726e-05
1891.91, 1.92027e-06
1379.99, 5.36556e-06
1364.29, 2.38548e-05
2431.11, 1.50194e-06
2280.54, 2.41211e-06
1456.61, 7.56774e-07
1642.19, 3.83075e-07
1305.09, 1.66708e-07
2003.08, 9.69458e-07
1697.11, 3.35305e-06
1221.2, 3.60209e-10
2199.87, 6.63728e-06
2238.77, 2.55261e-06
1592.92, 3.20916e-06
1570.71, 1.77018e-07
2080.27, 9.46454e-07
1441.92, 1.42542e-06
1507.89, 5.3167e-06
1864.16, 6.41502e-07
2042.65, 2.05315e-06
1420.09, 7.7631e-07
1399.27, 1.74993e-05
2260.01, 2.28153e-06
1039.59, 7.82457e-07
2302.54, 1.11224e-06
1770.91, 1.4444e-06
1575.78, 6.95137e-06
1354.03, 2.43112e-06
1626.18, 4.85067e-06
2059.69, 2.5358e-06
2298.96, 8.90055e-07
2120.39, 6.81022e-06
1654.96, 1.46548e-06
1137.98, 1.27624e-06
2411.78, 1.24439e-06
2378.85, 8.91327e-07
1496.15, 2.40528e-07
1833.12, 4.96418e-07
1225.63, 2.21875e-08
1868.76, 5.61591e-06
1896.17, 7.21793e-06
1745.09, 2.05484e-06
1741.61, 1.49842e-07
1695.99, 2.56684e-05
1911.1, 1.53094e-06
1819.55, 5.53952e-06
1735.58, 5.24182e-07
2346.05, 2.02478e-06
2163.88, 1.67234e-06
2423.35, 6.85162e-06
1405.65, 4.5696e-07
1021.38, 2.59683e-07
1837.99, 1.65566e-06
1193.73, 8.60017e-08
1976.93, 2.81981e-06
1040.81, 2.96825e-07
2299.17, 7.38993e-07
1716.53, 3.65353e-07
2040.72, 2.05256e-06
1710.76, 3.33741e-05
2409.74, 5.5369e-07
1731.67, 2.71559e-07
2313.35, 2.45022e-06
1507.12, 1.95777e-06
1902.87, 1.63705e-06
1950.92, 5.20891e-06
1069.02, 6.69965e-06
2189.09, 1.51279e-06
1716.05, 1.67653e-06
2308.28, 1.47806e-06
1758.75, 8.01432e-07
1648.19, 4.83786e-06
2070.66, 1.59707e-06
1508.77, 5.90072e-06
1450.05, 7.70369e-06
1612.37, 2.14963e-07
1228.29, 1.98762e-08
1807.49, 1.11206e-05
2356.12, 1.65102e-07
2324.93, 1.46199e-06
2309.89, 1.2951e-06
2458.48, 5.94498e-06
1351.2, 8.96534e-06
1037.29, 6.37385e-06
1812.64, 3.65268e-06
1410.67, 1.52936e-07
2104.83, 2.67929e-06
1699.84, 2.34445e-07
2230.8, 1.02078e-06
1239.94, 3.01406e-06
1006.18, 4.83488e-06
2457.55, 9.52625e-06
2143.19, 1.54394e-06
1995.43, 6.52507e-06
2487.42, 4.48324e-05
1022.03, 1.4343e-06
1039.73, 4.19408e-07
1608.16, 2.17921e-07
1453.45, 2.04771e-08
2176.92, 3.72876e-06
1839.24, 5.74036e-06
1825.73, 6.5384e-07
1870.85, 1.28079e-05
1793.55, 4.56336e-06
1553.07, 3.82574e-06
1398.36, 5.30473e-06
2138.38, 2.94516e-06
1101.23, 7.22389e-07
1917.35, 1.27823e-06
2322.89, 6.92425e-05
1485.44, 2.19917e-06
2214.05, 1.26087e-06
1482.07, 2.83744e-07
1202.9, 1.32365e-06
1452.47, 9.6191e-05
2339.43, 8.28568e-06
1854.23, 2.33109e-06
1442.8, 2.20431e-06
1858.2, 2.74805e-06
1598.93, 2.03061e-07
2282.91, 4.45181e-06
2414.16, 1.36446e-05
1418.89, 1.25687e-06
1821.87, 1.42312e-06
1218.79, 3.82185e-07
1691.24, 2.2678e-06
1614.22, 1.11472e-06
1852.05, 5.18999e-06
2356.26, 1.71184e-06
1821.03, 6.41748e-06
2276.86, 7.03126e-07
1215.06, 7.4773e-08
2427.74, 1.55804e-06
2418.27, 1.48327e-06
1023.7, 2.80593e-06
1144.49, 7.15057e-06
2104.1, 1.23051e-05
1507.5, 5.09441e-06
1279.18, 6.73302e-08
1692.8, 1.07252e-06
1381.33, 5.11529e-05
1468.23, 6.08047e-06
1084.17, 9.83382e-05
1770.04, 4.68176e-06
2147.18, 3.30917e-06
1072.25, 3.72731e-07
2194.08, 2.01683e-06
2423.02, 2.28956e-06
2233.48, 3.45949e-06
1908.82, 6.936e-07
1606.83, 1.31616e-06
2343.67, 4.57397e-07
1127.78, 3.03163e-07
1114.59, 6.2232e-07
1329.31, 1.2751e-07
1176.3, 2.04872e-06
2093.07, 3.65821e-06
2477.28, 4.50541e-06
1785.75, 1.28977e-06
2449.07, 9.87954e-07
1313.44, 2.11342e-06
1464.39, 2.18461e-05
2341.34, 1.2634e-06
2008.28, 5.8931e-06
2029.71, 2.13788e-06
1738.65, 1.87823e-06
2497.3, 6.68661e-06
2101.56, 3.79301e-06
2258.05, 1.11766e-06
1844.11, 2.12095e-06
1192.51, 2.9152e-07
2357.73, 1.22257e-07
2009.38, 1.56449e-06
1335.23, 3.15813e-07
1980.09, 3.46575e-06
1182.86, 1.23559e-06
1122.28, 1.13726e-05
1677.28, 2.61893e-07
1675.04, 4.29061e-07
2497.87, 1.47735e-06
1469.43, 1.21157e-06
2145.63, 3.1523e-06
1723.88, 3.94915e-06
1977.84, 5.48307e-07
1871.47, 5.89221e-05
1185.88, 2.83971e-09
1740.41, 8.13424e-06
1131.12, 4.33993e-06
2266.04, 2.45052e-06
2221.98, 2.99343e-06
1713.09, 1.98461e-06
2098.43, 2.62776e-05
1531.7, 2.99522e-06
1765.1, 6.31042e-06
2285.75, 1.01642e-06
1800.44, 1.10004e-06
1995.9, 9.65247e-07
1330.86, 1.38473e-07
1221.9, 7.47613e-07
1127.81, 5.21301e-07
2217.44, 1.10002e-06
1025.38, 3.81949e-06
2112.69, 1.38376e-06
2293.27, 4.34798e-07
1124.77, 2.00113e-05
1764.6, 1.6687e-06
2477.67, 2.08642e-06
1758.38, 1.41239e-06
1379.13, 5.80945e-06
2372.98, 4.10329e-07
2202.26, 1.3079e-06
1127.43, 5.46061e-11
1763.67, 1.755e-06
1366.51, 1.26498e-07
2037.04, 6.79037e-06
2117.87, 3.93739e-06
2185.73, 7.40151e-05
1377.39, 8.49209e-07
1474.96, 8.81337e-06
1986.71, 3.98131e-05
1008.72, 1.77136e-05
1114.09, 5.45911e-07
1787.43, 2.1273e-06
1752.33, 3.59369e-06
1651.16, 8.87427e-07
1785.07, 1.56621e-06
1841.54, 9.39829e-07
1871.69, 2.28067e-06
1772.93, 2.46929e-06
1892.01, 1.60645e-06
2244.06, 1.21044e-06
1415.29, 3.29669e-06
2075.5, 2.74916e-05
2357.02, 2.9673e-06
1572.05, 1.65941e-06
2352.29, 3.08125e-07
1769.17, 2.04108e-06
1405.1, 2.69005e-08
1476.4, 1.98738e-06
2361.76, 5.22599e-08
1527.19, 2.39421e-06
2252.04, 1.55346e-06
1611.17, 1.54199e-06
2035.34, 1.65897e-06
1479.34, 4.82561e-07
1280.09, 1.34945e-07
2446.56, 2.08924e-06
1621.76, 2.49078e-07
1402.82, 2.54401e-07
2376.35, 2.56508e-07
1522.34, 1.55434e-06
1612.31, 3.43621e-07
2233.67, 1.79551e-06
1017.44, 1.35116e-06
2452.87, 2.32727e-06
1230.62, 2.65357e-06
1937.29, 5.08167e-06
2381.52, 1.20434e-06
2416.25, 2.73423e-06
2359.88, 3.9933e-07
2214.15, 5.54135e-06
1140.32, 1.14894e-05
2347.69, 3.08405e-06
2444.54, 3.52257e-06
1433.12, 1.52084e-06
2338.51, 4.31558e-07
1632.74, 1.9548e-06
1160.09, 2.63131e-07
2032.56, 1.48433e-06
2381.55, 5.53753e-07
2296.72, 2.08648e-06
2037.38, 8.32953e-06
1910.37, 7.27665e-07
2011.41, 1.37144e-06
2398.5, 5.64002e-07
2135.27, 1.10754e-06
1631.14, 2.35075e-06
1178.23, 0.000123424
1462.84, 1.15788e-06
2156.4, 3.51503e-06
1838.62, 5.07247e-06
1373.23, 1.34236e-07
2434.9, 4.13652e-06
1189.01, 1.09289e-08
2435.9, 1.215e-05
1648.63, 3.95194e-06
2170.2, 2.84824e-06
1765.71, 1.62982e-06
1615.59, 1.71664e-06
1794.17, 8.03555e-06
2109.08, 1.90329e-07
1489.2, 3.80021e-07
2105.03, 1.79343e-06
2390.04, 6.23125e-07
1708.66, 5.10661e-07
2244.79, 2.64904e-06
1242.48, 7.24428e-06
1457.54, 2.47725e-06
2457.32, 1.78498e-06
2216.93, 2.5985e-06
1362.48, 2.78051e-06
2454.9, 1.91789e-06
1160.76, 7.42245e-08
1324.18, 7.66487e-07
1231.89, 1.39233e-06
1458.19, 4.80826e-07
1195.38, 1.31402e-06
1076.7, 1.02085e-05
2318.55, 1.1652e-05
1324.01, 2.07206e-06
1904.81, 1.95223e-06
1652.95, 3.87063e-06
2022.55, 2.10902e-06
1239.2, 8.35259e-08
1911.15, 2.32617e-06
1264.04, 3.25215e-07
1486.5, 4.2361e-06
1459.65, 1.95669e-08
1662.85, 4.48326e-07
2143.72, 1.89898e-06
1676.84, 1.461e-06
1697.26, 3.12991e-06
1027.14, 1.5569e-06
1865.73, 3.23715e-06
2379.38, 2.23478e-07
1774.92, 1.4509e-05
2444.46, 2.17353e-06
1713.37, 1.52185e-06
1608.06, 4.7152e-06
1888.88, 5.54774e-06
2363.85, 2.268e-07
1598.97, 1.50413e-07
2049.71, 2.91856e-06
2028.05, 2.16926e-06
1218.35, 3.18584e-07
2489.99, 1.00623e-05
1296.91, 1.12121e-06
2359.98, 1.33777e-07
2142.27, 2.6696e-06
2075.78, 1.77665e-06
1219.7, 4.89654e-08
1773.51, 1.35689e-06
1299.85, 1.49414e-05
2362.73, 3.85233e-08
2493.97, 7.13126e-06
2072.92, 6.63427e-06
1994.73, 1.99384e-06
2397.97, 1.65884e-06
2472.05, 9.53419e-08
1210.03, 1.17635e-08
1843.71, 6.36128e-06
1429.38, 1.63141e-06
1099.65, 1.8621e-05
1017.2, 1.14571e-07
2462.43, 4.83e-05
1926.09, 1.21722e-06
1669.49, 2.05915e-06
1327.84, 4.55869e-06
1409.54, 2.69754e-07
1043.59, 1.47856e-05
1525.84, 2.09337e-06
2292.63, 1.15555e-06
2294.9, 7.01035e-07
2453.71, 3.22032e-06
1554.92, 9.24284e-07
1371.14, 1.51075e-08
1893.3, 1.94909e-06
1255.61, 3.46841e-06
1740.14, 3.34224e-06
1035.09, 1.3277e-06
1429.17, 1.74311e-07
2038.39, 1.72835e-06
1746.62, 5.61185e-07
1316.41, 4.95328e-07
2030.38, 3.63923e-06
1578.93, 1.52942e-07
1425.78, 3.97458e-05
1513.18, 1.38024e-07
1335.76, 1.58692e-06
2356.02, 4.28784e-07
1522.73, 8.2586e-07
1865.17, 1.05462e-06
1623.66, 3.52807e-05
1128.34, 1.7889e-05
1143.68, 5.00733e-07
1365.81, 6.15127e-07
2236.75, 1.2239e-06
2185.16, 2.13323e-06
1407.48, 3.90394e-05
2316.91, 1.10756e-06
1822.63, 7.9102e-07
1136.83, 4.62956e-07
2209.8, 2.21168e-06
1694.35, 1.05604e-06
2117.93, 1.06729e-05
1020.98, 0.00012585
1787.7, 4.24823e-06
1929.58, 1.32007e-06
2404.65, 6.06152e-07
2112.42, 3.84137e-06
1173.21, 2.21162e-07
2213.47, 1.08561e-06
2363.52, 2.71209e-07
2350.99, 3.13723e-07
1084.29, 3.44982e-05
1929.62, 1.86169e-06
2074.83, 1.71911e-05
2242.95, 1.6836e-06
1777.08, 7.77634e-07
1843.29, 1.93133e-06
1395.39, 4.36381e-07
1874.58, 3.08849e-05
1982.76, 1.977e-06
1891.6, 2.0221e-06
2396.59, 2.00921e-06
1520.21, 2.11893e-06
1494.18, 1.88467e-07
2426.37, 1.84294e-06
1914.22, 5.13016e-06
1975.98, 7.68063e-06
1961.39, 4.28017e-06
1933.32, 5.66258e-06
1248.47, 2.91388e-08
1834.3, 5.24201e-06
2323.43, 1.79447e-06
2311.91, 6.09843e-06
1422.41, 4.53767e-07
1591.53, 1.3185e-05
2282.04, 8.42615e-07
1941.07, 2.84072e-06
2435.02, 3.74764e-06
1263.06, 1.11056e-08
1008.07, 3.16005e-06
1674.23, 1.55755e-06
2273.33, 1.12736e-06
2390.38, 1.37824e-06
1000.99, 1.63183e-05
2337.34, 4.78241e-07
1721.16, 4.65019e-06
1010.74, 8.22729e-06
1555.29, 5.19234e-06
2054.06, 4.04663e-06
1336.37, 4.5211e-08
1263.56, 4.08051e-07
1817.13, 1.08735e-06
1810.48, 3.28466e-06
1535.72, 1.34857e-06
2000.81, 4.96926e-06
1059.84, 7.69503e-06
1660.42, 6.07931e-07
1576, 6.53998e-07
2267.32, 4.21126e-06
1554.46, 2.85617e-07
1901.49, 2.93304e-05
1352.73, 6.03312e-08
1411.95, 1.58033e-06
1035.08, 6.33102e-06
1596.9, 2.89458e-06
1770.18, 2.11639e-06
1410.93, 0.00014827
2421.43, 1.18161e-06
1646.32, 2.74294e-06
1976.35, 4.8682e-06
1582.64, 9.92577e-06
1810.48, 4.12092e-07
1311.89, 1.5462e-06
1578.95, 9.8839e-06
1501.12, 1.8235e-05
1339.78, 3.54593e-06
1346.65, 0.000363044
2430.99, 2.99298e-06
2126.75, 1.93594e-06
1246.78, 1.38301e-06
1942.89, 3.13536e-05
1930.12, 1.69856e-06
1923.67, 1.00104e-06
1236.25, 3.73976e-07
2242.68, 5.79627e-06
2118.61, 2.74895e-06
1719.61, 1.14577e-06
2352.91, 3.70853e-07
1953.38, 1.38744e-05
1577.56, 3.8302e-07
1640.94, 2.26971e-06
1122.12, 7.53378e-05
1423.74, 2.07757e-06
1998.54, 1.79948e-06
1503.22, 6.93651e-06
1488.45, 5.70463e-07
1854.59, 3.40782e-06
1156.12, 2.66055e-06
1466.77, 2.89582e-07
1288.07, 3.50001e-06
2300.95, 8.49105e-07
1114.4, 4.31018e-06
1636.34, 6.58593e-07
1393.52, 4.65151e-06
1831.15, 3.52125e-06
2469.26, 2.72815e-06
2354.93, 1.50778e-07
2135.74, 1.46979e-06
1737.38, 2.26573e-06
1088.7, 3.60738e-06
1925.62, 4.30728e-06
2353.37, 8.24448e-07
1550.53, 1.77836e-07
2104.39, 8.22832e-05
1468.13, 2.37533e-06
1526.97, 4.82561e-07
1275.94, 2.89383e-07
1960.45, 5.77017e-06
1226.71, 4.94999e-09
1002.18, 0.000312424
1492.54, 1.60273e-07
1084.5, 4.72151e-06
1860.64, 1.06294e-06
1712.89, 2.58437e-06
1515.88, 8.04588e-06
1928.07, 3.44208e-07
2324.1, 2.54957e-06
1018.12, 1.20152e-05
1618.66, 3.2793e-07
1050.09, 8.91583e-06
2029.9, 3.58694e-06
1371.83, 3.50028e-05
2403.09, 2.75918e-06
1832.9, 5.19655e-07
1231.85, 7.44923e-07
1568.13, 2.8983e-06
2033.84, 4.10126e-06
1598.63, 1.72942e-06
1432.18, 7.24126e-07
1345.01, 8.24999e-07
1597.04, 2.62228e-07
2456.37, 2.31897e-06
1494.74, 5.47942e-06
2487.64, 5.14617e-06
2285.65, 1.51365e-06
1920.03, 1.77836e-06
1119.69, 1.06819e-07
1082.03, 6.81589e-06
1226.95, 9.72667e-06
2264.4, 3.13803e-05
2009.36, 1.0972e-06
1660.36, 3.83923e-06
1311.32, 1.68626e-06
1316.41, 1.32171e-06
1584.87, 8.66773e-07
1702.81, 1.16725e-06
1539.17, 1.57801e-07
1697.48, 2.83169e-07
1253.35, 4.54756e-06
1480.07, 1.33612e-05
1468.24, 7.61039e-06
1574.27, 2.84277e-06
1725.36, 5.66891e-06
1187.64, 4.00199e-07
1238.01, 7.1258e-06
1960.34, 6.62762e-07
2436.43, 1.69483e-06
1294.46, 2.34815e-06
1986.99, 1.01323e-05
1012.8, 1.43794e-05
1125.34, 4.37474e-07
1809.62, 4.73033e-07
1685.18, 1.60579e-06
2117.89, 2.89507e-06
1154.89, 3.56471e-06
1323.06, 1.00953e-06
1069.45, 1.21324e-08
2156.18, 1.6464e-06
2215.7, 1.95942e-06
2002.72, 5.18327e-06
2431.75, 1.90684e-06
1861.94, 5.88852e-07
1868.98, 1.68359e-06
1496.12, 1.94472e-06
1089.5, 2.16529e-06
1357.3, 2.13787e-07
1507.4, 8.15408e-08
1494.71, 3.05343e-08
1603.96, 6.94307e-07
2244.71, 4.64871e-06
1647.58, 8.12456e-07
1735.41, 3.23408e-06
1148.83, 6.97594e-06
2416.29, 1.13238e-06
2155.6, 2.52573e-06
1542.3, 9.37801e-08
2496.85, 5.99677e-06
2365.97, 6.42709e-07
2294.98, 4.11379e-06
1691.24, 5.66629e-06
1799.63, 4.94224e-07
2358.41, 1.49934e-07
2055.06, 4.6592e-06
2284.91, 4.72279e-07
1478.81, 2.5238e-07
1560.96, 3.77077e-06
2262.07, 1.65119e-05
1917.64, 3.61816e-05
2367, 8.50062e-08
1294.44, 6.0654e-06
1723.48, 7.02593e-07
1460.95, 2.04298e-06
1298.63, 8.47449e-07
1697.92, 8.01334e-07
1160.21, 4.5577e-07
1459.27, 1.84997e-07
1445.04, 1.31729e-05
1430.69, 1.03695e-06
1601.94, 1.28399e-05
2222.51, 1.38156e-06
1639.75, 1.26933e-06
1108.84, 0.000211505
1454.86, 4.64193e-06
1647.93, 1.27717e-06
1568.06, 3.1429e-06
1887.21, 1.26784e-06
2093.98, 2.27331e-06
2403.5, 4.11396e-07
2352.25, 8.41804e-07
1196.68, 4.11179e-08
1812.84, 3.6795e-06
1869.66, 5.33715e-06
1678.23, 1.59524e-06
2338.15, 1.35554e-06
1780.91, 1.21332e-06
1958.82, 7.3813e-07
1019.45, 1.18262e-06
2125.82, 3.46907e-06
2104.84, 3.80794e-06
1445.52, 6.34144e-05
2424.8, 9.19964e-07
1326.22, 4.2325e-07
2414.54, 1.87353e-06
1205.16, 1.7708e-08
1151.48, 4.41405e-07
1278.21, 1.15329e-07
1656.44, 8.70682e-07
1466.04, 1.97819e-06
1572.73, 3.8659e-07
1540.18, 4.25113e-06
1097.2, 2.45078e-06
1158.23, 3.6287e-06
2255.59, 3.13853e-06
1555.16, 4.80169e-07
1033.01, 8.91113e-06
1611.35, 1.33272e-06
1585.43, 6.66402e-07
1207.71, 1.64756e-07
2059.2, 2.93518e-06
1409.14, 2.86327e-06
2424.43, 3.68556e-05
2237.38, 1.47085e-06
2399.07, 1.13616e-06
1844.13, 3.20066e-05
1153.07, 2.2314e-06
1563.99, 8.93121e-06
2180.57, 4.07243e-06
1574.74, 2.16763e-06
1497.72, 1.36804e-05
1545.39, 2.30129e-07
1076.66, 0.000125348
1059.17, 4.40087e-06
1031.99, 3.70254e-05
2132.49, 2.01367e-05
1935.59, 1.42442e-06
2109.64, 1.3967e-06
1685.79, 4.806e-07
1375.65, 1.49874e-06
1627.12, 1.72189e-06
2412.43, 1.0601e-06
1285.11, 4.59827e-07
2115.75, 7.92556e-07
2178.94, 2.54234e-06
1272.47, 4.1244e-07
1353.39, 4.95227e-07
2408.66, 8.67564e-07
1127.46, 4.58787e-06
2342.63, 6.8985e-07
2262.94, 3.02783e-06
1869.39, 1.54257e-05
1581.11, 3.29352e-06
1900.78, 2.19755e-05
1336, 1.14255e-06
2280.2, 8.15498e-06
1503.04, 1.87704e-08
1463.8, 2.13952e-07
1677, 4.22135e-07
1313.95, 3.38454e-06
1716.19, 8.10823e-07
2149.2, 1.52898e-05
1864.61, 1.30048e-06
2260.92, 4.68172e-06
1125.06, 2.43643e-06
2088.08, 1.35418e-05
1132.18, 9.01328e-07
1705.48, 8.64873e-07
1068, 6.80281e-07
1054.68, 5.77798e-05
1640.18, 3.94046e-06
1853, 8.66088e-05
2023.44, 2.57515e-06
1265.86, 1.44513e-06
2399.39, 3.98179e-06
1044.75, 1.20648e-05
2424.66, 2.37438e-05
1158.98, 2.48143e-06
1122.32, 2.79171e-07
1063.48, 8.49661e-07
1779.2, 4.36929e-06
1504.18, 0.000110434
2465.4, 8.22018e-07
1116.03, 2.41894e-07
1519.51, 1.25377e-06
2381.96, 4.37705e-07
1337.31, 4.1096e-09
2431.59, 2.07749e-06
1925.15, 1.2775e-06
2407.7, 1.40923e-06
2432.81, 1.34124e-06
2099.92, 1.65552e-06
1126.88, 6.5956e-06
1917.52, 1.26595e-06
2056.41, 7.6106e-06
1581.24, 6.12762e-07
1422.21, 1.01562e-06
1156.8, 3.52754e-06
1498.32, 2.11478e-06
1603.04, 1.04859e-05
1814.09, 2.31553e-06
1320.04, 7.40548e-05
1858.31, 2.16227e-06
1353.25, 1.11928e-06
2482.72, 1.32248e-06
1819.6, 2.92684e-06
2020.74, 5.21204e-06
2352.23, 5.07315e-07
1934.44, 1.56393e-06
2137.5, 3.63987e-05
1148.37, 9.58899e-08
1504.05, 7.68261e-07
2146.24, 1.47663e-06
1654.42, 1.10687e-06
1907.91, 3.2468e-05
1271, 6.71985e-06
2219.31, 2.83919e-06
1845.09, 1.52686e-05
1014.71, 4.42993e-07
2268.42, 4.2105e-06
1677.08, 3.51211e-06
2418.48, 2.51365e-06
2091.88, 6.12174e-07
2140.49, 5.13674e-06
2125.52, 1.74946e-06
1652.07, 1.09072e-07
2350.03, 4.16149e-07
1468.71, 1.75165e-06
1994.11, 2.62803e-06
1365.02, 2.76934e-06
1911.5, 1.14799e-06
2003.55, 9.25014e-07
2303.86, 2.21686e-06
1804.87, 6.141e-07
1056.61, 1.50082e-06
2256.27, 9.14548e-07
2179, 9.1658e-05
1168.19, 2.75495e-07
1055.54, 1.31989e-07
1330.18, 1.27539e-06
1725.5, 1.51582e-06
2358.97, 4.03839e-07
2357.94, 5.75844e-07
1769.88, 6.12929e-06
1751.02, 5.02654e-06
1417.45, 5.98442e-07
1599.24, 0.000209683
2473.99, 2.55567e-05
2226.8, 5.13893e-06
1729.87, 3.10539e-06
1656.55, 2.49418e-06
2197.46, 2.81009e-06
1777.35, 8.83034e-07
1023.88, 4.03257e-05
2346.39, 5.21128e-07
1200.05, 6.68682e-07
1501.5, 2.38772e-06
1801.03, 2.15392e-05
1083.58, 3.02388e-06
1278.89, 8.41692e-07
2086.32, 8.5164e-07
1665.08, 1.51565e-05
2436.55, 8.9065e-07
1876.34, 3.26968e-06
1014.39, 1.14434e-06
1204.43, 1.65705e-06
1989.01, 1.47293e-06
2267.32, 7.95846e-07
1135.96, 0.00022345
1715.11, 6.18538e-06
2197.67, 1.65087e-06
2491.79, 1.02288e-05
1216.06, 6.36463e-10
2479.07, 2.67794e-06
1481.08, 4.91158e-06
1366.19, 4.06982e-06
1331.02, 2.32507e-06
1793.1, 4.27342e-07
2242.26, 2.40938e-06
1591.09, 1.28565e-06
1071.05, 4.72195e-05
1797.12, 1.3334e-06
2225.94, 7.46443e-06
1870.35, 7.71421e-06
2015.94, 7.70084e-07
1805.21, 1.46351e-06
1487.04, 5.47888e-07
1209.06, 3.80061e-08
1732.57, 4.39846e-07
2264.7, 2.44117e-06
2272.94, 6.52527e-06
1166.15, 3.25589e-06
2436.67, 1.23011e-05
1467.92, 4.20879e-07
1624.3, 6.84212e-06
1108.98, 6.18336e-06
1129.87, 4.76033e-07
2343.12, 3.90198e-07
1047.05, 8.48029e-07
2418.66, 1.20291e-05
1694.22, 3.52899e-06
1952.85, 1.17166e-05
2414.86, 1.46545e-06
1679.48, 2.29316e-05
1887.19, 2.23842e-06
2013.58, 1.54694e-06
2193.44, 1.10871e-06
1342.56, 2.65612e-07
2154.23, 4.07505e-05
2248.33, 9.44028e-07
2122.27, 8.2749e-06
1229.39, 1.30585e-06
1616.85, 1.72044e-05
1462.74, 2.00749e-06
1512.83, 7.14083e-06
1494.61, 3.20863e-05
1218.67, 1.27479e-06
1661.03, 2.15021e-06
1243.98, 1.69323e-09
2320.91, 2.00018e-06
1631.61, 3.38657e-06
1151.37, 1.82655e-06
1754.51, 9.27258e-06
2412.97, 1.05354e-06
2107.57, 1.52884e-06
2086.3, 2.98075e-06
1883.46, 1.3259e-05
1878.75, 8.8128e-07
1730.35, 4.97796e-07
1544.55, 3.07974e-07
1705.6, 3.00326e-06
1457.09, 4.55252e-06
1556.54, 8.45805e-07
1800.44, 3.15239e-06
2375.58, 1.86558e-07
1230.68, 1.00555e-07
2221.98, 2.54513e-06
1522.1, 2.60645e-07
1873.57, 1.40488e-05
1234.95, 1.55181e-07
1498.63, 1.02555e-05
1080.23, 1.69898e-08
2239.43, 1.31487e-05
2463.89, 2.85203e-06
2324.62, 4.55602e-07
1588.07, 2.53051e-06
2141.63, 3.18737e-06
1916.26, 3.55844e-06
1989.05, 1.71267e-06
2421.52, 4.61604e-07
1273.84, 1.96547e-07
1002.26, 0.000219388
2300.18, 1.45461e-06
1672.61, 2.51948e-07
2370.38, 2.1485e-07
1876.29, 4.35691e-07
1465.78, 5.07756e-06
1204.09, 3.36374e-08
1590.17, 1.19555e-06
1097.34, 1.23807e-05
2140.31, 1.0229e-05
1264.83, 8.73424e-07
2371.67, 3.57205e-07
1438.13, 7.37859e-07
1732.13, 4.73046e-07
1465.34, 9.59171e-07
1684.81, 1.35267e-06
2382.03, 4.64467e-07
2321.73, 1.28869e-06
2094.87, 2.4708e-06
1553.58, 3.75528e-07
2064.49, 1.44529e-06
1139.56, 3.22607e-05
1193.12, 5.0907e-07
2081.01, 1.34351e-06
2183.13, 2.76549e-06
1189.48, 4.96941e-08
1336.04, 2.25295e-06
1195.12, 1.82024e-07
1821.63, 6.51255e-07
1303.97, 3.46261e-06
2359.68, 1.48583e-07
2369.77, 6.08373e-07
1420.09, 7.44687e-07
1421, 6.43584e-09
2167.14, 4.5259e-05
1704.17, 6.06107e-07
2425.87, 2.38342e-06
1570.29, 1.53692e-06
1995.02, 1.21197e-06
1279.49, 3.27323e-07
2442.76, 3.86802e-06
1077.83, 1.98039e-06
2429.16, 1.53836e-06
1559.12, 1.79586e-06
2214.75, 7.68381e-07
1893.33, 1.89597e-05
2025.2, 1.87183e-06
2464.59, 3.37359e-06
2110.08, 9.93936e-07
1547.89, 5.00961e-06
1559.59, 1.42514e-06
1773.36, 2.98159e-07
1926.08, 1.63371e-06
2154.02, 6.48927e-06
1095.63, 3.39929e-06
1858.13, 1.60651e-05
1359.05, 1.4183e-07
2010.88, 1.78585e-06
2016.29, 3.57508e-06
1547.96, 4.80679e-07
1382.34, 2.9476e-06
2306.06, 1.87434e-06
1607.52, 9.21278e-07
1959.55, 1.78763e-06
1283.93, 7.0338e-07
1308.36, 9.6488e-09
1381.44, 9.3748e-07
2053.64, 2.54744e-06
1807.59, 1.0506e-06
2220.57, 3.10226e-06
2327.85, 2.81977e-05
1211.6, 7.74792e-10
2075.82, 3.03533e-06
2175.39, 1.16316e-06
2449.71, 3.68647e-07
1227.82, 3.34026e-07
1002.02, 6.83762e-08
2159.92, 6.53512e-06
1849.84, 8.94952e-06
1004.4, 3.73938e-07
1508.21, 8.98847e-07
2406.13, 6.51996e-06
1542.8, 8.49869e-08
2364.1, 7.197e-08
1370.55, 5.51377e-09
2316.02, 9.23785e-07
1984.23, 1.9895e-06
2182.62, 1.39029e-06
1117.43, 3.87308e-07
1875.35, 1.51636e-06
2092.06, 4.01056e-06
1543.17, 9.9749e-07
2005.97, 2.27919e-06
1699.79, 1.2699e-06
2439.95, 6.79195e-07
1452.05, 4.63185e-08
1744.86, 1.63279e-06
1861.4, 1.36332e-06
1774.93, 3.1448e-06
1009.34, 1.86664e-05
1167.75, 1.11671e-05
1752.61, 1.35158e-06
1363.7, 3.24227e-06
1515.97, 2.93202e-06
1670.21, 8.23437e-07
2470.23, 3.05566e-06
2122.69, 1.74297e-06
1223.53, 9.38476e-07
2303.74, 1.06558e-06
1462.69, 1.85042e-06
1718.79, 1.09198e-05
1160.47, 1.86299e-08
1958.61, 1.3674e-05
1140.56, 8.7827e-06
1649.69, 1.5936e-07
2134.97, 4.73058e-06
1819.12, 8.97854e-07
2084.73, 1.63174e-06
1571.83, 5.86564e-07
1941.29, 3.47921e-06
2070.52, 1.52312e-06
2432.25, 1.26839e-06
1602.61, 1.16344e-05
1238.76, 8.04983e-08
1519.4, 1.82173e-06
1148.54, 3.09695e-07
1768.51, 1.84422e-06
1343.15, 7.46029e-06
1756.42, 6.14147e-07
1218.18, 1.97454e-08
1105.33, 7.96968e-07
1903.1, 4.42189e-06
2400.39, 6.49439e-07
1117.37, 2.1885e-06
2411.88, 1.6637e-05
2114.55, 7.19019e-07
2041.75, 1.22782e-05
1236.79, 5.22332e-07
1888.81, 2.54398e-06
1036.07, 1.15055e-06
1307.54, 1.19299e-08
1423.36, 1.33262e-07
1498.22, 1.93792e-06
1487.45, 3.74133e-06
1714.54, 2.81203e-06
1342.64, 4.82505e-08
2482.06, 3.02745e-06
1843.46, 3.78247e-06
2179.99, 1.79828e-06
1576.09, 1.01746e-07
1331.1, 4.18393e-07
1673.35, 3.46806e-06
1486.93, 1.05395e-07
2346.66, 4.41044e-07
1377.24, 2.67318e-05
1034.67, 3.17891e-05
2268.9, 7.66992e-07
2169.08, 2.16628e-06
2153.97, 1.64749e-06
1169.13, 3.34327e-07
1476.54, 5.83023e-07
1444.06, 4.90871e-07
2492.04, 1.82811e-06
1078.68, 4.39616e-06
1678.67, 1.63665e-06
1320.42, 4.18606e-06
1596.07, 3.05355e-06
1318.52, 9.95752e-08
2004.8, 2.15393e-06
1330.63, 1.2249e-06
2082.09, 3.86196e-06
1634.27, 1.42945e-06
1587.53, 3.36116e-06
1227.56, 1.84496e-07
2237.35, 1.72585e-06
1254.13, 4.51121e-06
1474.16, 4.95616e-08
1321.53, 4.21617e-06
2082.8, 4.02818e-06
2126.74, 1.18711e-05
2314.67, 6.03539e-07
1015.5, 4.392e-07
1368.43, 1.51834e-07
1269.26, 2.73217e-08
2418.93, 7.10349e-07
2000.66, 2.16151e-06
2048.69, 1.97816e-06
1840.44, 8.04354e-07
1650.75, 2.03148e-06
1902.29, 7.51168e-06
1612.77, 2.71651e-07
2152.04, 6.72269e-06
1217.14, 9.12646e-06
1874.96, 1.14833e-06
2171.45, 1.11636e-05
1944.47, 6.9443e-07
1682.44, 1.46228e-06
1151.41, 9.10256e-07
1435.22, 7.88749e-06
1813.25, 9.13446e-07
1563.77, 2.82318e-06
2063.6, 3.10604e-06
2033.2, 1.87152e-06
2316.25, 2.67439e-06
2091.7, 2.03098e-06
1828.93, 4.78686e-06
1521.18, 1.77806e-06
1663.31, 6.79084e-07
1385.12, 1.30972e-06
2410.31, 1.0375e-06
1582.74, 3.19329e-07
2067.02, 3.17299e-06
1118.24, 3.33519e-06
2176.65, 6.97063e-07
1271.75, 1.67615e-05
1361.81, 5.43028e-06
1999.07, 4.71002e-06
1596.3, 8.71912e-08
1262.47, 3.6026e-06
1566.87, 4.20973e-06
1728.8, 6.3484e-07
2209.76, 8.45317e-06
1223.77, 5.99131e-09
2408.09, 1.98961e-06
1568.86, 3.73185e-05
1901.07, 9.50862e-07
1926.8, 7.67029e-07
1403.81, 1.07287e-07
2448.32, 4.91604e-05
2492.46, 2.38312e-06
2382.53, 3.4307e-07
1849.3, 6.03888e-06
1475.65, 1.27776e-06
1493.84, 3.55175e-06
1361.79, 1.3572e-06
1054.36, 9.97059e-07
2349.35, 2.35503e-06
1717.26, 1.76459e-06
1832.37, 5.26511e-07
1292.61, 2.17759e-07
2276.43, 5.17451e-06
1427.36, 1.20565e-06
1604.87, 1.24031e-05
1918.89, 5.70852e-06
2276.06, 3.1098e-06
1387.92, 1.27579e-06
2254.37, 1.12318e-05
2331.48, 3.87017e-06
1972.69, 2.74133e-06
2448.86, 4.9665e-06
1212.81, 2.2568e-08
1785.11, 1.41459e-06
1953.89, 1.68265e-06
2426.61, 1.31694e-06
2355.16, 1.97799e-07
1672.83, 1.70838e-05
1709.06, 4.82097e-06
2155.36, 2.63308e-06
1283.24, 4.22688e-08
1586.47, 1.40566e-06
1955, 2.08686e-06
1151.79, 4.24332e-06
1351.48, 1.53539e-07
2277.51, 1.75774e-05
1506.4, 9.79277e-07
2151.65, 2.59998e-06
1162.29, 1.27887e-07
2236.04, 4.33965e-07
2448.44, 2.89337e-06
1259.07, 7.25049e-07
1690.9, 5.10545e-07
1450.81, 6.79124e-06
2347.57, 4.82933e-07
1034.97, 1.28781e-05
2016.12, 1.01924e-05
1185.09, 2.03235e-06
1681.78, 2.51905e-06
1629.28, 5.70166e-07
1311.01, 4.77724e-08
1981.93, 5.40596e-07
1328.29, 2.63922e-07
2164.64, 3.24446e-05
1631.38, 1.02289e-06
2477.34, 2.22505e-05
1718.97, 1.40945e-06
1531.96, 5.35226e-07
1883.72, 1.49459e-06
1688.39, 2.16465e-06
2332.42, 4.36522e-07
1697.65, 1.00433e-06
2349.62, 4.89304e-07
1344.77, 3.64038e-07
1115.33, 2.97889e-10
1376.34, 4.79223e-07
2148.89, 5.51019e-06
2409.23, 2.2537e-06
2417.38, 3.62122e-06
2448.21, 1.72588e-06
1845.16, 7.38193e-07
2406.03, 1.06143e-06
2400.36, 3.72951e-05
2129.72, 2.02323e-06
1523.85, 8.01505e-06
1175.82, 5.03322e-08
1099.83, 6.65532e-07
1202.81, 2.95675e-09
2127.41, 0.000217594
1151.88, 1.68163e-06
1814.88, 1.83502e-06
2054.43, 5.11997e-06
1767.45, 5.20014e-06
2495.71, 6.25524e-05
1654.62, 8.01061e-07
1213.43, 1.29741e-07
2068.96, 8.51345e-06
2310.78, 1.0511e-06
1672.84, 4.98893e-07
1424.33, 1.808e-06
1865.03, 2.67481e-06
2300.28, 4.67797e-06
1925.95, 2.99066e-06
1936.71, 2.72452e-06
1955.42, 6.17857e-05
2150.91, 3.52172e-05
1087.35, 0.000284373
2133.02, 7.01352e-06
1563.53, 1.34642e-06
2227.61, 1.16403e-06
1700.93, 1.51575e-05
1428.15, 1.74242e-08
1336.66, 5.26112e-07
2091.25, 5.21866e-06
2110.71, 1.8287e-06
1875.09, 2.58085e-06
2102.76, 1.43146e-05
2054.09, 2.23214e-06
2345.14, 2.11163e-06
1295.36, 1.21926e-07
2124.29, 2.51603e-06
1940.33, 1.48805e-06
2295.22, 1.68556e-06
1772.42, 1.34655e-06
1150.11, 7.71709e-08
1979.54, 6.07975e-06
1524.08, 8.69488e-08
2372.85, 4.06383e-07
2228.5, 1.85767e-06
1484.81, 2.00197e-05
2205.64, 1.76315e-06
1725.8, 1.64288e-07
2213.18, 2.24332e-06
1526.87, 2.76336e-06
2323.75, 5.72022e-06
1975.51, 4.52603e-06
1227.8, 9.57216e-08
1864.75, 1.28323e-06
1184.43, 8.02861e-08
1621.38, 2.505e-06
1352.48, 1.41195e-06
2167.69, 2.18307e-06
1652.64, 2.4097e-06
1429.21, 1.24073e-06
1205.79, 5.7379e-09
1291.2, 3.65224e-07
1569.12, 3.9282e-06
1691.09, 2.84059e-07
1431.74, 8.1548e-06
1425.21, 2.9942e-06
2381.98, 0.000408745
2335.34, 4.567e-07
1463.17, 1.41058e-07
1670.08, 1.72385e-06
1530.46, 3.70203e-06
1680.85, 2.73796e-07
1520.17, 1.84175e-06
1610.93, 2.97797e-07
1624.69, 3.265e-07
1970.08, 1.93085e-05
1840.25, 7.60856e-06
1089.85, 1.21596e-07
2497.1, 6.616e-06
2464.33, 1.00356e-05
1915.68, 8.51845e-05
2325.5, 4.9025e-07
1992.89, 0.000257354
1779.36, 4.78474e-06
2350.19, 3.56822e-07
2349.34, 1.51437e-06
1754.98, 5.85936e-06
1341.49, 1.78343e-07
1694.01, 7.08349e-07
1128.62, 1.49095e-06
1595.11, 4.03627e-07
1493.84, 2.20687e-06
2390.65, 2.7504e-07
1695.2, 5.57238e-07
1279.15, 5.65106e-06
1293.75, 1.12276e-06
1602.06, 1.70347e-06
1800.98, 2.41582e-06
1804.51, 5.49478e-06
1743.2, 5.92173e-07
2337.35, 2.89e-07
1583.08, 1.97214e-06
2277.03, 2.07825e-06
1083.6, 4.78827e-06
1061.2, 1.52552e-05
2359.04, 9.39186e-08
1117.45, 3.20802e-06
1648.83, 1.59999e-06
2062.89, 6.27492e-06
1528.8, 2.28815e-06
1477.16, 8.80528e-05
2146.89, 3.02374e-06
2372.47, 1.06341e-06
1853.59, 2.78891e-07
2013.09, 5.51555e-06
1895.32, 1.4899e-06
2138.65, 3.97185e-06
2400.74, 9.01679e-07
1141.48, 7.96148e-07
1534.38, 7.95402e-06
1900.33, 1.22702e-06
2471.99, 3.66177e-06
2271.49, 2.70873e-06
1652.9, 5.81191e-07
1440.51, 6.50374e-06
1108.49, 6.22727e-06
1329.52, 1.02472e-07
1711.24, 9.10731e-07
2214.04, 8.97443e-07
1112.08, 8.36636e-07
1347.9, 6.89612e-07
1597.76, 4.41846e-07
2274.24, 1.16915e-06
2291.3, 7.31043e-07
1355.29, 2.40429e-06
1190.36, 2.18317e-06
2421.28, 1.93582e-06
1138.4, 5.90673e-08
1493.23, 1.37526e-06
1212.1, 3.20977e-09
1073.68, 7.18431e-06
2430.08, 4.44022e-06
2103.63, 2.21814e-06
2447.76, 2.01397e-06
1757.14, 6.70632e-07
1101.71, 1.04712e-06
2358.49, 1.44274e-07
1144.09, 5.00218e-08
1856.13, 9.0313e-07
2336.32, 1.92143e-06
2400.58, 3.66137e-07
1810.93, 8.43722e-07
1415.89, 3.36061e-07
1572.13, 2.05273e-06
2169.16, 3.73433e-06
2440.68, 2.81539e-06
2178.7, 8.28276e-07
2329.48, 9.53816e-07
1133.9, 3.55414e-06
2104.96, 1.18225e-05
1851.08, 1.0103e-05
1641.28, 2.41234e-06
2036.95, 3.30522e-06
1075.38, 1.80536e-06
1688.77, 6.03057e-07
1430.96, 4.78027e-08
2307.14, 6.57556e-07
1459.56, 6.8063e-06
1912.15, 2.72773e-06
1397.46, 5.90052e-06
1394.97, 4.47677e-07
2357.56, 1.69935e-07
1768.83, 5.64186e-06
1345.54, 1.01636e-05
2483.01, 1.77259e-05
1029.28, 8.22427e-06
1002.97, 6.89343e-05
1653.18, 2.9795e-06
1811, 2.29875e-06
1580.15, 3.18168e-06
1187.42, 5.51428e-07
1782.29, 1.06113e-05
1713.88, 7.96063e-06
2131.25, 1.577e-06
2372.86, 3.45675e-07
1633.9, 2.44809e-05
1583.17, 3.39516e-06
1774.16, 1.62316e-06
2427.58, 2.98367e-06
2269.51, 2.85775e-06
2147.99, 1.16021e-05
1569.04, 1.18602e-06
1940.58, 6.68622e-06
1349.78, 2.15533e-06
1518.97, 9.82707e-07
1691.9, 3.02593e-06
2474, 2.48903e-06
1705.1, 2.07294e-07
1759.62, 8.60212e-06
1152.21, 6.04891e-07
1258.12, 1.48907e-07
1601.36, 4.81631e-08
2204.19, 2.16186e-06
2029.41, 2.64453e-06
1300.27, 6.65702e-07
1717.15, 1.26388e-05
1092.44, 4.45575e-07
2330.85, 4.25378e-07
1221, 3.6177e-08
1285.68, 1.55482e-07
2208.72, 7.54162e-05
1076.11, 1.23369e-05
1853.64, 8.15117e-06
1086.59, 6.94312e-06
1107.94, 2.28925e-06
2207.9, 6.92796e-06
1940.91, 9.99184e-06
2281.24, 2.33197e-06
2391.42, 1.02737e-06
2067.78, 2.88767e-06
2453.04, 1.89377e-06
2136.78, 1.51253e-06
1749.98, 1.34302e-06
1726.93, 8.2193e-07
2285.93, 5.48562e-06
1949.3, 1.18771e-06
1825.64, 1.7412e-05
1083.05, 3.00111e-06
1078.28, 6.58141e-05
1062.89, 7.69448e-06
2456.96, 2.4757e-06
1808.63, 4.94948e-06
1172.24, 1.44051e-06
2318.5, 8.70958e-06
1995.38, 2.22787e-06
2009.35, 3.80919e-06
1729.26, 4.59443e-05
1710.83, 2.15687e-07
2281.54, 2.35326e-06
1402.14, 4.81197e-08
1144.91, 2.47269e-06
1504.6, 5.33528e-07
1407.01, 1.02813e-07
1242.95, 4.67502e-08
1131.64, 1.68543e-06
1031.38, 7.17902e-05
2227.01, 2.29948e-06
1988.19, 1.18263e-06
2284.44, 1.03105e-06
2118.38, 3.14386e-06
1837.67, 9.15638e-07
1633.78, 3.69932e-06
1416.77, 1.30362e-06
2203.89, 7.21629e-07
1217.45, 1.08222e-07
2011.15, 4.73932e-06
1483.43, 6.49766e-06
2253.1, 9.20418e-07
1883.96, 5.80713e-07
1697.8, 1.17045e-06
2026.13, 2.77508e-05
1124.17, 1.06383e-07
1562.11, 9.72155e-07
1181.45, 7.28291e-07
2355.22, 1.30696e-06
2242.22, 1.05892e-06
1950.44, 4.23726e-06
1234.84, 1.95935e-05
2010.43, 1.23447e-05
1963.86, 5.80123e-06
1687.97, 3.93418e-07
2089.86, 4.6075e-06
1064.12, 1.32172e-05
2136.77, 3.191e-06
1283.27, 2.10417e-08
1893.7, 3.22714e-06
2260.66, 6.89853e-07
1837.91, 4.17468e-06
1470.64, 1.96336e-05
1532.8, 2.49315e-06
1294.41, 9.89932e-08
2457.5, 3.66315e-06
1791.94, 5.71439e-07
2379.15, 3.89183e-06
2147.84, 1.48859e-05
2150.31, 5.62078e-06
2491.73, 3.93532e-06
1020.81, 2.73719e-05
2473.9, 2.50403e-06
1889.55, 1.2223e-06
1574.95, 3.03376e-06
1795.43, 2.37389e-06
2391.24, 3.00737e-07
1390.53, 5.54883e-05
1427.54, 2.63224e-06
2459.33, 4.59447e-06
1012.89, 6.29152e-06
2477.43, 5.19061e-06
2169.06, 1.85846e-06
1563.19, 7.6657e-07
1642.16, 7.70077e-06
1567.8, 5.72994e-06
2261.04, 8.12584e-06
2398.12, 3.95312e-05
1195.64, 1.09949e-08
1353.58, 4.4093e-06
2427.44, 3.05166e-06
1636.68, 1.45648e-06
1202.16, 1.41686e-07
1825.47, 2.14226e-05
1821.06, 1.11425e-06
2390.88, 2.67967e-05
1376.1, 8.9798e-08
1253.2, 2.86926e-09
1313.93, 1.26052e-05
1211.73, 1.43224e-10
2381.3, 4.21069e-07
1932.51, 1.98931e-06
1191.33, 7.83512e-07
2202.29, 1.34031e-06
2256.34, 7.61877e-06
1735.52, 2.25651e-06
2331.12, 1.02882e-06
2096.09, 1.85408e-06
2192.84, 3.70138e-06
2264.99, 4.96382e-06
1682.75, 5.38322e-07
2364.09, 4.03857e-07
1090.04, 1.27192e-06
1361.88, 1.64998e-05
1829.99, 1.91435e-06
1904.36, 5.13444e-06
1263.14, 6.15424e-06
2305.5, 1.10505e-06
2166.94, 1.5304e-05
2089.54, 1.01504e-06
2206.27, 1.1221e-06
1677.2, 0.000104051
1005.02, 0.000773216
1124.29, 7.65626e-07
2296.59, 1.50929e-06
1264.52, 2.71854e-06
1635.22, 1.67646e-06
2034.97, 2.91293e-06
1859.7, 1.37397e-06
1782.15, 2.53115e-07
1331.02, 1.59105e-06
2477.75, 3.13016e-06
2392.43, 5.97131e-07
2101.9, 4.92827e-06
2266.47, 1.21104e-06
1811.32, 6.15241e-06
2215.39, 5.89224e-06
2301.85, 4.5091e-06
2116.22, 1.36308e-06
1554.8, 3.00127e-06
2239.35, 1.6474e-05
1893.04, 3.04814e-06
1160.77, 6.04406e-07
1344.66, 3.2781e-06
1861.23, 2.79427e-06
2138.82, 2.55734e-06
1523.43, 3.00918e-07
2130.49, 1.32158e-06
2320.35, 2.35074e-06
1674.03, 5.97659e-07
1178.46, 7.31659e-07
1565.27, 3.48822e-07
1625.9, 4.17828e-06
1209.73, 1.19844e-07
1202.52, 5.27126e-07
2093.23, 1.98338e-06
2093.31, 1.17851e-06
2273.4, 1.37531e-06
1704.37, 2.00115e-07
1494.29, 6.72932e-07
1645.75, 1.85196e-06
1631.63, 9.57595e-06
2211.53, 1.31863e-05
1211.94, 5.09719e-09
1536.71, 5.93955e-08
1277.49, 8.11268e-05
2323.19, 8.56244e-07
1634.5, 8.52067e-06
1212.76, 2.45577e-09
2121.53, 1.20069e-05
2463.18, 3.16439e-06
2418.51, 6.69953e-07
1605.08, 2.25482e-06
1253.4, 4.01466e-05
2207.83, 3.49284e-06
1783.3, 3.69714e-06
1874.51, 2.43964e-06
2230.22, 3.88397e-05
1936.72, 1.85532e-06
1945.19, 3.70235e-07
2184.09, 9.09486e-07
1430.32, 2.27846e-07
1286.35, 1.63919e-06
1591.64, 2.12567e-07
2263.41, 1.5657e-06
1931.08, 2.30298e-06
2289.38, 9.6382e-07
1131.06, 1.97023e-05
1964.9, 1.82603e-06
1730.13, 3.38668e-06
1249.49, 5.79629e-10
2235.88, 1.28071e-06
2043.15, 1.09764e-05
1442.61, 3.63181e-06
1190.64, 4.14015e-06
1219.2, 2.92613e-06
1339.82, 1.82759e-06
1059.21, 1.18364e-08
1421.92, 1.73563e-08
1744.54, 1.18709e-06
1648.32, 1.20681e-07
1333.98, 4.22017e-05
1586.6, 1.72573e-07
1756, 6.25198e-06
1343.94, 1.17282e-06
1905.77, 1.39485e-06
1599.9, 5.05994e-06
1340.05, 7.39338e-07
1793.65, 3.5045e-05
2473.93, 2.28982e-06
1942.25, 1.3716e-05
2176.93, 1.18565e-06
1589.83, 7.59118e-06
1156.32, 6.76481e-06
1720.42, 5.81146e-07
2151.8, 1.63285e-06
1797.03, 8.63508e-07
1644.85, 4.65833e-06
2456.72, 1.38138e-05
1164.66, 3.27046e-06
1664.23, 9.42266e-07
1608.74, 1.01263e-07
1379.8, 6.88517e-06
2188.79, 1.13239e-06
1861.2, 3.40314e-07
2284.99, 6.26608e-06
1771.18, 2.92197e-06
1980.72, 2.51194e-06
1508.36, 9.64283e-07
1091.15, 1.36278e-07
1328.9, 4.87026e-06
1786.84, 3.80509e-07
1920.66, 9.23932e-06
2389.85, 5.91949e-07
1161.69, 5.85533e-06
1029.52, 3.84799e-06
2449.52, 7.82908e-06
2405.07, 2.33074e-06
1485.31, 0.000104584
1934.65, 9.64548e-05
2415.05, 3.51411e-06
2151.47, 2.5232e-06
2283.15, 1.48368e-06
1454.09, 7.00668e-06
1826.19, 1.75131e-06
1347.31, 3.15811e-06
2066.79, 4.34241e-06
1896.73, 3.97453e-06
1034.33, 1.14647e-05
1251.46, 2.616e-09
1874.96, 1.91723e-06
1987.63, 5.58748e-06
1118.25, 9.48875e-07
1804.54, 4.95296e-06
2031.97, 1.44111e-06
1405.79, 3.92755e-06
2332.83, 1.27498e-06
1355.74, 2.49301e-06
1390.7, 2.15032e-06
1383.36, 6.4992e-09
2052.51, 8.23744e-05
1113.21, 4.54265e-06
2210.26, 2.40045e-06
2212.96, 1.73249e-06
1521.77, 8.0577e-06
2097.07, 1.72608e-06
1881.38, 1.97082e-06
2051.23, 8.52636e-07
2352.07, 2.77783e-07
1878.27, 2.58925e-06
2200.64, 3.59825e-05
2140.26, 8.31908e-06
1922.64, 6.77875e-07
2454.29, 2.49848e-06
1238.94, 6.5859e-07
1125.8, 2.25193e-05
1611.75, 2.17901e-06
1524.08, 1.85182e-06
1578.81, 1.50952e-06
1581.52, 1.88667e-06
1294.68, 7.10186e-07
2494.27, 1.27595e-06
2203.18, 3.58991e-06
2286.75, 1.49739e-06
2023.09, 1.53558e-06
1332.26, 1.8235e-07
1872.26, 5.73602e-06
1376.36, 2.7259e-05
1228.37, 5.70391e-07
2010.53, 1.04578e-06
2424.99, 1.45685e-05
1225.56, 4.9496e-08
1730.14, 3.0975e-07
1077.72, 1.33078e-05
1558.61, 1.59597e-06
1663.62, 4.16507e-07
1317.69, 6.56324e-06
1437.13, 5.23958e-06
2001.45, 1.39867e-05
1933.08, 1.59705e-05
1260.03, 2.0945e-06
2332.44, 1.00077e-06
1600.08, 9.18922e-06
2355.72, 7.00101e-07
1863.09, 1.83303e-05
1351.65, 2.77003e-06
1340.15, 2.01065e-06
1247.22, 1.0563e-06
2272.36, 1.73098e-06
1975.43, 2.42287e-06
1587.76, 3.83825e-06
1025.84, 4.58118e-06
1026.3, 2.03775e-06
2487.76, 6.83415e-06
1963.16, 7.59454e-06
1800.15, 6.13152e-06
1872.64, 7.88477e-07
1017.12, 1.13985e-05
1584.6, 5.77158e-07
1764.53, 4.09374e-06
2374.02, 1.55688e-07
1576.42, 3.33876e-07
1603.54, 1.17207e-05
1545.66, 2.48091e-07
1504.96, 1.38485e-06
1462.45, 4.00528e-07
2478.26, 2.29367e-06
2035.86, 1.87306e-06
1860.78, 1.02159e-06
1926.66, 9.18571e-07
1192.88, 8.98021e-10
1504.46, 4.88626e-06
1290.09, 3.19279e-07
1375.22, 3.36574e-07
2100.35, 8.90327e-07
1875.08, 4.67897e-07
1025.52, 8.59837e-06
1127.27, 1.43969e-07
1664.32, 4.27849e-07
1375.73, 2.03718e-07
1174.4, 3.47301e-07
1000.16, 1.62828e-06
2284.92, 1.29933e-06
1848.8, 4.08568e-06
1023.91, 1.95636e-05
2289.8, 8.74757e-07
1101.31, 5.89175e-06
1089.83, 8.05758e-07
1867.14, 6.33041e-06
1895.05, 6.94562e-07
2220.42, 1.24974e-06
2449.77, 1.3144e-06
1169.03, 6.17563e-05
1052.44, 7.75746e-09
2070.8, 5.63931e-06
1664.56, 1.37023e-05
2403.85, 5.18838e-07
2203.97, 5.94952e-06
2099.14, 6.0391e-07
1140.07, 2.40598e-05
1854.4, 4.50695e-06
2090.68, 7.54292e-06
1537.27, 1.4782e-06
2313.85, 6.29736e-06
1095.94, 1.07302e-07
1834.7, 1.29176e-06
2217.85, 3.2609e-06
2345.13, 5.64341e-07
1546.41, 1.04236e-06
1652.44, 1.99555e-06
1280.95, 3.30971e-08
2092.89, 5.88742e-06
1721.26, 4.07058e-07
2232.74, 9.99625e-07
2183.99, 2.39142e-06
2165.32, 2.15769e-06
1568.63, 1.5422e-07
1207.43, 1.18993e-06
1687.28, 2.6862e-06
1771.7, 1.18241e-05
2052.23, 3.77696e-06
1077.12, 1.37873e-05
2061.54, 5.5496e-07
1990.28, 1.71532e-06
2112.19, 3.77843e-06
1100.23, 5.25108e-06
2187.42, 4.01627e-06
1519.55, 2.38268e-06
2487.91, 8.92829e-05
2338.92, 1.73029e-06
2399.93, 7.47894e-07
1522.83, 2.55595e-06
1528.14, 5.09007e-07
2359.74, 2.21646e-07
2326.87, 8.5942e-07
1394.19, 2.66192e-05
2022.97, 1.46675e-06
1948.45, 1.92699e-05
1994.13, 4.92609e-06
2499.69, 5.05547e-06
2482.99, 3.03595e-06
1090.63, 1.41888e-05
1386.17, 5.31722e-05
2318.41, 3.15745e-06
1348.55, 2.33076e-07
1662.25, 2.25962e-06
1827.9, 1.95231e-06
1364.77, 1.11541e-06
1704.91, 1.47694e-06
1776.01, 7.68745e-07
1578.98, 1.51279e-05
1060.46, 3.35842e-05
1989.06, 2.2071e-06
1636.57, 1.54391e-07
1462, 1.53385e-06
2028.49, 3.12388e-06
1283.51, 2.40242e-06
1989.18, 1.1297e-05
2064.12, 1.94103e-06
2114.67, 1.18803e-06
1343.37, 3.4721e-06
1453.28, 3.89017e-06
1410.6, 1.27523e-07
2135.92, 1.90846e-06
2201.23, 4.72499e-07
2330.43, 5.97384e-07
1023.2, 4.61247e-06
1660.56, 1.53829e-06
1739.39, 2.35319e-06
2462.73, 1.68466e-05
1022.17, 3.75687e-06
1447.52, 1.99483e-06
2202.18, 3.7357e-06
1829.4, 0.000100647
1798.78, 1.64982e-06
1303.96, 3.44598e-08
1195.81, 1.40809e-07
2485.99, 6.05076e-06
1190.64, 2.74655e-07
2186.91, 6.82603e-06
1162.45, 1.46474e-06
1118.11, 1.72288e-06
1871.1, 3.20427e-06
2407.8, 1.02749e-06
1842.42, 2.6698e-06
2278.03, 1.36897e-06
1798.58, 1.26997e-06
1973.35, 8.52225e-07
1465.53, 3.33282e-07
1876.92, 1.18916e-05
2006.97, 1.88223e-06
2102.28, 1.21484e-06
2485.58, 7.01816e-06
1445.76, 1.16647e-06
1043.62, 1.60362e-05
2455.91, 4.95834e-06
1082.95, 3.50169e-06
2016.79, 8.76198e-07
2073.38, 1.21723e-06
2448.61, 8.9979e-06
2010.1, 2.31672e-05
2282.69, 1.51396e-06
1125.98, 4.55868e-06
1351.37, 2.37011e-07
1219.59, 2.13013e-07
2238.98, 2.01665e-06
1493.67, 2.49172e-06
1575.21, 1.39881e-06
1583.26, 6.11751e-06
1894.46, 3.14288e-06
1530.27, 8.4661e-06
1819.56, 1.53003e-06
1338.61, 3.67764e-07
2155.54, 3.14972e-06
1669, 7.64974e-07
1477.61, 1.33812e-07
2064.8, 3.3587e-06
1548.06, 1.59288e-06
1931.12, 9.08072e-07
1129.75, 5.84519e-07
1979.71, 1.51686e-06
2423.15, 3.51531e-05
1181.56, 1.66805e-07
2197.28, 2.02119e-06
1392.2, 1.09385e-07
2407.68, 1.06965e-06
2472.08, 2.3384e-06
1760.27, 1.17518e-05
1810.88, 2.42647e-06
1348.48, 8.29874e-09
2044.77, 2.25877e-06
1443.11, 9.07635e-07
1953.8, 1.4693e-05
1707.8, 3.83015e-06
1852.7, 1.10284e-06
2162.72, 2.82498e-05
1708.74, 1.09992e-05
1441.76, 5.21506e-07
2004.42, 1.28075e-05
1625.33, 4.64222e-06
1748.69, 1.1667e-06
1772.92, 2.21915e-06
2173.8, 0.000354754
1419.96, 6.17145e-06
1058.52, 1.61576e-05
1754.76, 3.26505e-05
2384.97, 1.23649e-06
2222.24, 2.02909e-06
2082.06, 1.59979e-06
1687.03, 2.6146e-06
1392, 1.54883e-06
1056.73, 4.61005e-07
1031.2, 3.62809e-06
2262.05, 2.45153e-06
1448.27, 7.86491e-07
1177.32, 3.13292e-06
1754.65, 7.31121e-07
1817.85, 6.77028e-07
1504.82, 2.08881e-07
1410.55, 5.71031e-06
1820.26, 2.08365e-06
2408.26, 8.47922e-07
1143.25, 1.01225e-06
2236.92, 7.29303e-07
1130.31, 3.64211e-06
2445.69, 1.79478e-06
1092.66, 2.40307e-06
1638.06, 4.17645e-06
2053.35, 6.22049e-06
2460.46, 3.88433e-06
2375, 3.32176e-06
1943.08, 7.57743e-07
1800.27, 1.66052e-06
1645.25, 1.01914e-06
1511.59, 3.77755e-07
1746.51, 1.72869e-06
1999.89, 7.06342e-07
1031.01, 5.6484e-06
1608.35, 6.61819e-06
1124.34, 7.41949e-06
1617.89, 6.24106e-07
1406.52, 7.41116e-06
2235.46, 9.86836e-07
2412.1, 9.85578e-07
1628.26, 2.22599e-07
1154.5, 3.71241e-08
2405.6, 1.7971e-06
1241.45, 0.000158535
2241.23, 6.12861e-06
1993.81, 1.83337e-06
2435.3, 3.11519e-06
2480.22, 2.7904e-05
2238.79, 1.59142e-06
2017.17, 6.98234e-06
1860.8, 3.20662e-06
1380.5, 4.53245e-06
1060.76, 0.000115899
2345.14, 2.49302e-07
1402.71, 1.47705e-06
1747.21, 3.70953e-06
2171.81, 2.1048e-06
1933.43, 3.18113e-06
1863.68, 9.28397e-06
1697.41, 7.10745e-07
1547.93, 1.77684e-07
1170.3, 9.93268e-06
1786.76, 8.53151e-06
1191.88, 3.38853e-07
2279.82, 2.17312e-06
1919.12, 8.32996e-07
1456.06, 3.78321e-07
2337.7, 7.85811e-07
1410.75, 2.00729e-07
1410.23, 2.48698e-06
1085.14, 5.93399e-06
1332.78, 8.49514e-06
1029.86, 3.47517e-05
2106.29, 8.16652e-06
1859.29, 9.75663e-07
1420.32, 5.51174e-06
1958.08, 8.70209e-07
1680.75, 3.33309e-07
1001.26, 6.55248e-06
1008.62, 2.85017e-05
1600.71, 2.61157e-05
1209.61, 1.70654e-06
2221.08, 7.153e-06
1545.7, 1.68951e-06
2229.42, 2.6524e-06
1351.38, 1.53522e-06
1237.1, 1.66854e-08
1492.23, 6.63243e-08
1464.66, 1.26286e-06
2306.83, 3.03105e-06
1231.03, 2.8447e-07
2241.02, 9.37047e-07
2056.28, 1.76634e-06
2084.37, 2.42865e-06
1300.72, 9.80866e-07
1034.22, 1.74178e-05
1121.43, 6.66639e-07
2066.22, 1.48729e-06
1466.51, 1.59036e-07
1666.3, 5.07114e-06
1902.51, 2.41321e-06
1974.88, 3.78708e-06
2459.52, 6.46857e-06
1538.87, 5.805e-06
1156.16, 6.2395e-06
1234.91, 3.24186e-06
1124.06, 4.35408e-07
2174.05, 2.56598e-06
1206.49, 2.14873e-08
2271.35, 1.40495e-06
2376.63, 1.8719e-07
1550.84, 1.15848e-05
2412.47, 5.89832e-06
2454.59, 3.4469e-06
1724.16, 3.04047e-07
1719.14, 2.71171e-07
2138.68, 7.51972e-06
2403.74, 1.79788e-06
2447.76, 3.52658e-06
1865.1, 1.47598e-06
2006.74, 2.67338e-06
1704.83, 5.88698e-07
1656.16, 1.52981e-06
1191.05, 5.29629e-06
1548.36, 7.24903e-06
1077.53, 4.6846e-07
2196.04, 1.72984e-06
2285.63, 4.33506e-07
1910.38, 8.43148e-07
2471.22, 5.79999e-06
1020.54, 7.85549e-06
1604.97, 0.000269524
2335.91, 9.63689e-07
2098.42, 4.55095e-06
2324.79, 6.85146e-06
1434.47, 2.49849e-06
2485.38, 5.00226e-06
1039.69, 6.40114e-06
2123.05, 1.90133e-06
1375.86, 6.96977e-07
1440.77, 2.42091e-07
1787.43, 2.13802e-06
1403.96, 3.35527e-07
1560.45, 1.42644e-06
2068.56, 2.70666e-06
1298.97, 9.91051e-08
1889.52, 2.34102e-06
1655.91, 1.7847e-07
2106.56, 3.82252e-06
1010, 1.03914e-05
2262.62, 2.7576e-06
1420.08, 7.77139e-06
1142.32, 9.66679e-10
1335.97, 7.694e-07
2496.36, 1.33025e-05
2456.97, 1.14831e-05
2040.88, 5.22136e-06
2001.73, 1.44079e-06
2079.43, 1.72994e-06
1504.17, 1.52649e-06
2292.66, 1.68705e-06
2420.93, 1.98768e-06
1736.21, 9.53948e-06
1803.58, 1.86716e-06
1751.68, 7.58015e-07
1390.41, 1.61745e-06
1180.14, 2.61721e-06
1146.71, 6.00942e-07
1521.61, 2.32379e-07
1461.92, 5.79012e-05
1242.08, 2.27526e-06
1889.02, 4.96959e-06
2494.93, 2.56208e-06
1470.33, 2.18529e-06
1273.39, 2.45001e-07
1136.81, 6.61698e-06
2048.22, 2.94933e-06
1281.69, 6.67921e-05
2278.24, 1.35438e-06
1617.13, 3.21124e-06
1980.79, 1.16739e-06
1255.53, 3.15562e-07
1484.31, 2.86411e-06
1243.58, 7.70821e-07
1166.77, 3.4469e-07
2139.72, 4.78762e-06
1436.39, 2.8552e-07
2303.22, 1.34971e-06
1706.65, 9.8864e-07
2241.41, 1.42626e-05
1557.33, 5.18059e-06
2184.51, 9.87232e-07
1364.98, 4.14296e-06
2185.44, 3.46858e-06
1134.66, 1.36561e-06
1593.27, 5.68765e-06
1081.92, 1.00697e-05
2483.35, 1.735e-06
1514.67, 2.59203e-06
2324.95, 1.47796e-06
2061.13, 1.69736e-06
1424.33, 4.58579e-06
1385.76, 1.72693e-06
1569.07, 3.76769e-06
1511.68, 2.68291e-06
1391.11, 4.37846e-06
2230.39, 2.41253e-06
2033.74, 2.22798e-06
1254.9, 3.78769e-07
1685.86, 2.02533e-06
1433.17, 3.42819e-05
1097.14, 1.18104e-05
1565.42, 6.81184e-06
2003.05, 5.05804e-06
1188.28, 1.07615e-07
1861.66, 2.47644e-06
1488.73, 2.28659e-05
2120.09, 2.69797e-06
2095.25, 1.3752e-05
1629.11, 1.27619e-06
1895.02, 9.33842e-06
2263.7, 1.77505e-06
1333.62, 5.90101e-07
1797.31, 5.48123e-07
1358.66, 1.93941e-06
1263.94, 2.92727e-07
1902.4, 8.57101e-06
2170.78, 1.65092e-06
1057.56, 6.99599e-06
1372.33, 2.45202e-05
1584.4, 6.33196e-07
1454.51, 8.62307e-06
2230.32, 1.9602e-06
2304.38, 1.48657e-06
1342.52, 2.75362e-06
1313.23, 1.5498e-06
1853.69, 2.25744e-05
1351.7, 7.876e-06
2293.72, 8.355e-07
1380.32, 8.34117e-06
2421.39, 2.1018e-06
2232.57, 2.44439e-06
1506.35, 6.40815e-06
2350.71, 1.95646e-07
2302.85, 3.60334e-07
2424.88, 9.01838e-07
1860.36, 7.41506e-07
2153.56, 3.61391e-06
1944.73, 3.85376e-06
1966.92, 1.48581e-06
1033.71, 0.000118919
2291.38, 2.95731e-06
1181.81, 6.53684e-09
1483.88, 1.75253e-06
1476.34, 1.12324e-05
2236.81, 6.66806e-06
1347.63, 3.1885e-07
1464.24, 1.9472e-06
1757.68, 1.11768e-05
2262.08, 3.0892e-06
1570.85, 1.47749e-06
1958.36, 1.20811e-06
2049.83, 1.3058e-05
2252.87, 1.62105e-06
1064.01, 9.51771e-06
1307.92, 1.10583e-05
2094.62, 1.25379e-06
2473.44, 5.48371e-06
1491.84, 1.84926e-06
1354.77, 9.23703e-06
1412.42, 2.57814e-07
1092.21, 5.71073e-06
1973.68, 1.85926e-06
2144.91, 3.18554e-06
1132.43, 2.6436e-06
2121.84, 7.31315e-06
2267.08, 4.19608e-06
1336.24, 5.33497e-06
1973, 2.2482e-05
1918.01, 1.71265e-06
1392.83, 2.8805e-08
2412.27, 1.64803e-05
1094.74, 4.85051e-06
2265.52, 1.22018e-06
1948.34, 2.72689e-06
2188.38, 1.85013e-06
2254.41, 2.08708e-07
2052.51, 4.32691e-06
1205.44, 7.50252e-08
1604.98, 3.20233e-06
1532.39, 5.31175e-07
1186.6, 7.97066e-06
1983.16, 2.61122e-06
1769.53, 6.99268e-06
2443.97, 9.00041e-06
1632.23, 2.23498e-06
1304.1, 5.40154e-06
1131.54, 2.07737e-08
1899.54, 6.6051e-06
2055.24, 2.29674e-06
2010.58, 4.98389e-06
1173.49, 1.86407e-07
1258.94, 1.02317e-07
2387.73, 1.08632e-06
1938.73, 1.47371e-06
1945.21, 4.02061e-06
1558.81, 1.96531e-07
1458.35, 2.2921e-07
1758.65, 3.22266e-07
1170.79, 1.72253e-07
1357.33, 1.20089e-06
2106.61, 1.65919e-06
1890.02, 1.60649e-06
1509.94, 3.92254e-07
1761.97, 5.24916e-06
1330.62, 9.77664e-06
1785.89, 9.53297e-06
2481.69, 6.19145e-05
1655.24, 1.49749e-06
1530.81, 4.68999e-05
1528.79, 2.50062e-07
1455.72, 8.37631e-06
2388.73, 6.43181e-07
2037.21, 3.22922e-06
2125.69, 1.46247e-05
1086.13, 8.49355e-07
1850.87, 1.24504e-06
1220.7, 2.36706e-08
2129.19, 9.09255e-07
1762.28, 2.10375e-06
2110.81, 1.41428e-06
1094.1, 2.94385e-07
2064.89, 4.28018e-06
1083.96, 2.78982e-07
1831.73, 1.02982e-06
1870.3, 1.30301e-06
1033.86, 3.6235e-05
2199.77, 6.569e-07
1465.49, 2.72815e-06
1224.29, 1.19683e-10
2272.88, 2.14965e-06
1803.9, 1.53715e-06
1404.24, 6.6305e-06
1239.32, 8.09242e-07
1375.5, 2.43332e-08
2380.98, 2.93205e-07
1703.24, 2.86751e-06
1275.48, 5.28964e-07
1390.1, 2.73854e-06
2358.09, 4.41972e-07
1810.3, 2.28472e-07
1103.1, 1.23432e-06
1931.55, 7.63836e-06
2041.27, 0.000170984
1734.36, 5.43571e-07
1930.57, 1.05617e-06
1647.29, 2.67203e-06
1057.5, 3.08614e-08
1164.01, 1.38109e-06
2161.68, 5.08148e-06
2014.52, 1.95818e-06
1113.26, 9.93744e-06
2377.53, 5.96588e-07
1389.76, 1.44455e-07
1865.67, 2.35013e-06
1051.29, 8.34713e-06
1549.63, 3.52721e-07
2078.71, 6.38785e-06
1925.86, 7.11929e-06
1327.78, 3.34376e-07
1110, 1.31261e-06
2196.86, 0.000441535
2412.96, 5.68479e-07
2117.93, 8.74545e-07
1827.93, 2.93639e-06
1358.12, 1.9152e-06
1627.29, 2.89841e-06
2297.52, 1.17097e-06
2186.42, 5.25904e-06
1678.8, 1.79517e-06
1405.54, 6.67529e-06
2379.76, 5.36534e-07
1505.76, 9.1194e-07
1208.27, 1.50644e-07
1193.83, 1.08133e-05
1190.94, 3.05324e-06
1375.17, 3.64602e-06
2015.99, 7.22087e-06
1952.38, 6.05193e-06
1164.91, 1.14184e-05
1002.91, 6.50483e-06
2412.79, 1.17162e-06
1804.4, 6.10726e-06
1329.97, 1.12285e-05
1529, 8.87911e-08
2362.43, 6.88678e-08
1814.07, 6.57318e-07
2412.42, 1.781e-06
1797.61, 8.9735e-07
1317.93, 5.03344e-07
2358.38, 5.65769e-06
1945.53, 1.76463e-06
2171.25, 1.71587e-06
2104.4, 1.45823e-06
1445.28, 3.34652e-05
1570.72, 2.41387e-07
2285.61, 9.07985e-07
1455.28, 3.97978e-06
1531.88, 9.83878e-08
2379.33, 5.742e-07
1836.07, 8.78835e-07
2069.16, 3.08206e-06
2207.08, 1.50764e-05
1459.67, 4.36588e-06
1617.91, 7.41722e-06
1664.98, 2.66323e-06
1568.21, 3.03563e-05
2123.53, 8.79085e-06
2308.75, 7.63969e-07
2047.08, 5.07247e-06
2215.35, 9.70809e-07
1001.06, 6.63135e-06
2371.32, 3.21013e-07
1680.58, 3.0322e-06
1012.39, 1.08895e-10
1348.06, 4.69382e-07
1255.04, 2.80832e-08
1364.98, 6.4673e-07
1460.19, 1.27198e-07
1571.23, 7.00415e-07
2054.46, 2.04485e-06
2286.64, 1.94564e-06
1424.11, 4.03575e-08
2430.54, 4.19226e-06
1618.62, 1.50234e-06
2053.03, 2.41894e-06
1052.91, 1.85433e-05
1172.31, 2.6554e-06
1230.86, 6.89976e-08
1870.73, 1.16132e-06
1733.21, 3.80698e-07
1082.86, 3.78161e-06
1362.89, 6.72153e-06
1806.73, 1.05663e-06
1315.66, 1.73384e-06
2121.83, 4.14176e-05
2109.69, 4.68079e-06
1117.29, 1.16435e-05
1023.17, 3.0219e-08
2396.42, 1.17781e-06
2317.19, 8.0573e-07
2415.74, 6.61052e-07
2488.71, 2.39058e-06
1135.26, 1.91509e-06
2226.83, 6.93955e-06
1866, 5.01069e-06
1933.24, 7.90142e-06
1711.51, 1.33846e-07
2146.93, 6.08574e-06
1432.37, 5.05611e-06
1920.64, 7.86774e-06
2051.55, 1.04327e-05
2342.14, 5.15419e-08
1308.96, 2.69846e-05
1912.07, 1.53963e-05
2166.33, 1.1572e-05
2326.39, 2.95878e-06
1642.39, 2.47305e-06
2461.16, 3.77236e-06
1341.58, 4.14928e-06
1159.84, 3.56243e-07
1485.18, 9.11377e-07
1486.95, 1.11844e-06
2028.36, 1.47173e-06
2239.56, 1.62175e-06
2067.62, 3.24981e-05
1394.7, 5.52411e-07
1021.46, 3.82419e-07
2085, 4.06932e-06
2225.56, 2.72969e-06
1041.3, 3.84187e-05
2293.58, 2.66813e-06
1193.23, 1.96906e-07
1444.83, 5.32077e-07
1690.42, 1.39147e-06
1579.84, 1.74487e-06
2341.55, 7.6846e-07
1498.78, 8.9961e-06
1248.39, 5.53571e-06
2323.41, 8.24346e-07
1855.92, 9.97878e-07
1405.32, 1.09374e-06
2245.52, 2.10169e-06
1304.35, 8.71718e-08
2192.34, 3.6308e-06
1742.65, 1.77668e-06
2299.16, 5.17132e-07
1976.25, 2.2438e-06
1742.13, 1.41209e-06
1561.96, 1.33341e-07
1100.3, 4.45028e-05
1470.12, 4.11131e-06
1707.04, 1.6268e-06
1170.9, 2.55965e-08
2204.65, 4.70655e-06
1378.82, 2.13877e-07
2072.86, 1.9893e-06
1493.88, 4.85186e-08
1823.91, 7.82812e-07
1533.96, 5.81345e-06
1204.9, 4.44914e-08
1064.53, 0.000153086
2499.67, 3.21584e-06
2487.32, 1.87849e-06
2293.5, 1.31049e-06
1201.76, 1.32648e-06
1566.15, 3.3082e-07
1333.03, 9.26749e-08
1568.65, 4.56988e-06
1560.55, 1.1123e-07
1102.05, 2.99384e-06
2443.79, 4.70586e-07
1428.32, 9.85721e-08
1971.29, 1.24451e-05
2070.6, 2.81095e-06
1880.08, 3.63884e-06
1332.28, 2.66084e-06
1551.18, 9.59581e-08
1701.89, 2.0782e-05
1405.27, 3.49812e-06
2105.35, 2.82106e-06
1332.44, 6.63469e-06
1192.99, 2.39264e-07
1250.22, 9.61224e-09
1574.46, 1.54998e-06
2481.93, 1.12003e-06
1574.21, 5.7205e-07
1215.15, 1.32394e-07
1822.21, 1.18367e-06
2179.73, 1.37038e-06
1536.93, 1.8184e-07
2341.51, 1.32493e-06
1360.97, 1.13621e-07
2318.9, 1.61612e-06
2372.03, 3.42554e-07
1918.97, 2.76512e-06
1597.38, 4.03513e-07
2374.03, 6.52426e-07
2395.16, 5.20031e-07
1929.3, 2.19162e-06
1373, 3.01033e-06
1476.61, 2.47376e-06
1120.04, 1.78639e-05
2006.36, 1.84544e-06
2047.92, 5.6333e-06
1740.43, 1.00434e-06
2131.67, 4.02226e-06
1071.94, 1.29097e-06
2394.51, 2.93671e-06
1257.27, 4.23097e-07
1914.59, 3.03482e-06
1497.56, 3.01702e-06
1458.1, 1.02466e-07
1466.92, 1.0683e-06
1466.19, 1.17588e-06
1272.72, 2.04406e-08
1684.91, 1.48328e-06
1600.02, 3.02276e-07
1835.46, 7.55122e-07
1794.44, 6.19143e-06
2004.65, 1.36919e-06
2200.85, 1.40821e-06
1502.02, 2.5592e-05
1926.53, 3.07076e-06
1615.84, 2.93339e-07
1424.73, 1.03809e-05
1966.53, 1.23439e-05
1032.27, 7.01239e-05
1292.22, 5.82864e-07
2326.79, 2.19222e-06
1159.84, 2.72794e-06
2167.27, 2.94183e-06
2160, 6.12564e-06
1386.37, 7.93529e-07
2460.99, 1.4365e-06
1187.22, 5.66413e-07
1234.06, 1.04375e-07
2304.59, 1.58289e-06
1343.42, 1.74788e-07
2386.93, 3.59869e-06
2099.43, 2.82859e-06
1921.25, 4.95949e-06
2476.9, 3.27975e-06
1683.3, 5.0567e-06
2124.11, 1.96117e-06
1796.83, 7.35284e-07
2035.7, 1.08457e-05
1412.45, 5.61279e-07
1702.37, 5.4489e-07
2149.91, 1.6836e-06
1137.44, 1.98421e-06
1789.23, 1.50807e-05
1062.34, 2.27405e-06
1147.15, 7.42112e-07
1269.46, 1.47912e-06
1394.54, 1.35237e-07
2102.29, 2.7708e-06
1683.8, 4.66238e-07
1300, 8.13939e-07
1843.6, 4.05185e-06
1692.27, 2.1293e-07
2337.95, 3.95233e-07
1872.5, 1.79383e-06
1877.08, 1.10984e-05
1805.98, 3.37219e-06
2025.3, 3.48539e-06
1189.66, 1.00383e-07
2230.82, 8.87151e-07
1868.77, 9.64136e-07
2320.77, 1.43803e-06
1116.68, 3.1665e-07
1551.16, 1.42833e-07
1982.35, 5.77139e-07
1406.15, 3.14306e-07
1971.52, 1.55879e-06
2363.2, 4.16008e-08
1769.75, 5.14873e-06
1152.61, 7.35223e-06
2291.87, 2.5571e-06
2309.35, 5.91256e-07
1134.46, 3.95069e-06
2087.36, 1.66035e-06
1556.56, 2.69423e-06
1764.51, 1.64815e-05
1023.44, 2.11329e-05
1559.25, 6.33984e-07
1579.71, 1.45917e-06
1029.78, 1.71932e-07
1536.91, 9.16848e-08
1504.3, 1.93479e-07
1575.52, 3.23953e-06
2267.11, 6.92568e-07
2020.5, 2.54645e-06
1323.34, 6.636e-06
1203.72, 2.57006e-07
1362.25, 3.77151e-06
1905.5, 1.1477e-05
1507.58, 4.68692e-06
1216.13, 4.4941e-08
1248.97, 1.03301e-06
2375.94, 5.46886e-07
1272.46, 3.61918e-06
1603.28, 2.57221e-06
1495.7, 9.1028e-07
2015.7, 2.93251e-06
1479.28, 2.10075e-05
1628.62, 1.71197e-07
1876.94, 1.49703e-05
1509.7, 3.56486e-06
1509.51, 4.4854e-06
1630.72, 1.15147e-06
1635.69, 8.92529e-06
1027.66, 3.77971e-05
1763.67, 1.04469e-06
1320.37, 3.74307e-07
2160.95, 1.56053e-06
2301.32, 1.32051e-06
1983.47, 3.02132e-06
1569.56, 4.17247e-05
2466.85, 5.31247e-06
1291.87, 9.34578e-07
2491.08, 9.30523e-06
2313.14, 9.73291e-07
1787.38, 7.38518e-07
1609.59, 2.37368e-07
1650.76, 3.40049e-06
1997.29, 3.28078e-06
2206.81, 7.83197e-07
2488.42, 4.75952e-06
2439.21, 2.14023e-06
2440.47, 1.62955e-06
1793.07, 3.20081e-06
1399.21, 1.82204e-06
1093.18, 2.75257e-07
2437.07, 1.91712e-06
1179.2, 1.51609e-08
2314.35, 2.06262e-06
2439.15, 2.72575e-06
2041.4, 3.71353e-06
1718.43, 4.59174e-07
1689.88, 1.27503e-06
1975.3, 3.17884e-06
1885.44, 3.17006e-06
2067.22, 1.82002e-05
2121.15, 7.39876e-07
1223.31, 2.66425e-06
2160.05, 5.05056e-06
1999.28, 3.45468e-06
1303.4, 4.59262e-07
1165.55, 3.9338e-07
1570.59, 2.11766e-06
1196.4, 1.88161e-07
2461.56, 1.72013e-06
1580.98, 3.77607e-07
1523.64, 5.69801e-08
2306.92, 4.08001e-06
1047.51, 0.000336478
1721.68, 2.96136e-06
1170.23, 2.90255e-08
1555.79, 6.10933e-06
1410.7, 1.25214e-06
1281.27, 1.79267e-06
1961.93, 6.16181e-06
2260.04, 2.8264e-06
1230.12, 1.77198e-08
2134.25, 2.23741e-06
2047.24, 2.12832e-06
1477.11, 1.90787e-07
1090.68, 4.35696e-06
1968.68, 2.43328e-06
2409.84, 7.24039e-07
2378.69, 5.21316e-07
1031.17, 3.37016e-07
1897.39, 2.17337e-06
1931.37, 9.41593e-07
2085.56, 1.446e-06
1409.09, 4.98739e-06
1880.49, 2.80054e-06
1124.33, 1.87235e-06
1173.28, 7.69131e-08
1233.02, 1.84013e-06
1197.89, 1.65379e-07
1782.7, 1.39758e-06
1442.15, 5.42432e-06
1773.34, 5.61513e-07
2194.41, 2.246e-06
1885.18, 2.09369e-06
1593.45, 3.55621e-07
1372.75, 1.01542e-07
1203.44, 5.1558e-07
2325.31, 5.99654e-06
1096.08, 1.81224e-06
2232.31, 1.29922e-06
2068.88, 3.99452e-06
1795.05, 7.291e-07
1706.73, 6.33294e-07
2033.33, 3.94847e-05
1940.14, 2.01269e-06
2330.81, 1.13906e-06
1472.48, 2.56655e-08
1798.04, 1.69864e-06
1273.57, 2.18406e-06
1580.05, 2.89605e-05
1359.81, 1.71449e-06
1300.52, 2.12106e-06
1487.97, 1.13438e-06
1615.71, 2.81296e-07
1860.86, 1.86054e-06
1791.94, 6.24463e-06
1122.38, 1.32979e-06
2374.58, 3.16591e-07
1394.86, 1.09288e-06
2248.9, 3.68436e-06
1847.6, 1.40098e-06
1479.2, 2.95511e-06
2054.97, 4.2601e-06
1255.88, 6.25413e-07
2287.63, 9.26582e-06
1820, 2.13825e-06
1440.65, 3.06774e-05
1402.53, 7.61495e-08
1488.44, 2.09785e-06
1701.51, 2.27792e-06
1020.23, 1.87235e-06
1457.98, 4.84019e-07
1692.39, 0.000260645
2004.12, 1.36137e-05
2066.14, 2.47938e-05
1505.24, 8.46955e-07
2031.37, 3.86174e-06
1087.34, 2.58807e-06
1948.5, 7.84188e-06
1777.37, 1.04457e-06
1389.96, 5.32017e-06
2242.07, 1.03703e-05
2210.98, 4.10518e-06
1855.06, 4.84953e-06
1358.39, 2.10065e-05
1937.33, 2.7488e-06
2225.9, 3.69907e-06
2315.69, 8.9019e-07
1212.12, 1.42659e-09
1075.92, 4.08066e-05
1174.24, 6.31257e-07
2287.09, 1.74987e-06
1807.15, 4.01298e-07
2262.95, 1.87978e-06
1308.29, 1.60678e-06
1105.37, 1.88302e-08
1039.13, 5.34806e-05
1881.26, 5.22912e-07
1150.62, 3.10491e-06
2135.76, 5.02148e-06
1688.37, 6.52681e-06
2274.08, 1.44586e-06
1090.87, 8.02256e-06
1939.07, 5.50764e-07
2339.6, 6.70659e-07
2497.92, 6.69245e-06
1940.1, 0.000117907
1088.38, 5.35916e-05
1951.92, 1.05206e-06
2128.88, 5.29808e-06
1785.22, 4.31586e-06
2451.39, 2.36797e-06
2282.54, 1.45821e-06
1548.94, 2.33027e-06
2097.89, 2.92696e-05
1088.09, 1.94271e-07
1842.74, 6.97075e-07
1338.45, 1.33356e-06
2147.82, 4.21141e-06
1384.67, 2.63969e-05
2453.31, 2.1212e-06
2301.17, 2.97612e-06
1998.8, 1.85393e-06
2279.02, 1.13026e-06
2305.61, 5.23801e-07
1720.91, 1.63722e-06
1866.65, 4.79188e-06
1571.52, 3.41667e-06
2179.79, 2.66479e-06
1635.37, 1.45528e-07
1234.26, 5.1111e-08
1051.94, 2.5784e-07
1051.98, 1.17243e-05
1872.12, 4.96628e-06
1121.93, 1.39469e-05
2175.5, 1.00221e-06
1731.54, 4.40686e-05
1196.98, 5.86685e-08
1677.55, 2.66236e-06
1795.34, 6.29656e-07
1315.67, 1.53705e-07
2277.56, 3.28047e-06
1772.53, 1.49435e-06
1094.31, 0.000273842
1625.09, 2.16813e-06
2330.68, 1.40851e-06
1079.46, 2.89011e-07
1532.83, 9.48392e-08
1425.14, 0.000111738
1046.94, 1.10267e-05
1899.14, 6.48131e-06
1793.43, 7.27011e-07
1044.92, 1.40426e-05
1564.85, 1.62998e-07
2071.43, 7.6671e-06
2456.78, 4.83623e-05
1434.63, 5.12015e-06
2092.3, 2.12002e-06
2175.53, 5.26662e-06
1158.26, 1.13055e-06
1926.81, 2.86147e-06
2233.65, 3.05971e-06
2060.36, 3.96985e-05
1840.52, 1.6854e-05
1270.9, 1.3165e-06
1749.97, 8.25289e-06
1496.51, 5.304e-07
2086.43, 1.6244e-06
2403.18, 9.17215e-07
1688.99, 2.27804e-07
1289.82, 1.76496e-06
1246.17, 1.24965e-06
2323.18, 1.19936e-06
1995.81, 5.09351e-06
2323.9, 1.46042e-06
2310.9, 1.83015e-06
2392.65, 2.98402e-06
2433.4, 4.4085e-06
1358.92, 6.61617e-06
2272.42, 2.07498e-06
2428.17, 1.51796e-06
1342.16, 1.38779e-06
1407.16, 1.06913e-05
1811.97, 1.80059e-06
1904.83, 9.74864e-06
1745.62, 9.54799e-07
2140.05, 1.2237e-06
2259.21, 1.1003e-06
1156.16, 9.33885e-09
1326.71, 4.69781e-07
2040.82, 1.49261e-06
1013.33, 7.55762e-06
1429.25, 2.74987e-05
2300.4, 1.44348e-06
1757.25, 1.93419e-06
2066.77, 1.87981e-06
2364.46, 1.21278e-08
2311.81, 2.73742e-06
2084.09, 6.33221e-07
1600.12, 4.98506e-07
1011.16, 6.27897e-07
2385.96, 1.01833e-06
1693.33, 4.3978e-06
1989.78, 4.10408e-06
1101.64, 5.56244e-06
1447.65, 4.30629e-07
1219.68, 2.34179e-08
1637.75, 2.79022e-07
2328.95, 8.95117e-07
2437.23, 1.57418e-06
2182.61, 1.94502e-06
1050.68, 1.96024e-06
1309.12, 1.09312e-06
1521.91, 4.5436e-06
1398.7, 2.28503e-06
1469.54, 6.65565e-06
1355.08, 6.29783e-06
1598.6, 4.56315e-06
2299.82, 1.55642e-06
1057.36, 0.000205854
1205.34, 8.43053e-09
1543.87, 0.000118149
1272.8, 3.63922e-06
1631.63, 3.86278e-07
1280.95, 1.23421e-06
2247.84, 2.13551e-06
1464.93, 1.03641e-05
2481.32, 3.38393e-06
2482.74, 1.20469e-06
1463.55, 9.88789e-06
1029.7, 9.72188e-06
1235.64, 3.02252e-08
1353.96, 1.74884e-06
1400.05, 2.29052e-07
2041.05, 1.08501e-05
1058.81, 0.00180058
2426.77, 5.05876e-07
1365.95, 1.51545e-07
1677.34, 4.0222e-07
2141.9, 4.07493e-06
1020.9, 2.84752e-05
1161.08, 2.42623e-07
2318.55, 2.53351e-06
2301.92, 1.30488e-06
1593.41, 2.31961e-06
1339.94, 5.6379e-06
2026.06, 1.60377e-06
1225.49, 3.05156e-07
1662.88, 1.26421e-06
1463.08, 1.14846e-06
1080.76, 7.1769e-06
2232.36, 2.59025e-06
1701.12, 3.35429e-07
1199.49, 3.55043e-07
2479.16, 5.4506e-06
1849.23, 7.20542e-07
1096.74, 8.19286e-07
1121.68, 4.23538e-07
2076.85, 1.68246e-06
1017.41, 2.45746e-07
1396.78, 5.42406e-06
2376.65, 2.52559e-07
1045.16, 1.60695e-05
1421.8, 1.42789e-08
1011.04, 3.10903e-08
2318.48, 6.92781e-07
1400.19, 2.29433e-05
2205.35, 2.44761e-06
1030.88, 3.89134e-06
1482.75, 8.57863e-07
2450.15, 2.67588e-06
2237.47, 1.08894e-06
1931.02, 1.221e-06
1660.1, 1.74752e-06
1997.18, 3.28699e-06
1760.61, 5.83102e-06
1899.87, 0.000194092
1716.66, 3.40823e-05
2375.78, 2.32429e-07
1137.31, 3.18599e-06
1187.39, 2.86585e-10
1118.4, 1.50069e-06
1254.81, 1.3932e-07
1337.85, 9.92147e-07
1384.58, 2.5867e-07
1842.08, 2.05892e-06
1672.38, 7.33842e-07
2035.53, 4.04449e-06
2301.16, 1.1319e-06
1016.2, 4.93376e-06
2316.76, 2.33176e-06
2435.94, 2.07992e-06
1033.63, 1.534e-05
1224.38, 3.9041e-08
1463.27, 2.75337e-06
1376.31, 4.03553e-07
2194.87, 3.40698e-06
1343.62, 1.7938e-05
2162.39, 5.71885e-06
1147.18, 1.58844e-07
1856.34, 1.36296e-06
2409.13, 3.44332e-06
1300.78, 4.82759e-07
1898.78, 4.99702e-05
1151.28, 2.86683e-06
1287.29, 2.53134e-07
1102.5, 1.76123e-07
1042.92, 1.03526e-06
2453.32, 6.74095e-06
2212.07, 1.37988e-06
2228.71, 1.0456e-06
1874.12, 1.25477e-06
1971.13, 9.2326e-06
2372.24, 2.47297e-07
1129.2, 4.23592e-06
1770.84, 8.01067e-06
1196.03, 1.86668e-06
1177.27, 5.53929e-09
1160.97, 1.76336e-07
1155.99, 1.47479e-07
2496.08, 4.37661e-06
2287.96, 5.48307e-06
1308.15, 3.70016e-05
1489.64, 1.88755e-06
1881.66, 2.09429e-06
2423.71, 3.12765e-05
2128.19, 3.33629e-05
1919.76, 2.75233e-06
1887.51, 8.33624e-07
2139.85, 1.10948e-05
2206.76, 9.40142e-07
1894.69, 1.05242e-05
1255.66, 5.32501e-07
1447.48, 1.41278e-06
2253.94, 6.04647e-07
2135.42, 9.12589e-07
1503.64, 3.01648e-06
1139.39, 8.39331e-07
1077.83, 5.39521e-07
2152.52, 3.45223e-06
1961.9, 4.71742e-06
1402.66, 2.29276e-06
2386.24, 2.65788e-06
1796.91, 5.81746e-07
1681.87, 2.17617e-06
1051.57, 1.52644e-06
1888.57, 1.4759e-06
1608.51, 2.42187e-07
1412.83, 7.08078e-07
1271.94, 8.07613e-07
2032.34, 1.06654e-06
2334.39, 6.69447e-07
1669.48, 8.29372e-07
1577.21, 8.13471e-07
2075.2, 1.77098e-06
2003.18, 9.21488e-07
2388.03, 5.61937e-07
2436.68, 8.05496e-06
2104.88, 3.0146e-06
1736.79, 1.81362e-06
1384.03, 2.21158e-06
2344.19, 1.422e-06
2226.19, 2.6073e-06
1520.52, 6.69032e-06
1506.76, 2.92569e-07
2182.46, 2.73619e-06
1437.45, 1.7205e-06
1779.09, 1.12892e-06
2432.62, 7.35276e-07
1169.28, 1.02938e-06
2394.67, 8.48198e-07
1647.02, 1.41816e-06
1781.03, 2.05031e-06
2326.08, 1.67198e-06
2206.49, 1.86241e-06
2351.08, 3.16061e-07
1566.3, 1.74994e-05
1684.27, 8.03373e-05
2468.5, 2.31037e-06
1745.32, 3.59907e-07
1007.16, 3.73445e-05
1627.21, 7.07061e-07
2410.76, 1.23366e-06
2398.99, 2.36149e-06
1299.62, 1.43518e-06
1756.93, 3.70238e-06
1345.13, 6.56445e-08
1727.03, 1.15554e-06
2289.71, 2.09499e-06
2077.32, 5.40831e-06
1011.92, 3.16007e-05
2006.95, 1.05021e-05
1870.27, 8.3532e-07
1837.19, 2.27616e-06
2452.62, 2.37525e-06
1340.73, 3.10982e-06
1764.89, 6.593e-06
1601.25, 4.94481e-06
1325.09, 3.98761e-08
1460.3, 7.63761e-08
2360.51, 8.53085e-08
1955.09, 7.57868e-06
1350.58, 2.73976e-06
1047.84, 1.848e-06
1399.79, 9.2962e-07
1650.94, 1.02229e-05
1994.11, 4.60865e-06
2243.02, 1.82319e-06
2240.33, 1.01179e-05
1325.97, 6.1516e-07
2341.26, 1.48137e-06
1032.61, 1.13882e-05
1344.46, 8.41892e-08
2458.48, 4.55045e-06
1697.81, 4.33026e-06
2001.88, 3.82868e-06
2044.45, 1.83727e-05
1563.92, 4.0441e-07
2322.21, 4.12603e-07
1084.36, 3.07677e-06
1199.17, 2.03548e-07
1940.63, 2.36304e-06
1061.3, 7.95266e-06
1931.75, 7.26848e-06
2022.98, 9.05559e-07
1679.86, 7.60717e-07
2487.38, 7.52521e-06
2463.79, 1.02739e-06
1655.74, 5.4239e-07
1268.39, 7.47928e-07
1010.36, 4.31059e-05
1416.12, 9.14658e-06
1706.01, 2.98822e-06
1799.21, 2.4169e-06
1027.75, 7.52045e-08
1894.25, 1.51018e-06
1359.39, 5.31814e-07
1924.38, 1.75305e-06
2107.75, 4.35157e-06
2227.85, 4.61461e-06
1510.92, 2.07335e-07
1042.53, 1.25216e-05
1967.14, 2.86959e-06
2216.46, 2.09224e-06
1643.89, 2.26873e-06
1855.4, 1.56323e-06
1083.95, 6.37164e-06
2440.9, 2.69771e-06
1070.97, 4.26466e-06
1330.62, 1.30434e-07
1521.33, 1.04521e-07
1429.6, 4.04109e-06
1054.31, 7.7792e-07
2027.43, 1.49834e-06
1254.08, 1.09466e-05
1755.33, 2.20077e-06
1287.84, 1.00409e-07
2383.52, 6.87045e-07
2044.7, 1.5342e-06
2415.27, 3.58166e-07
2088.42, 7.17284e-06
1091.31, 2.0491e-05
2480.33, 4.72124e-06
1331.17, 1.58224e-08
1087.59, 1.2793e-07
1351.54, 2.5084e-07
1629.42, 5.9936e-06
1881.99, 1.02045e-06
1165.45, 4.96858e-06
2356.41, 4.10887e-07
2440.07, 1.77763e-06
2331.5, 1.5475e-06
1947.38, 1.71183e-05
1710.16, 9.27938e-07
1949.44, 1.31158e-06
1381.2, 8.56326e-06
2425.82, 1.88125e-06
1350.19, 9.50906e-06
1918.99, 3.61715e-06
1412.55, 2.59115e-07
2188.17, 2.91299e-06
1844.59, 2.53728e-06
2053.54, 5.35867e-06
2300.87, 4.79881e-06
2291.73, 7.91475e-07
1205.98, 3.12046e-06
2468.99, 5.45986e-06
1934.01, 5.56694e-06
2333.97, 5.83271e-07
2088.47, 5.15549e-06
1283.23, 8.588e-07
1614.4, 5.07552e-06
1355.37, 5.15074e-06
1379.19, 8.38636e-07
1162.12, 2.14052e-07
1719.63, 5.69089e-07
2267.86, 2.53729e-06
2394.84, 5.54915e-07
2461.76, 7.48895e-05
2014.79, 4.69929e-07
1557.57, 2.30768e-06
1573.66, 1.34928e-05
1564.49, 3.28448e-06
1731.93, 4.10533e-06
2480.6, 2.0865e-06
2043.63, 1.77313e-06
1604.17, 7.22018e-06
1214.77, 3.07935e-08
2230.45, 6.72769e-07
1257.67, 5.92952e-07
1457.02, 5.51868e-06
1209.78, 9.64675e-08
1340.18, 7.28945e-08
1327.4, 5.17889e-07
2468.48, 2.00511e-05
1822.42, 7.16929e-07
1930.69, 7.1224e-06
1215.33, 5.75012e-08
1735.25, 5.35867e-07
1634, 7.81478e-07
1616.48, 2.9101e-07
2241.61, 1.71726e-06
1370.6, 2.65745e-06
1331.59, 9.3801e-07
1081.52, 8.23928e-07
1933.34, 1.86692e-06
1133.05, 1.36044e-06
2257.55, 1.195e-05
1298.88, 4.79644e-08
2265.52, 4.68464e-06
2463.45, 3.29194e-06
1518.26, 5.08887e-06
1300.32, 5.34596e-08
1240.22, 1.24882e-07
1008.87, 5.23394e-06
1681.02, 7.50528e-07
1256.92, 2.80462e-10
2365.07, 9.72935e-08
2164.88, 1.78853e-06
1989.02, 7.50618e-05
1211.98, 1.21857e-10
1416.21, 1.8834e-06
2472.04, 2.23279e-06
2236.14, 1.69463e-06
1195.78, 1.68327e-06
2210.48, 2.3508e-06
2018.97, 1.58638e-06
1750.25, 2.45566e-05
1800.97, 1.05237e-06
1279.78, 1.1985e-05
1258.55, 3.9022e-06
1526.34, 7.42682e-08
1638.76, 9.24207e-07
2399.03, 9.24362e-07
1828.92, 2.00614e-06
2423.49, 6.47287e-06
2311.01, 9.45455e-07
2262.79, 9.39029e-07
1868.11, 1.88123e-06
2070.43, 3.6798e-06
2155.76, 9.98495e-07
1807.32, 1.92843e-06
2384.06, 1.07445e-06
1189.51, 1.20986e-06
1988.07, 1.05033e-06
2489.67, 8.91975e-05
2443.27, 2.98501e-06
2498.2, 5.72908e-06
1863.65, 7.67281e-07
1772.39, 1.80238e-06
1153.79, 3.50682e-07
1479.52, 1.41509e-06
1290.85, 4.43338e-06
1881.23, 1.00269e-05
1676.56, 4.61597e-07
2416.48, 2.8578e-06
1896.97, 3.26854e-06
1657.75, 1.60699e-06
2264.03, 2.54478e-06
1788.53, 4.2679e-06
1949.77, 9.33124e-07
1416.6, 6.42884e-08
1067.27, 1.50994e-06
1005.07, 2.53489e-06
1732.97, 7.52754e-05
1906.88, 5.32753e-07
2180.76, 2.38417e-06
2259.08, 1.27864e-05
1814.27, 5.32059e-07
1612.14, 1.37342e-07
1781.59, 1.66481e-05
1158.28, 4.98636e-06
1728.62, 2.47817e-06
1095.31, 4.43893e-07
2014.94, 1.17632e-06
1779.18, 5.69684e-07
1109.71, 1.36721e-06
1400.58, 4.99958e-07
1804.28, 6.64783e-06
2263.89, 3.94516e-06
1159.96, 3.14102e-06
1568.57, 1.31239e-06
2174.83, 7.34106e-06
1874.45, 2.23323e-06
2019.23, 4.97565e-07
1594.52, 6.85801e-07
1634.63, 2.53105e-07
1857.32, 3.523e-05
2400.84, 8.6263e-07
2269.11, 1.90852e-06
2078.83, 1.38377e-05
1278.98, 1.96257e-06
1582.8, 5.93613e-06
1487.43, 3.44807e-06
2443.02, 2.61565e-06
2189.57, 3.9167e-06
1026.14, 3.37054e-06
2283.47, 1.5629e-05
1352.88, 6.20177e-07
1299.43, 4.57104e-06
1342.39, 7.22821e-06
2476.51, 7.43426e-07
1168.19, 2.88523e-07
1783.56, 1.02574e-06
1626.31, 6.62921e-07
1215.28, 4.30723e-08
1446.33, 1.84623e-06
1361.65, 3.61035e-06
1332.85, 2.88244e-06
1256.24, 3.11629e-06
1080.02, 1.34453e-05
2237.08, 2.34753e-06
1861.01, 9.83011e-07
1915.99, 5.50957e-05
2309.43, 2.92828e-07
1252.98, 5.03638e-08
1851.05, 2.8501e-06
2142.34, 0.000239847
2087.09, 8.10396e-07
2135.61, 1.09823e-06
2310.74, 7.86279e-07
2082.19, 2.72045e-06
1273.23, 1.55212e-07
2269.71, 9.53369e-07
1495.17, 1.41305e-05
2481.51, 4.18938e-06
1253.9, 8.63504e-07
1547.78, 6.3735e-06
1824.31, 4.45081e-06
2238.89, 6.57182e-06
1739.67, 3.65509e-05
2481.81, 1.20725e-05
1358.91, 1.84719e-08
2105.52, 2.52762e-06
1176.43, 4.6807e-05
1773.02, 7.92026e-06
2206.01, 3.4856e-06
1348.94, 3.77931e-07
2322.57, 3.60722e-07
1941.93, 3.77059e-06
1478.33, 3.13885e-07
1224.48, 1.19809e-07
1183.47, 1.42376e-07
2477.72, 7.13733e-05
1586.55, 1.8543e-07
1869.43, 2.00801e-06
2260.38, 1.63315e-06
1685.99, 2.31785e-06
2272.89, 6.54356e-06
2200.42, 1.05072e-06
1838.93, 2.75546e-05
1706.44, 4.30172e-06
2069.42, 7.66058e-07
1511.14, 5.94563e-06
2297.95, 7.89672e-07
1140.94, 1.30664e-06
1690.64, 7.30539e-07
1859.84, 4.13202e-07
1043.5, 0.000148179
1885.62, 1.8072e-06
1900.19, 8.47938e-06
1270.63, 1.87739e-07
2413.19, 5.71571e-06
1177.56, 7.07696e-07
1885.15, 8.9661e-06
1910.96, 1.08922e-06
1160.41, 5.53787e-06
2458.44, 3.37134e-06
2372.71, 1.38792e-07
2020.38, 2.83334e-06
2169.83, 3.77711e-06
1579.87, 5.62489e-07
1251.91, 2.14554e-06
2491, 4.07586e-06
1813.43, 6.59505e-07
1669.05, 7.22924e-07
1843.41, 7.31823e-07
1165.28, 1.80648e-06
1073.21, 5.1988e-06
2337.63, 8.10391e-07
2472.4, 3.71314e-05
1245.78, 4.73969e-06
1781.85, 1.1249e-06
1096.81, 1.44697e-06
1298.17, 9.41184e-06
1444.83, 2.30505e-06
1292.27, 3.36643e-06
2276.81, 2.5594e-06
2158.15, 5.06317e-06
1445.86, 6.74182e-08
1152.82, 1.05938e-06
1725.74, 2.16164e-06
1363.38, 4.04297e-05
1648.51, 1.88876e-05
2015.29, 1.68942e-05
1402.16, 2.16731e-07
2220.04, 6.01086e-06
1218.88, 1.74824e-06
1298.07, 6.36046e-06
1965.08, 5.1816e-06
1513.85, 4.12455e-06
2170.8, 2.4471e-06
1896.43, 6.28962e-07
1141.54, 1.61929e-05
2291.69, 8.93428e-07
2162.14, 1.04983e-05
2345.61, 2.83909e-07
2101.51, 4.36781e-06
1014.36, 2.11168e-06
2383.46, 8.27832e-08
1697.3, 6.67392e-07
1201.67, 2.01313e-09
1647.04, 3.34213e-07
2325.76, 1.01715e-06
1916.89, 1.49056e-06
1165.28, 3.3843e-07
1699.92, 7.02566e-07
1424.91, 1.78322e-06
1719.75, 4.92555e-07
1376.85, 2.9571e-06
1220.61, 1.77644e-06
2424.16, 8.76204e-06
1375.1, 3.11872e-06
2147.45, 4.08287e-06
1707.45, 5.15236e-07
1196.42, 1.60152e-08
1506.46, 4.97439e-06
1038.77, 5.91925e-05
2453.32, 4.56634e-06
1752.72, 5.21937e-06
1176.07, 6.45974e-07
1636.24, 1.73268e-06
1828.81, 2.31254e-06
2270.95, 2.79775e-06
1376.43, 3.95789e-07
1084.7, 3.2372e-07
1022.28, 4.81211e-10
1445.03, 8.67069e-06
1350.48, 2.9077e-08
1654.54, 4.17271e-05
2045.36, 2.15925e-06
1767.38, 7.04001e-07
2453.89, 3.69753e-06
2011.25, 2.80867e-06
1701.05, 6.1541e-07
2497.27, 2.08767e-06
2217.79, 1.86007e-06
1866.07, 1.10865e-06
2023.27, 2.12012e-06
1887.6, 1.62963e-06
1517.72, 4.42665e-06
2297.39, 5.66456e-07
1697.09, 5.87203e-07
2159.76, 2.03024e-06
1938.72, 4.12508e-06
1482.74, 2.87505e-06
1669.11, 2.28601e-07
1048.15, 1.55556e-06
1010.44, 1.22057e-05
1862.2, 2.40603e-06
1930.83, 1.29068e-05
2460.41, 3.18584e-06
2109.57, 5.34938e-07
1653.44, 2.38096e-06
1706.48, 4.37648e-06
1982.42, 6.08175e-07
2170.48, 2.4937e-06
2304.05, 1.75299e-06
2063.07, 2.08588e-06
2001.08, 9.71242e-05
1947.7, 5.54744e-07
2375.77, 1.2648e-07
2347.29, 4.31021e-07
1640.53, 5.3471e-06
2355.52, 2.79257e-07
1784.03, 5.42051e-05
2346.63, 4.11918e-06
2389.7, 5.71622e-07
1397.98, 1.779e-06
1453.98, 1.10804e-07
1449.09, 4.40097e-07
2272.85, 2.59875e-05
2384.61, 7.52109e-07
1390.7, 2.45861e-06
2413.75, 3.44712e-06
2024.04, 2.52546e-06
1552.47, 5.02226e-07
1715.55, 1.86953e-07
1299.54, 4.31017e-06
1780.58, 2.75604e-06
2268, 2.30703e-06
2240.72, 2.07521e-06
1889.38, 4.76306e-07
1842.27, 1.00254e-06
1757.11, 4.93026e-06
1986.4, 2.52507e-06
1457.31, 9.06948e-08
1794.64, 9.35967e-07
2136.61, 0.000342065
2344.88, 1.85769e-06
1637.32, 1.03203e-07
1507.98, 6.40976e-06
1849.04, 2.328e-06
1443.45, 3.02426e-07
1506.74, 1.22028e-07
1968.8, 2.46802e-06
1722.12, 6.89118e-06
2207.51, 5.79918e-06
1316.4, 2.96326e-05
1411.9, 4.05946e-08
2228.33, 4.30775e-06
2058.59, 7.51641e-06
1688.29, 3.30698e-06
1214.12, 6.12742e-08
1405.75, 1.30633e-05
2425.78, 1.74793e-06
1580.92, 2.20658e-05
1994.22, 1.66875e-06
1017.35, 2.82892e-06
1126.66, 8.66542e-06
2055.37, 1.88068e-06
2220.11, 1.67514e-05
1345.21, 3.52374e-06
2048.94, 7.34452e-06
1894.23, 9.14762e-07
1500.68, 1.09646e-06
1369.46, 9.82621e-06
2212.01, 2.45907e-06
1970.59, 1.48423e-05
1331.47, 3.65318e-06
2140.41, 4.74984e-06
1085.19, 4.49138e-05
1869.96, 6.05449e-07
1394.5, 2.78107e-07
1234.95, 2.48781e-08
2067.3, 1.40579e-06
2429.54, 1.66363e-06
1215.08, 2.38163e-06
1366.93, 8.51998e-06
1043.13, 4.73644e-05
1681.53, 7.63467e-07
2063.81, 1.96075e-06
2131.05, 1.61859e-06
1517.9, 3.52422e-07
2424.83, 6.37001e-07
1383.68, 3.25791e-06
1101.2, 1.85282e-05
2139.69, 1.67824e-05
1547.75, 1.64958e-06
1323.52, 2.72179e-07
2192.88, 9.57515e-06
2284.23, 1.24646e-06
1449.69, 2.71126e-08
1911.7, 1.97157e-05
2284.64, 2.19262e-06
1035.76, 6.59907e-07
1156.3, 5.40599e-07
2298.94, 9.13567e-07
1680.61, 6.10741e-07
1087.23, 2.70192e-07
1761.77, 1.95216e-06
2426.83, 5.42034e-06
1853.18, 8.58267e-06
1564.21, 4.80312e-07
2440.78, 1.23868e-06
1384.96, 1.93143e-06
1604.04, 1.06212e-05
1681.89, 1.97008e-07
1644.53, 1.27597e-06
1595.09, 1.65139e-07
1587.81, 4.37016e-06
2284.95, 7.71291e-06
2030.68, 1.62903e-06
1657.63, 0.000156476
1312.46, 1.18887e-05
1864.13, 2.74636e-06
1462.17, 3.00334e-05
1654.34, 8.84951e-07
2404.2, 2.45721e-06
1015.34, 2.10388e-05
1000.7, 6.13072e-05
2476.45, 1.20418e-06
1460.15, 4.97533e-07
2392.15, 8.07296e-07
1860.85, 0.000277947
1316.59, 3.69741e-09
1521.24, 6.28079e-06
2313.42, 1.9463e-06
1061.46, 2.91201e-06
2261.09, 4.90356e-06
1458.55, 2.50315e-06
2375.95, 3.19673e-07
1451.36, 1.08314e-06
1503.76, 6.99344e-05
1329.35, 1.95149e-06
1083.41, 5.33343e-07
2458.02, 1.92687e-06
1209.2, 1.14305e-06
1049.16, 7.99638e-06
2014.71, 2.62311e-06
1401.92, 5.3615e-06
2092.33, 1.85687e-06
2082.93, 1.75476e-06
1141.02, 1.00221e-07
1408.01, 1.62095e-05
1127.78, 0.000133251
2190.84, 4.1791e-06
1444.24, 5.17246e-08
2322.11, 6.2747e-07
2477.57, 1.07569e-06
2206.06, 9.85886e-06
1654.83, 2.91832e-06
2146.21, 3.31682e-06
1216.09, 1.54733e-09
1262.54, 1.90175e-05
2289.08, 1.26018e-06
1875.9, 4.01499e-06
1071.01, 5.43937e-09
1280.2, 7.44843e-07
1916.62, 8.61317e-07
1592.08, 3.77041e-06
1605.96, 2.80587e-07
1064.52, 3.54185e-06
2119.59, 2.17636e-06
1897.16, 6.20965e-06
1585.08, 2.74238e-06
1288.33, 6.06648e-09
1293.09, 2.2245e-08
1795.77, 6.92085e-07
1564.89, 2.87699e-06
1524.68, 2.80835e-06
1905.38, 2.65925e-06
2259.14, 1.41172e-06
1650.27, 2.04399e-06
1988.72, 1.61463e-06
2346.61, 1.70579e-07
2125.57, 8.84762e-06
1668.24, 2.9399e-05
1149.43, 2.69314e-06
1286.31, 4.01565e-07
1106.61, 1.62161e-06
2007.08, 2.22583e-05
1395.7, 7.52028e-05
2155.2, 2.94315e-06
1495.1, 6.31023e-08
1947.45, 1.92041e-05
2163.02, 2.36931e-06
1647.96, 8.00478e-07
1024.97, 7.22203e-06
1425.49, 8.54443e-07
1421.76, 4.24634e-07
1031.75, 0.000213403
1416.82, 3.41268e-08
1551.19, 3.00601e-07
2152.26, 4.3927e-06
1110.11, 4.57327e-06
1381.12, 1.24304e-06
1291.74, 1.12496e-07
1505.56, 6.63048e-07
2397.64, 1.4272e-06
1443.5, 8.87188e-06
2114.42, 6.48874e-07
1268.35, 5.55056e-06
2056.4, 7.85725e-06
1208.16, 5.44831e-09
2263.25, 4.7756e-06
1901.71, 5.10215e-06
2030.85, 2.19918e-06
2257.87, 1.08772e-06
1134.5, 1.03352e-06
1494.33, 3.83874e-07
1109.49, 1.09351e-06
1612.54, 6.38749e-07
1580.31, 1.00551e-05
2132.87, 1.0612e-05
2099.11, 2.42761e-06
1429.3, 1.25044e-06
1183.81, 1.33784e-06
1813.96, 1.4637e-06
1238.29, 6.11571e-08
1975.43, 1.57789e-06
2232.19, 8.69036e-07
1690.4, 1.72095e-06
1647.18, 1.25049e-06
1471.46, 8.11181e-07
2351.33, 1.38706e-06
2493.25, 1.6143e-06
1260.02, 2.37944e-08
1784.27, 1.04791e-06
1734.5, 8.86211e-07
2031.45, 5.18551e-06
2207.22, 2.88383e-06
1169.09, 6.07726e-05
1951.81, 1.47343e-06
2160.42, 1.12434e-06
1031.02, 1.4625e-06
1353.07, 2.78681e-07
2439.21, 1.18107e-06
2412.09, 1.30256e-06
1360, 2.04105e-05
1306.55, 4.59108e-08
2384.82, 3.30046e-07
1990.85, 2.14667e-05
1871.42, 3.68047e-06
1077.77, 1.91384e-07
1708.08, 3.81113e-06
1680.78, 0.000141597
2154.82, 5.32288e-06
2264.51, 1.16505e-06
1158.42, 5.38794e-07
2013.71, 5.1263e-06
1499.77, 7.94216e-06
2166.24, 2.64183e-06
2169.39, 3.86546e-06
1182.48, 8.36642e-08
1709.43, 4.54988e-06
1964.26, 7.22145e-06
2116.54, 8.26e-07
1617.48, 4.99361e-07
1484.43, 2.62927e-05
1505.54, 1.75882e-06
1606.04, 5.97305e-06
2238.33, 5.73367e-06
1952.97, 5.44096e-07
1141.16, 9.5799e-07
2208, 1.77561e-06
1256.09, 6.62159e-07
2227.63, 3.39406e-06
1312.72, 2.68434e-06
1381.35, 1.18086e-05
1363.54, 2.63646e-06
1409, 3.94969e-08
2201.76, 3.89442e-05
2363.38, 1.80803e-07
1968.51, 4.48075e-06
1649.19, 7.89475e-06
1239.82, 1.50514e-06
1699.91, 1.748e-06
2132.94, 3.59682e-06
1483.36, 4.05076e-08
1830.94, 8.46998e-07
1086.95, 4.62317e-07
2001.55, 1.52969e-06
2181.42, 1.85928e-05
2058.38, 2.31719e-06
1773.14, 2.8388e-07
2454.56, 0.000104246
1645.17, 1.92872e-06
1975.49, 0.000440761
1114.61, 1.18836e-06
1141.6, 1.7747e-06
1017, 4.26811e-07
2320.22, 1.05741e-06
2285.67, 2.71029e-05
1707.15, 3.72369e-07
1882.72, 1.39462e-05
1982.7, 5.19658e-06
2237.7, 1.27496e-06
1449.17, 1.10325e-06
1919.5, 2.76267e-06
2259.74, 2.48837e-06
1996.69, 1.83124e-06
1405.13, 1.5781e-05
2099.48, 5.47299e-06
1819.34, 8.2888e-06
2075.18, 2.39719e-06
2326.03, 6.07913e-07
1658.45, 3.94955e-07
2143.6, 2.2049e-06
1874.62, 2.3074e-06
2473.11, 3.17315e-06
1982.76, 2.71634e-06
1735.75, 1.3002e-06
2112.09, 8.10011e-06
1897.01, 7.91686e-07
2423.69, 4.77621e-06
2032.51, 3.00087e-06
1782.95, 1.17689e-06
1222.59, 2.01815e-07
1790.5, 9.02724e-06
2065.82, 4.31274e-06
1830.34, 3.02137e-07
2263.36, 1.31466e-06
1069.54, 2.06212e-05
1545.06, 9.97916e-07
1348.18, 1.29998e-07
2186.62, 3.0781e-06
1685.13, 3.97757e-06
1384.92, 5.46755e-06
2473.83, 2.82947e-06
1853.16, 6.39567e-07
1730.9, 3.75453e-07
2431.31, 3.12741e-07
1790.27, 2.83873e-06
2106.28, 1.1117e-06
1299.35, 2.78175e-06
2490.58, 5.32156e-06
1934.4, 6.20072e-07
1089.85, 5.45209e-07
1798.83, 2.11279e-06
1818.12, 6.9282e-06
2262.69, 1.02146e-06
1701.78, 4.93347e-06
2477.95, 2.22529e-06
1040.44, 1.1388e-06
1265.44, 1.65928e-08
2220.86, 2.95207e-06
1393.37, 6.32523e-07
2430.77, 1.99796e-06
2099.13, 1.42848e-06
1221.74, 5.19875e-07
1121.63, 1.52235e-06
1786.94, 4.68244e-07
2072.82, 6.17738e-06
2330.66, 6.43276e-07
1398.24, 9.91326e-07
1918.26, 9.67415e-05
1271.88, 2.54239e-07
1722.06, 3.3105e-07
1231.73, 4.9409e-07
2481.88, 2.42061e-06
1251.25, 2.94856e-07
1788.9, 9.7407e-07
1317.88, 3.8495e-09
1863.24, 3.89713e-06
1581.93, 2.72333e-05
1491.44, 1.97181e-07
1976.35, 3.48668e-06
1388.71, 4.61268e-06
1979.3, 7.62082e-06
1644.94, 1.49653e-06
1816.12, 4.17382e-07
2191.51, 2.5344e-06
1032.24, 7.74377e-06
1276.61, 2.62926e-07
1138.01, 8.68388e-09
1779, 2.11482e-06
1720.18, 1.77221e-06
1398, 8.91254e-07
2434.03, 6.23032e-07
1162.88, 2.6927e-07
1430.2, 1.50543e-06
1169.77, 3.87247e-08
1837.3, 3.41036e-06
1927, 1.863e-05
1016.57, 6.69238e-06
1738.09, 3.27449e-07
1700.01, 4.263e-06
2045.23, 1.40335e-06
1324.95, 1.72558e-07
1361.77, 4.20467e-07
2472.62, 4.14135e-06
2384.43, 9.13755e-07
2055.83, 1.5448e-06
2284.67, 8.44416e-07
1582.85, 2.01469e-05
1978.54, 3.93043e-06
1605.49, 1.19277e-06
2315.66, 8.35809e-07
1521.48, 3.72701e-08
2465.67, 3.92511e-06
2009.14, 6.9416e-06
2041.11, 1.04867e-05
1100.84, 3.08687e-07
2456.25, 9.59938e-06
1417.33, 1.13995e-06
1253.78, 1.31507e-07
1746.23, 3.11485e-06
1309.36, 1.30522e-05
2246.62, 1.10868e-06
1236.42, 1.2657e-08
2325.76, 3.20171e-07
1710.15, 3.0007e-07
2082.5, 9.90754e-06
1962.33, 9.66725e-06
1264.59, 2.95474e-08
1370.82, 5.07609e-06
1002.92, 1.05087e-07
1181.45, 3.11495e-08
1019.07, 7.56978e-06
1420.64, 1.27064e-05
2333.28, 5.89907e-07
2246.25, 2.55259e-06
2398.07, 9.06567e-07
1702.92, 5.84613e-06
2462.65, 2.64252e-06
1197.06, 1.17861e-07
1115.26, 1.82603e-06
2490.08, 2.40607e-06
1724.29, 1.77894e-06
1537.01, 1.72728e-06
1257.83, 2.14393e-06
1002.39, 2.84776e-06
1937.69, 4.97065e-06
1072.63, 3.84446e-05
2380.87, 7.42115e-07
2114.33, 2.06974e-06
2061.41, 3.29353e-06
2068.79, 1.5837e-06
2224.17, 2.28569e-06
1961.24, 1.62073e-06
1106.22, 9.2994e-07
2392.15, 2.2928e-07
2193.78, 3.50472e-06
1958.34, 1.68582e-06
1957.76, 2.18459e-06
1560.39, 4.47667e-07
1326, 2.97404e-06
1816.25, 2.39427e-06
1156.09, 4.57383e-06
2006.01, 2.96988e-05
1098.91, 1.58865e-06
1283.73, 2.39505e-06
1394.84, 6.05995e-07
1506.14, 3.16604e-06
2255.62, 1.14493e-05
2396.76, 2.43195e-06
2072.19, 7.27458e-06
2169.56, 3.96533e-06
1682.55, 1.55006e-06
1517.9, 2.47781e-06
1784.58, 7.16957e-07
2468.1, 6.38729e-06
1790.36, 4.3025e-07
2326.81, 4.1327e-06
1307.54, 2.99436e-06
1029.66, 7.15119e-06
2358.11, 1.94002e-06
1589.17, 6.56928e-06
1827.34, 2.40035e-06
1476.98, 9.01369e-07
2349.53, 3.82085e-07
1045.42, 6.55238e-07
2056.94, 3.73485e-06
2328, 6.18769e-06
2113.85, 3.67761e-06
1938.72, 1.52012e-06
1203.48, 9.71985e-07
1582.41, 3.44307e-06
1151.5, 8.12514e-06
1420.46, 3.73118e-06
2418.82, 4.27092e-06
1658.25, 1.75157e-07
1241.87, 1.41253e-07
1261.41, 9.58522e-07
1974.53, 3.1589e-06
2311.39, 9.22006e-06
1656.86, 2.88245e-07
1835.45, 1.21051e-06
1949.58, 5.28001e-06
1271.16, 1.58215e-06
1890.64, 1.34304e-06
1865.21, 7.26352e-07
1418.29, 1.85244e-06
1780.48, 2.1828e-06
1184.4, 5.13521e-07
2388.58, 3.27211e-07
1936.38, 5.79359e-06
1044.25, 0.000308118
1053.05, 1.46331e-05
2442.63, 8.39698e-06
1157.18, 8.99227e-07
1191.73, 1.30892e-09
1189.63, 5.11441e-08
2156.08, 1.94104e-06
2496.78, 2.26419e-06
1515.66, 6.93334e-07
2121.34, 4.8798e-06
1208.6, 2.29694e-08
1339.29, 5.93595e-05
1171.48, 1.24829e-05
1310.43, 1.7026e-08
1574.65, 5.31968e-05
2359.52, 6.67847e-07
2018.04, 7.44812e-06
1804.22, 8.48114e-06
1824.44, 1.20447e-06
1573.5, 1.13817e-07
1067.46, 0.000176963
2164.77, 3.56059e-06
2218.09, 8.70015e-07
2086.6, 1.65889e-06
2275.8, 2.13937e-06
2164.24, 2.69581e-06
1717.08, 1.88618e-06
1508.3, 3.47754e-07
1299.65, 5.04453e-07
1197.99, 2.6509e-08
1500.33, 3.18079e-07
1114.94, 9.2756e-06
1919.48, 1.56956e-06
1297.97, 2.21698e-08
1475.84, 3.21637e-06
1019.32, 6.35006e-06
1104.61, 8.63081e-08
1277.94, 3.73661e-06
1863.7, 1.06985e-06
1208.66, 9.4861e-08
1681.85, 2.74156e-05
2177.08, 1.64121e-06
2424.16, 5.18205e-06
1967, 1.08327e-06
2364.22, 1.30274e-07
1115.05, 4.17855e-05
1572.67, 3.75115e-06
1300.71, 2.23343e-09
1225.17, 3.32001e-08
2291.9, 9.70534e-07
1816.84, 5.11163e-06
1622.34, 1.91592e-07
1095.18, 1.07126e-05
2025.04, 2.68151e-06
1042.83, 4.33707e-05
1032.48, 1.71834e-05
2008.94, 8.26448e-06
1516.92, 1.51455e-06
1118.87, 2.9674e-06
2482.76, 6.1653e-06
2225.22, 3.3114e-06
1367.09, 1.62254e-07
2287.58, 1.41968e-06
1927.82, 1.78136e-06
1753.01, 1.55809e-06
1476.46, 7.22487e-06
1296.18, 2.47534e-06
1372.43, 7.60959e-08
2164.09, 6.19245e-06
1223.11, 9.90211e-07
2179.2, 1.92731e-05
1889.1, 8.74993e-07
1856.07, 3.70223e-07
2096.13, 2.03583e-06
2343.02, 3.07558e-07
1235.31, 3.92453e-07
1882.99, 1.21287e-06
1297.95, 5.60293e-06
2422.11, 7.63824e-07
1605.6, 2.8147e-06
2444.74, 1.5906e-06
1553.34, 1.32285e-06
1323.92, 3.56354e-07
1513.32, 9.41638e-06
1098.44, 5.53888e-06
1255.62, 3.88554e-07
2393.25, 2.54025e-06
2377.59, 2.22018e-07
2081.06, 1.01821e-06
1097.54, 8.08433e-06
1204.61, 4.06913e-08
1707.15, 5.73657e-06
2237.14, 9.019e-07
1280.42, 4.20904e-07
1020.64, 2.1131e-08
1266.21, 1.4963e-07
1682.72, 3.76014e-06
2057.44, 1.69214e-06
1142.69, 1.00524e-07
1940.84, 6.24496e-06
2410.75, 3.4901e-07
1412.86, 2.23995e-06
1488.43, 5.08797e-06
2146.25, 1.35318e-05
2433.82, 3.12482e-06
2299.46, 1.38732e-06
2010.85, 2.35788e-06
1850.36, 7.37207e-07
2364.89, 7.99372e-08
2285.2, 8.64878e-07
1921.06, 1.81161e-06
2497.01, 2.05565e-05
1100.62, 6.12802e-07
1949.96, 1.11418e-05
1673.7, 5.06535e-06
1600.55, 1.12753e-06
1665.14, 5.90534e-07
1354.53, 2.67797e-07
1255.01, 1.44938e-06
2196.25, 2.96392e-06
1837.97, 6.47054e-06
1393.89, 8.79423e-06
1948.28, 1.12152e-05
1811.94, 6.98988e-06
1272.69, 9.72604e-07
2489.16, 4.6195e-06
1273.98, 3.14036e-07
1660.06, 4.13657e-07
2416.11, 1.84689e-06
2147.8, 3.89972e-06
2329.49, 6.87918e-07
1105.58, 4.08068e-06
1591.3, 8.75676e-07
1281.3, 2.84209e-08
1989.67, 2.37787e-06
2469.48, 2.53272e-06
1416.76, 1.76822e-06
1814.43, 5.45727e-06
2415.23, 3.42458e-06
1890.16, 1.12577e-06
1528.75, 2.92526e-06
1458.18, 2.42121e-06
2136.66, 8.02351e-07
2427.77, 2.57766e-06
2071.7, 1.55171e-05
1676.6, 6.4304e-06
1240.7, 3.67368e-07
1169.58, 2.0846e-06
2072.96, 1.16401e-06
2087.39, 2.18584e-06
2238.9, 1.77544e-06
1628.05, 2.2244e-06
1795.22, 5.0402e-07
1706.21, 5.72266e-06
1462.2, 1.09652e-05
2070.42, 3.9443e-06
2123.46, 1.34065e-05
1753.98, 1.83511e-06
1728.45, 0.000649148
2108.07, 1.55589e-06
1891.76, 3.23921e-07
1821.28, 2.90383e-06
1194.46, 8.70045e-07
2280.46, 1.87851e-06
2467.79, 0.000147187
1518.73, 6.30932e-08
1920.74, 1.95136e-06
1111.03, 1.18011e-05
1287.97, 3.80759e-08
1179.33, 2.10942e-06
1533.18, 1.98288e-06
1453.42, 2.29521e-07
1853.26, 5.85371e-06
2428.29, 1.57142e-06
2395.97, 1.08184e-06
2020.57, 3.41726e-06
1844.63, 7.55815e-06
2308.94, 2.26613e-06
2275.85, 2.02371e-05
1889.23, 8.48082e-06
1967.38, 4.71884e-06
1316.97, 2.70936e-08
2167.03, 2.96297e-06
1117.57, 1.19894e-06
2107.23, 0.000105217
2380.91, 4.30694e-07
1819.15, 1.12165e-06
2069.07, 1.52507e-06
2096.15, 1.91052e-06
1523.9, 2.14166e-05
2256, 2.66608e-06
1834.58, 1.10796e-06
1633.39, 4.91869e-06
1558.53, 6.27279e-07
1302.09, 1.34754e-06
1288.54, 4.12563e-05
1139.14, 2.53957e-08
1936.48, 5.54285e-07
1386.98, 1.57864e-06
1328.24, 6.42387e-06
1924.62, 2.77253e-06
1715.12, 1.53335e-06
2401.17, 2.34822e-06
1291.78, 2.0146e-06
2075.6, 3.08263e-06
2461.25, 6.45896e-06
1284.84, 1.53406e-06
2136.61, 3.83987e-06
2174.72, 1.56663e-06
2447.6, 4.25605e-06
2435.46, 3.72844e-06
2342.13, 4.45658e-07
1480.36, 5.13996e-08
1841.76, 6.56752e-06
1394.87, 1.39696e-06
1371.3, 9.03352e-09
2287.84, 1.74877e-06
1508.05, 7.82554e-07
2122.29, 8.53007e-06
1156.96, 2.91628e-07
1759.9, 8.20173e-07
1635.24, 5.99807e-06
2398.02, 1.03843e-06
1126.51, 1.60269e-05
1401.25, 1.63936e-05
2096.01, 2.77592e-06
2246.53, 1.14617e-06
2077.85, 8.41582e-07
1643.76, 2.41213e-07
2402.68, 9.60447e-07
1545.63, 6.26739e-07
1299.02, 5.34295e-07
2480.03, 3.46097e-05
2197.35, 4.92316e-06
1719.43, 1.37556e-05
1563.52, 2.74827e-05
1764.3, 5.20629e-07
1552.54, 6.32497e-07
1750.77, 4.02924e-06
1246.87, 2.4116e-07
1994.91, 1.66551e-05
1058.2, 1.00127e-05
1460.47, 3.66504e-06
1233.03, 2.06898e-06
2067.79, 3.10164e-06
1697.89, 1.67656e-06
2326.24, 5.01719e-06
1936.72, 0.000370608
2174.53, 1.16584e-05
1906.62, 1.84272e-05
1475.95, 7.47191e-06
1754.9, 1.83105e-06
1211.27, 1.50103e-09
1949.74, 1.91458e-06
1641.73, 5.84557e-07
2265.94, 6.58527e-07
2149.71, 2.389e-06
2288.47, 1.19522e-06
1221.13, 2.0478e-09
2019.14, 8.86803e-06
1513.5, 2.22211e-07
1276.1, 6.9385e-06
2276.32, 1.45119e-05
2232.99, 1.15962e-06
1582.64, 3.91522e-06
1562.69, 6.15227e-07
1244.32, 6.13812e-07
2143.64, 8.34892e-06
2357.83, 1.90664e-06
1798.63, 4.72322e-07
1145.14, 9.50344e-07
2115.54, 3.84565e-06
2438.02, 5.2622e-06
1644.46, 3.17131e-07
1545.77, 1.01715e-06
2270.5, 4.6397e-07
2072.55, 5.38876e-06
1172.71, 1.32807e-08
1180.39, 2.23925e-08
2281.43, 7.12996e-07
1589.01, 2.86153e-06
1628.56, 1.59975e-06
1506, 1.46613e-07
1230.2, 5.16265e-08
2183.27, 1.01211e-05
1746.18, 2.63176e-06
1723.45, 8.41916e-07
1361.57, 6.84083e-08
1710.53, 6.20159e-07
2304.82, 1.73651e-06
1551.87, 3.97738e-06
1031.8, 1.09194e-06
1873.06, 1.45859e-06
1298, 5.82434e-07
1281.16, 1.08611e-07
2286, 1.95864e-06
2034.87, 2.32884e-06
1312.38, 1.07683e-08
1199.09, 2.62791e-07
1203.76, 7.94248e-07
1110.9, 4.59914e-07
1308.41, 4.60086e-07
2123.25, 2.98251e-06
1763.91, 7.88216e-06
1016.06, 0.000113632
2187.86, 2.35807e-06
1527.37, 1.63276e-06
1542.11, 3.64907e-06
1666.77, 7.81104e-08
1277.62, 1.81226e-06
1069.34, 1.70334e-05
1898.04, 1.92219e-06
1321.09, 1.41671e-06
1440.68, 2.23637e-06
1577.99, 5.77878e-06
2106.18, 1.2265e-06
1412.9, 9.00934e-07
2034.95, 0.000175762
2464.7, 1.29279e-06
1028.11, 2.43387e-06
1015.54, 3.90794e-05
2165.05, 1.44177e-06
1185.72, 1.98167e-07
1724.85, 2.37278e-07
2151.58, 3.25413e-06
1065.38, 0.000130507
2472.81, 2.14441e-05
2229.82, 2.12145e-06
1510.17, 0.00016332
2050.22, 1.36525e-05
1276.11, 8.58898e-10
1531.45, 7.99058e-07
2130.7, 1.94494e-06
1709.1, 2.04318e-06
1276.09, 2.51858e-06
2170.73, 4.70907e-06
1368.18, 8.26454e-07
2192.14, 1.5202e-06
2339.32, 9.62517e-07
1321.27, 6.45908e-06
1882.89, 4.01213e-06
1712.87, 5.22997e-07
2242.21, 2.28449e-06
1910.2, 5.72475e-07
1086.37, 1.13068e-05
1055.33, 2.63654e-06
1606.17, 1.32255e-06
1144.19, 4.88872e-07
1692.33, 2.26628e-06
1106.71, 7.38765e-06
1318.55, 1.31106e-06
2096.92, 4.55601e-06
2011.64, 7.73495e-07
1541.36, 9.7097e-07
1085.59, 9.71297e-05
2041.05, 4.65039e-06
2218.46, 6.87724e-07
1615.04, 3.00634e-06
2366.71, 8.63001e-08
2342.37, 2.02424e-07
1591.15, 3.07548e-07
1611.99, 1.67667e-06
1093.67, 1.51398e-07
1103.83, 1.78512e-06
1850.38, 1.93745e-06
2239.5, 8.55053e-06
2292.41, 3.04009e-05
1861.47, 3.46623e-07
1625.44, 8.02605e-08
1320.77, 3.47176e-07
2070.38, 6.0491e-06
1038.63, 1.05247e-05
1998.89, 1.61329e-06
1117.21, 6.84706e-07
2331.75, 4.39491e-07
1805.16, 3.67117e-06
2216.29, 4.10767e-06
1687.56, 1.37478e-06
2060.65, 4.24373e-06
1970.31, 1.03867e-05
2217.67, 1.02855e-05
1531.34, 3.35184e-07
1033.55, 1.09453e-06
1213.06, 3.7151e-10
2276.06, 4.4322e-07
2178.55, 2.42802e-06
2077.35, 4.19861e-06
1487.44, 1.50792e-06
1694.37, 5.17805e-05
1984.24, 5.69154e-06
1773.95, 7.17374e-07
1265.34, 7.7417e-08
1443.96, 4.47403e-06
1643.09, 2.28647e-07
1517.62, 6.21373e-08
2387.69, 1.44392e-06
2137.53, 8.26568e-07
1307.71, 2.13722e-08
1992.42, 1.63815e-05
1280.74, 1.45182e-07
2492.82, 7.35018e-06
1736.66, 1.34944e-06
1835.62, 7.02291e-07
2309.64, 1.39297e-06
1219.29, 3.29618e-07
1782.75, 6.98904e-06
1902.26, 1.36729e-06
2311.39, 2.13582e-06
2212.47, 3.08865e-06
1210.33, 4.63207e-10
1637.59, 2.94591e-07
2055.76, 2.00734e-06
1592.19, 4.45432e-07
1688.46, 1.55307e-06
2376.82, 3.5279e-07
1609.82, 2.72206e-06
1012.19, 1.11176e-06
2441.38, 2.19898e-06
1839.82, 5.43494e-06
1906.23, 5.24586e-07
2290.28, 2.56937e-06
1095.11, 3.43266e-07
2451.91, 4.26612e-07
1232.39, 1.34407e-08
1410.16, 3.71509e-07
2399.62, 1.23459e-05
2471.11, 8.61894e-06
1148.17, 1.08069e-06
2216.83, 2.88013e-06
1637.46, 8.31993e-06
1117.3, 3.90726e-06
1520.96, 5.56373e-08
1491.67, 3.94838e-06
1329.23, 1.10297e-06
1530.05, 3.87206e-06
1551.26, 2.26832e-06
2227.04, 6.12616e-07
1362.65, 7.12008e-07
1681.78, 3.57514e-07
1387.73, 3.3523e-06
1739.06, 1.55269e-05
1439.73, 7.62543e-07
1970.34, 6.93781e-06
2161.51, 2.99835e-06
2480.9, 5.22734e-06
2276.83, 6.76715e-06
1781.93, 5.39061e-07
2394.98, 3.43586e-07
2263.29, 3.90127e-06
1140.18, 9.17133e-07
1771.18, 2.39023e-07
2193.16, 6.52031e-06
1013.14, 3.43483e-05
1721.93, 6.38573e-07
1056.43, 5.68627e-06
1954.43, 2.50706e-06
1810.82, 7.12799e-06
1689.17, 3.9443e-07
1180.93, 1.69047e-10
1581.8, 2.05708e-07
1764.08, 3.18456e-06
1332.58, 1.67107e-07
2287.83, 1.95208e-06
1230.89, 4.48336e-09
1302.13, 8.0218e-07
1042.85, 4.33327e-05
2141.39, 6.5257e-06
2374.6, 1.93948e-07
2246.52, 4.42298e-06
2076.35, 1.85533e-06
1858, 1.14319e-05
1956.9, 0.00024288
1602.67, 6.45156e-07
1493.08, 2.71488e-07
2429.9, 1.72143e-06
1984.71, 5.98865e-06
2368.84, 7.26623e-06
1517.28, 8.83796e-08
1912.99, 4.1718e-06
2150.57, 7.25571e-06
1504.76, 2.16944e-06
1454.91, 2.93889e-07
1168.9, 1.70802e-09
1610.18, 1.61862e-06
1764.37, 7.7528e-07
1989.62, 2.84384e-06
1553.07, 3.18672e-06
1159.37, 8.33752e-08
1348.54, 3.55245e-06
1192.35, 4.65285e-07
2003.24, 2.1646e-06
2128.89, 5.06737e-06
1513.41, 1.97358e-06
1013.76, 7.60047e-06
2203.92, 6.24702e-06
1829.87, 4.10993e-06
1496.31, 9.43014e-07
1393.69, 7.62198e-07
1446.07, 1.4499e-07
1374.59, 4.6661e-06
1820.69, 9.2347e-06
2454, 1.5963e-06
1131.35, 2.66484e-06
2426.1, 2.53683e-06
1924.35, 4.14188e-06
1451.45, 5.48778e-06
1891.92, 1.0803e-06
1747.25, 6.39527e-07
1486.52, 9.90418e-07
2303.58, 8.6202e-07
2276.75, 1.07283e-06
2481.86, 2.3969e-06
1376.14, 1.29224e-05
2460.8, 3.883e-06
1199.44, 7.17118e-07
2493.59, 2.60903e-05
1128.87, 4.28265e-06
1627.58, 4.0761e-07
1325.23, 2.11169e-09
2280.78, 3.13572e-06
1082.27, 3.53026e-07
1330.07, 1.24316e-05
1191.65, 7.39047e-07
2294.92, 6.45901e-07
1957.96, 4.92023e-05
2207.4, 6.35216e-06
2201.25, 2.80067e-06
1527.07, 3.49861e-05
1717.83, 3.50276e-07
1674.14, 1.54071e-05
2016.97, 3.07543e-06
2371.03, 9.90215e-08
1567.58, 4.67091e-06
1362.23, 8.66371e-09
2065.68, 2.41879e-06
1281.58, 4.70032e-06
1792.97, 2.90114e-06
2482.21, 3.21486e-06
1824.74, 5.04435e-06
1618.35, 5.41809e-06
1140.96, 1.56719e-05
1625.35, 1.19601e-06
1158.11, 1.58536e-08
1045.9, 4.33581e-08
1085.57, 4.65739e-07
1044.47, 1.18227e-06
2392.37, 6.72506e-07
1151.4, 3.47501e-06
2315.6, 1.07258e-06
2080.16, 2.3981e-06
1705.99, 2.36728e-06
1208.8, 1.95985e-07
1209.04, 1.4302e-08
1897.38, 1.42432e-06
2306.56, 1.73582e-06
2439.48, 6.0752e-06
1974.5, 2.58732e-06
1790.01, 5.87243e-07
2108.63, 3.58665e-06
2121.55, 3.12327e-06
1147.24, 6.11495e-07
1703.64, 3.49239e-06
1665.49, 0.000105784
2124.11, 4.96198e-06
2294.89, 1.129e-06
1833.06, 2.95225e-06
2172.01, 1.91879e-06
2107.31, 2.03532e-06
2243.97, 1.49158e-06
1499.43, 1.53257e-06
1955.16, 3.43609e-06
1166.94, 1.4218e-05
2225.13, 3.34979e-06
1350.45, 3.12196e-07
1074.22, 7.18309e-05
2141.61, 3.3064e-05
1312.11, 4.78191e-08
1606.84, 1.67983e-07
1849.08, 3.75533e-06
2322.18, 4.38468e-06
1719.99, 6.32293e-07
1830.79, 9.05002e-07
1948.6, 1.44569e-06
1732.3, 2.8992e-06
1082.41, 4.14853e-06
2312.85, 4.16845e-06
1607.64, 1.81976e-06
1382.55, 1.23469e-06
1109.95, 1.89873e-06
2391.57, 8.05871e-07
1071.78, 7.96525e-06
1860.49, 1.13694e-06
1078.16, 1.23575e-06
2180.98, 1.26967e-06
1100.15, 2.1558e-06
1221.98, 8.04066e-07
1033.11, 9.09598e-06
1746.37, 4.02639e-07
2486.56, 8.7433e-06
2322.39, 1.60367e-06
2477.8, 1.62424e-05
1767.66, 6.77663e-07
2223.8, 7.71936e-06
1834.23, 4.27681e-05
1075.71, 0.000155773
1519.19, 2.14778e-06
1192.77, 4.69202e-09
1109.69, 6.75446e-05
1367.24, 1.69168e-06
1813.84, 4.27703e-07
2054.94, 9.4711e-06
1416.63, 1.97128e-06
1472.1, 1.82398e-06
1029.73, 0.000585538
1657.36, 1.02329e-05
2184.77, 3.26217e-06
1438.96, 6.96168e-08
2487.42, 1.75245e-06
1390.07, 3.96019e-06
1979.48, 7.03659e-07
2410.07, 9.11529e-07
1626.7, 1.826e-07
1305.88, 3.19868e-06
2256.48, 1.45141e-06
1270.07, 1.16463e-06
2273.04, 2.31088e-06
1827.22, 1.56708e-06
1806.52, 1.79343e-06
1419.53, 1.87231e-06
2076.82, 2.2316e-06
1410.14, 2.86194e-07
2422.33, 1.58969e-06
1482.81, 6.71555e-07
1962.59, 1.76897e-06
1991.68, 5.76768e-06
2256.92, 1.06821e-06
1297.45, 1.82445e-06
1687.63, 5.72084e-06
2113.84, 2.30559e-05
2288.9, 4.11548e-05
1799.76, 3.01963e-06
2098.64, 1.314e-05
1373.85, 7.70026e-07
2338.83, 3.64586e-07
1858.67, 8.30153e-07
1353.44, 1.43056e-05
1803.65, 1.40545e-06
1871.24, 1.51544e-06
1609.15, 2.55174e-07
1245.8, 7.23697e-07
1131.39, 1.65902e-05
1819.45, 5.69148e-06
1637.17, 6.15328e-06
2271.28, 9.95501e-07
1260.98, 8.03538e-07
1147.03, 2.10658e-06
1135.24, 6.45526e-06
1965.33, 1.67979e-05
2060.69, 3.27131e-06
1957.08, 4.5815e-05
2482.87, 3.45941e-06
1424.92, 5.88987e-06
1582.63, 2.7844e-06
2256.07, 1.45672e-06
2061.9, 2.27422e-06
1934.91, 9.34014e-06
2429.17, 1.56512e-06
1593.88, 9.94404e-06
2176.44, 4.45011e-06
1072.26, 6.72091e-05
1398.27, 2.18951e-07
1717.34, 2.09372e-06
2404.24, 9.43614e-07
2344.48, 1.53705e-06
2235.21, 7.5035e-06
1922.58, 2.6424e-06
1882.58, 4.28961e-06
1412.3, 1.58069e-06
1909.33, 7.53488e-07
2243.39, 6.07329e-06
1319.19, 1.03923e-06
1234.68, 7.44288e-07
1147.8, 5.24416e-07
1759.86, 4.6274e-06
1464.6, 1.81477e-07
1539.03, 2.85573e-08
2462.13, 3.58622e-06
1690.94, 5.01371e-06
1496.8, 3.23947e-07
1688.05, 4.70616e-06
1850.08, 8.0874e-07
1129.42, 5.59348e-06
1743.55, 3.23467e-06
1849.79, 4.73398e-07
2095.82, 7.7529e-06
1637.7, 2.5785e-06
1482.45, 1.01925e-07
2488.37, 3.21558e-06
1228.08, 1.19992e-06
1554.56, 4.2915e-06
1990.63, 6.61891e-06
2096.14, 2.07e-06
1295.55, 4.09019e-05
2192.2, 5.30063e-07
2264.77, 2.04484e-06
2000.04, 9.53699e-07
2377.23, 4.10549e-07
1392.54, 1.13171e-06
1539.7, 1.47348e-07
1203.41, 2.63902e-07
1483.26, 8.94928e-07
2207.76, 1.63962e-06
2243.87, 2.40229e-06
1715.55, 3.69502e-06
2070.68, 9.16225e-06
2453.75, 6.22223e-06
1144.29, 1.37469e-06
1281.49, 1.01015e-05
2003.6, 5.45352e-06
2107.14, 7.36916e-07
2122.15, 2.05823e-06
1968.09, 1.5539e-06
2395.34, 1.24957e-06
2011.39, 6.81396e-06
1688.03, 5.74349e-06
1252.02, 1.99384e-06
2183.76, 1.56243e-06
1459.42, 4.02448e-06
1436.74, 1.38524e-06
2303.35, 3.53222e-06
2090.29, 2.00144e-06
1789.71, 3.78132e-07
2014.22, 1.64444e-06
1451.67, 4.28422e-07
2381.74, 7.94171e-07
1244.84, 6.06341e-07
1052.76, 5.55153e-06
1081.74, 8.48073e-06
1290.88, 1.77685e-06
1943.12, 7.96163e-07
1984.73, 1.29883e-06
1778.48, 4.89748e-07
2231.74, 1.69446e-06
2323.87, 4.33989e-06
2305.36, 2.21833e-06
1161.42, 3.91263e-07
1018.32, 1.47213e-05
1844.53, 1.62762e-06
1959.42, 2.04216e-06
1007.6, 9.52134e-10
1867, 1.73514e-06
1886.2, 3.2589e-05
1787.12, 1.73667e-06
2087.1, 5.5688e-05
1171.27, 1.9898e-08
1810.16, 6.86711e-06
1195.2, 1.84463e-07
1508.04, 5.6366e-07
1516.15, 3.53189e-06
1546.09, 1.92597e-06
1789.26, 8.90286e-07
1099.53, 7.13447e-08
1426.29, 8.53027e-06
2120.18, 2.80959e-06
1965.3, 3.56897e-06
1521.92, 3.8446e-06
1294.62, 1.54706e-07
1725.32, 3.4783e-06
2413.36, 1.2661e-06
2114.03, 2.46062e-06
2246.54, 3.78678e-06
1621.88, 1.22183e-06
1914.32, 2.49248e-05
1281.01, 1.77509e-07
2371.34, 8.63654e-07
1302.17, 0.00018017
1813.78, 9.07388e-06
1128.35, 7.98826e-06
2037.37, 9.7522e-06
1764.52, 1.38978e-06
1726.18, 1.63027e-05
1296.83, 4.11703e-06
2009.42, 1.83275e-06
1526.74, 6.06634e-06
2338.67, 3.0758e-06
1969.66, 7.49665e-05
1372.84, 4.3086e-06
2462.65, 9.72024e-07
1027.01, 2.58443e-07
1201.83, 8.10025e-07
1713.33, 4.32052e-07
1954.31, 1.348e-06
1457.69, 4.84907e-07
1965.34, 4.30987e-06
2431.6, 4.14699e-05
1353.93, 1.5662e-07
2120.53, 2.09091e-06
1174.24, 6.59645e-10
2388.6, 6.32237e-07
2055.93, 1.05161e-06
1391.28, 2.55166e-06
1500.63, 2.18037e-06
1005.86, 9.37159e-06
2077.65, 8.13635e-06
1614.09, 6.0357e-06
1268.11, 9.72712e-06
2066.74, 1.00573e-06
1203.31, 3.17445e-08
1999.1, 1.15107e-06
2372.81, 3.28422e-07
2482.19, 3.00434e-06
2446.61, 1.29953e-06
1541.74, 3.99416e-07
1973.79, 9.25931e-06
1400.8, 2.15654e-05
1354.62, 1.41062e-06
1256.13, 7.86655e-07
1509.12, 3.60668e-06
2434.75, 4.5019e-06
1989.55, 0.000118488
2062.01, 1.60723e-06
1103.43, 2.56054e-07
1882.92, 1.58032e-06
1018.48, 1.81559e-05
1324.6, 3.06482e-07
1681.77, 1.00158e-05
1111.69, 9.71628e-06
1861.85, 1.58884e-06
2339.11, 1.03611e-06
1294.16, 5.4859e-06
1387.44, 3.82126e-06
1424.8, 1.01247e-07
2070.21, 5.87713e-06
1905.36, 2.18686e-06
2075.98, 8.17576e-07
2285.8, 5.84759e-05
2185.9, 1.16266e-06
2414.57, 2.66884e-06
2162.61, 1.7291e-06
2094.7, 2.36462e-06
2383.66, 4.53224e-07
1542.24, 9.04376e-06
1703.77, 6.2484e-07
2052.58, 1.63329e-06
2294.07, 1.49164e-06
2112.94, 1.36385e-06
1663.39, 1.7883e-06
1195.3, 3.30524e-07
2310.85, 1.34339e-06
2184.96, 7.76712e-06
2278.67, 1.06739e-06
2262.74, 2.44132e-06
1623.24, 4.97719e-06
1921.85, 8.05536e-07
2427.99, 1.41495e-06
2049.28, 2.23897e-06
1185.3, 6.39692e-07
1740.45, 1.85584e-06
1020.93, 7.16433e-06
2492.85, 0.000145856
1179.14, 1.88053e-06
1367.98, 6.22759e-07
1443.69, 6.58989e-07
1844.74, 9.26267e-07
1435.38, 1.66299e-06
1544.53, 1.9143e-05
2454.1, 9.44254e-06
1289.95, 4.88193e-06
2331.96, 9.06295e-07
2449.26, 4.06968e-06
1377.44, 2.08391e-06
1235.75, 3.10289e-10
1747.96, 2.15231e-05
2467.65, 9.34659e-06
1993.38, 1.74541e-06
1732.38, 6.93287e-07
1112.17, 8.00571e-06
2461.04, 2.38321e-06
1790.92, 2.01651e-06
2037.96, 4.02133e-06
1505.61, 7.38013e-08
2313.55, 1.00006e-06
1203.22, 1.74861e-07
1875.18, 2.31694e-06
2068.38, 1.45558e-06
2175.78, 2.8772e-05
2385.97, 8.16382e-07
1501.98, 8.90053e-06
2022.99, 1.85602e-06
2266.8, 2.3581e-06
1381.85, 4.4863e-07
1783.82, 5.08254e-06
1729.65, 4.49806e-07
1554.4, 2.14679e-07
2286.41, 2.62607e-06
1653.84, 2.07233e-06
1376.21, 1.55763e-06
2240.74, 1.67921e-06
2448.23, 9.5724e-07
2428.08, 1.10159e-06
2330.22, 6.38252e-07
1416.68, 1.72035e-05
1810.19, 6.98544e-07
1434.24, 1.37183e-07
1326.24, 2.72908e-06
1436.57, 8.01414e-08
2232.41, 2.15977e-05
2427.74, 3.47421e-06
1442.79, 2.03391e-06
2359.07, 2.79625e-07
1277.12, 2.58013e-07
1932.01, 6.86869e-07
1607.95, 2.31226e-07
1659.66, 5.99927e-07
2312.32, 1.08532e-06
1209.42, 2.79436e-07
1518.48, 7.93221e-08
1128.76, 8.87113e-09
1260.03, 1.80915e-07
1242.61, 1.7634e-06
1446.18, 1.00123e-05
1775.83, 6.03081e-06
2377.11, 3.92664e-07
1267.15, 9.22661e-07
1338.66, 1.36966e-05
2043.98, 1.79366e-06
1164.83, 2.96801e-06
1475.1, 4.42916e-06
2154.43, 2.29222e-05
2447.06, 1.19923e-06
1825.71, 0.000143276
1397.44, 7.14436e-07
2256.33, 1.24483e-06
1331.45, 9.1353e-07
1450.25, 7.23781e-07
1824.31, 7.67339e-07
2418.96, 3.48751e-06
1886.56, 1.07625e-06
2349.85, 3.31631e-07
1556.57, 1.43984e-05
2303.8, 1.61371e-06
1195.21, 1.76679e-07
1541.78, 1.36979e-05
1742.45, 2.99268e-06
1377.53, 2.94511e-07
2409.3, 2.56401e-06
1040.48, 3.4422e-06
1436.47, 3.36811e-06
2120.5, 5.72361e-06
1672.63, 2.02681e-06
1978.55, 0.000119642
1917.53, 2.05652e-05
1022.44, 1.6173e-05
2286.63, 1.18585e-05
1241.51, 1.12756e-06
1000.12, 4.36548e-05
1575.82, 7.57761e-07
1714.24, 7.53313e-06
1384.41, 5.22945e-06
1884.56, 3.80624e-06
1058.55, 1.58426e-05
1703.82, 2.12794e-06
2081.2, 1.83399e-06
1391.89, 9.69697e-07
1528.89, 4.48701e-07
2221, 3.08144e-06
2056.71, 1.3706e-05
1032.39, 2.03108e-05
1931.63, 2.52937e-06
2209.67, 1.67997e-06
1924.35, 1.54164e-06
2346.06, 1.5136e-05
2393.46, 1.31816e-06
1761.44, 2.33761e-06
2081.23, 6.71394e-06
1703.86, 4.79346e-05
2346.96, 9.26622e-07
1927.08, 1.02101e-05
1711.48, 1.22847e-05
1288.03, 1.00154e-05
1809.32, 4.56683e-06
1671.27, 1.08102e-05
1885.94, 2.07061e-06
2163.31, 4.10979e-06
1877.9, 1.08818e-05
2075.01, 2.87377e-06
2086.86, 9.29203e-06
1116.11, 2.25389e-07
2270.12, 1.54405e-06
1384.23, 2.14122e-06
1898.84, 1.60377e-06
1338.1, 7.08851e-06
1875.03, 8.85023e-06
1324.63, 1.4465e-07
2248.14, 4.90886e-06
2446.72, 3.96311e-06
1524.37, 5.60686e-07
2292.99, 1.93848e-06
2453.46, 1.52202e-06
1173.47, 3.54645e-07
1186.4, 1.17979e-06
1184.88, 6.67862e-07
1658.07, 8.80556e-07
2229.24, 1.83226e-06
1694.58, 5.34135e-07
2054.79, 1.38611e-06
1422.76, 2.65765e-07
1338.43, 1.73826e-06
1977.36, 2.36281e-06
1652.6, 2.92075e-07
1955.62, 1.44018e-05
1514.98, 2.50905e-06
2070.42, 3.46097e-06
1777.49, 1.80763e-06
1010.96, 4.10128e-06
2127.72, 9.6499e-07
1556.79, 7.63514e-06
1860.93, 2.48622e-06
1426.21, 5.7283e-07
1155.59, 1.84979e-06
2314.31, 1.67297e-07
2112.82, 6.58711e-06
2072.87, 8.26913e-07
1461.76, 8.48684e-08
2340.55, 2.21123e-07
2481.96, 3.26625e-06
1232.23, 2.98959e-07
2042.23, 4.77723e-06
1760.09, 3.79237e-07
2074.8, 1.77052e-06
2393.79, 1.50317e-06
2484.78, 1.02115e-05
1818.25, 1.33603e-07
1182.91, 1.97745e-06
1380.85, 2.12254e-05
1896.16, 1.51274e-06
1631.6, 1.65163e-06
1126.97, 8.867e-06
2429.23, 1.15279e-06
2181.31, 1.28353e-06
2015.35, 2.11279e-06
1514.93, 1.43098e-05
2308.23, 5.86785e-05
2323.17, 3.00832e-06
1281.19, 4.32596e-06
2255.75, 1.74311e-06
2256.52, 1.26766e-06
1277.64, 4.0898e-06
2186.56, 2.57408e-06
1168.85, 1.10649e-05
2421.62, 1.94933e-06
1914.17, 1.14246e-06
2357.67, 5.81932e-07
2136.29, 9.40922e-07
1488.34, 2.53247e-06
2488.23, 1.0479e-05
1904.35, 6.87196e-07
1079.79, 4.74111e-06
2047.64, 5.29712e-06
1450.85, 1.10386e-06
1872.65, 4.18109e-06
1176.47, 7.12858e-07
2479.69, 5.85486e-06
1598.75, 4.16433e-06
1129.36, 1.51018e-06
1879.21, 1.2391e-05
1615.25, 5.23378e-08
2303.95, 7.49671e-07
2130.98, 2.59676e-06
2477.24, 5.26802e-06
2101.79, 2.51302e-06
1040.29, 2.68379e-09
1222.73, 2.90229e-07
1566.07, 5.72164e-06
1061.14, 1.83338e-06
1810.62, 2.6473e-06
1193.25, 5.01775e-07
1236.23, 3.76884e-09
1644.79, 7.40475e-07
2104.28, 7.57201e-06
1383.45, 2.60791e-06
1067.07, 7.42653e-06
1705.39, 5.98927e-07
1071.66, 1.11509e-05
2390.19, 1.28931e-06
2108.97, 1.63638e-06
1111.72, 5.15882e-07
1882.64, 6.89011e-06
1077.57, 2.37265e-05
1789.95, 1.14618e-06
2444.31, 2.91579e-06
1179.65, 5.39614e-06
1813.38, 7.06477e-07
1257.61, 5.45726e-07
2075.73, 1.72574e-06
1368.83, 1.15402e-06
1565.05, 2.81413e-06
2315.09, 7.57624e-07
2450.15, 1.34094e-06
1540.51, 3.36184e-06
1264.25, 1.6715e-06
2026.26, 3.70224e-06
2028.87, 3.69557e-06
1985.97, 5.69325e-06
1871.31, 4.54662e-06
1460.2, 2.82802e-07
1606.38, 3.18834e-07
1139.99, 1.63839e-06
1684.63, 3.46551e-06
1339.74, 2.56937e-06
1455.22, 7.06756e-07
1514.21, 3.60242e-06
2327.75, 1.4457e-06
2495.21, 1.89957e-06
2492.89, 0.000376287
2389.19, 6.6583e-07
1438.03, 8.01854e-06
1982.99, 1.15868e-05
2132.97, 1.96085e-06
1145, 7.95558e-06
2400.34, 1.37221e-06
2195.1, 2.21515e-06
2043.57, 9.69939e-07
2182.45, 1.68031e-06
2122.18, 1.8095e-06
1328.08, 2.77852e-06
2062.85, 2.81518e-06
2199.72, 8.66992e-07
1029.57, 1.04843e-05
1304.39, 2.60743e-06
1772.32, 9.39385e-06
1049.08, 9.60487e-05
1299.34, 2.33779e-07
1965.54, 1.6779e-06
1779.43, 8.54134e-06
2041.72, 1.12667e-05
1295.74, 1.4052e-06
1679.76, 1.08528e-06
2480.99, 4.1863e-06
1083.39, 6.73222e-06
2028.3, 6.73847e-06
1202.49, 9.53899e-07
2341.52, 1.39965e-06
2293.74, 3.13017e-06
2087.42, 6.12844e-06
1042.4, 6.70403e-06
2125.96, 2.78919e-06
1720.7, 7.64465e-06
1449.38, 1.32925e-05
1475.55, 8.18401e-07
2378.67, 5.87756e-07
2216, 3.0428e-06
1472.28, 4.40426e-06
2073.02, 2.25186e-06
1960.46, 3.25395e-06
1280.6, 2.48934e-06
1363.89, 5.67779e-06
1764.72, 1.64828e-06
1466.1, 4.54466e-06
1753.65, 5.05144e-06
1842.94, 9.8021e-07
2346.42, 1.06533e-06
2095.01, 1.87988e-05
1631.58, 3.09963e-06
1122.94, 2.83373e-06
1611.38, 2.41465e-06
1332.99, 1.57806e-07
2362.2, 7.76077e-08
2206.35, 1.8429e-06
1017.91, 0.000129583
1599.78, 5.5556e-06
1294.77, 1.28941e-07
1471.08, 6.84663e-07
1604.88, 2.77529e-06
1861.09, 9.55365e-07
1103.91, 2.7641e-06
1560.18, 5.22065e-07
1014.81, 7.89316e-05
1076.87, 2.31483e-05
1650.52, 4.20523e-07
2288.11, 4.24834e-07
2444.43, 1.13849e-05
2317.07, 1.57098e-06
2039.78, 3.58798e-06
1134.91, 1.02788e-06
1284.93, 1.19782e-05
1520.63, 8.85524e-07
1465.64, 2.15511e-06
1824.61, 3.95342e-07
1285.61, 2.70762e-08
1692.02, 3.93024e-07
1153.18, 4.0883e-08
1062.66, 2.26327e-06
1003.17, 2.44226e-06
2271.7, 5.14538e-07
1219.21, 2.41157e-07
1475.96, 1.41616e-05
2230.68, 1.72522e-06
1991.9, 1.72779e-06
1083.74, 3.68226e-05
2188.96, 1.90502e-06
2369.36, 2.4679e-07
1914.36, 2.15794e-06
1213.22, 2.53886e-08
2093.88, 1.28264e-06
2004.99, 7.83253e-07
1317.26, 4.87881e-08
2364.3, 2.44381e-08
1796.37, 2.81208e-06
1727.67, 2.43381e-06
1130.57, 2.50546e-06
2221.64, 2.52946e-06
1430.35, 1.87679e-07
2335.61, 6.06588e-07
1453.79, 5.00586e-07
2337.51, 5.33035e-07
2418.29, 1.10578e-06
2086.03, 2.00875e-06
1635.62, 8.07537e-07
1188.28, 1.3501e-06
2471.42, 4.81027e-06
1726.5, 5.67565e-06
1543.69, 9.08892e-06
2137.65, 1.13749e-05
1674.32, 9.44124e-07
1315.26, 9.14427e-07
1862.01, 1.31337e-06
2002.75, 1.09055e-05
1536.69, 5.57321e-06
1556.8, 3.96601e-07
1004.23, 1.59543e-05
1296.91, 1.22209e-07
1252.35, 1.39963e-06
2210.66, 1.90144e-06
1668.46, 6.34833e-06
1337.07, 1.24859e-06
1558.73, 9.39486e-08
1593.07, 3.45837e-06
1618.34, 6.6833e-06
2039, 2.00251e-06
1903.31, 4.82855e-06
2496.71, 1.34597e-05
2248.89, 2.83216e-06
1528.57, 1.47749e-06
1965.78, 1.76855e-06
1451.57, 2.85083e-07
2299.3, 1.75529e-06
1985.52, 6.35318e-06
2138.76, 1.10132e-06
1948.03, 1.95083e-06
1768.51, 1.44606e-06
1538.15, 9.38028e-08
1262.23, 2.88503e-08
2030.31, 4.61848e-06
1132.23, 8.99466e-06
2403.02, 3.82021e-07
1234.88, 1.03647e-09
1986.99, 4.60221e-06
2484, 3.53354e-06
1382.63, 1.62718e-06
1002.56, 1.03727e-05
1564.23, 3.1056e-07
1046.19, 3.94976e-06
2277.44, 5.15467e-07
1104.97, 9.89365e-07
1193.81, 8.85051e-07
1375.64, 5.42211e-07
1485.25, 7.15423e-07
1029.89, 3.32617e-05
2421.56, 4.79366e-06
1041.3, 2.8603e-10
1451.5, 3.6239e-08
2306.75, 1.69704e-06
1207.05, 1.11352e-08
1921.51, 9.54985e-06
2387.88, 4.65826e-07
2410.67, 2.70755e-06
2125.09, 5.5802e-06
1095.76, 1.54919e-06
1421.03, 4.26157e-07
2074.44, 1.35747e-05
1890.45, 4.51131e-05
2120.86, 7.10606e-07
2235.57, 9.97809e-07
1293.7, 2.33947e-06
2094.99, 2.4231e-06
2113.4, 3.31015e-06
1493.12, 1.33734e-07
1768.01, 5.656e-07
1271.58, 6.05059e-06
1662.64, 3.26145e-07
1875.35, 2.66768e-06
1815.02, 1.21614e-06
1930.18, 2.29845e-06
2109.83, 2.22158e-06
1337.19, 3.23029e-06
1383.6, 2.36284e-07
1698.96, 6.68095e-06
1863.32, 9.43512e-07
2004.89, 6.12032e-06
2281.04, 1.80853e-06
2373.71, 2.85281e-07
2040, 3.13794e-06
1461.66, 1.44362e-06
1932.72, 7.1619e-07
1774.74, 7.82748e-07
1368.29, 7.77702e-07
1509.93, 1.70503e-06
1788.58, 1.34746e-06
1801.41, 2.46651e-06
2076.48, 6.80051e-06
1689.86, 8.68483e-06
1397.57, 5.43491e-06
1209.46, 3.68611e-10
1591.4, 2.20656e-07
1313.22, 2.39245e-09
1115.67, 3.84676e-06
1376.95, 1.83357e-06
2283.12, 4.44265e-06
1581.49, 1.12917e-07
2453.62, 3.00889e-06
1011.89, 7.38921e-06
1027.51, 9.1527e-06
1296.65, 4.85147e-07
2192.54, 1.99615e-06
1309.32, 4.51017e-06
2262.74, 1.50169e-06
2025.08, 1.23595e-06
1345.53, 2.51896e-06
1514.72, 5.00284e-06
1488.1, 1.52255e-06
2112.74, 8.92505e-07
1352.55, 5.78837e-06
1398.55, 1.92701e-06
2142.24, 8.13821e-07
2289.51, 1.79627e-06
1678.07, 1.36259e-06
2287.13, 7.52897e-06
1812.46, 5.77237e-06
1637.89, 1.12129e-06
1449.89, 1.89233e-05
1671.34, 4.81607e-06
2074.75, 6.68242e-06
1482.83, 3.28146e-06
2360.78, 3.28781e-07
1803.37, 9.94686e-07
2242.82, 4.24403e-06
1404.54, 1.17736e-06
1411.64, 5.63448e-07
1909.31, 4.16558e-06
2012.72, 9.61791e-07
2143.23, 5.36057e-06
1725.06, 5.93385e-06
1635.84, 1.49504e-06
1950.84, 9.53185e-06
2436.17, 1.64664e-06
1023.53, 2.30349e-05
1436.19, 3.10944e-07
1630.27, 3.58639e-06
1022.95, 5.64689e-06
1785.56, 3.95065e-07
1041.61, 3.76403e-06
1020.72, 6.36169e-07
1791.44, 2.74825e-06
2265.11, 1.01348e-05
2444.86, 2.17088e-06
1658.92, 6.2219e-05
1525.53, 4.11365e-06
1608.74, 3.45851e-06
1606.6, 3.49612e-06
1174.4, 9.32538e-08
1107.05, 7.858e-07
2277.6, 2.62791e-06
1786.89, 1.30091e-06
2410.77, 5.85873e-05
1682.6, 5.29651e-06
1360.24, 2.23248e-06
2228.13, 5.08882e-06
1678, 4.0876e-07
1056.77, 2.32002e-06
2486.84, 6.83831e-06
1482.45, 1.41417e-06
1473.29, 9.10271e-07
1536.46, 2.2571e-05
1789.78, 4.60367e-07
1537.94, 1.16325e-05
2071.44, 1.06146e-06
1599.35, 1.13798e-05
1344.32, 4.21239e-07
1540.35, 1.25961e-07
1292.17, 1.20423e-06
1585.7, 5.73151e-07
1848.07, 7.29666e-06
2171.3, 6.0703e-06
1941.22, 4.0156e-06
2034.67, 1.76998e-06
1230.7, 2.10844e-07
2009.21, 4.0272e-06
2133.38, 1.19325e-06
2171.15, 1.61083e-06
1100.87, 8.34347e-08
1169.4, 2.79366e-07
2181.26, 3.45695e-06
1257.11, 3.52139e-05
1976.54, 2.06023e-06
2056.72, 7.768e-06
1888.33, 1.21375e-05
1119.22, 1.31905e-08
2055.05, 1.17538e-06
1188.38, 2.40174e-06
2366.58, 9.05871e-08
1530.59, 3.18376e-06
1999.72, 4.68729e-06
1253.9, 2.01862e-06
1263.68, 1.36586e-06
1432.2, 9.11413e-08
2324.82, 9.33694e-07
1613.55, 6.87592e-06
1320.92, 7.30428e-06
2236.8, 2.5367e-06
1087.46, 2.76664e-05
1046.66, 2.91297e-06
1281.08, 5.17487e-08
2064.98, 2.83036e-05
1095.06, 2.00582e-06
1776.68, 5.98437e-07
1631.61, 9.17817e-07
1623.59, 7.84237e-07
1009.84, 1.68874e-05
1762.12, 5.50412e-07
2347.13, 6.12361e-07
1889.9, 4.44597e-06
1074.5, 1.77661e-06
1997.99, 6.95486e-07
1174.38, 1.75728e-06
2477.87, 2.74962e-06
2081.92, 9.46763e-06
1388.27, 4.3039e-06
2270.93, 1.42447e-06
1833.03, 5.41668e-07
1104.72, 8.41337e-09
1271.87, 8.43233e-07
2349.63, 8.74884e-07
1283.02, 1.39477e-06
1573.48, 3.83386e-08
1847.92, 1.26573e-06
2108.88, 3.97241e-06
1853.8, 1.76214e-06
1234.95, 5.48464e-08
1141.2, 1.08159e-05
1944.35, 6.4054e-06
1876.68, 3.94453e-07
1861.16, 8.76137e-05
1146.87, 1.59118e-06
2456.57, 1.25565e-05
2180.44, 2.73841e-06
1549.43, 2.41224e-06
1220.11, 1.39246e-06
2219.13, 2.79671e-05
1790.47, 9.41571e-07
1465.07, 3.22993e-07
1492.58, 5.43512e-08
1485.51, 2.31028e-06
1823.93, 1.16666e-06
2013.62, 3.78663e-06
1699.82, 2.3958e-06
2106.14, 7.80929e-06
1954.69, 9.79452e-07
1362.17, 3.11742e-06
1722.41, 1.84463e-06
2095.04, 2.98802e-06
2332.92, 2.82149e-06
1690.65, 8.91546e-07
1028.89, 3.08456e-05
1508.22, 2.76251e-05
1143.91, 7.80344e-06
2193.78, 2.50703e-06
2493.73, 4.17423e-06
1884.04, 1.32083e-06
2300.1, 1.52155e-06
1636.72, 2.73035e-07
1645.22, 6.75268e-07
1098.36, 4.95281e-08
1119.91, 2.87498e-05
2383.97, 2.34426e-06
1985.19, 8.89118e-07
1257.03, 5.60936e-07
2019.72, 7.59731e-06
1320.11, 8.81286e-07
2369.42, 1.75997e-07
1242.79, 2.3034e-07
1651.63, 4.91319e-06
2407.63, 8.31411e-07
1902.56, 1.21685e-06
2496.11, 6.77851e-06
2237.76, 1.90831e-06
1297.49, 3.95009e-06
1770.75, 1.49643e-06
2033.97, 3.98969e-06
1467.04, 1.06534e-06
1353.21, 3.8357e-07
1513.79, 1.15054e-05
2381.61, 3.16396e-07
1002.4, 2.18209e-06
1008.23, 5.84917e-06
1163.79, 5.14071e-07
1722.64, 2.61964e-06
1808.12, 5.44176e-07
1373.71, 8.06638e-07
1143.33, 4.12818e-06
2400.26, 7.66386e-07
1937.34, 5.72998e-06
2335.18, 1.60198e-06
1879.81, 2.6969e-06
2445.79, 2.2071e-06
1557.35, 0.000101192
1137.4, 1.22124e-06
1409.67, 1.13127e-06
1184.13, 3.34567e-07
1727.7, 1.64644e-07
1687.23, 4.35188e-06
1198.92, 5.94255e-08
1805.28, 4.15807e-06
1186.81, 3.55251e-07
1940.98, 1.21981e-06
2242.09, 3.19869e-06
2376.54, 3.0087e-07
2093.35, 6.50765e-07
1408.3, 1.80816e-07
2203.02, 4.13132e-06
1431.65, 3.6105e-06
1729.96, 2.29806e-07
1151.37, 4.714e-06
1571.53, 4.4651e-06
1148.82, 2.47115e-07
1505.72, 1.44062e-06
1493.72, 2.07857e-07
2160.04, 7.97795e-06
1105.63, 1.01718e-05
1335.14, 2.20786e-06
1153.1, 8.84336e-08
1781.89, 1.39858e-06
1102.65, 7.12977e-07
2396.94, 1.57989e-06
1933.63, 1.79099e-06
1988.91, 1.49882e-05
1647.71, 2.05631e-07
1881.56, 1.04369e-06
2346.09, 8.81748e-07
2324.32, 8.36506e-07
1493.67, 3.82988e-05
1428.82, 2.27455e-06
1890.55, 2.21278e-05
2018.19, 6.06616e-06
1125.88, 9.03048e-05
1023.89, 5.86949e-05
2068.37, 2.00947e-06
2464.45, 3.4276e-06
1626.75, 7.20279e-07
1799.69, 3.50284e-07
1617.44, 1.37303e-05
2217.75, 3.3772e-06
2026.06, 1.85017e-06
1100.12, 2.0386e-07
1918.01, 2.52173e-06
2433.25, 8.90421e-08
2015.93, 1.93854e-05
2245.54, 1.78921e-06
2054.53, 3.08595e-06
1746.8, 4.76303e-07
1119.06, 2.61618e-05
1263.24, 3.07558e-06
1424.2, 0.000268419
2178.65, 2.978e-06
1869.23, 6.78148e-06
1572, 1.35562e-06
2264.94, 1.13199e-06
1968.53, 1.95446e-06
1034.01, 1.79389e-06
1836.11, 9.13842e-07
1255.07, 1.69622e-07
1008.55, 8.61024e-05
2285.83, 1.48795e-06
1104.58, 6.02244e-06
1245.42, 5.69361e-07
2109.4, 7.73823e-06
1478.43, 1.73429e-06
1109.8, 1.33176e-07
1005.38, 5.95175e-06
2480.32, 6.05678e-06
1279.15, 2.813e-06
1868.7, 5.12681e-07
2145.72, 1.91835e-06
1852.94, 9.79495e-07
1964.41, 5.2014e-06
1009.92, 6.49469e-06
2303.93, 7.86951e-07
1346.32, 2.29933e-06
1450.53, 2.65181e-06
1889.72, 2.42449e-06
1556.3, 7.50715e-08
1170.1, 1.36466e-06
1145.73, 2.80976e-06
1113.02, 2.86061e-06
1528.31, 2.24364e-06
2194.69, 2.21379e-06
1999.15, 9.82509e-07
1638.31, 3.02569e-07
1299.75, 1.20379e-05
1277.74, 3.04494e-07
1728.27, 4.81755e-06
1544.05, 7.01475e-08
2324.73, 2.23291e-06
1585.39, 1.88131e-07
1564.14, 2.40445e-06
1242.95, 1.38911e-05
1697.56, 1.72526e-06
1711.87, 8.36573e-07
1179.25, 1.39283e-08
1410.8, 3.72471e-06
1795.35, 8.93186e-07
1812.01, 6.65216e-06
2159.14, 1.5518e-06
1191.88, 9.0766e-08
1512.3, 7.77504e-06
1817.61, 1.88823e-06
1747.4, 8.57415e-06
1768.45, 1.04773e-06
1523.34, 4.75551e-07
1047.14, 2.71478e-06
2278.95, 2.98619e-06
1700.65, 4.65938e-06
1149.77, 1.05239e-06
1653.45, 6.15671e-07
2473.2, 4.35585e-06
2419.28, 1.63781e-06
1104.38, 8.61168e-07
2305.93, 6.29273e-07
1005.97, 2.2854e-06
1580.48, 8.03134e-07
1375.93, 1.45778e-06
2332.98, 4.27099e-07
1574.56, 5.42054e-06
1186.35, 2.13287e-07
1440.81, 8.77478e-07
1105.04, 8.66903e-07
1567.64, 5.99275e-06
2177.76, 9.21958e-07
1933.82, 3.13587e-06
1466.82, 2.10925e-06
2195.34, 6.82997e-06
1401.18, 3.15284e-07
1788.96, 6.96731e-07
2151.18, 2.16678e-06
1063.18, 5.45643e-06
2368.98, 1.13437e-07
2341.06, 8.11422e-07
2165.8, 6.46084e-07
2141.98, 1.31478e-06
2145.26, 5.83769e-06
2290.71, 7.48448e-06
1323.34, 8.90598e-08
1530.78, 1.22681e-06
1594.1, 5.98773e-06
1678.95, 1.03722e-06
1037.76, 5.09074e-06
2307.24, 4.86883e-07
1310.81, 2.28108e-05
1670, 1.21573e-06
1526.07, 1.05732e-06
1394.13, 1.20229e-06
1436.76, 1.74264e-07
1645.46, 2.56524e-07
1189.21, 3.74311e-06
1946.03, 4.76611e-07
2086.45, 6.20109e-05
2158.84, 8.27057e-07
2011, 2.11669e-06
1455.4, 3.70774e-06
2468.92, 3.76474e-05
2359.99, 2.31092e-07
2012.46, 1.60139e-06
1675.36, 8.08233e-06
1751.32, 1.38527e-06
2042.89, 4.5514e-05
1624.04, 2.03016e-07
1665.78, 3.24001e-07
2497.43, 4.28647e-06
2426.28, 1.68871e-06
1721.56, 6.36336e-07
1397.33, 5.494e-06
1948.26, 1.18228e-06
2206.58, 4.08837e-05
1902.42, 2.30465e-06
1980.38, 8.16708e-06
1817.81, 3.71449e-06
2251.72, 1.45111e-06
2098.78, 1.06553e-06
2049.98, 1.13014e-06
2384.31, 2.91845e-07
1515.6, 1.31356e-07
1359.75, 1.19303e-05
1754.5, 1.25145e-06
1231.06, 1.71147e-06
2349.94, 3.31544e-07
2005.19, 3.40601e-06
1635.3, 7.51182e-06
1565.43, 1.41725e-06
1397.56, 2.02566e-06
1311.98, 1.52317e-06
1520.63, 4.03436e-07
2474.73, 2.5629e-06
1921.5, 1.55828e-06
1752.7, 1.76592e-06
1854.94, 1.61151e-06
1850.68, 6.40705e-07
1418.03, 2.41362e-07
2350.8, 3.00437e-07
2179.68, 1.05156e-05
2161.64, 9.65319e-06
1845.15, 3.9787e-06
2157.53, 1.42017e-06
1531.46, 8.6021e-06
1668.25, 7.41228e-06
1424.89, 2.61076e-06
2486.01, 1.96861e-06
2416.96, 1.59586e-06
1416.71, 4.71376e-07
1935.62, 2.81261e-06
2456.15, 3.25173e-06
2317.46, 1.07156e-06
1052.3, 5.95751e-05
1753.08, 1.15972e-06
1190.04, 6.5145e-07
2484.22, 4.31858e-06
2481.41, 1.47582e-06
2258.17, 4.1948e-06
2028.87, 8.92446e-07
1157.4, 3.63978e-06
1751.37, 9.48569e-06
1049.13, 2.34375e-06
1549.35, 1.57869e-07
2449.74, 2.38458e-05
2006.04, 3.27635e-06
1117.13, 2.28464e-05
2294.54, 3.3684e-06
1353.75, 3.98234e-07
1167.63, 3.14808e-06
1494.08, 2.37138e-06
2336.08, 3.11211e-06
1075.11, 8.39139e-06
1142.85, 5.68046e-06
1146.47, 0.000107013
1894.24, 4.68561e-06
1084.56, 1.1768e-06
1739.81, 7.31432e-06
1145.14, 6.28269e-08
2172.81, 1.54241e-06
1143.68, 3.2918e-07
2076.38, 1.78623e-06
1415.48, 0.00355201
2085.52, 1.52414e-06
2055.66, 1.69125e-06
1712.42, 1.2154e-05
1486.05, 5.05827e-06
1924.78, 3.87233e-06
2018.89, 2.93155e-06
2019.51, 2.28104e-05
1562.07, 2.22462e-07
1463.11, 5.45477e-07
1015.21, 2.38581e-05
1169.15, 6.96004e-07
2043.26, 1.16988e-05
1565.44, 1.25018e-07
1783.42, 3.60344e-06
1715.62, 6.70986e-07
2166.9, 2.35536e-06
2130.79, 5.83905e-06
2443.56, 2.2881e-06
2246.36, 2.95971e-05
1357.58, 7.45292e-07
1968.38, 3.48415e-06
1065.17, 7.62476e-07
1879.25, 3.89313e-06
1511.01, 8.07017e-06
1324.27, 4.85281e-07
1478.87, 5.44912e-05
2348.97, 1.6965e-06
2328.84, 8.18472e-07
1699.08, 3.54955e-07
2310.99, 2.95295e-06
1774.97, 2.3136e-06
1463.76, 1.24768e-07
2002.86, 3.21902e-06
1417.62, 4.33957e-07
1840.89, 3.45805e-06
1423.57, 7.9086e-08
1182.68, 7.35962e-07
1942.56, 1.4181e-05
1697.66, 5.72377e-07
2243.07, 1.46853e-05
2008.49, 3.16104e-06
1406.91, 6.67236e-06
2012.72, 3.29565e-06
1324.19, 4.27614e-06
1625.8, 1.21801e-05
1785.17, 2.80225e-07
2141.14, 5.62846e-07
2457.18, 9.62127e-06
1828.79, 4.14633e-06
2278.03, 2.96188e-06
2094.29, 1.55972e-06
1343.21, 7.40167e-07
1887.68, 9.47403e-06
1242.53, 1.05621e-07
1007.2, 3.5133e-05
1558.73, 6.12781e-07
2428.64, 1.5136e-06
2295.43, 1.65524e-06
1510.54, 1.13345e-06
1736.65, 1.13394e-06
1593.19, 1.61677e-05
1666.57, 8.67654e-07
1096.98, 3.58835e-06
2119.52, 5.69666e-06
2460.79, 1.9636e-06
1738.38, 9.87478e-07
2302.75, 3.00725e-06
2266.1, 3.12202e-06
1227.12, 3.56723e-09
1352.68, 2.12315e-09
1436.51, 8.65672e-07
1734.46, 5.08554e-06
2412.43, 1.20817e-06
1451.04, 1.96287e-05
2284.42, 1.47115e-06
2188.08, 0.000260307
2420.23, 5.58741e-07
1632.35, 4.74221e-07
1480.84, 1.54612e-07
1892.54, 6.59029e-07
1635.81, 1.96355e-06
1354.21, 1.11191e-07
1740.47, 1.0001e-05
1610.74, 1.43643e-06
1277.61, 9.59524e-10
1639.48, 1.54681e-07
1036.72, 6.97138e-06
1278.12, 1.3324e-08
1023.65, 4.26576e-07
1429.88, 7.353e-06
1066.13, 1.01274e-05
1152.69, 1.28921e-05
1855.77, 3.20007e-06
1493.9, 1.07955e-06
2132.64, 2.25245e-06
1325.26, 9.64254e-07
2101.25, 4.69864e-06
1957.3, 1.69314e-06
2455.34, 4.00167e-06
1799.18, 2.00714e-06
1074.41, 8.03873e-08
1444.08, 3.53021e-07
2247.04, 1.80913e-05
1789.98, 7.6555e-07
1246.78, 7.46813e-07
1011.83, 2.23133e-09
1784.16, 8.62641e-07
2492.91, 4.66824e-06
2487.81, 5.73523e-06
1018.67, 1.24872e-05
1524.41, 1.07504e-06
2323.04, 1.24684e-06
2418.95, 5.98229e-07
2062.78, 2.51156e-06
2024.62, 1.43415e-05
1317.44, 2.65515e-07
2062.98, 1.16078e-05
1178.27, 2.22722e-06
1617.41, 2.01705e-06
1151.92, 3.20712e-05
2032.5, 6.45467e-06
1211.86, 4.47448e-09
1523.97, 1.27178e-05
2134.17, 2.0798e-06
2019.13, 9.99672e-07
1721.2, 6.02566e-06
1115.66, 7.96868e-07
2476.88, 4.48507e-06
1493.14, 1.36448e-06
1821.37, 2.009e-06
1245.32, 1.04744e-07
1183.22, 1.98823e-07
2060.95, 2.72339e-06
2426.26, 1.90483e-06
1426.25, 1.6037e-06
1970.76, 3.05386e-05
2479.05, 2.55779e-05
2453.09, 2.04073e-06
1338.32, 3.14437e-05
1336.13, 2.18595e-08
1819.01, 8.41464e-07
1366.95, 1.37205e-07
2371.33, 2.0369e-07
2289.67, 6.71976e-07
2149.1, 3.18555e-06
1475.58, 2.70421e-06
1704.96, 9.1906e-07
1399.24, 2.53045e-07
1605.01, 1.2224e-07
2082.89, 3.69468e-07
1351.68, 3.13334e-08
1354.79, 7.57093e-07
1812.86, 1.0381e-05
1513.55, 1.86344e-06
2187.99, 3.36867e-06
2120.45, 1.56794e-06
2250.47, 2.1548e-06
1810.14, 2.92874e-06
1533.05, 1.47476e-07
1878.85, 3.33471e-05
1158.31, 4.47663e-07
1032.11, 2.60498e-05
1706.44, 8.45921e-07
2030.85, 7.108e-06
2253.42, 2.14915e-06
1323.94, 2.50243e-07
1453.57, 9.30119e-07
1489.2, 1.04878e-06
1572.42, 3.45537e-06
1553.04, 8.90665e-08
1452.17, 2.83758e-06
1915.89, 2.20338e-06
1617.95, 0.000554062
1212.13, 2.19028e-07
2495.5, 5.93751e-06
1605.68, 2.91832e-07
2016.14, 1.89811e-06
1660.59, 4.53378e-06
1187.81, 5.09719e-07
1079.88, 2.21503e-08
1924.34, 9.95104e-06
1977.25, 9.9257e-07
1197.01, 4.99351e-07
1854.56, 9.49488e-07
1567.17, 2.14017e-05
1872.16, 4.89466e-06
2091.86, 7.58775e-06
1211.86, 2.43405e-10
1729.37, 5.52141e-06
2112.37, 9.9091e-07
1006.64, 3.20069e-05
2120.34, 2.55376e-06
2059.51, 1.5281e-06
1034.76, 8.40482e-06
1746.85, 6.38598e-06
1615.44, 2.47376e-06
1453.8, 3.09545e-06
2322.72, 5.34122e-07
1466.22, 7.80954e-07
1774.22, 6.86632e-06
2012.12, 1.80528e-06
1216.86, 3.17024e-07
1539.83, 1.16211e-06
2045.44, 1.5795e-06
1547.06, 1.53939e-06
1480.59, 4.14606e-07
2124.86, 4.58418e-06
2368.8, 5.76921e-08
1785.82, 2.135e-06
1819.08, 1.72614e-06
2230.52, 4.43948e-06
1520.03, 3.93689e-06
2029.99, 1.09198e-05
1659.32, 1.932e-06
2280.68, 9.84761e-06
1732.98, 1.16802e-06
1724.58, 1.30977e-06
2387.99, 1.25784e-06
1783.84, 2.54617e-06
1011.89, 1.26534e-05
2310.73, 1.69142e-06
1873.86, 1.04072e-05
2125.09, 1.71428e-05
1197.12, 6.8341e-07
2228.73, 8.23683e-06
1722.54, 2.42785e-07
1972.94, 3.55426e-06
1875.87, 4.20687e-06
1632.11, 2.48956e-07
1294.84, 2.198e-07
2218.92, 1.18776e-06
1016, 0.000156856
2111.4, 3.67188e-06
1594.68, 3.32328e-06
2207.1, 2.6051e-05
1416.91, 1.80561e-05
2289.39, 1.29995e-06
1477.08, 7.38653e-07
1219.29, 5.6806e-07
2257.93, 6.54723e-06
2247.55, 1.59168e-06
1338.2, 1.69798e-06
2118.49, 3.66832e-06
1175.03, 1.23008e-06
1814.8, 1.45661e-05
1239.7, 3.16808e-08
2213.42, 1.85548e-06
1401.87, 1.96978e-06
2016.13, 1.94622e-06
2376.54, 1.72273e-07
1070.53, 8.22522e-06
1445.77, 1.18915e-06
1891.79, 1.40374e-06
1625.13, 5.17639e-06
2281.04, 7.45774e-07
1019.65, 1.0138e-05
1262.81, 1.09069e-05
1695.97, 5.85399e-06
1180.29, 3.58214e-08
1206.28, 4.96003e-07
1860.62, 9.93346e-07
1931.38, 1.15437e-06
1778.95, 1.60425e-06
1034.85, 1.21873e-06
2473.5, 1.78441e-05
1470.66, 5.00906e-06
1123.38, 1.82653e-05
1266.79, 2.73994e-07
1108.03, 2.13064e-05
1093.82, 2.51997e-06
1221.11, 4.85258e-08
1833.37, 5.72614e-06
2179.21, 3.5138e-06
1589.55, 4.6252e-05
1706.71, 3.20993e-06
1682.59, 1.06916e-05
2073.27, 5.85727e-06
1252.38, 1.10828e-07
1164.09, 1.39419e-06
1013.33, 0.000137191
2265.82, 1.84592e-06
1258.6, 8.25879e-07
1960.8, 4.56539e-06
1747.27, 5.35627e-06
2187.54, 3.20567e-06
1699.17, 1.17014e-05
1001.23, 7.82762e-05
1833.71, 1.90586e-06
1764.36, 8.5629e-06
1075.98, 6.02135e-07
1616.93, 2.52335e-07
1983.74, 2.33359e-06
1497.68, 5.18543e-07
1026.48, 9.54105e-06
1222.95, 9.6588e-08
1143.79, 4.74499e-07
1814.7, 2.14823e-06
1133.81, 3.45629e-06
2277.45, 3.6687e-06
1015.52, 0.000132197
2129.94, 4.65371e-06
1923.29, 8.28071e-07
1795.87, 1.50071e-06
1403.99, 7.40055e-07
1040.95, 1.33865e-05
1477.1, 1.48968e-07
1733.87, 1.28221e-06
1651.75, 1.46011e-06
2392.45, 4.10836e-07
2098.42, 3.8638e-06
1784.26, 2.83604e-06
1555.81, 3.72523e-07
2218.9, 3.48387e-06
1098.17, 7.01041e-07
1348.84, 6.38249e-09
2208.98, 8.19267e-06
2035.04, 0.00033363
1443.25, 6.27934e-06
1617.38, 6.97113e-07
1579.24, 2.78623e-06
2033.87, 1.00318e-05
1792.66, 5.50102e-06
1420.08, 5.11894e-07
2437.1, 1.37783e-06
2437.93, 1.03026e-05
2075.67, 2.71467e-05
1742.25, 5.18953e-06
1022.13, 5.74718e-06
2216.3, 2.87123e-06
1925.46, 1.90929e-05
2151.73, 1.0971e-06
2125.98, 8.18499e-06
2020.01, 2.08796e-06
2324.37, 1.16822e-06
1969.2, 5.51785e-06
2269.94, 1.64337e-06
1146.53, 2.50396e-06
1077.97, 8.74486e-06
2409.16, 1.83122e-06
1201.08, 1.49995e-07
2115.68, 4.11464e-06
1065.58, 2.75773e-06
2216.12, 2.23962e-06
2186.69, 1.70243e-06
1367.17, 1.67243e-07
2237.79, 9.54493e-07
1566.99, 2.24289e-06
1331.73, 4.28997e-06
1854.38, 7.36432e-07
2478.49, 4.79437e-05
1762.46, 7.32265e-07
1291.35, 7.0106e-07
1682.42, 1.31817e-05
2419.37, 1.75846e-06
2248.67, 1.52649e-06
2251.84, 5.11956e-07
1725.7, 1.39066e-05
2256.55, 6.12323e-06
1638.91, 2.65629e-07
1289.4, 1.98495e-07
1499.75, 2.31954e-05
1528.03, 1.42452e-05
1147.04, 2.68064e-09
1926.96, 8.68049e-06
2308.8, 1.42539e-06
1792.62, 3.30325e-06
1181.23, 1.51579e-08
1988.23, 3.47468e-05
2194.45, 0.000102784
1740.45, 2.11409e-06
2453.78, 1.90238e-06
1889.57, 4.56978e-06
1711.49, 1.43632e-06
2025.01, 2.69485e-06
1704.07, 1.70459e-06
2181.61, 4.62693e-06
1460.7, 2.31458e-06
1955.91, 7.13731e-07
1893.83, 5.44879e-07
1077.85, 9.48714e-06
1553.41, 6.6043e-07
2332.4, 4.55824e-07
1065.08, 5.7011e-06
2381.24, 6.47746e-07
1291.74, 7.70443e-08
1259.45, 1.00709e-06
2095.02, 9.31397e-06
2062.42, 2.19002e-06
2475.2, 1.35256e-06
1948.2, 3.03776e-06
2186.98, 1.30665e-05
1256.46, 7.59181e-07
1279.7, 2.99225e-06
2019.79, 2.55761e-06
1316.33, 9.50206e-07
2270.36, 3.19925e-06
2395.01, 6.84167e-06
2224.43, 7.83248e-07
1226.12, 6.03885e-10
1201.8, 2.68642e-08
1932.32, 4.07421e-06
2334.17, 1.33864e-06
1160.98, 1.0629e-06
1884.3, 1.33595e-06
2268.51, 3.31465e-06
1046.7, 3.35934e-06
1493.29, 4.3986e-06
1491.02, 1.24437e-05
2324.81, 2.66812e-06
1716.28, 8.71958e-07
1405.43, 1.1799e-08
1335.07, 5.15853e-08
2360.05, 3.67472e-05
2080.35, 3.11973e-06
1176.12, 3.55442e-07
1689.89, 9.87155e-06
1156.73, 1.12432e-06
1345.7, 3.86375e-07
2081.02, 4.025e-06
2272.15, 7.4446e-07
2014.33, 2.31548e-06
1906.85, 1.16729e-06
1627.63, 9.42905e-06
1551.78, 4.14993e-07
2060.2, 3.77978e-06
1231.58, 1.07055e-06
1552.13, 9.7341e-05
2278.72, 8.20924e-07
1001.91, 8.11074e-06
1593.09, 5.56674e-07
1443.79, 2.54135e-06
1195.02, 2.45639e-08
1038.63, 2.54188e-05
1615.94, 0.000203062
1837.87, 9.75492e-06
1512.74, 2.21483e-06
1849.03, 1.23345e-06
1054.09, 6.36962e-07
1969.03, 2.17739e-06
2387.63, 6.41813e-06
1108.96, 3.56389e-06
1710.76, 1.39502e-06
1344.53, 1.20949e-06
2314.69, 1.10833e-06
2138.27, 5.49067e-06
1783.47, 6.51517e-07
1248.65, 1.04131e-06
1293.64, 1.6333e-06
1124.47, 8.6591e-06
1280.54, 1.48273e-06
1545.89, 9.85638e-07
1312.31, 8.09164e-07
1837.55, 1.11612e-06
1857.26, 1.18024e-06
2022.62, 1.44199e-05
2013.08, 1.59025e-06
2115.52, 1.89759e-06
1708.12, 3.19401e-07
1215.59, 1.19703e-08
1399.83, 7.81096e-06
1465.66, 1.19983e-06
1160.95, 6.66318e-06
1270.82, 7.75382e-06
1343.51, 3.80036e-06
1562.62, 1.67509e-06
1519.66, 6.03761e-07
2024.52, 2.13603e-05
2184.63, 5.4488e-06
2336.15, 4.46667e-07
2402.19, 1.25634e-06
1133.75, 3.5088e-07
2007.02, 1.45358e-06
2284.21, 1.1736e-06
2482.3, 1.14377e-05
1387.98, 2.08391e-06
2492.99, 1.96587e-06
1723.3, 1.51881e-06
2231.21, 3.20999e-05
1953.35, 1.73783e-06
1433.74, 6.16102e-06
1069.19, 1.23628e-09
2035.67, 1.77829e-05
1546.03, 1.04897e-06
1684.14, 1.10026e-05
1369.75, 3.56226e-06
1413.4, 8.13034e-07
1524.55, 2.23097e-07
2488.06, 1.86704e-06
1934.32, 4.9815e-06
2064.72, 9.11237e-07
2440.72, 9.1276e-07
1039.79, 2.56909e-05
2175, 9.58339e-07
2427.72, 1.21279e-06
2283.39, 3.93413e-06
1794.51, 2.78014e-05
1750.57, 3.38714e-06
2261.83, 6.10275e-06
2067.14, 1.38852e-06
1632.07, 7.95076e-05
1753.46, 9.13127e-07
1228.1, 5.1713e-07
1067.28, 1.07352e-05
2320.53, 7.98714e-07
1001.94, 3.41889e-06
1454.2, 7.23043e-07
2331.23, 6.4987e-07
1704.97, 2.81556e-07
1581.49, 3.42906e-05
1533.25, 1.28333e-06
1571.21, 4.31675e-06
1100.37, 9.09841e-06
1844.48, 3.9669e-06
2090.65, 1.97902e-06
1873.01, 1.47685e-06
1405.88, 1.55492e-06
1521.13, 2.63435e-06
1556.21, 8.63352e-07
2097.75, 6.81025e-06
2311.19, 1.54257e-06
1204.66, 1.6182e-08
1007.57, 9.11576e-05
1977.39, 2.23439e-06
2433.04, 3.62812e-06
1124.63, 3.61577e-06
1775.72, 5.74353e-06
1105.39, 8.30844e-06
2476.87, 3.51332e-06
1409.68, 1.47978e-05
2352.33, 4.92922e-07
2428.55, 1.03421e-05
1768.14, 1.39394e-07
1328.77, 4.51781e-07
2260.25, 2.45357e-06
1392.08, 2.53565e-06
1844.31, 1.86339e-06
1664.46, 6.70996e-07
1765.12, 1.22013e-05
2202.09, 1.99046e-06
1903.96, 2.9706e-06
1263.59, 2.23741e-06
1910.98, 4.6391e-05
2125.24, 2.88453e-05
1368.79, 1.9867e-07
1496.8, 6.30032e-06
1488.88, 1.59304e-06
1364.77, 2.19496e-07
1356.8, 1.16859e-06
1981.56, 1.78637e-05
1477.11, 9.32578e-07
1847.71, 1.31504e-06
2147.7, 2.11889e-06
1303.04, 1.47509e-08
1017.35, 5.92749e-06
1646.08, 8.27644e-08
1584.53, 3.74394e-07
1404.98, 5.78683e-05
1512.53, 4.59463e-07
1953.87, 9.08479e-06
1931.78, 2.39892e-06
1109.72, 9.91715e-08
1935.89, 9.15848e-07
1152.75, 1.47082e-05
2044.66, 4.98793e-06
1658.5, 3.54781e-06
1595.3, 1.11483e-06
1754.73, 3.8364e-05
2421.44, 2.09317e-06
1615.09, 1.41322e-06
1244.88, 2.30948e-06
2407.7, 9.18649e-07
1311.56, 8.83766e-09
2325.89, 6.67662e-07
1578.71, 1.59693e-05
1611.49, 1.61186e-06
1489.97, 1.97863e-06
1596.29, 3.46646e-06
2257.45, 1.19145e-06
1009.12, 1.03995e-05
1530.6, 1.24999e-06
1975.06, 1.16805e-06
2065.17, 8.18329e-07
2354.15, 7.03337e-08
1834.08, 2.3772e-06
1036.57, 3.37695e-05
2187.06, 3.4495e-06
1528.47, 1.63276e-07
1887.94, 1.12444e-06
2313.5, 1.55546e-06
1694.46, 2.21475e-06
1909.34, 2.37053e-06
1471.95, 1.16545e-06
1596.18, 8.90263e-07
2289.99, 7.67974e-06
2364.94, 2.05103e-08
2433.89, 1.83441e-06
1701.22, 1.0192e-06
1308.16, 7.03303e-07
1603.75, 8.63036e-07
1467.53, 7.01205e-08
2368.45, 2.29425e-07
1097.57, 1.36004e-06
1304.44, 5.09957e-08
1719.93, 9.04285e-07
1619.54, 1.84188e-06
1881.66, 4.57554e-06
1444.92, 9.09297e-07
2060.26, 0.000409504
1674.18, 2.97476e-07
1524.52, 4.33319e-06
2383, 9.53374e-07
1694.71, 4.15065e-07
1075.65, 7.28661e-07
2008.06, 1.29357e-06
1849.71, 8.09512e-06
1152.84, 1.19504e-08
1464.53, 8.31084e-07
1296.37, 1.08578e-07
2240.77, 1.14295e-06
1369.22, 1.74217e-06
1090.69, 2.56495e-09
1646.73, 2.06365e-06
1405.76, 7.99492e-06
1967.3, 1.01872e-06
1839.79, 9.24153e-07
1643.79, 3.13732e-06
1875.56, 7.30101e-07
1877.07, 5.83159e-06
1748.36, 2.14401e-06
2297.93, 5.69211e-05
1940.39, 9.44705e-07
2412.28, 1.72002e-06
1493.08, 5.89191e-07
1107.06, 8.18345e-05
1971.37, 3.34946e-06
1615.92, 2.53258e-06
1965.36, 2.68942e-06
2120.73, 2.06259e-06
1277.15, 6.79376e-08
2266.37, 8.24859e-07
2192.83, 3.00372e-06
1465.67, 2.05583e-07
1339.93, 3.8616e-06
1752.29, 2.16747e-06
1891.68, 5.8648e-06
1753.34, 5.58762e-07
2351.74, 7.11719e-07
1357.91, 4.36669e-05
1128.87, 1.63818e-06
1224.35, 1.68724e-06
1894.15, 9.46206e-07
1730.99, 4.09792e-06
1610.21, 3.20041e-07
2156.85, 1.44099e-06
1909.63, 9.421e-06
1291.41, 4.86053e-06
1525.87, 4.50269e-07
1643.44, 9.22343e-08
1064.87, 7.29998e-07
1979.33, 1.0829e-06
1345.64, 1.7402e-07
1200.05, 3.25772e-07
2472.28, 5.41816e-06
1780.97, 1.19671e-06
1307.85, 6.22115e-07
1586.67, 1.08116e-06
2446.09, 8.60321e-07
1888.51, 2.04919e-05
1303.85, 4.98053e-08
1598.63, 3.27331e-06
1233.88, 5.88894e-08
2257.14, 1.68813e-06
1138.3, 3.16278e-07
1992.42, 9.4526e-06
2120.17, 2.15465e-06
2260.46, 1.83274e-06
1926.91, 3.13785e-06
1597.39, 0.000622651
1344.19, 2.33337e-06
2493.54, 3.17149e-06
2320.86, 1.04652e-06
1530.78, 8.54057e-06
1185.99, 4.73571e-07
2250.46, 2.08513e-06
1574.93, 5.21379e-07
2135.66, 3.66598e-05
1441.09, 5.37532e-06
1460.64, 4.49624e-08
1052.58, 1.5946e-05
1641.97, 1.29269e-06
1643.42, 3.30821e-06
2025.72, 4.76886e-06
1438.87, 2.1572e-06
1876.65, 1.18312e-06
1757.34, 3.20101e-06
1657.59, 2.03653e-06
1222.34, 4.75093e-08
1277.39, 6.74468e-07
1940.8, 5.68143e-06
1837.8, 5.29064e-06
1241.63, 5.3704e-07
2226.05, 2.00243e-06
1475.19, 2.15833e-06
2431.7, 9.30811e-06
2006.83, 1.59583e-06
1754.91, 1.87643e-05
2442.64, 4.8011e-06
1027.3, 0.000205775
2290.18, 2.88838e-06
1219.01, 7.44385e-10
2421.65, 2.41055e-07
2294.08, 1.28633e-06
2104.89, 9.06741e-06
1843.35, 0.00078007
2020.13, 1.38516e-05
2284.49, 2.32241e-06
2360.07, 3.58909e-07
1700.3, 8.63297e-07
1733.44, 3.69973e-07
1115.37, 2.68757e-06
2232.75, 1.25655e-06
2016.44, 4.30084e-06
1830.16, 3.61808e-06
1483.09, 8.44207e-06
1731.98, 1.01007e-06
1609.34, 7.00744e-07
2108.39, 4.50486e-06
1086.72, 1.36235e-06
2146.49, 3.4278e-06
2000.77, 1.72472e-05
1913.74, 1.01615e-05
1137.35, 7.60034e-06
1297.3, 2.18603e-05
1125.7, 7.88668e-08
1903.82, 6.82381e-06
1855.6, 1.94478e-06
1584.51, 6.63874e-07
1467.5, 9.80289e-08
2215.45, 8.92681e-07
1447.16, 3.24833e-07
2295.98, 2.07346e-06
2324.82, 9.18747e-07
1157.53, 4.69301e-08
1043.35, 1.59338e-06
2097.78, 1.22004e-05
1273, 1.98279e-06
1508.07, 8.39572e-08
1407.83, 6.78066e-08
2291.33, 1.35621e-06
1880.53, 8.44007e-07
1545.59, 2.03545e-07
2087.93, 3.83853e-06
2148.97, 2.55366e-06
1117.11, 1.25404e-07
2077.4, 1.57104e-05
1358.88, 1.37707e-07
2439.95, 2.38528e-06
2034.47, 2.59489e-06
2117.95, 7.32062e-07
2227.3, 2.1581e-06
2403.95, 1.79845e-06
1645.81, 1.30554e-05
2481.25, 3.30291e-06
1500.23, 3.81844e-06
1228.69, 5.64619e-07
1077.06, 1.36649e-07
1116.31, 4.07196e-06
1368.35, 7.92611e-06
2384.18, 1.79086e-06
2201.35, 5.91643e-06
2026.54, 1.1651e-05
1846.5, 9.97183e-07
1988.19, 8.71255e-06
1259.05, 1.77202e-06
1733.13, 2.04038e-06
1438.69, 6.71892e-08
1191.78, 2.00209e-06
2352.96, 1.15273e-05
2010.1, 1.85038e-06
2422.53, 4.31249e-06
1888.99, 1.61711e-06
2099.17, 7.77648e-07
2017.95, 2.53644e-06
1382.37, 1.39149e-08
2168.17, 0.000216469
1575.51, 1.25428e-07
2269.06, 1.02599e-06
1380.19, 2.161e-08
1257.89, 5.59249e-06
1716.49, 9.91796e-07
2005.65, 6.29007e-06
1727.16, 4.31677e-06
2030.72, 1.48073e-06
1536.93, 0.000127892
1595.01, 7.14213e-06
1425.55, 8.11739e-08
1461.74, 2.92981e-07
1015.64, 1.78765e-06
2160.93, 2.69037e-06
2153.61, 4.58032e-05
2168.73, 3.08435e-06
1011.85, 1.82483e-05
1024.48, 8.91711e-08
1982.83, 8.13574e-07
2385.38, 8.28801e-07
2129.18, 0.000439053
1680.27, 3.39024e-05
1422.88, 5.0891e-06
1800.07, 1.75569e-05
1746.65, 6.01952e-07
2425.9, 1.2448e-06
1326.96, 1.85714e-06
1866.48, 2.15829e-06
1438.45, 7.84053e-07
2025.71, 2.89477e-05
1244.51, 3.37966e-07
1588.52, 9.46183e-07
1328.46, 8.10697e-08
2111.79, 3.05833e-05
1906.46, 3.45037e-06
1267.84, 1.41922e-06
2085.38, 5.64139e-06
2212.61, 2.19358e-06
1914.89, 3.43493e-06
1501.36, 4.09898e-06
1873.6, 1.49164e-06
2228.63, 5.51274e-05
1315.24, 1.31704e-08
1668.12, 4.67597e-07
1018.32, 0.000370282
1242.05, 2.87328e-07
1895.48, 4.33821e-06
1423.65, 1.14063e-06
1884.15, 1.38788e-06
1076.14, 2.99855e-05
2041.17, 7.96918e-06
2022.84, 1.73919e-06
1464.23, 1.3195e-06
2204.35, 2.04523e-05
1917.29, 1.18467e-06
1625.34, 7.40247e-06
2188.9, 2.3796e-06
1918.28, 4.68459e-06
2343.9, 3.88061e-07
1129.27, 1.06935e-08
1111.93, 2.79142e-07
2011.65, 1.91189e-06
1771.72, 6.52043e-06
2153.47, 1.85607e-06
1203.25, 3.54008e-07
1685.16, 4.59825e-06
1036.05, 4.34842e-06
1279.14, 5.8219e-07
2049.6, 9.56886e-07
1167.56, 1.90881e-06
2138.77, 7.0214e-07
1747.03, 7.57255e-07
1325.96, 4.80021e-06
1042.02, 1.06691e-05
1725.16, 2.83792e-06
1401.9, 9.58987e-07
1492.07, 1.65549e-06
1404.65, 2.64372e-07
1397.47, 1.39578e-05
1324.97, 1.57605e-06
1706.44, 2.05931e-06
1569.94, 4.85449e-06
1356.86, 6.12627e-07
1647.53, 1.82033e-06
1758.73, 4.29727e-07
1580.33, 6.01624e-06
2385.98, 7.12025e-07
1383.3, 1.35699e-06
2248.61, 9.25511e-06
1410.21, 1.26564e-06
1901.19, 3.90535e-06
1117.47, 9.10894e-08
2206.37, 3.16836e-06
1823.39, 3.53734e-06
1056.19, 1.71202e-05
1947.5, 2.83459e-05
1610.68, 1.79627e-07
2232.94, 2.41196e-06
1271.66, 9.83436e-06
1378.47, 7.5276e-06
2261.69, 4.02272e-06
1553.82, 5.94869e-07
1900.87, 8.71882e-07
1524.06, 1.69685e-06
2483.41, 1.53946e-06
1727, 1.10068e-06
1306.93, 2.37052e-06
1914.27, 4.3369e-06
1170.44, 4.55279e-07
1281.98, 1.43412e-08
1054.98, 7.60913e-06
1526.15, 1.93053e-07
1150.36, 4.91003e-07
2457.43, 8.78349e-06
1351.27, 2.57517e-06
1019.16, 8.00005e-05
1743.61, 1.86128e-06
2395.12, 2.5143e-06
1436.51, 5.90419e-07
1907.3, 4.45117e-07
1605.69, 9.018e-08
1535.41, 8.33426e-07
1333.59, 1.99425e-08
1110.14, 4.07305e-07
2405.55, 1.48583e-05
2079.98, 2.4799e-06
2409.79, 7.85336e-07
1839.63, 4.60455e-06
2206.01, 6.19849e-06
2149.35, 3.05215e-06
2049.85, 1.56242e-06
1993.8, 4.53114e-05
1460.03, 3.03745e-06
1092.39, 1.37813e-06
2221.34, 1.58139e-06
1535.19, 1.30646e-06
2106.03, 1.41515e-06
2461.71, 4.98233e-06
1579.73, 2.64677e-07
1741.77, 3.12827e-06
1256.79, 2.18466e-06
1179.03, 3.69894e-06
2371.33, 4.97218e-08
1523.36, 5.99852e-08
1083.49, 2.72517e-05
1775.77, 4.8632e-07
1816.18, 4.14233e-06
2052.86, 1.34256e-06
1840.86, 1.04936e-06
2433.3, 4.31025e-06
1401.84, 1.49133e-05
2164.62, 1.06095e-06
2488.22, 1.35601e-06
1090.44, 5.09162e-06
1016.56, 4.96416e-06
1930.48, 7.17803e-07
2202.17, 6.21817e-06
1071.14, 1.82795e-06
1878.98, 2.73237e-06
1715.22, 6.98679e-07
1426.83, 5.17666e-06
1834.34, 4.27774e-06
1959.71, 1.06567e-06
2020.61, 1.20709e-06
1301.29, 4.49137e-08
1807.75, 3.48629e-06
1353.07, 1.52902e-06
2105.77, 3.31074e-06
1866.02, 8.12781e-06
1884.18, 1.85936e-05
1525.34, 1.15519e-07
1121.41, 3.64224e-06
1354.83, 2.83323e-06
1711.38, 1.48388e-05
1075.88, 1.30903e-07
2404.79, 9.55369e-07
2453.65, 2.78085e-06
1397.47, 6.30599e-07
1841.83, 7.18233e-07
2300.76, 1.81228e-06
2314.71, 3.86273e-07
1121.31, 1.21189e-07
1507.7, 1.44814e-07
1106.03, 1.04395e-05
2225, 1.23832e-06
1372.13, 6.19015e-06
1850.79, 2.69774e-06
1615.76, 4.28098e-06
1485.44, 1.60578e-06
1993.69, 1.64095e-06
1039.85, 4.00327e-06
2345.44, 2.81118e-06
1622.84, 1.22092e-06
2147.08, 5.66211e-06
2101.01, 7.46865e-07
2355.61, 1.50017e-07
1713.52, 2.35309e-06
2036.07, 1.2685e-06
1586.94, 1.1365e-06
1931.56, 8.35565e-07
2478.41, 9.2155e-06
1286.98, 1.62762e-06
1625.49, 9.13652e-07
2447.89, 4.74433e-06
1571.92, 3.49103e-07
1535.34, 2.67007e-06
1869.78, 9.74431e-07
2058.73, 5.83289e-06
1580.55, 1.27081e-06
1300.45, 5.62186e-07
1959.17, 1.79688e-06
1309.08, 1.05357e-06
2339.16, 3.60977e-07
1834.9, 8.0842e-06
1810.77, 2.03625e-06
1454.32, 4.31837e-06
1826.43, 1.55011e-06
1691.83, 7.93182e-06
2028.06, 6.03139e-06
1386.86, 6.23585e-07
1239.87, 8.2603e-07
1806.74, 3.52686e-06
1196.5, 1.26882e-06
2485.82, 4.24558e-06
1353.48, 4.07665e-06
2177.72, 1.65886e-06
2143.39, 1.6937e-06
2070.52, 4.64891e-06
1613.86, 3.47191e-06
1061.49, 2.87321e-06
1467.42, 2.49757e-06
1582.85, 3.44531e-06
1053.38, 8.36529e-06
1747.41, 1.51346e-06
1281.29, 7.89072e-08
2259, 4.47957e-05
1350.3, 1.60404e-06
2038.8, 1.88017e-06
1312.05, 5.10647e-06
1447.2, 8.64331e-06
1020.68, 3.20717e-07
1963.49, 4.77474e-06
1452.21, 4.99287e-07
2078.1, 2.3634e-06
1248.43, 5.95271e-07
1390.1, 2.60556e-06
1118.66, 5.6973e-07
2497.62, 6.36019e-06
2052.4, 3.45018e-05
2428.62, 8.94907e-07
2383.11, 1.09937e-06
1417.92, 3.99758e-08
1965.62, 6.68445e-06
2207.33, 1.72947e-06
1483.53, 8.40206e-06
1201.87, 8.73407e-08
1550.24, 8.45544e-08
1841.25, 2.51446e-06
1914.62, 5.13387e-06
1947.11, 6.84435e-05
1761.19, 6.28674e-06
1320.2, 4.27098e-06
1669.7, 1.52621e-05
1026.17, 9.34008e-06
1160.38, 4.82484e-05
1032.97, 3.74434e-05
1778.74, 5.66001e-05
1792.88, 4.70293e-07
1693.32, 1.23368e-05
1629.43, 1.59803e-06
2467.83, 0.000107706
2001.74, 8.54034e-07
2463.93, 1.69662e-06
2251.01, 6.14192e-06
2031.63, 6.97925e-06
1587.41, 5.7498e-06
1185.46, 5.32098e-08
2059.02, 2.81711e-06
1249.32, 5.712e-08
1000.23, 3.19854e-07
1057.67, 2.06461e-05
1180.3, 3.00342e-07
1568.76, 2.14943e-06
1673.05, 2.34287e-05
1190.55, 3.30748e-09
2040.74, 1.71112e-06
1532.75, 5.08865e-05
1910.48, 0.000225668
1790.43, 1.40556e-05
1287.25, 6.68711e-07
2103.46, 5.05442e-06
1599.99, 6.64904e-06
2191.92, 2.51975e-06
1664.82, 5.57035e-06
2368.34, 1.7501e-07
1896.59, 7.32395e-07
2031.09, 3.1109e-06
1180.51, 1.02341e-07
1664.89, 1.38522e-05
2464.71, 3.52141e-06
2418.08, 1.87897e-06
1924.17, 7.77879e-07
1437.79, 5.87012e-06
2159.25, 3.10719e-06
1920.69, 3.63971e-06
1531.92, 2.03731e-06
1590.05, 1.23629e-06
1870.51, 7.46406e-06
1864.3, 5.418e-07
1893.35, 6.47795e-07
1886.14, 5.5521e-07
1271.48, 1.46721e-06
2404.33, 5.32551e-07
2405.02, 4.29798e-06
2055.35, 4.67377e-06
2076.06, 4.8743e-06
1237.73, 4.48565e-07
1259.96, 2.81006e-06
2297.39, 1.31824e-06
1110.84, 6.70637e-06
2379.09, 2.04725e-07
2325.44, 3.17734e-06
1204.37, 9.31929e-07
1250.38, 5.56262e-06
1626.13, 1.94637e-06
1632.93, 1.33308e-06
2436.86, 2.27086e-06
2397.53, 7.02725e-07
1129.16, 1.48415e-08
2459.02, 4.36025e-06
2285.77, 2.3713e-06
1175.04, 4.5834e-06
2343.12, 5.39742e-07
1965.14, 2.16139e-06
1123.03, 1.88233e-06
2359.84, 1.68504e-07
1200.57, 5.18253e-09
2178.32, 2.67344e-06
1715.44, 6.14133e-06
2378.47, 8.55918e-07
1979.82, 1.53107e-06
1615.5, 4.00603e-07
1437.88, 6.77955e-06
1682.1, 1.2346e-05
2319.51, 3.59326e-06
1937.66, 1.48834e-06
1543.49, 7.85907e-06
2367.7, 2.02688e-06
1625.53, 7.82917e-07
1837.4, 1.9679e-06
1179.1, 1.6835e-07
1378.55, 1.95626e-07
1985.06, 9.25245e-06
1616.69, 1.9816e-06
2423.92, 6.38791e-07
1832.72, 1.20256e-06
1818.75, 7.89154e-06
1198.07, 3.95634e-07
2447.47, 1.36741e-07
1900, 1.18288e-06
1449.31, 2.41318e-07
1752.37, 4.43097e-05
1614.75, 4.48225e-07
1446.49, 3.56596e-07
1171.24, 2.20998e-07
1326.89, 5.98618e-06
1548.82, 3.5582e-07
1655.85, 5.88037e-06
2400.05, 5.58378e-06
1306.53, 3.91185e-07
2417.34, 2.05711e-06
1799.12, 1.9805e-06
1302.34, 2.58409e-07
1770.21, 3.79694e-07
1112.65, 1.56299e-07
1849.26, 1.31844e-06
1387.29, 2.00212e-06
1197.02, 7.1097e-09
1313.9, 3.55881e-06
1325.73, 3.3445e-06
2155.21, 2.11524e-06
1628.6, 6.54993e-07
1382.37, 1.37681e-05
2244.78, 3.16543e-06
2278.58, 1.55497e-06
1999.07, 1.21921e-06
2213.81, 2.11566e-06
1004.18, 7.76569e-07
1234.17, 2.38784e-07
1831.17, 3.51061e-05
2341.67, 5.07211e-07
1176.6, 3.4574e-07
1350.01, 1.91551e-06
1839.59, 4.68917e-06
1833.47, 1.04883e-06
1446.69, 6.55062e-08
2061.76, 2.35356e-06
1477.76, 3.99035e-06
1360.97, 3.08525e-06
2395.08, 3.89216e-07
1554.07, 0.000580062
1019.97, 8.71409e-08
1345.71, 2.14095e-06
2141.63, 4.28555e-06
1900.94, 1.3808e-06
1229.73, 5.84185e-07
1759.12, 3.89528e-06
1645.54, 1.46125e-06
2392.3, 9.37168e-07
1140.62, 3.78041e-07
1388.58, 2.89461e-07
1180.22, 2.07431e-06
1232.33, 2.47826e-07
2030.88, 7.14862e-07
1549.72, 2.54309e-06
2359.04, 2.7186e-07
2447.87, 2.35517e-06
2460.1, 3.60636e-06
1483.18, 1.48266e-06
1461.39, 2.88129e-06
1441.63, 8.07936e-07
1805.38, 9.43602e-07
2261.71, 4.05399e-06
1165.28, 1.23418e-06
2264.15, 3.87188e-06
1286.26, 1.10956e-08
1474.63, 7.19103e-08
2144.44, 7.75397e-06
1153.11, 1.46953e-06
1433.07, 7.8946e-08
1820.2, 1.46845e-06
2043.25, 8.70398e-06
1623.37, 7.50719e-06
1868.32, 1.56059e-06
2454.64, 1.10694e-05
2454.61, 2.2277e-06
1932.73, 2.98834e-06
2154.24, 9.17976e-06
1971.51, 1.98309e-06
1127.94, 1.7799e-05
1622.81, 3.9215e-06
2298.64, 1.48882e-06
2316.17, 2.12949e-06
1432.05, 1.3712e-06
1273.35, 2.11012e-08
1630.33, 7.63802e-07
2274.99, 1.29126e-06
1251.89, 4.54885e-07
1330.56, 5.24514e-06
1287.04, 1.33285e-07
1235.1, 1.77952e-08
2228.55, 1.72671e-06
1445.56, 9.42498e-07
1625.55, 5.38257e-07
1128.42, 4.17029e-07
1721.99, 6.2882e-07
2186.37, 1.25167e-06
1808.91, 3.76169e-07
2032.68, 5.35003e-06
1356.91, 2.40487e-09
2294.59, 4.95272e-06
1601.01, 7.83133e-06
2215.45, 2.33402e-06
2436.68, 1.32902e-06
1441.32, 2.40775e-07
1446.46, 6.94255e-06
2164.13, 1.32567e-06
1252.89, 6.21999e-07
2177.01, 2.5288e-06
2350.54, 4.61176e-07
1235.63, 1.7819e-06
1896.62, 9.1969e-07
2106.42, 1.84614e-06
2215.93, 1.1123e-05
1918.91, 5.29358e-06
1879.76, 2.04875e-06
1789, 9.84641e-07
1957.97, 3.1463e-06
1082.45, 8.04335e-06
2411.05, 1.30281e-06
1626.14, 3.47121e-06
1951.43, 5.36061e-06
1233.41, 1.57657e-08
1597.01, 2.16267e-05
1373.36, 5.62033e-08
1406.83, 1.9968e-07
1880.84, 1.40241e-06
1702.33, 5.25651e-07
1350.71, 8.05114e-08
2441.7, 1.15325e-06
1253, 1.88968e-07
2484.41, 2.94419e-06
1251.76, 1.21344e-05
1461.67, 2.21728e-07
1034.58, 3.0347e-05
1639.18, 9.73332e-08
1485.42, 2.54428e-07
1945.85, 1.06936e-06
1160.13, 1.88542e-06
2122.14, 3.35581e-06
2023.88, 2.09037e-06
1987.64, 1.72776e-06
1806.64, 1.08959e-05
1352.67, 1.85099e-05
1702.63, 2.69949e-06
1267.55, 1.51031e-07
1455.84, 2.21458e-06
1005.74, 9.12513e-06
2005.71, 2.84323e-06
1643.85, 2.73246e-07
1362.23, 2.16712e-05
1376.85, 2.76226e-06
2285.35, 1.07054e-05
2478.04, 8.82592e-06
1302.9, 5.60442e-07
1014.17, 1.71102e-05
1923.25, 6.43327e-06
1136.6, 3.64344e-07
1952.79, 1.86032e-06
1202.11, 4.80219e-07
2407.69, 2.57657e-06
1213.27, 1.2738e-07
1948.87, 3.52207e-05
1783.23, 5.29797e-07
2473.2, 4.42435e-06
1393.72, 1.35422e-05
1964.34, 4.71443e-06
1316.68, 1.59726e-06
2391.31, 4.6336e-07
1951.68, 2.79415e-06
1957.33, 1.39776e-06
2332.22, 9.04266e-07
1270.27, 1.22756e-06
1273.84, 1.59541e-06
2225.71, 4.9379e-06
1210.96, 1.06165e-07
2441.66, 4.34779e-06
1245.92, 4.52858e-07
2393.57, 1.09595e-06
2306.28, 1.90404e-06
1952.31, 1.31552e-06
2333.29, 4.48037e-07
2418.04, 8.7648e-07
1770.43, 4.41594e-07
1382.46, 3.15928e-07
1749.03, 1.0908e-06
1836.32, 5.40246e-07
1781.69, 4.97368e-06
1254.25, 2.33298e-08
1554.69, 9.39258e-07
1695.34, 2.33995e-06
1177.18, 9.53573e-10
2354.29, 1.0276e-06
1205.41, 2.75791e-08
1302.18, 5.85987e-08
1663.78, 8.25018e-06
1251.96, 1.5708e-06
2221.06, 4.23581e-06
2465.43, 3.20868e-06
1198.78, 4.36556e-07
2312.73, 3.7785e-06
1149.37, 2.18884e-06
1206.5, 3.34747e-07
2229.27, 2.52391e-06
2417.09, 1.01551e-06
2497.42, 4.6553e-06
1725.15, 9.81885e-07
1449.89, 6.10003e-06
1389.22, 2.09871e-06
2285.62, 1.09351e-06
2458.15, 1.30017e-06
2473.43, 2.34606e-06
1528.77, 1.06275e-06
1785.38, 7.52427e-07
2083.83, 1.17513e-05
1099.18, 3.60304e-06
2319.25, 5.77891e-07
1960.59, 1.42003e-05
2491.78, 3.28045e-06
1046.37, 3.8719e-05
1125.23, 2.73054e-08
1637.87, 3.27016e-06
2104.41, 1.56588e-06
2352.81, 5.18799e-07
1568.59, 2.39414e-06
1917.71, 4.41954e-06
1587.44, 9.01714e-07
1774.04, 5.23853e-07
2309.4, 1.33088e-06
1426.63, 1.24055e-08
1214.48, 1.44586e-09
2075.19, 1.1345e-05
1139.34, 0.000820816
1360.07, 7.7591e-07
2058.03, 3.79626e-06
1120.12, 4.28426e-05
1188.98, 2.97055e-07
2382.23, 4.28718e-07
1082.56, 2.0633e-06
1581.49, 1.11818e-06
1410.44, 4.83598e-07
2064.66, 2.25349e-06
1783.09, 9.23528e-07
2235.53, 4.13672e-06
2219.01, 8.13297e-07
2489.35, 2.41878e-06
1711.88, 4.4072e-07
1085.91, 1.10276e-05
2096.54, 5.15476e-06
1820.43, 2.51887e-06
1467.19, 4.66979e-06
2158.44, 1.89622e-06
2440.74, 4.46714e-06
1904.7, 1.20391e-06
1809.33, 2.32048e-06
2165.98, 2.66457e-06
1294.8, 3.33101e-07
1083.22, 5.1365e-05
1670.85, 2.83436e-07
1978.22, 2.03345e-06
2489.62, 3.89677e-06
1547.42, 1.19951e-07
1087.1, 1.67806e-05
1493.02, 2.40898e-06
1216.08, 2.41237e-07
2252.69, 1.42648e-06
2441.17, 1.16444e-06
1864.31, 2.62569e-06
1036.15, 8.81664e-06
1440.45, 5.25165e-07
1468.19, 1.63014e-06
2226.47, 2.07017e-06
1317.71, 3.06722e-06
1665.64, 1.73435e-07
1663.37, 1.14684e-06
1177.56, 9.37684e-09
1634.26, 2.36281e-05
1013.09, 2.09188e-07
1038.25, 4.61471e-06
1080.66, 2.81362e-07
2191.76, 1.56468e-06
1258.52, 8.7448e-07
1007.02, 3.94581e-05
1998.62, 1.08016e-05
1442.24, 7.10961e-06
1050.25, 4.02606e-06
1421.57, 9.96064e-08
2277.42, 1.75627e-06
1608.9, 1.26891e-07
1183.61, 9.45252e-09
1844.96, 9.40499e-07
1113.35, 1.45322e-05
1785.34, 1.28853e-06
1200.32, 6.88456e-09
1509.61, 4.52441e-07
1655.33, 2.52968e-07
1186.45, 4.15672e-07
1872.06, 3.31129e-06
1380.66, 7.14709e-07
2098.35, 9.65226e-06
1139.28, 4.08924e-06
2350.87, 5.8937e-07
1875.35, 1.60385e-05
2253.08, 4.97565e-06
1042.24, 1.23238e-05
2103.73, 9.59209e-06
2062.79, 6.54032e-06
1205.29, 4.28812e-08
2383.05, 2.26497e-06
1530.43, 2.73204e-06
2265.94, 2.37959e-05
1449.11, 4.26103e-06
2039.35, 1.66844e-06
2082.91, 6.5248e-06
1063.36, 3.87145e-07
1661, 1.21361e-06
1442.51, 5.36664e-07
1581.96, 5.78819e-06
2272.3, 1.49307e-06
2137.33, 4.23897e-06
2216.65, 1.2528e-06
1643.57, 1.11651e-07
2439.69, 2.77163e-06
1365.67, 3.97051e-07
2304.06, 8.84796e-07
1748.1, 5.71054e-07
1836.8, 1.65576e-05
1422.3, 6.30141e-06
2492.18, 3.12055e-06
1533.4, 1.2484e-06
1560.22, 4.31693e-06
1754.74, 1.09245e-05
1900.81, 1.89771e-05
2388.48, 4.84744e-07
1550.71, 2.30438e-07
1223.52, 5.66738e-07
1832.96, 9.05444e-07
1586.34, 4.56911e-07
1301.18, 3.1178e-07
2429.38, 5.45049e-07
1374.44, 1.63725e-06
1320.13, 1.29405e-07
2159.1, 7.07922e-06
1825.28, 2.74782e-06
1969.02, 9.1732e-06
2404.17, 1.44114e-06
1367.18, 5.05853e-07
1154.95, 3.24583e-07
2260.1, 7.2082e-07
1688.57, 3.01416e-06
1664.91, 1.78195e-07
1926.85, 4.75122e-06
1496.16, 0.000414689
1990.41, 1.11197e-05
2476.29, 1.71875e-06
2302.93, 1.47103e-06
2150.21, 2.41499e-06
2111.36, 1.22273e-05
1506.82, 5.35948e-07
1781.17, 1.72099e-06
2327.74, 7.61084e-07
1791.08, 1.92365e-05
1930.98, 3.40784e-06
1623.51, 4.56421e-06
1996.36, 1.58025e-06
2302.19, 7.86286e-07
1944.53, 3.87579e-06
1168.87, 1.53635e-06
1743.85, 5.46147e-06
1362.72, 5.4608e-07
1540.12, 7.32699e-06
1466.51, 4.47638e-06
2136.95, 2.14691e-06
1960.42, 3.20806e-05
2034.84, 2.50512e-06
2316.8, 1.33472e-06
1671.92, 1.72833e-07
2373, 3.75707e-06
1800.39, 7.1752e-07
1595.69, 3.35954e-06
1641.53, 5.06754e-06
1457.7, 8.50261e-07
1354.82, 5.63209e-06
2440.59, 1.49952e-05
1082.3, 5.91509e-07
2354.28, 5.06092e-07
1895.75, 5.72481e-06
1471.54, 0.000100019
1150.38, 7.1088e-09
1044.27, 1.13519e-06
2482.66, 5.73596e-06
1069.48, 1.0573e-05
2065.47, 6.40772e-06
2328.84, 1.58015e-06
1882.55, 1.03275e-06
2073.42, 1.00574e-05
1441.18, 3.91826e-07
1124.92, 9.31219e-08
1936.76, 3.25213e-06
1524.47, 1.05838e-06
1073.37, 1.63231e-06
1801.21, 2.7523e-07
2269.63, 1.42495e-06
2414.93, 1.68791e-06
1107.53, 1.64779e-06
1011.74, 9.37948e-06
1442.96, 3.46575e-07
1413.8, 6.31772e-07
1735.68, 8.17174e-06
1184.01, 2.833e-06
2058.11, 3.30022e-06
1027.58, 4.59088e-05
1290.1, 1.20518e-05
2151.86, 2.9486e-06
1011.26, 0.000206333
2436.95, 1.85138e-06
1814.31, 1.29719e-06
2275.37, 1.83783e-06
1687.73, 2.86897e-07
1964.94, 2.72166e-06
1589.12, 4.10581e-06
1772.33, 1.79528e-06
1860.61, 1.00232e-05
2435.52, 2.04807e-06
2479.23, 5.36957e-06
1226.92, 1.79425e-08
1021.49, 1.10245e-05
2389.49, 6.78803e-07
1426.24, 7.14711e-08
1939.1, 8.60032e-07
2428.73, 1.03449e-06
1584.16, 7.82604e-06
2085.04, 1.95203e-05
2077.74, 2.74933e-06
1797.67, 5.66432e-06
1205.32, 2.81082e-09
1563.15, 5.2877e-06
1785.15, 7.01947e-06
1629.36, 6.53705e-06
1783.44, 2.88669e-06
1759.29, 2.49141e-06
2052.55, 4.33132e-06
1485.8, 5.47178e-07
2096.51, 2.05664e-06
1519.67, 4.96888e-06
1297.51, 9.60208e-09
1096.55, 9.02647e-05
1893.53, 2.37716e-06
1833.36, 6.87013e-07
2095.29, 3.9074e-06
2009.2, 1.56756e-06
1787.17, 3.34633e-05
2235.01, 3.16331e-06
1805.29, 5.59476e-06
1102.99, 4.36346e-07
1817.16, 1.18333e-06
2259.13, 3.71727e-06
2009.69, 1.3221e-06
2461.07, 1.87838e-05
2236.94, 4.06524e-05
1308.81, 1.08007e-06
2126.67, 1.27418e-05
1981.2, 7.19582e-06
1349.73, 2.3768e-08
2441.46, 6.6165e-06
1003.82, 1.15256e-07
1748.18, 2.63537e-06
1098.64, 1.79256e-06
2374.75, 1.15068e-06
1678.24, 3.42725e-06
1247.76, 5.57925e-07
1185.23, 2.29354e-05
2343.73, 5.31393e-07
1046.9, 2.42809e-07
1454.36, 2.32691e-06
1290.23, 1.15788e-06
1907.58, 1.56764e-06
1121.01, 6.07377e-07
1584.09, 1.56627e-06
2387.57, 3.25308e-07
1580.11, 2.4401e-07
2439.23, 1.37775e-06
1101.76, 8.16127e-07
1456.2, 3.26045e-07
2418.91, 3.11175e-06
1389.34, 2.72448e-06
2196.31, 7.17247e-06
1477.64, 3.82972e-07
1113.57, 2.73211e-07
1470.82, 1.54656e-06
1701.07, 3.52864e-06
1415.39, 1.64749e-07
1924.07, 6.53204e-06
1231.8, 8.55267e-12
1852.59, 2.3654e-06
2461.25, 1.35373e-05
1324.74, 7.02133e-08
1209.11, 1.71127e-07
1705.47, 0.0688173
2207.54, 1.9155e-06
1653.43, 9.84268e-07
1444.36, 1.25212e-05
1514.07, 1.31587e-06
2018.27, 2.13558e-06
1044.93, 0.000124879
2063.3, 1.08477e-05
2045.06, 2.79216e-06
1981.9, 6.48991e-07
1019.41, 5.18833e-06
1921.81, 3.35342e-06
2363.64, 4.87153e-07
1707.14, 1.10236e-06
1095.96, 2.23363e-05
1225.09, 7.96442e-07
2337.48, 2.20108e-06
1652.86, 1.94537e-07
1989.5, 2.45471e-06
2238.19, 9.66709e-06
2170.05, 4.34866e-06
1476.09, 3.62836e-06
1394.96, 1.04619e-07
1617.34, 3.79487e-06
1432.96, 1.26175e-06
1212.1, 2.67601e-08
1918.83, 3.86162e-07
2444, 4.28145e-06
2161.1, 1.68313e-05
1439.39, 1.69852e-06
1316.62, 3.84841e-06
1608.68, 7.90226e-07
1630.97, 2.23319e-06
1150.11, 1.53981e-06
1721.66, 3.63078e-06
2212.15, 4.50289e-06
1577.64, 1.32335e-05
1089.16, 1.84322e-06
1134.31, 4.77471e-09
2052.18, 4.85336e-06
2330.15, 3.65195e-07
2381.03, 4.43343e-07
1271.88, 9.67172e-07
1974.26, 3.41273e-06
1204.51, 5.1265e-07
1459.83, 1.54231e-05
1983.41, 4.13888e-05
1723.4, 2.26974e-06
1762.49, 1.54583e-06
2481.51, 1.57769e-05
1903.61, 5.27783e-06
1726.04, 1.07803e-05
1775.44, 5.17883e-06
1146.62, 1.17253e-06
1092.56, 2.8639e-06
1211.03, 1.89408e-08
1986.23, 7.51207e-06
2363.22, 5.24617e-06
2052.18, 1.56535e-06
2433.23, 2.12739e-06
1306.11, 8.59344e-07
1947.62, 9.93675e-07
1014.05, 5.8001e-07
1870.86, 3.11649e-06
2318.01, 6.76774e-07
1912.52, 8.91823e-07
1262.57, 2.74902e-06
1282.21, 2.59306e-07
2004.42, 1.25529e-05
2447.6, 1.41666e-06
1186.25, 3.82135e-08
1438.91, 3.07518e-06
1590.02, 1.18591e-05
1886.82, 2.35814e-05
1699.68, 1.04134e-06
1864.99, 1.01107e-06
2300.69, 6.25513e-07
1719.39, 6.16294e-07
1210.16, 2.17281e-08
1259.79, 3.52452e-08
1912.97, 1.25609e-06
1282.26, 5.10031e-07
1568.45, 2.9485e-06
1782.23, 3.86514e-06
1712.54, 9.99674e-07
1568.1, 2.87337e-06
1502.37, 7.74672e-06
2294.6, 2.30388e-06
1642.28, 4.12218e-07
2088.3, 5.95882e-05
1749.79, 1.04481e-05
1915.81, 2.02349e-06
2136.29, 2.8365e-06
1288.49, 3.00668e-09
1544.42, 6.3375e-06
1854.11, 7.95589e-07
2055.98, 3.41365e-06
1435.36, 1.527e-06
2432.02, 3.25986e-06
2019.02, 1.80652e-06
1320.84, 1.01333e-06
1090.53, 7.25799e-08
2218.57, 1.32865e-06
2255.29, 2.00867e-06
2433.99, 2.9305e-06
2086.92, 2.89524e-06
1273.43, 1.83727e-06
1350.36, 1.64552e-06
2282.71, 1.04588e-05
2381.65, 9.1268e-07
2302.73, 5.16774e-07
2256.65, 2.19706e-06
1778.76, 1.23171e-06
1194.31, 8.13375e-07
1682.68, 3.11359e-06
1466.34, 7.10909e-06
1532.74, 1.49308e-07
2295.27, 7.87325e-07
2084.24, 1.47349e-06
2391, 5.01574e-06
1618.24, 1.55363e-07
2250.1, 2.8232e-06
2114.67, 3.11159e-07
1019.83, 6.22014e-06
2184.8, 1.71506e-06
2005.77, 1.84693e-06
1815.22, 0.00164631
1502.35, 1.19991e-06
2398.78, 9.93012e-06
2360.48, 1.96258e-07
1749.37, 1.28339e-06
2437.91, 2.29924e-06
1181.99, 2.81565e-06
2293.59, 4.10926e-06
1929.09, 7.85843e-05
2429.24, 1.55232e-06
2300.55, 9.28365e-07
1308.12, 2.79143e-06
2327.57, 5.11423e-07
2412.63, 4.26148e-06
1368.1, 2.47204e-07
1509.16, 2.47017e-07
2157.47, 2.07937e-06
1969.36, 2.85045e-05
1222.91, 1.35069e-06
1286.16, 4.55643e-06
1361.69, 2.36434e-06
2398.85, 1.45894e-06
1437.05, 2.80268e-06
2096.98, 2.52141e-06
1451.56, 4.00933e-06
2184.36, 1.5811e-06
1555.35, 3.44055e-06
2281.32, 1.19389e-06
1002.33, 1.86844e-05
1439.16, 4.11692e-07
2310.84, 2.49234e-06
1514.47, 4.42169e-08
1986, 3.07429e-06
1058.9, 7.47002e-06
2376.27, 1.93984e-07
2376.1, 1.57868e-06
1759.56, 2.88261e-05
1627.88, 3.00815e-07
1325.66, 3.2009e-06
1219.31, 3.59514e-07
1971.38, 2.50722e-06
1246.44, 5.36672e-07
1155.2, 4.30543e-06
2001.85, 2.11534e-06
2498.07, 1.92803e-06
2339.61, 7.58672e-07
2164.61, 2.50409e-06
1821.94, 1.89357e-06
1929.47, 1.67761e-06
2419.22, 1.63331e-06
1586.55, 2.29105e-07
1229.8, 8.9607e-08
2150.38, 1.90691e-06
1929.01, 1.30083e-06
1827.66, 5.41672e-06
1952.65, 1.61905e-06
1653.79, 5.1972e-05
1195.63, 6.95522e-07
1601.75, 2.6443e-06
1639.21, 2.00115e-06
1768.06, 5.11195e-05
2302.85, 1.53521e-06
1197.66, 1.13227e-07
1547.52, 4.22609e-06
2489.52, 1.56284e-06
2364.42, 1.32219e-08
1249.92, 8.10672e-07
1198.8, 2.81801e-07
2345.59, 5.57247e-07
1586.32, 1.58448e-06
1574.87, 1.19923e-06
2443.67, 1.30538e-06
2038.64, 1.20597e-05
1937.19, 4.32048e-06
1858.77, 3.06379e-06
1082.25, 1.01924e-06
1979.71, 3.60911e-06
1950.11, 1.07298e-06
1941.11, 4.2359e-06
1464.12, 5.81568e-07
1711.46, 8.55223e-06
2142.44, 2.99469e-06
1968.52, 7.68577e-07
2292.61, 1.00646e-06
1702.35, 5.69591e-06
1006.68, 9.54876e-07
2053.92, 7.54982e-06
1739.47, 1.4408e-06
2368.34, 5.11536e-08
1459.97, 5.51743e-06
1558.18, 1.21967e-06
1387.67, 7.86818e-06
2332.14, 5.42718e-07
1061.07, 7.59451e-05
1205.05, 1.06663e-07
1408.01, 1.13891e-06
2352.33, 4.94565e-07
1467.72, 3.69876e-08
1141.74, 2.48325e-06
2102.42, 8.73256e-07
2393.7, 6.76251e-07
1935.93, 1.32155e-06
1063.38, 4.09975e-06
1055.56, 5.45742e-05
1372.35, 5.82839e-06
1348.16, 2.26346e-06
1608.64, 7.2311e-08
2334.5, 7.16358e-07
2344.92, 5.00511e-07
2172.12, 1.73006e-06
2114.18, 1.13728e-05
2044.67, 5.40476e-06
1447.48, 4.55288e-07
2173.56, 1.18586e-06
2200.02, 3.62587e-06
1817, 9.78898e-07
1472.19, 0.000104182
1316.76, 1.10261e-05
2222.81, 7.10427e-06
1545.11, 1.56978e-07
1375.22, 5.03528e-07
2303.84, 1.51456e-06
1552.1, 3.16264e-08
2103.64, 1.97293e-06
1145.11, 1.37321e-05
2362.64, 4.21252e-06
1879.42, 5.24169e-06
1601.17, 6.47826e-07
1175.94, 1.28108e-07
2417.28, 1.1922e-06
1479.48, 1.88957e-05
1414.11, 7.92201e-06
1103.28, 7.64619e-06
1375.22, 1.50674e-06
1031.56, 5.74011e-05
2392.97, 1.1916e-06
1016.21, 4.11662e-07
1555.92, 1.47735e-07
1130.49, 8.7471e-07
1362.35, 4.39088e-08
1373.83, 1.19599e-06
1238.13, 8.26517e-07
1602.33, 9.28898e-07
2451.99, 3.3235e-06
1875.1, 1.21252e-05
1409.18, 2.14361e-06
2381, 6.16411e-07
2363.75, 6.55958e-07
1573.12, 7.15679e-05
2083.39, 1.29042e-06
2470.87, 2.51596e-06
1239.45, 7.67902e-10
1284.47, 1.76172e-06
1211.84, 9.87648e-10
2445.76, 1.77715e-06
2297.93, 1.44943e-06
1693.38, 7.8156e-07
2252.15, 5.90643e-06
2404.19, 1.05165e-06
2199.15, 2.01465e-05
1922.07, 2.10013e-05
2209.33, 1.29767e-06
2004.57, 1.43643e-06
2089.07, 1.07258e-05
1083.63, 4.05007e-06
1663.15, 6.88741e-07
2167.42, 3.62128e-06
1166.89, 2.08276e-06
2111.63, 7.2323e-06
1515.24, 1.0137e-06
1489.76, 3.53017e-06
1946.45, 5.13752e-07
1885.66, 1.96818e-05
1520.49, 8.35997e-06
2380.84, 1.6218e-06
1981.93, 2.63965e-06
1528.57, 2.94346e-05
2205.39, 2.00586e-06
2233.23, 4.48531e-06
1626.89, 3.78469e-07
2150.57, 1.87718e-06
2131.43, 0.000128325
1725.73, 3.21151e-07
2405.25, 1.10679e-05
2429.9, 1.47529e-06
1667.96, 4.24834e-06
1861.45, 3.44391e-05
1296.63, 1.22439e-06
2021.83, 1.91396e-06
2090.09, 2.59128e-06
1170.66, 4.10815e-07
1106.2, 8.39025e-06
1461.67, 1.44354e-05
1734.64, 7.23512e-06
1084.86, 1.90086e-05
2370.59, 9.30333e-07
2128.5, 7.02608e-07
2207.76, 2.47159e-06
1459.2, 1.65757e-05
2083.93, 6.0185e-06
1033.18, 1.9036e-06
1303.18, 3.77545e-06
2233.14, 1.21066e-05
1218.77, 1.80337e-06
1486.88, 2.14288e-05
1965.32, 7.90663e-06
2260.98, 6.75477e-07
1490.83, 2.80176e-06
1417.78, 1.03043e-05
1476.24, 1.1061e-07
1861.54, 5.41334e-06
2246.49, 2.99404e-06
1038.68, 6.6295e-06
2157.73, 2.08604e-06
1610.89, 4.79754e-06
1242.64, 2.63211e-08
2434, 2.07306e-06
1058.48, 3.67377e-06
1033.72, 2.95142e-09
1181.41, 1.75712e-07
1290.61, 7.12273e-07
1757.21, 1.81569e-05
1477.67, 6.08121e-08
2414.65, 1.51862e-06
1917.08, 2.83744e-06
2136.36, 3.56103e-06
1269.05, 2.0418e-09
1984.62, 1.33352e-06
2256.2, 1.64682e-06
1254.77, 5.3247e-08
1656.91, 9.57379e-07
1065.76, 0.000183683
2055.1, 6.47776e-05
1714.98, 1.3177e-06
1840.64, 8.44896e-06
2160.7, 2.49083e-05
2240.12, 7.77811e-07
2142.37, 1.08622e-05
1139.14, 1.12911e-06
1820.63, 4.09151e-06
1107.47, 1.88601e-05
1180.87, 1.85766e-07
1470.14, 2.23733e-06
1128.73, 1.05444e-06
2015.32, 3.64798e-06
1384.59, 3.06201e-07
2295.37, 8.72751e-07
2192.84, 5.05402e-06
2095.92, 4.38314e-06
1345.73, 9.99897e-06
1251.22, 3.78851e-08
2007.03, 8.60329e-06
1304.7, 3.36787e-05
1077.92, 3.85166e-08
1375.4, 1.14654e-06
1425.11, 1.58552e-06
2231.78, 1.35635e-06
1222.48, 1.3353e-07
1510, 1.42218e-06
1460.2, 7.62559e-06
2435.03, 3.16472e-05
1551.77, 2.40948e-07
1421.59, 1.02795e-06
2172.36, 1.67255e-06
2388.57, 3.85304e-07
2491.24, 1.00931e-05
1656.07, 1.92838e-07
1449.5, 2.56163e-05
1825.56, 1.28328e-05
2184.23, 2.13729e-06
1526.05, 4.87341e-08
1573.64, 5.28191e-07
1383.51, 7.25493e-07
1494.94, 7.09657e-06
1434.06, 1.15958e-07
1732.12, 5.30681e-06
1403.22, 2.39092e-06
2239.02, 2.92212e-07
1904.5, 1.98421e-06
1948.85, 3.78392e-06
1016.79, 2.26268e-05
2123.67, 2.61303e-06
1496.84, 1.33974e-06
1599.39, 1.15121e-06
1160.94, 2.40029e-07
1858.83, 2.63572e-06
1645.8, 3.73006e-06
1213.21, 4.89748e-08
1172.9, 2.02403e-08
2353.37, 5.37098e-07
2323.01, 8.35802e-07
2312.41, 6.31984e-07
2346.8, 4.56602e-07
1647.85, 6.14028e-07
2104.24, 6.998e-06
1377.23, 3.41713e-06
1999.23, 3.32854e-06
2273.81, 7.17667e-06
2231.51, 3.38159e-06
2409.38, 1.33198e-06
1911.28, 1.0211e-06
1839, 4.59229e-06
1303.25, 5.28282e-06
2355.95, 3.12495e-07
2279.1, 7.07022e-07
1806.86, 8.66143e-06
2105.49, 1.87696e-06
1888.27, 1.73279e-06
2344.78, 4.45453e-07
2047.96, 6.22043e-07
2282.47, 1.2159e-06
2067.54, 6.15196e-07
1752.47, 2.0214e-06
1677.97, 4.19007e-07
1478.84, 4.90772e-06
2395.44, 4.47021e-07
2477.59, 1.35405e-05
1133.59, 5.34452e-06
1083.16, 3.74705e-06
1923.4, 8.93803e-07
1121.18, 4.58745e-08
2172.75, 7.33009e-06
2315.5, 1.82872e-06
1601.82, 9.93404e-07
2017.28, 3.4937e-06
2184.75, 2.84466e-06
2229.56, 1.15006e-05
1939.47, 4.01755e-06
2463.52, 1.62321e-06
2148.71, 4.67208e-06
1871.72, 3.84122e-06
1428.79, 2.00318e-06
1313.04, 7.05098e-07
2157.32, 2.23519e-06
1209.45, 1.51795e-08
2240.65, 1.01815e-06
2105.33, 1.21163e-06
1248.6, 1.51413e-09
2402.58, 2.57269e-06
2080.42, 7.97973e-06
1591.38, 3.14225e-07
2129.86, 2.04607e-06
1189, 1.99782e-06
1540.08, 5.41895e-07
1502.28, 1.43881e-05
2103.52, 1.40426e-05
1192.56, 9.81675e-07
2325.45, 4.02305e-06
1873.26, 4.13186e-06
1753.97, 3.59315e-05
2369.6, 3.35503e-07
1777.41, 3.3941e-07
1684.77, 1.838e-06
2492.5, 2.05663e-06
1742.35, 2.24696e-06
1627.54, 7.53934e-07
1738.26, 5.71464e-06
1176.4, 1.3418e-07
2021.81, 6.54842e-06
1675.99, 1.37557e-05
2068.43, 1.73302e-06
1379.26, 2.32983e-07
1571.7, 1.08995e-07
1407.59, 3.11551e-06
1069.26, 5.43352e-06
1848.55, 2.66086e-06
2089.91, 3.27208e-06
1684.1, 2.83736e-07
1056.81, 4.20697e-08
1318, 9.84097e-07
1787.05, 1.89235e-06
2195.97, 2.67012e-06
1220.6, 4.67505e-08
1748.83, 6.74796e-07
1016.36, 0.000175672
1727.07, 9.33038e-06
2090.51, 4.21288e-06
2358.93, 1.27493e-07
2483.06, 4.9821e-06
2483.61, 3.55057e-06
1757.39, 8.40264e-06
1122.14, 2.69533e-07
1562.27, 1.86428e-06
1084.8, 1.19817e-05
1385.32, 1.71578e-06
1434.24, 6.08256e-08
1650.27, 4.2499e-06
1442.95, 7.42806e-07
1589.19, 2.08844e-06
2132.99, 3.52906e-06
1391.2, 2.9259e-07
1064.02, 1.23565e-05
1350.09, 3.89647e-06
1575.74, 2.47443e-07
2378.5, 1.66862e-07
1735.36, 1.13425e-05
2431.62, 1.43357e-07
1480.8, 1.32005e-07
1213.44, 9.35009e-08
1860.79, 1.36319e-06
2240.03, 2.50702e-06
2354.52, 2.68236e-06
2438.08, 3.74464e-05
1081.16, 1.20887e-05
1273.51, 2.33855e-06
1758.4, 2.11689e-06
2492.5, 3.6247e-06
1202.42, 2.05112e-09
1456.46, 4.28237e-06
2113.98, 2.54147e-06
1044.77, 8.04499e-09
1400.65, 1.84172e-05
1044.82, 3.93709e-06
1638.56, 4.73228e-06
1181.05, 1.18383e-06
1239.14, 1.18555e-05
1777.08, 8.35857e-06
1811.59, 3.88113e-06
1162.41, 4.97457e-07
1574.49, 4.80946e-06
2428.44, 3.76401e-06
1755.2, 7.31352e-05
1110.02, 4.88192e-06
2018.38, 3.61972e-06
1834.57, 2.71521e-06
2340.37, 5.08722e-07
2172.37, 2.35051e-06
1648.06, 4.73587e-07
1126.95, 1.59768e-06
2175.38, 6.4134e-06
2028.6, 1.7604e-05
1834.63, 5.91176e-07
2163.22, 1.41025e-06
1993.61, 3.20795e-06
2406.22, 1.31882e-06
1946, 1.7889e-06
1860.56, 5.95869e-06
1507.04, 1.41222e-06
1607.34, 2.36379e-06
1236.18, 2.82567e-08
2460.75, 7.39049e-07
1089.55, 3.59224e-08
2042, 7.37926e-06
1124.33, 2.23797e-07
1003.9, 0.000176887
1109.51, 3.26469e-08
1337.67, 7.83629e-08
1574.24, 1.43231e-06
1577.91, 1.11067e-05
1630.15, 2.04553e-06
2105.29, 2.67858e-05
2135.17, 1.42717e-05
1738.16, 7.26193e-07
1859, 2.29667e-06
1769.8, 2.77117e-06
2247.92, 3.40977e-06
1387.95, 1.24424e-05
2435.84, 1.02876e-06
1433.1, 2.53185e-06
1258.57, 9.5736e-07
1032.09, 2.45488e-05
1302.58, 4.06098e-07
1746.23, 6.78822e-07
1227.16, 3.56021e-07
1156.45, 5.46148e-06
1985.82, 3.4334e-06
2105.78, 7.81957e-06
1983.31, 7.23457e-06
2377.54, 6.04738e-07
2111.66, 2.53614e-06
2000.25, 2.25852e-06
1108.75, 8.50231e-07
1068.08, 1.02172e-05
1624.07, 8.43093e-07
1519.33, 1.4516e-07
2133.77, 4.74765e-06
1921.33, 2.11374e-06
1512.04, 1.21943e-06
1626.1, 2.14809e-06
2217.4, 3.18276e-06
1651.87, 3.78542e-06
1303.81, 5.21627e-06
1744.02, 1.13327e-06
1800.76, 1.55715e-05
1293.83, 9.37551e-07
2439.36, 8.70083e-07
1813.14, 1.21955e-06
2333.43, 4.06658e-06
1607.36, 1.36918e-06
2324.14, 1.44409e-06
2226.22, 3.41534e-06
1794.83, 3.58755e-06
1951.51, 6.09749e-05
2191.99, 4.78873e-05
1875.47, 6.04974e-06
1398.22, 4.56768e-07
1470.73, 8.55268e-07
1444.19, 2.58054e-06
1994.54, 4.93919e-06
2344.39, 3.28639e-07
2403.66, 3.06341e-06
2283.3, 1.56623e-06
2206.94, 2.23034e-06
1682.47, 7.82026e-07
1900.7, 3.28264e-06
1057.83, 8.07368e-08
2415.33, 1.08507e-06
2278.84, 1.95732e-06
2370.35, 2.73149e-07
1438.12, 4.34658e-07
1350.97, 1.23636e-08
1202.32, 1.09304e-07
1485.06, 4.85202e-07
2283.52, 1.44907e-06
1526.12, 5.80935e-05
1468.57, 5.82619e-06
2171.05, 1.70898e-06
1056.9, 8.03645e-05
1356.09, 4.78825e-06
1584.86, 1.86003e-05
1202.36, 4.39196e-07
2155.43, 5.01445e-06
1241.33, 5.40806e-07
1004.34, 0.00036908
2151.37, 3.71526e-06
2210.14, 2.28105e-06
1274.12, 8.99887e-06
1650.73, 2.80286e-06
2212.36, 2.66488e-06
1423.1, 4.3917e-07
1828.11, 7.51803e-07
2408.69, 3.08197e-06
1109.34, 6.86836e-06
1397.12, 5.60247e-08
1419.91, 1.95579e-06
1094.64, 3.74992e-09
1278.01, 3.36415e-07
2453.24, 5.50349e-06
1383.87, 3.58897e-06
1058.04, 6.01501e-06
1068.68, 4.52264e-06
2366.9, 8.11366e-08
2463.45, 1.46986e-06
2357.12, 1.82867e-07
1256.59, 9.53796e-07
1232.49, 1.98373e-07
2347.33, 2.40593e-07
2277.91, 1.60693e-06
2092.29, 1.98453e-05
1519.89, 0.000175506
1277.68, 1.4609e-06
2412.06, 2.20334e-06
2087.09, 6.3399e-06
2464.77, 3.12423e-06
1857.92, 6.29691e-07
1660.04, 9.66035e-08
1693.52, 3.57732e-07
1627.13, 4.19677e-07
1035.09, 1.63407e-05
1196.83, 9.44766e-07
1170.34, 3.67284e-07
1915.7, 9.86836e-07
1956.65, 5.08857e-06
1097.97, 1.78043e-05
2248.18, 3.71002e-07
1352.12, 2.38928e-07
1212.79, 2.43726e-08
1406.76, 5.37719e-08
2155.47, 1.55323e-05
1696.66, 5.64558e-07
1022.53, 0.000358203
1095.12, 1.75734e-09
2084.78, 5.81512e-07
2059.29, 2.87322e-06
1366.22, 2.99933e-07
2128.02, 2.10958e-06
2114.79, 4.02311e-06
1518.51, 1.17597e-05
2139.69, 2.3418e-06
1077.36, 6.64227e-06
1239.15, 2.36582e-06
1624.17, 2.44064e-07
1055.39, 6.80742e-06
1921.61, 3.46178e-06
1111.96, 5.31367e-06
2174.79, 2.73658e-06
1413.23, 3.35334e-05
1269.33, 1.91313e-06
1372.5, 3.76063e-08
2323.27, 5.02255e-07
2260.89, 5.45509e-05
1687.93, 2.5277e-07
1119.92, 9.49622e-07
1393.46, 3.65827e-06
1858.3, 2.32139e-06
1999.28, 1.04809e-05
2270.91, 5.38504e-06
2036.3, 1.83893e-06
1205.28, 2.12592e-06
1983.34, 3.55395e-05
1442.83, 2.10276e-07
2323.01, 7.79038e-07
1939.16, 1.98757e-06
1926.73, 1.45337e-06
1732.16, 1.27169e-06
1308.35, 5.06331e-06
1935.75, 5.83683e-06
2017.85, 3.71943e-06
1608.68, 4.38833e-06
1959.04, 7.51567e-07
1424.38, 1.38312e-05
1237.57, 1.05009e-07
1613.96, 2.73472e-07
1963.4, 1.07464e-06
1842.29, 7.92262e-07
1830.69, 1.34378e-06
1622.6, 1.28531e-07
2236.61, 2.85319e-06
1382.43, 1.39405e-06
1283.67, 1.85429e-07
1133.69, 2.48182e-05
1462.98, 1.64894e-06
2355.35, 4.08838e-07
1669.35, 2.42766e-07
1879.22, 1.10927e-05
2458.26, 1.08448e-06
1905.36, 1.11804e-06
2046.54, 2.00739e-06
1645.62, 9.97508e-07
1510.11, 6.80541e-07
2205.87, 2.35687e-06
1113.34, 8.33044e-06
1883.07, 4.13714e-07
1853.87, 1.12269e-05
1063.02, 2.98935e-06
2407.28, 2.80353e-06
1573.44, 1.03254e-06
2038.91, 2.59673e-06
2076.71, 2.34981e-06
1129.59, 1.57904e-06
1870.62, 1.29489e-05
1554.28, 1.92306e-06
1366.09, 1.8605e-06
2289.59, 1.2159e-05
1493.59, 1.13406e-05
1407.18, 1.23008e-06
1938.68, 1.75266e-06
1648.45, 1.1523e-05
2369.76, 5.09376e-08
2283.05, 1.53728e-06
1553.97, 3.75725e-06
2221.06, 2.54742e-06
1140.4, 2.32905e-05
1904.77, 9.71059e-07
2211.79, 3.66351e-06
2312.84, 2.18967e-06
1236.26, 2.76619e-07
1114.06, 4.97592e-06
1308.48, 1.7692e-08
1095.73, 8.04489e-07
1981.99, 1.20999e-06
1709.55, 5.46887e-05
1157.61, 2.15637e-07
2053.73, 3.62235e-06
1169.05, 1.47102e-07
1981.71, 2.84333e-05
1122.17, 1.05139e-05
2043.83, 2.06895e-06
1210.99, 1.54505e-08
1964.3, 1.88392e-06
1310.26, 5.25529e-07
1483.23, 3.52653e-06
1911.28, 2.21029e-06
1729.21, 2.54368e-06
1399.1, 1.64999e-05
1345.6, 7.06406e-07
1074.31, 4.50356e-07
1415.32, 6.3591e-07
1438.25, 2.97621e-07
1533.71, 6.81813e-07
1300.67, 2.08564e-06
1475.66, 4.25883e-06
2309.87, 6.98389e-07
1152.81, 6.96209e-07
1767.71, 0.000274601
1319.22, 2.22914e-07
1322.3, 6.99571e-06
1426.95, 7.17357e-06
1585.81, 1.23806e-05
2056.54, 5.21935e-06
1238.01, 4.43833e-08
2147.13, 4.00386e-05
2362.15, 1.29684e-06
2116.49, 8.72744e-06
2394.54, 9.10339e-07
2480.4, 1.63177e-06
2265.67, 1.9823e-06
2085.73, 2.13014e-06
2027.42, 2.78019e-06
2018.22, 1.48402e-06
1081.83, 5.49622e-06
1621.57, 5.96398e-05
1684.18, 4.3777e-06
1664.07, 3.16746e-07
1114.85, 7.71424e-09
1329.49, 1.789e-06
2316.91, 8.90697e-07
1877.35, 3.37213e-06
2258.22, 1.07547e-06
1377.54, 5.74009e-08
2084.2, 5.09474e-06
2142.92, 1.09123e-06
1476.92, 5.52732e-06
1737.54, 1.93851e-06
1799.62, 3.95128e-06
1567.77, 2.62079e-05
2310.73, 2.4138e-06
1941.19, 4.58218e-06
1384.01, 4.75297e-07
1721.3, 1.53954e-05
1467.32, 5.19482e-06
1156.1, 1.0787e-07
1309.52, 5.57762e-07
1318.71, 5.64994e-09
2191.18, 4.37228e-06
1096.26, 3.48912e-07
1012.27, 5.07431e-06
1605.92, 1.65831e-07
2285.88, 1.18145e-05
1947.78, 7.10711e-07
2026.49, 2.23363e-06
2157.39, 1.36709e-05
1140.81, 1.85522e-06
1654.29, 5.50451e-06
2430.76, 2.10346e-06
1507, 2.55398e-07
2356.48, 5.40367e-08
1587.66, 1.40116e-06
2472.3, 4.16321e-06
1093.64, 1.14598e-05
1379.27, 5.71631e-07
1591.21, 1.70048e-06
1140.23, 7.67927e-06
1833.17, 1.43985e-06
1492.97, 1.36093e-06
1816.76, 6.25125e-06
1586.28, 5.31787e-06
1826.03, 1.09709e-05
1768.59, 1.07032e-06
1491.89, 1.83569e-07
1321.5, 2.19771e-06
2458.44, 1.31922e-06
1842.82, 3.79785e-06
2030.22, 5.56694e-06
1001.34, 3.63768e-07
1522.97, 3.72348e-07
2463.48, 2.03172e-06
1212.56, 6.9411e-09
1772.14, 1.09106e-06
1963.18, 1.71443e-06
1928.75, 1.91693e-06
2343.51, 7.8119e-07
2370.76, 2.20949e-07
2383.66, 4.61737e-07
2270.73, 1.52076e-06
1461.83, 8.82118e-08
2231.58, 2.10169e-06
1192.31, 5.78885e-08
1320.65, 6.79338e-06
1707.73, 4.05774e-07
1719.95, 2.25456e-05
2447.64, 1.48076e-06
2198.37, 1.39248e-06
1924.05, 7.82876e-07
1969.26, 7.27186e-06
1243.82, 9.0266e-08
1230.64, 2.12903e-05
1423.95, 1.98696e-05
1276.58, 6.35679e-07
1190.76, 2.63589e-07
2108.14, 1.03236e-06
1526.09, 1.80856e-06
1808.39, 1.16048e-06
1603.04, 5.87606e-06
2452.9, 1.54208e-06
2207.43, 0.000269049
2244.09, 5.999e-06
1071.11, 2.12642e-06
1762.07, 6.21663e-06
2426.77, 4.24514e-05
2429.63, 2.91571e-05
1382.16, 2.37962e-06
2095.45, 8.22715e-06
1484.66, 6.8607e-06
2129.15, 3.63154e-06
1611.89, 8.8897e-07
1225.79, 9.83345e-08
1497.83, 4.30125e-07
1709.51, 3.3809e-07
1623.46, 1.34022e-05
2100.27, 6.96726e-06
1579.84, 8.65263e-07
1584.52, 4.17358e-07
1581.14, 6.63828e-07
2409.06, 5.9552e-06
1511.56, 6.6638e-08
1234.88, 1.0924e-05
2446.34, 1.35473e-06
2406.28, 6.0214e-06
1741.68, 4.2975e-06
1725.25, 1.19647e-06
1027.75, 1.35906e-05
1683.86, 8.26e-06
2255.41, 4.34663e-06
2121.88, 9.95829e-07
1111.68, 1.5446e-05
2322.56, 2.0466e-06
2154.38, 8.38218e-06
2409.56, 3.19989e-06
1885.47, 2.13408e-06
2028.99, 1.4866e-05
1010.57, 2.26655e-06
1425.24, 1.27488e-06
2407.28, 8.22327e-07
1451.51, 6.28604e-07
2285.48, 1.13666e-06
1496.86, 3.50486e-07
1013.26, 1.3542e-05
2023.47, 3.36371e-06
2424.74, 2.29413e-06
1571.49, 2.29991e-06
1843.59, 2.77798e-06
2466.62, 6.9078e-06
2394.94, 9.74623e-07
2491.66, 2.13263e-05
1990.13, 3.02572e-06
2334.18, 3.63625e-06
1401.41, 2.55382e-08
1376.34, 2.23258e-06
1970, 1.79331e-05
1930.25, 1.20762e-06
1649.09, 5.54751e-06
1160.22, 6.0364e-06
1199.17, 7.23231e-09
1375.66, 3.50213e-06
1288.21, 3.54837e-06
1537.89, 2.07974e-06
1275.99, 1.14198e-06
1048.16, 1.41912e-06
2309.33, 9.82598e-07
1854.36, 3.18283e-06
1016.36, 2.71304e-05
2023.21, 8.77937e-07
1246.57, 2.53867e-06
2271.02, 3.71933e-06
1325.64, 2.42616e-06
1740.26, 3.61278e-06
1140.59, 2.50039e-06
2237.08, 1.36766e-06
2404.96, 2.4944e-06
1620.15, 3.00038e-06
2107.08, 1.29961e-06
2149.81, 5.77608e-06
1001.31, 6.68316e-05
1159.72, 5.33469e-06
1863.61, 6.98146e-06
2288.68, 1.37431e-06
2225.47, 1.49829e-06
2235.04, 1.47961e-06
1136.99, 2.81694e-06
1074.53, 6.09308e-06
1542.24, 5.57706e-06
1250.84, 6.96057e-07
2410.12, 1.62113e-06
2425.48, 6.52624e-06
2070.66, 1.25191e-05
1559.36, 1.45767e-07
2467.16, 7.80045e-06
2499.83, 7.36942e-06
1489.89, 6.89564e-07
1811.18, 8.889e-07
1831.28, 3.05276e-06
2053.54, 2.24701e-06
2086.11, 2.27241e-06
2207.12, 5.62434e-06
2499.71, 0.000282777
1563.79, 2.36719e-05
2067.31, 2.69452e-06
2433.74, 1.02378e-06
1252.03, 3.37066e-08
1166.52, 1.24439e-06
1078.66, 3.9012e-06
1474.79, 6.87469e-07
1768.65, 9.12662e-06
1348.93, 8.52331e-07
1080.98, 3.59484e-06
1223.62, 1.07907e-06
1389.02, 2.07912e-06
2105.74, 1.73702e-06
1562.44, 3.3055e-05
2416.47, 1.41525e-06
2489.63, 5.29519e-06
1931.28, 1.44959e-06
1757.95, 4.1195e-07
1942.95, 1.42463e-05
2040.63, 2.18321e-06
1498.58, 4.27192e-06
1637.99, 3.01287e-07
2395.17, 1.54538e-06
1546.89, 1.21939e-05
2397.93, 9.71686e-07
1760.91, 2.80881e-06
1948.24, 2.55967e-06
2283.64, 1.44745e-06
1713.22, 1.0978e-06
1515.13, 1.23444e-07
2014.62, 2.98638e-06
1348.83, 1.73452e-08
2372.27, 2.17738e-07
2068.14, 0.000105187
2370.22, 7.79023e-08
1087.15, 7.35882e-06
2264.26, 9.48977e-07
2284.78, 1.34854e-06
2290.72, 1.34606e-06
1924.27, 5.09895e-07
1005.36, 2.04854e-05
2025.12, 1.8712e-06
2010.66, 7.0028e-07
2393.3, 1.04232e-06
2046.64, 3.18358e-06
2379.78, 7.89999e-07
1185.19, 3.25778e-07
2153.17, 1.26533e-06
2075.86, 9.14212e-07
2410.07, 8.82063e-07
1311.38, 1.4071e-07
2105.81, 6.90757e-06
1351.29, 2.29087e-06
1451.61, 1.07908e-06
1538.95, 2.64125e-06
1475.78, 8.70878e-08
1103.1, 1.95806e-06
1038.38, 2.02415e-05
1768.01, 5.83629e-06
1625.54, 1.7624e-07
2465.1, 2.26624e-06
2209.67, 1.25672e-06
1549.78, 1.94399e-07
2039.41, 3.66374e-06
1072.22, 1.32138e-05
2332.7, 4.67352e-07
2363.61, 1.16759e-07
1213.54, 1.01289e-07
2318.44, 7.96949e-07
2214.97, 9.19157e-07
1469.04, 8.88313e-06
1629.2, 3.30208e-06
1060.35, 7.64301e-05
1125.2, 4.4101e-07
2387.06, 6.45761e-07
2450.47, 1.05894e-06
1631.02, 2.77938e-06
1775.41, 1.56676e-06
2306.66, 1.8287e-06
1596.18, 1.15287e-06
1966.88, 2.42267e-06
2488.95, 1.7305e-06
1887.8, 1.61129e-06
2148.71, 6.11353e-06
1633.88, 3.8932e-07
2384.59, 1.56633e-06
1173.3, 1.47606e-09
1895.39, 4.13944e-06
2408.42, 3.50391e-06
1622.57, 2.95324e-06
1002.52, 1.57316e-06
2220.97, 1.89086e-06
1352.37, 5.48217e-08
1215.24, 3.42326e-08
1501.07, 1.38624e-06
1059.47, 2.04728e-06
2080.55, 4.50295e-06
2389.11, 6.69875e-07
1227.05, 5.79866e-06
2489.85, 4.39614e-06
1442.15, 4.49964e-08
2492.21, 3.00946e-06
2129.19, 2.11648e-06
2036.03, 0.000228745
2278.64, 9.10876e-07
2183.83, 1.90143e-06
2018.88, 9.31178e-07
1327.22, 7.67171e-07
2465.69, 2.35077e-06
1739.59, 3.24967e-06
1217.02, 4.93158e-07
2070.16, 5.49038e-05
1498.32, 3.87678e-06
2420.38, 7.76958e-07
1710.25, 2.04518e-07
2204.35, 3.09806e-06
2361.12, 9.43002e-07
2349.72, 1.87808e-07
2343.5, 1.41849e-06
1187.31, 1.64144e-06
2066.97, 1.35792e-06
1655.02, 3.39259e-06
1663.91, 3.80935e-06
1466.33, 2.29969e-06
2260.14, 1.22809e-05
2393.15, 1.78174e-06
1505.48, 5.98547e-06
1849.65, 2.79125e-06
1999.79, 1.7062e-06
1422.94, 7.34142e-06
2407.59, 9.53396e-07
1190.5, 6.95178e-08
2201.54, 1.75545e-06
1700.45, 1.20889e-05
1294.74, 8.68721e-07
1239.11, 2.65953e-07
1040.03, 1.83327e-07
1234.17, 5.11093e-08
1278.29, 2.51624e-06
1240.35, 2.02531e-07
1767.1, 4.15247e-06
1744.82, 1.6119e-07
2001.85, 1.53738e-06
2334.05, 1.15384e-06
2242.64, 1.06672e-06
1057.98, 2.87724e-05
1956.43, 1.22907e-06
1481.15, 4.83166e-06
1914.11, 8.19649e-07
2137.38, 3.85611e-06
1621.87, 7.98843e-07
2028.36, 1.25565e-05
1574.96, 1.30344e-07
1042.82, 0.000212449
1808.38, 4.3193e-07
1851.87, 3.43781e-05
2075.52, 4.77949e-06
1120.07, 1.8724e-05
1273.3, 2.06839e-05
2003.75, 0.000413791
1777.23, 2.98482e-07
1425.2, 8.64121e-07
1795.1, 6.40416e-07
2113.74, 1.83495e-06
1306.07, 1.56119e-07
2149.26, 1.94015e-06
1178.12, 4.57146e-08
2425.59, 1.93256e-06
1217.2, 6.74906e-08
2138.78, 1.27366e-06
1973.14, 1.28795e-06
1931.48, 4.05726e-06
2061.41, 1.08238e-06
1585.02, 1.99303e-05
1780.39, 4.57583e-06
1704.44, 2.26705e-06
1659.5, 6.124e-07
2241.61, 1.77437e-06
1823.11, 1.67332e-06
1816.81, 3.71631e-06
2108.31, 1.35738e-05
1011.55, 2.71756e-05
1361.36, 3.30989e-07
