temperature, L2
2171.43, 0.00279593
2183.2, 0.00159693
1751.54, 0.0037286
1192.38, 0.000946822
1844.61, 0.00620415
1435.35, 0.00969049
1707.32, 0.00603854
1500.37, 0.00456185
1950.66, 0.00323766
1494.87, 0.00517302
1901.69, 0.00501641
1997.32, 0.00244409
1835.87, 0.00482841
1163.64, 0.00185865
1168.64, 0.00128338
1107.29, 0.00376426
2094.72, 0.0163971
2232.45, 0.00086411
1344.57, 0.00567753
2016.4, 0.00597086
1423.56, 0.00405735
1554.11, 0.0117006
1926, 0.00673199
1102.92, 0.00473577
1933.83, 0.0114082
2363.7, 0.00339107
1127.84, 0.012678
1129.81, 0.00302491
1017.12, 0.0114432
1429.37, 0.0184431
2085.76, 0.00862485
1860.55, 0.003923
1250.55, 0.00134111
1382.85, 0.00424133
2215.52, 0.00118617
1641.1, 0.00482117
1458.78, 0.00648333
1210.23, 0.00242246
1347.73, 0.00531072
1367.3, 0.00522912
1732.6, 0.00657569
1401.16, 0.00354023
2187.26, 0.00137186
1823.06, 0.00911168
2233.27, 0.00166468
2428.55, 0.000859785
1544.1, 0.00343507
1397.96, 0.0176045
1870.42, 0.0053121
1514.38, 0.00971775
1268.1, 0.00690065
1721.79, 0.00652303
1334.36, 0.00550006
1669.26, 0.0156014
1386.56, 0.00407607
1234.72, 0.00477324
1286.94, 0.0026069
2109.45, 0.00204694
2427.7, 0.00121477
1862.28, 0.0043465
1765.34, 0.00554002
1870.89, 0.0134943
2239.01, 0.00100832
1057.51, 0.00416829
1436.56, 0.00851653
1295.45, 0.00387546
1321.85, 0.00510363
1633.73, 0.00410648
1612.73, 0.00341409
1636.07, 0.00550947
1521.96, 0.00639217
1509.29, 0.00769732
1729.19, 0.00915637
2395.16, 0.000557989
1986.82, 0.00443695
1903.94, 0.00383246
1950.52, 0.00433089
2222.53, 0.000819699
1904.79, 0.00542174
1643.86, 0.0076007
1090.94, 0.00509924
2353.29, 0.000453625
1455.9, 0.00921532
1482.91, 0.00397585
1578.38, 0.00730911
1223.31, 0.00304589
1923.5, 0.0029555
2456.85, 0.00324137
1944.74, 0.00444915
2477.84, 0.00213142
1770.13, 0.0062468
1780.43, 0.031107
1349.07, 0.00294444
2083.37, 0.0196082
1222.95, 0.000781196
1017.7, 0.00574773
2253.07, 0.00136324
1165.33, 0.00155149
1026.73, 0.00823815
1071.06, 0.00625259
1948.61, 0.0166166
1853.68, 0.00422817
1684.78, 0.00990291
2318.36, 0.000405729
1892.07, 0.0042931
1648.2, 0.00550762
1437, 0.00733138
2013.67, 0.00378399
2402.76, 0.00180526
1080.52, 0.0043547
2493.17, 0.00127876
1990.61, 0.00354955
2313.53, 0.000286021
1693.22, 0.00532263
2103.67, 0.00195467
1929.68, 0.00466351
1477.87, 0.0137103
2218.13, 0.00190659
1088.04, 0.00466786
2261.59, 0.000601975
2231.56, 0.00143743
2106.45, 0.00240852
2224.37, 0.00138355
2256.08, 0.000892271
2485.76, 0.00145422
1563.57, 0.00758519
1565.02, 0.0104386
2339.69, 0.000686689
1727.53, 0.00754517
1773.17, 0.00620503
2251.81, 0.000947969
1952, 0.0040564
1936.38, 0.00516378
1887.19, 0.0118306
2450.32, 0.00325072
1765.07, 0.00523708
1469.17, 0.0266075
1038.48, 0.0112363
2397.61, 0.00146381
2083.42, 0.00257034
1838.74, 0.00648312
1510.17, 0.00633165
1126.2, 0.0143953
2096.94, 0.0040533
1260.47, 0.00272118
1113.37, 0.00374063
2264.65, 0.000669164
2457.24, 0.00149362
1087.53, 0.00821758
1047.17, 0.00600524
2066.04, 0.0065702
1160.38, 0.0219501
1518.59, 0.00337952
1184.08, 0.00052227
1445.14, 0.0596562
2451.95, 0.00161481
1043.01, 2.61559
1090.95, 0.00453652
2053.2, 0.0021764
1309.52, 0.00242218
1954.84, 0.00429083
1151.51, 0.00178626
1760.74, 0.0044202
2177.71, 0.00137512
1242.71, 0.00150186
1209.54, 0.00117154
2472.81, 0.00160112
2382.43, 0.00128184
1063.04, 0.0072787
2451.52, 0.00188218
2296.81, 0.00040668
1330.29, 0.0033036
1523.16, 0.0113328
1180.43, 0.000894157
1172.64, 0.00117531
2250.26, 0.00189141
2231.4, 0.00184711
2460.32, 0.00236067
2490.97, 0.00199406
1930.39, 0.00392348
1750.71, 0.00577026
1412.52, 0.00571866
1886.77, 0.00344172
1078.59, 0.0666399
1645.53, 0.00429457
2359.95, 0.000963651
2137.85, 0.00163248
1210.5, 0.00126869
1828.32, 0.0040985
1642.35, 0.00758595
1777.51, 0.0056654
1747.74, 0.00609057
2071.68, 0.0040603
2171.76, 0.00182156
1089.83, 0.00598317
1460.6, 0.0114748
2034.36, 0.00375989
1180.74, 0.000758148
2014.09, 0.00795681
2107.39, 0.00245233
1372.21, 0.00514092
1906.17, 0.0037452
1757.23, 0.00547185
1572.55, 0.00381105
1041.18, 0.0126587
1334.6, 0.00478208
1854.84, 0.0124848
2430.19, 0.00161169
1231.01, 0.00127314
1127.64, 0.00273532
1388.58, 0.00402018
1032.87, 0.00571083
2172.82, 0.00164785
2251.14, 0.00728223
1080.71, 0.0167553
1496.07, 0.0105375
1587.19, 0.00689517
2485.23, 0.00155659
2053.33, 0.00290163
1049.82, 0.0148272
1528.61, 0.00811797
1371.09, 0.00349328
1185.89, 0.00133421
1410.11, 0.0111368
1162.9, 0.00181434
1059.83, 0.0111002
2142.81, 0.00182088
1005.19, 0.0154399
2422.26, 0.000747127
1659.48, 0.00470697
2205.28, 0.00272653
1950.22, 0.00414914
1850.11, 0.00442222
2268.15, 0.000650221
1631.45, 0.00922159
1550.87, 0.00617296
1323.35, 0.010609
1912.08, 0.0083497
1994.26, 0.00267855
1735.65, 0.00833246
2241.5, 0.00103648
1198.47, 0.000828782
1145.88, 0.00260349
2242.6, 0.000909301
2000.48, 0.0177199
1394.63, 0.0318181
1986.97, 0.00260316
1969.13, 0.00308211
1637.8, 0.00633481
1091.58, 0.0111496
1386.34, 0.00274421
2470.53, 0.00256648
2031.84, 0.00632191
2425.24, 0.000994817
1890.1, 0.00495843
1655.03, 0.00616336
1059.5, 0.012757
1668.46, 0.00963554
2272.75, 0.000475395
1681.69, 0.00809093
1402.91, 0.0064685
1429.44, 0.00699621
2243.29, 0.00199012
1913.1, 0.00281584
2109.4, 0.00269532
1316.67, 0.00344241
1373.8, 0.0141429
2320.03, 0.000817356
1223.2, 0.00270353
2308.27, 0.000292007
1723.34, 0.00367566
1277.73, 0.00645552
2292.33, 0.000383333
2202.36, 0.00136513
1400.31, 0.00276589
2473.85, 0.00387114
2050.15, 0.00408722
1034.35, 0.01243
2028.7, 0.00421219
2312.85, 0.000308125
2018.43, 0.0058459
1242.48, 0.001568
1511.67, 0.0322327
2202.02, 0.00173452
2455.69, 0.00183543
1142.14, 0.00230994
2329.63, 0.000443932
2323.47, 0.00050741
1228.82, 0.00118293
1451.42, 0.00442052
2075.35, 0.005096
1709.75, 0.00491287
2096.81, 0.00297671
1751.23, 0.0045006
1733.43, 0.00429149
1794.08, 0.0079624
2488.98, 0.00285053
2114.92, 0.00767719
2225.96, 0.00094334
1347.78, 0.00274998
1336.23, 0.0173579
1996.75, 0.00545508
1423.83, 0.00429695
1659.28, 0.0117858
1559.14, 0.00601139
1065.4, 0.0104154
2450.02, 0.00100963
2067.43, 0.00173665
2135.24, 0.00203588
2224.62, 0.00235456
1857.21, 0.00924601
1591.95, 0.00573459
2112.31, 0.0142364
1710.58, 0.013721
2397.91, 0.000980623
1930.76, 0.00505639
1246.51, 0.00113388
1605.47, 0.0167747
1458.25, 0.00388784
1200.72, 0.000890898
1300.13, 0.00444331
1996.42, 0.00244248
2373.42, 0.000627886
1619.65, 0.00548516
1739.89, 0.00480204
1935.16, 0.00486592
1059.98, 0.0111873
2372.79, 0.00106317
2106.76, 0.00237969
1597.47, 0.00431414
1139.42, 0.00155649
1020.47, 0.0120554
1818.45, 0.0140184
1777.07, 0.00522851
1286.65, 0.00409601
2102.27, 0.00299663
1426.22, 0.00455343
1111.07, 0.00610488
1061.33, 0.00607979
1907.57, 0.0119968
1579.67, 0.00557193
2051.23, 0.0027772
1472.25, 0.00416365
2438.59, 0.00109914
1062.04, 0.0120692
2486.73, 0.00142692
1880.68, 0.00631506
1829.33, 0.00473542
2154.72, 0.00201751
1658.49, 0.00421086
2491.72, 0.001658
1151.03, 0.00273149
1961.37, 0.00719183
1358.04, 0.0235378
1320.25, 0.00542119
1062.36, 0.00573846
1327.53, 0.00455186
2454.56, 0.00301738
1863.68, 0.00555438
2403.38, 0.00057193
1845.06, 0.00677684
1500.61, 0.00686438
1431.4, 0.00466466
1820.84, 0.00774128
1985.03, 0.0278693
1192.79, 0.000775173
2009.35, 0.00416645
2031.16, 0.00369187
2265.45, 0.000711059
1144.82, 0.00338813
1734.11, 0.00436245
2031.55, 0.00303259
1453.32, 0.0032339
2014.18, 0.00294333
1955.32, 0.0047102
1397.83, 0.00652336
1450.72, 0.00403841
1354.85, 0.00668273
1528.34, 0.00789643
1908.25, 0.011862
2338.82, 0.000391382
1886.05, 0.00384214
1434.68, 0.00351455
1840.25, 0.00967461
1708.74, 0.0104521
1546.64, 0.00364564
2438.41, 0.00600158
1905.68, 0.0209649
2415.91, 0.00154612
1682.34, 0.0184943
2369.43, 0.000681638
1176.12, 0.00158503
1195.02, 0.000927767
1801.7, 0.0267522
1647.27, 0.00673504
1883.2, 0.00460812
1867.16, 0.00457818
2244.11, 0.00103351
1729.48, 0.00922565
2010.24, 0.00481157
2193.18, 0.00252108
1248.23, 0.00127619
1635.62, 0.00487478
1211.73, 0.00101987
1776.75, 0.00418139
1800.65, 0.00633653
1238.49, 0.00175597
2029.71, 0.00347103
2401.8, 0.00454867
1817.43, 0.00500841
1615.38, 0.00433146
2056.38, 0.00280121
2406.64, 0.000808549
1665.77, 0.0169176
2031.03, 0.00542313
1541.92, 0.00707279
1866.04, 0.0038181
1368.48, 0.00408972
1930.26, 0.00323097
1250.64, 0.0119127
1220.77, 0.00186542
1913.97, 0.00501207
1282.46, 0.00371561
1357.92, 0.00695465
2356.34, 0.00128746
2184.9, 0.00216885
1438.86, 0.00955021
1168.57, 0.0024676
1949.67, 0.00499004
1865.13, 0.00335296
1783.86, 0.00503657
2337.76, 0.000357652
1906.19, 0.00531262
2366.24, 0.000519141
1980.79, 0.00303879
2220.95, 0.00125605
2239.89, 0.00115307
1435.11, 0.00491372
1650.94, 0.00426667
1596.95, 0.00653483
2425.63, 0.00145391
1898.63, 0.024014
1441.69, 0.00401205
2309.77, 0.00114665
1496.91, 0.0100964
1249.58, 0.0036037
2337.05, 0.000342569
1214.99, 0.0012774
2042.17, 0.00468333
2114.84, 0.00519876
1882.4, 0.00361385
1159.18, 0.0403549
1684.54, 0.00562901
2061.2, 0.0024079
1955.96, 0.00466672
1319.09, 0.00338288
1457.28, 0.00340142
2316.06, 0.000246833
1391.83, 0.00451884
1556.12, 0.00929015
1311.24, 0.00557901
1935.4, 0.00371289
2487.21, 0.00141686
1558.58, 0.0232167
1883.27, 0.00459498
1335.21, 0.00780944
2220.22, 0.0090532
2410.39, 0.000958147
1477.66, 0.0247481
2243.02, 0.000882361
1415.39, 0.00444076
2329.3, 0.000314352
1853.36, 0.0124566
2164.35, 0.00185436
1204.66, 0.00230799
1086.84, 0.0151825
2272.44, 0.00116048
2486.05, 0.00120389
1969.15, 0.00296612
1507.52, 0.00669772
1220.83, 0.00095907
1072.1, 0.0174363
2164.79, 0.00259447
1058.99, 0.012548
1763.5, 0.00499075
1159.03, 0.00514246
2044.26, 0.00426983
2249.59, 0.00240606
1728.02, 0.005941
1258.01, 0.00206102
2497.34, 0.00293706
1359.54, 0.0249365
1558.74, 0.00753075
2016.55, 0.00302225
1593.65, 0.00528603
1823.89, 0.00477427
1265.36, 0.00172139
1754.47, 0.00761254
1807.94, 0.0254678
2120.79, 0.00190478
1491.95, 0.00529756
2042.25, 0.00541461
2230.11, 0.0164845
1894.01, 0.0167716
1712.83, 0.00776225
1148.98, 0.00167272
2311.6, 0.000276102
1245.18, 0.00228555
2411.5, 0.000914598
1998.54, 0.00603625
2452.12, 0.00223906
2380.62, 0.0031417
1625.63, 0.00908913
1841.1, 0.00358152
2326.9, 0.000196741
1150.88, 0.00996
1554.98, 0.0100997
1822.74, 0.00629779
2233.84, 0.00262687
1643.52, 0.00480974
1638.44, 0.00529714
1869.78, 0.0123117
1173.48, 0.00115864
1607.26, 0.0046144
1471.39, 0.00494347
2454.4, 0.00114701
1520.33, 0.00809571
2375.53, 0.000694845
1738.33, 0.00540417
1853.67, 0.00779445
2357.4, 0.00102176
1612.14, 0.00646268
2326.74, 0.000774704
1806.63, 0.00545712
1787.05, 0.0042293
1563.4, 0.00781608
1890.24, 0.00449021
2405.52, 0.00104991
2071.98, 0.00336397
1638.89, 0.00571128
2107.42, 0.0092305
1590.95, 0.00597226
1484.48, 0.00630963
1253.38, 0.00340007
1356.25, 0.0171123
1687.37, 0.00562133
2204.32, 0.00202861
2432.57, 0.00166251
1466.36, 0.0537669
1471.43, 0.00875351
2451.44, 0.00265414
2240.87, 0.00122283
1174.05, 0.00243136
1955.73, 0.00394924
1307.66, 0.00339348
2490.44, 0.00211765
1223.09, 0.0010405
1137.82, 0.00346872
2311.59, 0.00109386
2011.49, 0.00528496
1624.13, 0.0066984
1448.78, 0.00508314
1222.59, 0.0189137
1387.11, 0.0051994
2448.23, 0.000723777
1920.91, 0.00879787
2345.3, 0.000311237
1590.85, 0.00738485
1341.73, 0.00620863
1503.33, 0.0160138
1420.74, 0.00651866
2244.1, 0.000881656
2147.82, 0.00232817
2470.7, 0.00558989
2012.5, 0.0165021
1270.57, 0.00255185
1221.01, 0.00093435
1562.8, 0.00864929
1791.2, 0.0039642
2383.98, 0.00112802
1169.43, 0.00237658
1439.87, 0.00753595
2143.66, 0.00200455
1521.43, 0.00849669
2411.37, 0.00232161
2050.28, 0.515864
1141.36, 0.00293783
2112.88, 0.00308064
2139.19, 0.00501492
2264.53, 0.000809654
1956.58, 0.00699773
1207.8, 0.00117751
1323.37, 0.00242198
1812.49, 0.00585908
2144.49, 0.00313585
2350.56, 0.000627836
1933.66, 0.0046873
1403.5, 0.0196067
2264.93, 0.00119515
2467.59, 0.00141746
1424.33, 0.00409692
1103.81, 0.00418529
1202.08, 0.00137847
2360.19, 0.00124154
1717.64, 0.00538347
1042.24, 0.00543676
1856.06, 0.00407746
1119.68, 0.00317497
2191.53, 0.00209925
1993.09, 0.00265221
2039.72, 0.00641141
1573.96, 0.00442145
2402.25, 0.00080328
1378.42, 0.00628878
2369.21, 0.000882048
1703.01, 0.0138049
1740.29, 0.00729978
1339.91, 0.00507602
1543.41, 0.0047066
1374.06, 0.00602198
1924.64, 0.00373329
1307.65, 0.00378781
1187.31, 0.000738212
1038.04, 0.0124983
1081.3, 0.0064647
2111.09, 0.00578262
2265.61, 0.000625389
1720.68, 0.0101659
1684.23, 0.00679365
1215.76, 0.00188836
1683.05, 0.010134
2272.58, 0.000742132
1977.04, 0.00497496
1223.95, 0.00127722
2173.94, 0.00223905
1725.89, 0.00460266
2408.06, 0.000639239
1241.02, 0.00401647
2429.77, 0.00385218
1630.07, 0.00507826
1676.93, 0.0355864
2103.06, 0.00196044
1682.52, 0.00729492
1284.44, 0.00305089
1632.01, 0.0092489
1587.34, 0.00748832
1348.83, 0.00863125
1927.01, 0.00635462
1210.25, 0.000462268
1972.4, 0.00410491
2238.77, 0.0013693
2426.04, 0.00159006
2001.85, 0.00393471
1057.87, 0.0176508
2404.15, 0.00075857
2130.34, 0.00420398
2038.46, 0.00227904
2323.33, 0.000997765
1533.23, 0.00530042
1530.09, 0.0252279
1698.94, 0.00643039
1826.76, 0.00675855
1009.54, 0.01559
2295.63, 0.000339974
1993.52, 0.00329187
2474.51, 0.00173426
2313.9, 0.000250591
1732.19, 0.010091
1278.1, 0.00145428
1413.76, 0.00317849
2332.6, 0.000585624
1146.03, 0.0030705
1634.04, 0.0217778
1601.87, 0.00778153
2197.2, 0.00268458
1658.5, 0.00556164
1338.87, 0.00356863
1290.67, 0.00886757
1210.5, 0.00108694
1665.31, 0.00430096
2477.05, 0.00108384
2237.41, 0.000820333
1304.26, 0.00182321
1521.55, 0.00691465
1520.11, 0.00465629
1500.79, 0.00893059
1345.88, 0.00364021
1957.6, 0.00569276
2465.2, 0.00187469
1925.62, 0.00304755
1011.91, 0.00919312
1843.89, 0.00911422
1038.39, 0.0148865
2380.75, 0.000728906
1483.2, 0.00367107
1281.9, 0.00242727
1160.06, 0.00353539
2343.79, 0.000628097
2094.86, 0.00342068
1876.86, 0.00730752
1546.99, 0.00773321
1887.23, 0.00382552
2240.08, 0.00105344
1303.01, 0.00334558
2214.48, 0.00355995
1221.17, 0.00185838
1804.89, 0.0306335
1466.68, 0.00598476
1877.74, 0.00694248
1691.13, 0.00756421
1695.33, 0.00689466
2197.77, 0.00118127
1855.01, 0.00341087
1853.87, 0.00546882
1103.23, 0.016466
1223.42, 0.00143993
1689.4, 0.00394843
2334.67, 0.000242489
1942.95, 0.0067201
1980.56, 0.00606359
2367.85, 0.000545055
2241.94, 0.000992365
1114.95, 0.00245624
1199.86, 0.000440315
1057.54, 0.0120829
2293.26, 0.000413597
2456.58, 0.00157252
1486.84, 0.00569139
1184.98, 0.000859125
1124.68, 0.00278914
1807.89, 0.0205822
2259.56, 0.0033425
1434.96, 0.00851744
1491.57, 0.00548309
1787.02, 0.00572648
1782.51, 0.211527
2284.23, 0.00041288
1197.83, 0.00126535
2309.95, 0.00146697
2469.3, 0.000925092
1844.03, 0.00370483
2056.42, 0.0051851
1213.61, 0.00174607
1845.13, 0.00914217
2033.75, 0.010204
1306.54, 0.00430893
1046.46, 0.0105357
1566.42, 0.00765882
1160.34, 0.00438947
2003.24, 0.00349354
1042.93, 0.0144045
1354.9, 0.0122496
2237.13, 0.000781876
2221.87, 0.00101351
1644.76, 0.0060632
1657.43, 0.00512452
1572.26, 0.00505017
1645.1, 0.00497683
1966.38, 0.00274173
2021.88, 0.00294196
2131.53, 0.00222649
1513.83, 0.00608036
1596.56, 0.0069997
1288.23, 0.00518222
2367.16, 0.00063899
1485.88, 0.0050187
1340.77, 0.00274338
1484, 0.00462139
1141.01, 0.00218517
1488.42, 0.00518652
2386.75, 0.000723132
1209.3, 0.000861787
1684.67, 0.00507947
1561.24, 0.00469014
1989.08, 0.0053409
1269.79, 0.00579458
1010.75, 0.0338656
1110.63, 0.00393647
1745.63, 0.00744986
1978.11, 0.00396883
2304.12, 0.000253189
1020.78, 0.00913853
1873, 0.0034918
1798.59, 0.00645404
1744.13, 0.00732507
1421.59, 0.00250716
2139.5, 0.00552993
1380.78, 0.00626267
2105.26, 0.00296627
2014.06, 0.00299341
1685.87, 0.00765227
2046.25, 0.0129995
1442.09, 0.0183211
1699.6, 0.00779666
1277.7, 0.00185815
1030.43, 0.0215461
1914.4, 0.00330641
2175.01, 0.00129858
1258.03, 0.00164634
1342.97, 0.162493
2460.15, 0.00107439
1302.62, 0.015536
1535.72, 0.00719162
1768.94, 0.00630688
1462.66, 0.00372915
1268.9, 0.00378632
1898.46, 0.00746757
1077.5, 0.00461927
1289.88, 0.00315484
1420.07, 0.00543104
2333.91, 0.000232769
1678.66, 0.0105317
1798.34, 0.00777592
1055.46, 0.00595175
1833.32, 0.00808062
2213.21, 0.00125474
1265.2, 0.00122569
1997.65, 0.00376429
1712.17, 0.00496624
1920.11, 0.0067747
2142.99, 0.00282436
2437.66, 0.00176637
2425.7, 0.00100045
2212.78, 0.00113829
1423.61, 0.00591482
1082.02, 0.013465
1343.76, 0.00305261
1083.54, 0.00678734
2414.55, 0.00243341
1834.13, 0.00451486
1864.91, 0.00817907
1176.92, 0.000908527
2190.97, 0.0018412
1907.7, 0.00508135
1009.49, 0.0141946
1703.83, 0.00440062
1299.31, 0.00443139
2306.63, 0.000315082
1690.44, 0.00956484
2034.07, 0.00699157
1380.96, 0.00616256
2381.04, 0.00083936
1998.04, 0.00587625
2437.25, 0.00462859
1767.05, 0.00520358
2242.39, 0.000785845
2190.99, 0.00168575
1900.34, 0.00438703
1824.08, 0.00504236
1130.15, 0.00854131
1151.91, 0.00711674
1109.63, 0.00691831
2397.9, 0.0010966
2054.17, 0.00530555
1291.46, 0.0564163
2361.77, 0.000711919
1095.78, 0.08691
2052.67, 0.00684922
2081.87, 0.00190123
2189.05, 0.00162592
2469.72, 0.001563
1249.81, 0.00186759
1566.02, 0.0107375
2018.95, 0.0125933
1864.09, 0.00637858
2140.66, 0.00663098
1903.42, 0.00323002
1772.18, 0.12798
1026.99, 0.0203226
2044.13, 0.00187073
1305.12, 0.00386483
1172.5, 0.0159918
2268.62, 0.000960476
1887.77, 0.00582231
2331.84, 0.000449752
2394.46, 0.000554265
2453.51, 0.00188471
2345.34, 0.000513894
1056.51, 0.0128986
2254.09, 0.0010437
1588.3, 0.011085
1565.94, 0.00406388
2324.81, 0.000168214
1147.45, 0.00438059
1089.51, 0.00749906
1130.64, 0.00415097
1124.97, 0.00295139
1170.79, 0.00126185
1896.19, 0.00466513
1484.11, 0.0040195
1852.96, 0.00687474
2450.87, 0.00183041
1225.32, 0.00123861
1176.81, 0.00102533
1171.67, 0.00069557
2057.33, 0.00500177
1486.51, 0.00339019
2390.29, 0.00144584
2141.79, 0.00470919
2195.3, 0.00173362
1552.73, 0.0109756
1424.63, 0.00721635
2275.15, 0.000502525
1938.26, 0.00440239
1245.85, 0.00203263
1909.32, 0.0033827
1565.25, 0.00855641
1739.03, 0.00573596
1750.77, 0.00481555
2373.95, 0.0006005
1454.9, 0.00411992
1055.02, 0.0059815
2144.12, 0.00192924
1542.48, 0.0072187
2192.4, 0.00116983
1637.88, 0.00765999
2469.71, 0.0014869
2028.73, 0.00213818
1720.09, 0.00339993
2282.81, 0.000734779
2368.86, 0.00231364
1476.23, 0.00373769
1160.46, 0.00213313
2148.48, 0.00227718
1490.07, 0.00641231
1563.75, 0.00587405
1432.43, 0.0919583
2067.67, 0.015768
1974.3, 0.00332745
2302.93, 0.000352248
2317.68, 0.000297704
1559.77, 0.00608833
2223.82, 0.00137623
2490.99, 0.00150066
1776.7, 0.00564115
1400.59, 0.00550624
1898.39, 0.00674612
1895.96, 0.00506245
2048.31, 0.00207413
1890.06, 0.0106052
1270.22, 0.0277993
2076.68, 0.00335718
1363.55, 0.00287405
1636.37, 0.00569575
2363.57, 0.000597189
2308.34, 0.00024613
2023.24, 0.00345169
1681.53, 0.00482467
1047.09, 0.00420443
2375.55, 0.000463634
2346.66, 0.000821739
2320.8, 0.000434737
2089.19, 0.00269804
1885.78, 0.00509865
1434.74, 0.00633112
1272.76, 0.00488152
2049.82, 0.00526098
1327.05, 0.00633975
1924.31, 0.00740293
1871.77, 0.00384358
1142.19, 0.00151245
2097.46, 0.00378099
1453.46, 0.00519949
1282.19, 0.00548611
1990.69, 0.0031452
1230.05, 0.00108715
1442.11, 0.00436128
1872.37, 0.00425494
1159.15, 0.000980084
2022.36, 0.0030249
2350.26, 0.000304737
1277.89, 0.0118775
1943.36, 0.0107162
1450.09, 0.0033562
2482.01, 0.00405402
1045.66, 0.00588481
1240.7, 0.00106212
1252.62, 0.00148201
1055.81, 0.0149901
2112.08, 0.00217382
1632.57, 0.0105967
1336.32, 0.00392825
1032.65, 0.862481
1803.22, 0.0051523
1893.79, 0.00540753
2137.52, 0.002853
1456.66, 0.00645041
2012.95, 0.00708477
1179.93, 0.00083485
1974.65, 0.00292483
2036.64, 0.00410906
1055.65, 0.0057358
1214.98, 0.000749242
1958.28, 0.00309136
1544.19, 0.00454813
1855.86, 0.00500006
1965.53, 0.00748665
1319.08, 0.00340891
2296.98, 0.000812075
1399.53, 0.00490383
1242.61, 0.00143834
1183.8, 0.00119915
1249.47, 0.00173257
2207.39, 0.00132821
1076.57, 0.00698278
1162.2, 0.0018641
1653.5, 0.0243777
1392.09, 0.00810006
2308.16, 0.000334992
1577.5, 0.00448879
2411.74, 0.000785368
2315.83, 0.000446236
2073.31, 0.00280655
1306.47, 0.00605967
1684.72, 0.00416374
2326.7, 0.000473321
1296.24, 0.00368116
1732.96, 0.0059781
2365.59, 0.000458891
1633.17, 0.00500352
2365.4, 0.000303522
1144.05, 0.00373743
1996.96, 0.00382016
1354.94, 0.00814606
1310.29, 0.00301316
1978.14, 0.0160805
1292.44, 0.0032942
1923.73, 0.00315156
2283.85, 0.00045549
1770.4, 0.0184497
1978.15, 0.00763832
2375.23, 0.000497522
1382.9, 0.00757069
1574.99, 0.00857222
1588.28, 0.00443549
2426.18, 0.000945221
2099.32, 0.00442297
1105.21, 0.00253022
1386.74, 0.00482716
1904.57, 0.0277196
1690.57, 0.0464346
1026.34, 0.00923975
1951.35, 0.00317699
1830.51, 0.00767287
1141.76, 0.00254263
2277.14, 0.00816925
1219.27, 0.00137539
1842.98, 0.00523971
2012.24, 0.00191888
1376.7, 0.00506972
1034.54, 0.0103826
1599.86, 0.00814679
2188.94, 0.00840677
1713.77, 0.0116902
2267.2, 0.000767813
2290.26, 0.000396049
1660.18, 0.00344655
1509.54, 0.00536433
1229.34, 0.000670703
2423.22, 0.002147
1511.02, 0.00758818
1490.68, 0.00714223
2224.29, 0.00121558
2035.11, 0.00309322
1405.79, 0.00962499
1780.55, 0.00617355
2163.16, 0.00172528
1756.97, 0.00494191
1353.67, 0.00199945
2083.25, 0.00280353
1047.32, 0.0260527
1417.26, 0.00407704
1584.62, 0.00717887
1497.26, 0.00469629
1520.06, 0.019862
2166.77, 0.00250145
1126.23, 0.00685815
2427.34, 0.00183698
2230.45, 0.00129287
1496.16, 0.0121141
1597.96, 0.00646375
1668.56, 0.0136017
2471.94, 0.00167575
1968.88, 0.00340798
1818.81, 0.00892014
1184.13, 0.0070739
2488.34, 0.00676212
1731.84, 0.00659102
1539.96, 0.00377851
1784.07, 0.00748833
1362.82, 0.00678354
1829, 0.00487951
1576.64, 0.0108115
1219.52, 0.000637652
1801.51, 0.00457704
2471.41, 0.00174332
1488.06, 0.00397525
1806.48, 0.00892765
1639.35, 0.0105527
2002.78, 0.00324585
2033.62, 0.0212667
2415.21, 0.00292265
2265.86, 0.000883809
1202.97, 0.00081554
2239.13, 0.000985481
1832.35, 0.0333335
2452.81, 0.00109602
1332.24, 0.00417925
1873.37, 0.00649339
2290.15, 0.000418745
1889.66, 0.00426626
2126.35, 0.00181033
2480.89, 0.0055416
2322.85, 0.000283678
1051.19, 0.0224526
2190.68, 0.0021859
2415.91, 0.00203463
1145.86, 0.00473988
1870.69, 0.00730656
1256.21, 0.00176457
2422.7, 0.00184197
2125.67, 0.00207339
1713.68, 0.00611277
2245.13, 0.00133539
1672.3, 0.00479124
1665.82, 0.00428287
1688.94, 0.00508421
1845.27, 0.0100682
1916.07, 0.00818921
1602.77, 0.0199786
1285.82, 0.00376352
2099.59, 0.00193483
1526.07, 0.00650979
1520.76, 0.00516946
1571.98, 0.00784471
2056.9, 0.0294914
1775.64, 0.0141268
1423.71, 0.00540172
2232.59, 0.000851923
2232.15, 0.00122396
1529.57, 0.00656118
2411.46, 0.00161658
2293.23, 0.000343636
1431.55, 0.00617052
2489.97, 0.0038775
2335.02, 0.000542896
1242, 0.00186568
1384.24, 0.00507474
2231.76, 0.00151991
2143.4, 0.00231327
1585.23, 0.00600996
1462.28, 0.0104672
2227.83, 0.000754353
1581.95, 0.00939418
1924.2, 0.00334638
2445.12, 0.00352222
1951.22, 0.00453833
1329.32, 0.00248537
1264.27, 0.0161668
1869.94, 0.00454993
2151.86, 0.00215714
2189.83, 0.00329711
2301.49, 0.000718518
1485.56, 0.00551073
1729.01, 0.00653481
1560.64, 0.00540494
1484.81, 0.0076787
2312.06, 0.00146561
2012.38, 0.00356081
1940.51, 0.0144268
2431.03, 0.00377876
1525.68, 0.0069067
1008.92, 0.00811223
1777.37, 0.00436579
1842.74, 0.024338
1513.34, 0.00812293
1837.1, 0.00422664
2456.94, 0.00123425
1389.6, 0.00293187
1357.28, 0.00383054
1588.03, 0.0043071
1591.89, 0.00542175
2177.35, 0.00165019
2387.09, 0.0024417
1345.37, 0.00863046
2022.05, 0.00273707
2063.51, 0.00752523
1912.71, 0.0102279
2131.64, 0.00168217
1246.83, 0.00128667
1185.62, 0.00170566
2253.13, 0.000565769
1239.75, 0.00132572
2054.22, 0.00447251
2432.14, 0.000768337
1206.28, 0.00112745
1667.21, 0.00634302
2475.9, 0.00168723
2079.4, 0.00533735
2457.55, 0.00152555
1398.16, 0.00861075
1631.5, 0.00592487
1466.12, 0.0273189
1763.37, 0.00518139
2043.87, 0.002054
1414.85, 0.00678102
1377.44, 0.00297821
2337.45, 0.000271256
1310.3, 0.0037196
2256.76, 0.000744451
1991.45, 0.00357492
1905.53, 0.0389537
2468.14, 0.00198124
2072.46, 0.00312703
2152.36, 0.0436865
2443.41, 0.00237051
1427.88, 0.00500432
1258.76, 0.00124798
1424.27, 0.00592245
2206.47, 0.00181455
1880.19, 0.00402256
1464.43, 0.0504387
1184.14, 0.000782058
1480.7, 0.00424898
1684.62, 0.00668988
2443.9, 0.00111869
1723.94, 0.0088197
1030.17, 0.0304918
2024.83, 0.00372268
1669.27, 0.00411338
2416, 0.00117164
2063.82, 0.00307289
1267.97, 0.00204325
1873.61, 0.0478826
1195.22, 0.00217822
1962.56, 0.00608809
2346.58, 0.000344794
1865.22, 0.00918697
1244.03, 0.00144495
1357.05, 0.0125311
2323.95, 0.00055189
2183.92, 0.00107699
1379.83, 0.00781201
2281.77, 0.000551193
2395.4, 0.000512645
1496.97, 0.0402619
1159.62, 0.00163631
1916.95, 0.00514663
1002.46, 0.0087753
1240.73, 0.00138285
1436.53, 0.00749098
1791.77, 0.00443187
1445.17, 0.00636668
1203.77, 0.000478058
1434.44, 0.00316685
1702.61, 0.00897749
1628.53, 0.0140468
1910.75, 0.00650167
1147.21, 0.00225814
2005.08, 0.00342071
1334.59, 0.00373366
1968.39, 0.00367378
1507.15, 0.00478893
2259.27, 0.00111756
2426.67, 0.000976287
1385.17, 0.00510977
2256.88, 0.000665589
2397.98, 0.000780086
1399.34, 0.00438956
2460.13, 0.00152062
1497.06, 0.0051505
2130.2, 0.00177867
1534.06, 0.00765382
1713.86, 0.00515659
1915.8, 0.00379164
1481.1, 0.00442509
1560.16, 0.00424754
1011.66, 0.0218515
2164.3, 0.00141293
1633.42, 0.00804669
1773.55, 0.0131516
2048.71, 0.00278314
2003.84, 0.00336011
1295.62, 0.0021319
1650.55, 0.00881088
2393.32, 0.000672259
1219.59, 0.00096823
1023.99, 0.0128579
2273.23, 0.000433099
1368.02, 0.00370482
1903.61, 0.00341952
1822.45, 0.00398969
1417.81, 0.00595553
1561.14, 0.00514346
1988.34, 0.00400968
2061.9, 0.00365556
2461.48, 0.00201129
1890.86, 0.00519147
1779.51, 0.00402118
1676.45, 0.00588085
2161.02, 0.00152109
2250.5, 0.00070723
1215.98, 0.000604257
2482.66, 0.00324519
1953.32, 0.00972801
1369.25, 0.00293381
2224.32, 0.000790089
1376.04, 0.00405322
1889.88, 0.00464274
1495.23, 0.00484559
1208.07, 0.000779305
2404.53, 0.00108505
2221.57, 0.00273946
2070.16, 0.00255623
1531.06, 0.00453266
1511.83, 0.0134523
1491.89, 0.0668131
1793.21, 0.00509438
2273.18, 0.000560489
2390.62, 0.00124408
2198.27, 0.0034179
1748.79, 0.00739201
1837.52, 0.007202
2139.88, 0.0014683
1325.1, 0.0029846
1779.75, 0.00520501
1363.62, 0.00384462
1330.62, 0.00443039
1326.85, 0.0143568
1161.45, 0.00136243
1489.78, 0.0811545
1988.24, 0.0043296
2054, 0.00307089
2324.58, 0.00135217
1668.6, 0.00662853
2121.77, 0.00301625
1809.51, 0.00546526
1490.32, 0.00408512
1291.53, 0.00533342
1264.73, 0.00179229
2397.13, 0.0108408
1744.32, 0.0120881
1058.24, 0.00543593
2086.86, 0.00174563
2057.15, 0.011065
2140.84, 0.00339001
2433.73, 0.00120344
2040.75, 0.0105286
2354.88, 0.00113644
1402.94, 0.00457004
1236.17, 0.00358746
1279.31, 0.00334067
1141.84, 0.00369207
1544.11, 0.00583643
1406.4, 0.0057476
1543.6, 0.00559926
1999.61, 0.00491749
1894.79, 0.00768274
1941.39, 0.00411151
1236.96, 0.00108594
1696.42, 0.00532109
2497.9, 0.0138663
2153.16, 0.0013206
1256.09, 0.00418268
2016.07, 0.00573607
1023.95, 0.0188807
1456.54, 0.00562598
2260.28, 0.000841691
1176.63, 0.00102643
1137.1, 0.00216217
1412.63, 0.00632889
1492.05, 0.0274983
2295.22, 0.000324526
2484.69, 0.00124129
1365.86, 0.00438853
1409.36, 0.00388721
1403.76, 0.0052404
1243.87, 0.0107955
1438.86, 0.00476509
1593.84, 0.00623834
2096.32, 0.0297674
1673.8, 0.0119223
1313.5, 0.00931151
2224.21, 0.00229176
1730.8, 0.00437294
1571.72, 0.0060028
2375.49, 0.0010263
1136.06, 0.00342245
2139, 0.00188923
1412.28, 0.00440005
1440, 0.00804714
2085.08, 0.0022153
2002.36, 0.00327172
1055.23, 0.00610598
2298.78, 0.000681395
1937.05, 0.00616208
1699.92, 0.00461787
2364.63, 0.000452547
2062.23, 0.00287896
2395.8, 0.000555406
1322.53, 0.00318844
1317.74, 0.00246153
1373.71, 0.0289347
1300.25, 0.00375284
2245.04, 0.00100027
1730.8, 0.00479918
2087.15, 0.00313236
1086.2, 0.00384697
1683.79, 0.00565971
2391.19, 0.000679061
1602.51, 0.00597308
1992.2, 0.00553698
1373.66, 0.00309158
2101.93, 0.00262652
2193.09, 0.00306672
2002.44, 0.00336813
1206.61, 0.000579989
1237.11, 0.00232883
2275.62, 0.000457258
1243.77, 0.00154785
2224.98, 0.00234779
1369.13, 0.00567101
1845.79, 0.0100475
2372.55, 0.00135522
1910.01, 0.00602828
2244.07, 0.00116928
2017.2, 0.00509884
1232.25, 0.00171369
1288.07, 0.00563518
1212.72, 0.000771403
1183.01, 0.00110335
1213.45, 0.000560913
1134.52, 0.00222309
2241.85, 0.00265214
1127.79, 0.00367758
1761.64, 0.0053357
1265.32, 0.00353258
1620.56, 0.00394258
1439.43, 0.0049772
2103.09, 0.00268074
2272.11, 0.00158917
1043.32, 0.00841442
1673.77, 0.00758396
1404.18, 0.00698458
1560.27, 0.00546354
1251.75, 0.00152901
1579.2, 0.00382337
2308.18, 0.000389677
1578.09, 0.00473984
2328.93, 0.000317583
1830.83, 0.00456068
1858.71, 0.00459795
1120.01, 0.0131955
2269.14, 0.0023281
2020.35, 0.00256237
2174.83, 0.0014115
2401.05, 0.000615842
1526.82, 0.00708539
1312.96, 0.00235398
1037.3, 0.0111365
1419.39, 0.0131379
2146.16, 0.00176528
2313.64, 0.00100573
1925.14, 0.00702492
1861.62, 0.00436529
2025.75, 0.00295492
2284.11, 0.00245526
1358.06, 0.00243465
1706.55, 0.00370403
1367.05, 0.00775665
1010.04, 0.00860967
1298.3, 0.00209732
2467.28, 0.00234636
2044.6, 0.00359918
1828.43, 0.0128324
1124.56, 0.00501874
1295.5, 0.00348456
1988.4, 0.00295724
2111.2, 0.00232268
1576.21, 0.00489678
1434, 0.00528976
1759.41, 0.00385123
2284.08, 0.00143035
1804.87, 0.00453348
1111.71, 0.00420154
1139.42, 0.00183245
2071.32, 0.00469522
1293.75, 0.00300988
2320.88, 0.000269289
2395.27, 0.0022569
1219.21, 0.000937631
1773.85, 0.00501923
1025.26, 0.0307742
1870.72, 0.00885131
1104.12, 0.00976301
1682.49, 0.0168924
1565.6, 0.00470337
1959.57, 0.00514647
1760.79, 0.00463909
2255.88, 0.000647989
1880.17, 0.00362843
1044.6, 0.0179988
1755.6, 0.0217465
1619.35, 0.00495182
2372.03, 0.000264614
1951.61, 0.00651991
2240.6, 0.000632637
1266.43, 0.00760504
2041.22, 0.00324716
2447.67, 0.000930743
2173.43, 0.0164479
1895.58, 0.00400072
2432.19, 0.00154403
1623.33, 0.00466537
2263.07, 0.000552091
1344.02, 0.00622156
2002.64, 0.00363106
1911.46, 0.0054642
1655.17, 0.00810108
1673.33, 0.00982954
1314.98, 0.0767567
1933.16, 0.00566211
1747.31, 0.00619666
1890.5, 0.00334282
1438.5, 0.00650015
2420.82, 0.00218992
1949.85, 0.0037376
1158.43, 0.00200255
2455.64, 0.00305592
2249.49, 0.00076008
1917.69, 0.00476135
2371.58, 0.00101334
1131.68, 0.00235076
2076.49, 0.00196316
2057.67, 0.0399479
1925.38, 0.00693315
1821.93, 0.0045162
1553.66, 0.00554017
1805.36, 0.0154742
1635.28, 0.0141352
1326.74, 0.00456209
1149.53, 0.00201383
2333.29, 0.00172835
1772.99, 0.0130772
1984.07, 0.00638543
1642.24, 0.0107344
2463.1, 0.00165998
1348.83, 0.00285199
1205.96, 0.000937563
1040.77, 0.00665322
1640.49, 0.00797642
2145.66, 0.00234035
1354.93, 0.0105493
1576.48, 0.00610654
1445.8, 0.00727327
2011.49, 0.00239433
1311.81, 0.00405209
1702.5, 0.00807858
2490.43, 0.00206267
2305.88, 0.000257105
1671.03, 0.0228729
2344.48, 0.000422409
1655.28, 1.50337
1499.87, 0.00333696
2495.18, 0.00648929
1670.97, 0.00670122
1262.76, 0.00110575
1050.59, 0.006895
1928.83, 0.00389831
1287.12, 0.00388956
1536.42, 0.00437956
1296.42, 0.0166359
1104.22, 0.00941014
1454.94, 0.0105754
2173.77, 0.00152246
1490.48, 0.0175594
1876.02, 0.00576222
2219.47, 0.00132459
1232.42, 0.00468217
1147.04, 0.003838
1434.27, 0.0129115
1150.1, 0.00215936
1501.01, 0.00383953
1777.19, 0.00432049
2286.67, 0.00101696
2040.94, 0.00260518
2434.13, 0.00148572
2149.96, 0.00230183
1396.41, 0.0066354
1373.97, 0.0139006
1802.31, 0.00522583
1846.84, 0.0094157
1019.44, 0.00812639
1469.83, 0.0042885
2198.25, 0.00138361
1547.55, 0.00795554
1313.38, 0.0123071
2275.67, 0.000696082
1362.74, 0.0042405
1862.56, 0.00447015
1391.52, 0.00453595
2240.22, 0.00101377
1462.53, 0.0105495
1852.82, 0.00579676
2086.74, 0.00281714
1956.12, 0.00373743
1369.99, 0.0054879
1294.14, 0.00249443
1823.87, 0.00689876
1762.17, 0.00420038
1895.82, 0.00504439
2058.74, 0.00295335
2087.92, 0.00290224
1699.47, 0.0172778
1304.51, 0.003128
1581.7, 0.00435094
1027.11, 0.0396729
1750.36, 0.00669631
1247.3, 0.00134746
1927.12, 0.00376665
1150.83, 0.00494605
1209.66, 0.000713433
1457.68, 0.0114392
2324.93, 0.000304081
1231.69, 0.00114383
2358.88, 0.000721762
2462.91, 0.00210792
1945.24, 0.0135509
2121.23, 0.0104879
1993.95, 0.00482221
1158.95, 0.310049
1539.06, 0.0191611
1112.76, 0.00762187
2128.95, 0.0017076
1947.13, 0.00391718
2078.7, 0.00297864
1505.72, 0.00413709
1017.27, 0.00828967
2173.45, 0.00160296
1300.32, 0.00224052
2056.63, 0.00414574
2307.67, 0.000415828
1226.98, 0.00173688
1946.36, 0.00353908
1768.73, 0.00561865
1355.16, 0.00477223
1662.34, 0.0105214
1995.53, 0.0122448
1039.36, 0.0207247
2068.35, 0.00380883
1083.05, 0.00692515
2127.96, 0.00345608
2226.13, 0.00121604
1462.1, 0.0728674
2074.98, 0.00360198
2196.31, 0.00120872
2293.74, 0.000554698
1211.46, 0.000361857
1575.55, 0.00870429
1259.98, 0.0022264
1440.68, 0.00658507
1878.98, 0.00348901
1581.91, 0.00463237
2136.95, 0.00280683
1522.4, 0.00455285
1473.01, 0.00781283
1684.39, 0.00494192
1122.81, 0.00298529
1659.65, 0.00690026
1747.97, 0.0147072
2222.15, 0.00181404
2311.73, 0.000378466
1737.28, 0.0182636
2489.73, 0.00183567
2043.05, 0.00350572
2356.68, 0.00280121
1259.76, 0.00187471
1799.16, 0.00446269
1223.96, 0.00429087
1827.55, 0.00654649
2206.24, 0.00141623
1810.42, 0.00536001
1094.56, 0.00192289
1453.89, 0.00945405
1754.93, 0.00685744
1113.22, 0.00239924
2104.57, 0.00186444
1154.32, 0.00335905
1781.08, 0.00467266
1147.39, 0.00332431
1856.47, 0.00853094
1437.73, 0.00450115
1446.32, 0.00709185
1053.94, 0.0101287
2220.93, 0.00148399
1507.35, 0.00401276
1883.24, 0.00353817
2349.93, 0.000246162
1690.23, 0.0080844
2235.62, 0.00140495
1043.39, 0.00620663
1272.77, 0.0065233
1973.31, 0.0235996
2353.39, 0.00135432
1562.74, 0.00661629
2259, 0.000603707
1205.08, 0.00125689
1020.24, 0.0165558
2299.9, 0.000253247
2185.21, 0.00148209
2013.44, 0.00269184
2460.82, 0.00161293
2295.83, 0.000268212
1468.16, 0.00411843
1784.42, 0.00586297
2141.79, 0.00335199
2133.1, 0.00310875
1211.78, 0.00603867
2224.85, 0.00121437
1949.86, 0.00379255
2487.64, 0.00388539
2012.58, 0.00397815
1161.04, 0.00250936
2206.23, 0.00266088
1897.43, 0.00372311
1794.21, 0.00471572
2206.17, 0.0010077
1690.25, 0.00653921
2280.06, 0.00160752
1490.11, 0.00626618
1653.7, 0.0232638
2244.62, 0.000696866
2426.19, 0.00109371
1403.76, 0.0032629
1398.69, 0.0095725
2189.88, 0.00152953
1355.51, 0.00855467
2171.7, 0.00155322
1518.57, 0.00483909
1069.56, 0.00517236
1382.97, 0.00642604
2141.71, 0.00201225
1471.73, 0.233895
1093.16, 0.00398464
1299.03, 0.0026899
2149.16, 0.0017448
1228.26, 0.00228515
2091.59, 0.00292389
1377.06, 0.0037486
1147.3, 0.00171901
2480.09, 0.00151978
2181.58, 0.00200967
1439.04, 0.00580575
1588.56, 0.00704857
1958.56, 0.00380294
1799.9, 0.00477855
2172.2, 0.00148078
1163.91, 0.0015571
1425.51, 0.0160842
1190.35, 0.000963703
2002.13, 0.00431473
1488.28, 0.00487845
1166.9, 0.00143749
1791.25, 0.0252429
2401.26, 0.000945298
1417.37, 0.00566548
2337.75, 0.000373323
1182.7, 0.000956147
1007.17, 0.0206429
1710.41, 0.0053417
2003.31, 0.00593081
1529.79, 0.0268659
1066.23, 0.00651206
2176.98, 0.00159918
1966.3, 0.00649973
2011.03, 0.0036382
1072.29, 0.168032
1241.13, 0.00161956
1274.97, 0.003909
2240.73, 0.00519969
1894.95, 0.00405699
1570.21, 0.00323888
2125.21, 0.00254644
1847.18, 0.00380851
2010.92, 0.003393
2312.66, 0.000639878
2138.23, 0.00764622
1998.11, 0.00326489
1290.81, 0.00771724
2047.58, 0.00824433
2157.66, 0.00183962
1670.45, 0.0101294
2297.5, 0.00131514
1389.89, 0.00705688
2132.46, 0.00402781
2325.98, 0.000306807
1136.52, 0.00753763
1546.56, 0.0593218
1760.33, 0.00620469
2264.31, 0.000650263
2060.59, 0.00468559
2006.45, 0.00332297
1624.23, 0.00535021
1300.67, 0.0136319
1235.87, 0.00147383
1644.86, 0.00643587
2195.1, 0.00109767
2248.44, 0.000761958
1354.34, 0.00245759
1876.54, 0.00341424
1670.57, 0.0106916
2193.36, 0.00127244
1791.29, 0.00420425
1163.86, 0.0017945
1719.96, 0.00384412
1932.04, 0.00299
1219.67, 0.00132206
2461.37, 0.00138685
2213.83, 0.0010344
1316.06, 0.00648641
1468.71, 0.0592089
1212.52, 0.000574287
1128.02, 0.00876325
1830.41, 0.00590958
2383.56, 0.000553422
1407.11, 0.0187805
1929.21, 0.0064387
1686.34, 0.00445767
2088.43, 0.0020064
1343.75, 0.00318733
2462.23, 0.00141054
1394.77, 0.0040648
2012.38, 0.00232796
2321.8, 0.000323751
1624.26, 0.00482191
2315.57, 0.000302782
2279.91, 0.00107028
2452.52, 0.0042557
2203.65, 0.0014424
1804.25, 0.00705022
1139.77, 0.00199262
1731.87, 0.00595822
1345.02, 0.00592023
1060.33, 0.0265319
1402.48, 0.0116035
1103.77, 0.00554583
2193.31, 0.00218349
2496.75, 0.00312761
1792.39, 0.00803313
1391.31, 0.0240944
2403.6, 0.000822658
1870.95, 0.00667906
1694.93, 0.00470048
1142.06, 0.0015522
2478.3, 0.00818117
1402.1, 0.0163946
2325.93, 0.000331975
2164.89, 0.002027
1085.5, 0.0181513
1300.17, 0.0152754
2275.34, 0.000463789
1220.98, 0.000930221
1136.12, 0.00641565
2026.44, 0.0101694
1186.17, 0.000972866
1736.87, 0.00506855
2248.51, 0.00267071
1939.64, 0.0038817
1128.22, 0.00298141
1397.28, 0.00332373
1228.73, 0.00167462
1035.48, 0.00984462
2098.87, 0.00563939
2483.75, 0.00100875
1458.77, 0.00327229
1609.79, 0.00818046
1404.35, 0.00387114
1595.88, 0.00449122
2296.4, 0.000698398
2193.04, 0.051022
1570.27, 0.00593105
1312.21, 0.00200756
1760.14, 0.00625383
1453.34, 0.00661342
1261.01, 0.00759343
1263.63, 0.00208484
1872.15, 0.00720436
1181.5, 0.000816562
2360.96, 0.000673675
1018.54, 0.00754986
2370.51, 0.000463083
1254.46, 0.00300407
1672.98, 0.0336668
2303.65, 0.000412367
1125.37, 0.00313641
2019.87, 0.00423651
2141.47, 0.00215348
1898.8, 0.00655036
1667.25, 0.012601
1844.8, 0.00660886
2410.58, 0.00145795
2458.04, 0.0027841
2033.76, 0.00454922
2121, 0.00165144
1212.48, 0.000825779
2136.16, 0.00164478
1321.38, 0.00960083
1361.86, 0.00470954
1107.75, 0.00575194
2200.1, 0.00153568
1407.87, 0.00495898
1025.59, 0.0175082
1122.09, 0.00206149
2163.15, 0.003877
2060.47, 0.00258768
1139.19, 0.0122127
1498.04, 0.0220285
2127.47, 0.00548788
1535.88, 0.00564613
1472.06, 0.00415049
1612.51, 0.00544076
1279.96, 0.00404071
2321.73, 0.000236005
2220.45, 0.0017231
1153.32, 0.00201824
1933.6, 0.00337012
2036.78, 0.00327419
1599.39, 0.00398793
1223.81, 0.00185489
1255.16, 0.00316784
2475.74, 0.00114631
2103.15, 0.00721492
1238.78, 0.00347433
1422.28, 0.0041129
2215.44, 0.00107719
1222.93, 0.000648719
1698.1, 0.00602305
2097.96, 0.00698717
1856.42, 0.00990114
1378.52, 0.00569687
2172.52, 0.00168788
1796.16, 0.00734465
1697.21, 0.00753941
2270.56, 0.000660519
1605.44, 0.00575873
2225.83, 0.000779757
2107.86, 0.00173597
1535.37, 0.0054684
1933.22, 0.0047535
2384.36, 0.00209399
2082.01, 0.00256619
1929.09, 0.00531225
1424.43, 0.00551516
1364.96, 0.00729197
1142.03, 0.00164875
2258.91, 0.000922046
2234.99, 0.000689723
1667.76, 0.00667896
1557.66, 0.00601908
1549.03, 0.00608366
1947.26, 0.00950534
1012.31, 0.0122381
1988.6, 0.0142856
2340.9, 0.000657757
1737.04, 0.00489338
1579.36, 0.00478569
2018.37, 0.0025209
2006.38, 0.00536097
1130.75, 0.00271094
1070.86, 0.0498279
1742.74, 0.00455365
1411.63, 0.00453618
1977.26, 0.0112555
1385.06, 0.00565887
1136.45, 0.00258695
1846.13, 0.00559063
2199.4, 0.0812266
2347.24, 0.000242656
1263.84, 0.00179813
1863.36, 0.00403778
2240.52, 0.00107089
2214.69, 0.0010412
1342, 0.00297961
2426.44, 0.00152212
1740.06, 0.0248836
1023.5, 0.00555029
1373.32, 0.0035704
1466.05, 0.00686522
1575.74, 0.0141389
1633.05, 0.00448135
2060.04, 0.00407188
1241.76, 0.00103654
1380.27, 0.00343236
1572.06, 0.0188595
1490.87, 0.0114971
1065.43, 0.00607755
1733.69, 0.019636
2150.36, 0.00334008
2239.22, 0.015449
1343.72, 0.00476328
1092.93, 0.00599589
1675.94, 0.00989717
2108.16, 0.00249558
1248.22, 0.00201974
1524.99, 0.00467714
1259.69, 0.00210784
1951.3, 0.00778133
2130.96, 0.00195412
1910.92, 0.00485799
1994.35, 0.101816
1385.56, 0.00747379
1935.93, 0.00333621
1188.67, 0.00100948
1228.21, 0.00151478
2439.96, 0.00256188
1721.92, 0.00477475
1060.02, 0.00766539
1205.03, 0.000691188
2284.81, 0.00137331
1621.51, 0.0135283
1157.6, 0.00118824
1948.11, 0.00371541
1449.6, 0.00568268
1292.63, 0.00466496
1039.64, 0.00451969
1565.92, 0.00801518
1784.81, 0.00770921
2194.43, 0.00137617
1302.27, 0.00408085
2415.9, 0.00507989
2262.51, 0.000690275
1743.51, 0.00575889
1484.74, 0.00499492
1342.22, 0.00503577
1560.2, 0.00542893
1662.47, 0.00497892
1234.45, 0.00101889
2405.34, 0.00323936
1111.19, 0.00355894
1203.38, 0.0011712
1846.28, 0.00463812
2292.14, 0.000298719
2046.85, 0.0109929
1459.58, 0.00545818
1113.93, 0.0416185
2219.53, 0.00129566
1980.32, 0.00406541
1275.3, 0.0024122
1962.92, 0.00446179
1202.19, 0.000769788
1327.02, 0.00258807
1748.06, 0.0049564
2433.21, 0.00162131
1635.08, 0.0259014
1316.09, 0.00403129
2294, 0.000522975
1520.42, 0.00495448
1641.4, 0.0252168
1284.02, 0.00178699
1871.81, 0.00818206
1935.59, 0.0065972
1655.18, 0.00579024
1107.61, 0.0103052
1823.83, 0.00318126
2247, 0.000869631
1822.62, 0.00745304
2315.03, 0.00114105
1054.7, 0.0114806
1450.23, 0.00524506
1562.96, 0.00494937
2433.92, 0.000919694
1290.89, 0.0052951
2188.01, 0.00291169
1568.82, 0.00932225
1673.02, 0.0141318
2274.7, 0.00042156
1153.36, 0.003154
2352.14, 0.000378539
1426.46, 0.00423202
2329.78, 0.00129801
2477.04, 0.00135573
1044.15, 0.0105091
1098.23, 0.00323287
2465.02, 0.00157449
1571.51, 0.18374
1843.98, 0.00393262
1544.22, 0.0081947
1350.02, 0.00509923
1848.3, 0.0119166
1180.1, 0.000983009
1271.83, 0.0022234
2398.27, 0.00176661
1167.52, 0.00126686
1869.45, 0.0185116
2181.96, 0.00479989
1039.75, 0.0142398
1094.12, 0.00913834
1156.52, 0.00237375
2119.48, 0.00232656
1438.37, 0.0063103
1704.11, 0.00539745
1050.45, 0.00636485
1522.67, 0.00617353
2089.99, 0.00202109
1051.19, 0.00573607
1075.03, 0.017614
1365.69, 0.00425432
2265.62, 0.000656151
1503.06, 0.00866236
1755.77, 0.00479326
1489.7, 0.00446247
1318.56, 0.00461378
1407.29, 0.102372
1770.66, 0.00738605
1313.92, 0.00629243
2363.51, 0.000309213
2088.37, 0.00245038
2238.06, 0.000894637
2047.26, 0.00958642
1710, 0.0125062
1646.48, 0.0188893
2194.8, 0.00143884
2470.74, 0.00152057
2273.93, 0.000430797
1622.55, 0.00871911
1080.1, 0.0063677
1000.35, 0.0118087
2279.7, 0.00181966
1374.15, 0.00413129
1329.51, 0.00552916
1413.58, 0.00432465
1613.78, 0.00563454
1495.53, 0.00708603
1457.06, 0.00886498
2349.25, 0.000424441
1744.34, 0.00437524
1627.39, 0.00685682
1927.56, 0.00622794
2054.7, 0.00411045
2468.87, 0.00116086
2268.17, 0.00178579
1223.61, 0.00161442
1915.42, 0.0039673
1528.34, 0.00756863
1146.64, 0.00335155
1861.86, 0.0786331
2337.96, 0.000251216
1307.31, 0.0060153
1718.01, 0.00771414
1916.53, 0.0102556
1800.66, 0.00478416
2453.03, 0.00109988
1036.35, 0.00587659
2461.76, 0.00261836
1663.53, 0.00671075
1066.99, 0.149222
2459.57, 0.00132861
2061.19, 0.00739812
1911.46, 0.0056226
2280.88, 0.000458811
1215.41, 0.00166429
2136.5, 0.00441673
1023.37, 0.0220648
1193.21, 0.00130281
1180.85, 0.0013968
2179.13, 0.00115417
1242.77, 0.00315174
1788.53, 0.0769192
1642.74, 0.0162688
1282.79, 0.00304226
1840.72, 0.00547245
1803.33, 0.00853999
1456.07, 0.00510045
1695.53, 0.0328264
1685.24, 0.00648638
2061.17, 0.00496516
2427.84, 0.00148875
1943.64, 0.00316318
2213.46, 0.00244967
1385.37, 0.00377889
1966.37, 0.004653
1870.38, 0.00311567
1982.56, 0.00252339
1244.75, 0.0020435
1634.95, 0.00728896
1954.66, 0.0453329
1638.35, 0.00573825
1235.57, 0.00489177
1026.25, 0.0124269
1527.37, 0.00687106
1899.99, 0.00378653
2016.31, 0.00264083
2445.58, 0.00113225
1925.92, 0.00377153
1575.99, 0.00532234
1355.18, 0.00247648
1927.49, 0.0549756
2006.53, 0.0035806
1886.54, 0.0055463
1549.87, 0.0045208
1386.92, 0.00333992
1917.1, 0.00654338
2245.17, 0.00211058
2142.58, 0.00192209
1959.36, 0.005051
1927.32, 0.00579707
1840.34, 0.005475
2071.62, 0.00316573
1966.64, 0.0046766
2106.15, 0.00204374
1128.44, 0.00413655
2360.02, 0.000527423
1651.71, 0.245668
1294.11, 0.00751666
1805.39, 0.00644342
1850.6, 0.00537901
2148.02, 0.0017283
1629.24, 0.00963031
2068.48, 0.00263308
2001.97, 0.00386727
1082.37, 0.0232455
1189.81, 0.000789785
1523.79, 0.00495248
1721.76, 0.00558524
2302.08, 0.000498416
1376.41, 0.0107753
2271.9, 0.000464384
2363.52, 0.000429137
2464.75, 0.00161461
2231.33, 0.000906582
1786.28, 0.00410279
1022.06, 0.00806817
1551.05, 0.00453623
2289.75, 0.00067485
1718.75, 0.00929356
1942.7, 0.00275679
1829.81, 0.00511939
1341.25, 0.00264525
1970.65, 0.0149937
1577.23, 0.00894556
1539.12, 0.218047
1989.21, 0.00364971
1315.87, 0.00210022
1950.36, 0.01027
1423.53, 0.00459237
1156.53, 0.00103641
1988.76, 0.00368255
1316.02, 0.00531466
1347.23, 0.0125994
2228.33, 0.000919018
2158.32, 0.002265
2277.56, 0.000525433
1859.26, 0.00361524
2411.89, 0.00101918
1663.49, 0.00711519
1644.82, 0.00753519
2058.23, 0.00356291
1500.73, 0.00767622
2274.92, 0.000619942
1632.67, 0.0223366
2345.31, 0.000373569
2090.03, 0.00262408
2144.06, 0.00181813
1189.62, 0.000819211
2363.42, 0.000516588
1750.86, 0.00319997
2475.65, 0.00259374
2056.48, 0.00496006
1762.84, 0.00421892
1289.89, 0.00243126
1763.39, 0.00572267
1973, 1.11663
1219.87, 0.00175808
2059.56, 0.00214844
2296.02, 0.000304162
1531.25, 0.00365174
2373.53, 0.000391507
2446.2, 0.00168063
1111.38, 0.00705006
2141.28, 0.00185845
1869.22, 0.0048087
2308.6, 0.000321585
2092.33, 0.00526932
1175.82, 0.000806788
1848.8, 0.00682368
2375.7, 0.000786484
1706.5, 0.00495818
2420.4, 0.00090208
2020.2, 0.00286909
1250.92, 0.00153965
2158.48, 0.00150396
2136.1, 0.0022939
1166.51, 0.0021669
1344.89, 0.00822182
1321.12, 0.003208
1078.52, 0.0087002
2355.65, 0.000661996
1236.99, 0.00130684
2242.43, 0.000831567
2492.56, 0.00185695
1063.86, 0.00472347
2041.98, 0.00321391
2305.28, 0.000282195
1067, 0.00716136
1447.44, 0.0065222
1298.3, 0.00535629
2113.13, 0.0021377
2258.86, 0.000637467
1616.07, 0.00363648
2153.3, 0.00610239
1909.45, 0.00814803
2051.99, 0.00284224
1707.79, 0.00436599
1469.08, 0.0199964
1915.76, 0.00353836
2433.08, 0.00149212
2037.2, 0.00409423
1308.44, 0.00527677
2346.06, 0.000346514
1149.2, 0.00129473
1126.02, 0.00269163
1424.41, 0.00679341
2012.65, 0.00666316
2192.11, 0.00142888
2225.2, 0.00104064
1158.93, 0.00114742
1312.92, 0.00541505
2357.12, 0.0132771
1764.45, 0.00652509
1568.46, 0.00853188
2010.78, 0.00248361
1742.39, 0.00463989
2268.4, 0.000829312
2123.71, 0.00237314
2263.27, 0.000605309
1796.19, 0.00473409
2080.53, 0.00916419
1624.92, 0.00462711
1770.74, 0.00729943
1660.19, 0.00579532
1793.65, 0.0102382
1083.96, 0.00289966
1194.92, 0.00560674
1374.56, 0.00448904
2465.71, 0.00134513
1536.59, 0.00374881
1825.26, 0.00566173
1871.38, 0.00582403
1063.22, 0.0535512
2187.92, 0.00132394
1529.1, 0.00574264
2101.16, 0.00142289
1442.95, 0.00857499
1099.58, 0.00289036
1259.58, 0.00192483
2467.65, 0.00125995
1491.17, 0.00810482
2123.26, 0.00231157
1785.67, 0.00306765
1941.32, 0.00408729
1800.75, 0.00806253
1974.44, 0.00384998
2308.86, 0.000273061
1826.61, 0.00779419
1703.48, 0.00570236
1322.19, 0.00447857
2397.84, 0.000586621
2151.9, 0.00158247
1132.25, 0.0034983
1055.87, 0.0397197
2409.86, 0.000795437
1288.41, 0.00168038
1657.42, 0.00614453
2124.77, 0.00319024
1499.58, 0.00354578
1337.59, 0.00285126
1568.14, 0.00952021
2499.66, 0.00928444
1245.34, 0.00151009
1544.27, 0.00432979
1518.25, 0.00719044
1708.29, 0.0121232
1556.48, 0.00530984
1389.65, 0.00427153
2482.82, 0.00381449
2109.69, 0.00218913
1689.74, 0.0807984
1073.09, 0.00907979
1061.03, 0.21679
1818.94, 0.00311404
1771.11, 0.0239188
1138.32, 0.00543178
1812.88, 0.00474351
1506.49, 0.00749397
1462.69, 0.00483645
2030.59, 0.00555527
1083.91, 0.0094381
2431.14, 0.00146413
1486.93, 0.00556318
1761.03, 0.00514763
2092.59, 0.00275649
1890.61, 0.00336406
1328.32, 0.00213217
1048.68, 0.00741905
1595.79, 0.00448059
1958.18, 0.00416475
2153.93, 0.00190047
2227.88, 0.00415475
1681.92, 0.00362259
1596.55, 0.0220958
1191.46, 0.00103071
1333.49, 0.00272364
1849.18, 0.0263708
1622.31, 0.00389124
1166.89, 0.0019438
1074.32, 0.00842091
1010.15, 0.0127972
1455.71, 0.0111243
1321.37, 0.00339963
1082.4, 0.00468274
1212.7, 0.000878147
1264.69, 0.00248213
2260.74, 0.000666337
2211.57, 0.00156407
1880.29, 0.00390562
1573.08, 0.00498903
1510.89, 0.00468741
1328.66, 0.00247642
1175.14, 0.00223887
1971.21, 0.00320094
1809.77, 0.00417739
2139.5, 0.00169655
2206.32, 0.00116389
1369.85, 0.00681523
1621.87, 0.00484275
1167.35, 0.000853778
1430.68, 0.00371413
2081.43, 0.00283045
1137.22, 0.00148063
1773.74, 0.0112785
1139.39, 0.00215992
2277.22, 0.00145768
1891.9, 0.00610872
1553.87, 0.00680916
1307.98, 0.00360079
2091.47, 0.00773023
1466.25, 0.00298312
1937.53, 0.00343458
1999.85, 0.00453358
1671.95, 0.0078678
1186.14, 0.000855607
1510.58, 0.00453449
2181.26, 0.00475385
1741.76, 0.00616489
2173.43, 0.00271808
1163.7, 0.00205962
2381.08, 0.000524838
1288.26, 0.00388806
1687.26, 0.00409564
1785.2, 0.105956
1116.07, 0.00747493
1303.07, 0.00209434
1153.68, 0.00293986
2097.83, 0.00389361
2358.22, 0.000657065
1977.61, 0.00431881
1276.57, 0.00180604
2433.88, 0.00117433
1487.34, 0.00526677
2285.05, 0.000385544
2333.3, 0.00287236
2477.87, 0.00139192
1634.57, 0.00682147
2269.41, 0.000623671
1054.22, 0.0110575
2202.93, 0.00137728
1350.32, 0.00354167
1862.25, 0.00624132
2141.65, 0.00656878
1081.31, 0.00636066
2067.69, 0.0041709
1237.59, 0.0357474
1657.64, 0.0048473
2369.43, 0.000664723
1838.3, 0.00619466
1225.17, 0.00150372
1745.63, 0.00653719
2183.17, 0.00137184
2044.19, 0.00294428
1105.97, 0.00353305
2312.25, 0.00021123
1942.36, 0.00518197
2462.67, 0.00230371
1261.43, 0.00208841
2240.84, 0.00161537
1712.19, 0.00438293
2445.02, 0.00127694
1445.24, 0.00351774
2183.17, 0.028501
1260.09, 0.00408039
2495.27, 0.00159566
1718.31, 0.00454577
2113.01, 0.0020242
2139.57, 0.00375977
2469.86, 0.00667597
2479.4, 0.0029054
1857.72, 0.0042709
2277.26, 0.00116616
2465.28, 0.00291729
2329.76, 0.000406367
1714.98, 0.0105864
1692.29, 0.00362689
2221.7, 0.00155203
1996.62, 0.00517843
2443.33, 0.0045752
1886.47, 0.00681981
2387.16, 0.000508195
2156.65, 0.0202917
1244.37, 0.00105936
1657.96, 0.00684416
1273.76, 0.00287168
2470.64, 0.00139162
1041.53, 0.00677685
2346.88, 0.000447097
1497.95, 0.00754567
1406.79, 0.00458274
1366.95, 0.00364195
2405.59, 0.010726
1674.03, 0.00473695
1284.88, 0.00960103
1982.01, 0.0143509
2291.86, 0.000670395
1330.27, 0.00270379
2079.77, 0.00369486
1319.36, 0.00345545
2371.65, 0.00139191
2190.31, 0.00137199
1577.83, 0.0271056
2037.39, 0.00812817
2332.4, 0.00035278
2253.37, 0.000744095
1435.17, 0.00407685
2061.87, 0.00338635
1781.49, 0.00582942
1169.39, 0.00160415
1752.21, 0.0258168
2453.79, 0.00269845
1050.05, 0.00647046
1096.87, 0.00469869
1850.89, 0.00764986
1428.61, 0.00408976
2077.23, 0.0314708
1313.29, 0.00200076
2029.28, 0.157786
1778.54, 0.0067465
1485.94, 0.00337861
1497.65, 0.00536587
1727.72, 0.00487876
1173.54, 0.000839946
1865.9, 0.00495504
2340.27, 0.000588526
2089.96, 0.00380629
1483.31, 0.00875001
1968.78, 0.00651075
1121.01, 0.00446347
1952.62, 0.0202281
2340.97, 0.00359002
1865.54, 0.00365988
1243.26, 0.00192831
1419.52, 0.00862257
2122.33, 0.00207845
2373.86, 0.0288727
1156.44, 0.00314296
1029.4, 0.0118946
2287.45, 0.00280473
2021.38, 0.0105708
1246.07, 0.000885272
1765.5, 0.00481413
1891.57, 0.00536091
1935.62, 0.00581469
2129.2, 0.00254242
1663.79, 0.0058996
2012.77, 0.00520311
1383.08, 0.00387411
1806.74, 0.00596213
1770.79, 0.00906522
1021.79, 0.0154231
1578.02, 0.0105238
1311.69, 0.00336417
2381.84, 0.00074769
2052.52, 0.00339969
2237.93, 0.00159782
1006.62, 0.0642671
1131.51, 0.00215441
1665.8, 0.00595241
2443.05, 0.000854182
1691.05, 0.00455179
1854.02, 0.0106734
1694.46, 0.00792268
1614, 0.0101278
1406.53, 0.00824103
2329.71, 0.000370183
1824.26, 0.00762248
2095.46, 0.00205709
1059.8, 0.293851
2289.14, 0.00234048
2405.06, 0.00114754
1669.44, 0.00413014
1702.83, 0.00695312
2144.93, 0.00167344
1217.99, 0.000862185
1605.45, 0.00904718
2358.47, 0.000341496
1031.82, 0.00873685
1285.91, 0.00580799
1356.23, 0.0056756
1275.26, 0.00578376
1303.2, 0.00325159
1344.06, 0.00411653
2161.72, 0.00191441
1833.98, 0.0376231
1203.56, 0.00116713
1830.38, 0.00579738
2116.89, 0.00642989
1262.93, 0.0182528
1405.86, 0.00756379
1486.59, 0.00584519
1330.08, 0.00374652
1883.52, 0.00357629
1311.89, 0.00884211
1095.15, 0.00600303
2449.75, 0.00162076
2167.65, 0.0020155
1958.28, 0.0222576
2320.52, 0.000496644
1892.56, 0.00494992
2166.24, 0.00213094
2412.93, 0.00173299
1172.28, 0.00148753
1584.99, 0.00414601
2428.49, 0.000953537
2153.31, 0.00208301
1845.39, 0.00933262
1509.86, 0.0145632
1258.01, 0.00165037
2346.67, 0.000283311
2168.02, 0.00218393
2010.35, 0.00446752
2050.83, 0.00300056
2422.87, 0.00143339
1974.15, 0.00340459
2487.74, 0.00209223
2209.12, 0.00331687
1375, 0.0088922
1719.58, 0.00405093
2277.52, 0.000457941
1213.02, 0.000685927
2006.91, 0.00346958
1810.27, 0.0150321
1816.09, 0.0260774
1058.18, 0.0117872
1216.07, 0.000332597
2211.89, 0.00155651
1826.61, 0.00379041
1482.23, 0.00884313
1621.85, 0.0211407
1048.75, 0.011838
1830.7, 0.00524857
1719.83, 0.00395949
1844.45, 0.00577595
2351.7, 0.000672661
2365.71, 0.000512552
1287.08, 0.00463053
1361.97, 0.00478737
2144.37, 0.00184062
1970.1, 0.00362517
1506.53, 0.0062995
1177.18, 0.00227462
1958.59, 0.0033594
1664.21, 0.0085184
2109.88, 0.00210495
1879.67, 0.00890287
1735.62, 0.00521769
1611.47, 0.0212883
1175.11, 0.00224456
1171.29, 0.00157866
1616.08, 0.0104433
1323.1, 0.00283504
1033.91, 0.0096786
1294.78, 0.00807778
2406.7, 0.000882495
1830.69, 0.004286
1912.16, 0.0318218
2435.7, 0.00324135
2385.72, 0.000787764
1983.18, 0.00378859
2020.26, 0.00404622
2496.58, 0.00477304
1798.8, 0.00392273
2053.44, 0.00321676
1162.69, 0.00104288
1285.84, 0.00464148
1647.9, 0.00428005
2292.18, 0.000400986
2349.83, 0.000390764
2098.59, 0.00275635
2495.14, 0.00363084
1269.34, 0.00184061
2142.31, 0.00170481
2117.77, 0.00514889
2318.52, 0.000197304
2365.63, 0.000387643
1582.15, 0.0108383
1407.38, 0.00315487
2040.34, 0.0024736
2039.44, 0.00388254
2056.19, 0.00286652
1966.3, 0.0036136
1873.39, 0.00532266
1313.29, 0.00325974
1577.46, 0.00402985
2426.07, 0.00128492
2342.83, 0.00060753
2362.36, 0.00058208
1129.7, 0.0107052
1770.79, 0.00812342
1247.65, 0.00652551
1621.46, 0.0111598
1862.52, 0.00737638
1846.72, 0.00408978
2482.46, 0.00161659
1361.86, 0.00258358
1192.09, 0.000904044
1045.98, 0.0312437
1978.11, 0.00407513
2119.55, 0.00231762
1578.08, 0.0149491
1134.1, 0.00301261
1968.88, 0.002879
1912.24, 0.00473134
1021.36, 0.00761058
1038.77, 0.0676821
1395.9, 0.00455746
1639.16, 0.00407394
1097.21, 0.0122304
1930.14, 0.00396916
1615.04, 0.00712478
1008.18, 0.0145952
1405.96, 0.00405736
2466.77, 0.0014027
1679.42, 0.0078224
1010.21, 0.013588
1934.17, 0.00969223
2097.89, 0.00207173
1573.81, 0.0124947
1552.46, 0.023819
1250.58, 0.0010164
1848.06, 0.00599413
2382.59, 0.000708969
1622.06, 0.0105748
1058.27, 0.00443366
2480.19, 0.00152706
1425.72, 0.00778422
1548.21, 0.00561249
1602.25, 0.00634238
1416.85, 0.00455853
2075.85, 0.00418972
1786.29, 0.00331251
1934.38, 0.00970749
1880.16, 0.00450421
1496.3, 0.00522922
1533.02, 0.00515676
1870.28, 0.00508204
1328.31, 0.0045638
1608.95, 0.00690084
2001.73, 0.0052735
1802.81, 0.00660952
1325.6, 0.00408769
1431.7, 0.00416026
1718.91, 0.00479076
1816.11, 0.00547324
1337.49, 0.00315653
1355.63, 0.0047435
1410.06, 0.00245581
1856.82, 0.00493643
2223, 0.00150858
2050.64, 0.0029422
1281.6, 0.00657026
1136.75, 0.00222194
1432.81, 0.00407631
1759.21, 0.00717946
1279.15, 0.0112718
1480.07, 0.00362212
2197.22, 0.00147482
1592.71, 0.0188458
1656.23, 0.0114074
1611.03, 0.00562868
1458.72, 0.00575051
1762.8, 0.0092062
2100.78, 0.0024204
1112.49, 0.00557431
2063.91, 0.00308487
1483.57, 0.00687326
1991.78, 0.0112766
1714.42, 0.0612604
2288.45, 0.000604395
2232.34, 0.00159138
2480.36, 0.00148724
1450.55, 0.0101306
1375.69, 0.0137646
2193.11, 0.00115652
2144.73, 0.00198794
1829.7, 0.043317
1815, 0.00386308
2313.62, 0.000281716
1189.12, 0.000835996
1391.25, 0.00426312
2376.9, 0.000876052
1890.53, 0.00404664
1358.54, 0.0114648
2333, 0.000349117
2219.56, 0.00142117
2352.08, 0.00115182
1465.1, 0.00534841
1935.95, 0.00408394
2443.62, 0.00158897
1950.99, 0.00759169
2125.6, 0.00214105
2456.06, 0.00212462
2031.95, 0.00241447
2030.28, 0.00605225
1225.45, 0.00088032
1227.11, 0.0011342
1883.65, 0.00929163
1099.85, 0.00303102
1189.05, 0.000784889
2453.21, 0.00152997
1502.15, 0.00365528
1028.23, 0.00890131
1604.07, 0.00598347
1432.24, 0.00445797
2299.28, 0.000501225
1833.78, 0.00884855
1328.69, 0.0269598
1444.89, 0.00462004
1938.69, 0.00479714
2402.93, 0.0114726
1223.38, 0.00100406
1413.2, 0.00323653
1596.67, 0.0053922
2364.47, 0.000266629
1312.35, 0.00671407
1660.46, 0.0223675
1575.87, 0.0238319
1843.81, 0.00497785
2493.51, 0.00362633
1326.8, 0.00843867
1003.28, 0.0141033
2470.4, 0.00107526
1819.38, 0.00508758
1329.69, 0.00396058
1694.79, 0.00478841
1392.9, 0.00376393
1059.29, 0.0160305
2062.82, 0.00217629
1428.74, 0.00508783
2358.77, 0.00165539
2072.23, 0.00217595
1434.46, 0.00512677
2490.62, 0.00346251
2270.89, 0.000520571
1000.21, 0.0102207
2243.26, 0.00253768
2374.62, 0.00100305
1153.3, 0.00212501
1581.91, 0.00552258
2102.43, 0.00306916
1519.56, 0.00553678
1671.38, 0.0163695
2300.74, 0.000353956
1756.62, 0.00556969
2311.62, 0.000222809
1403.24, 0.00485162
1121.37, 0.00274504
1802.46, 0.012973
1465.38, 0.00664992
2307.94, 0.000289051
2241.7, 0.00102907
2322.24, 0.000394833
1182.25, 0.00678152
2329.54, 0.000856795
2336.59, 0.000216405
2355.49, 0.000626075
2192.53, 0.00284359
2455.3, 0.0192191
1838.31, 0.00606665
2208.72, 0.0018525
1743.57, 0.00466225
1656.53, 0.0066045
1510.17, 0.00582706
1601.37, 0.00518711
1098.2, 0.00619361
1301.06, 0.00382329
1140.12, 0.00212994
1294.9, 0.0021441
1668.99, 0.00516235
2217.41, 0.00131394
2309.57, 0.000725883
1730.03, 0.00528085
1967.87, 0.00581902
2350.88, 0.0003787
1153.91, 0.00116821
1084.47, 0.0136404
2313.95, 0.000289262
2373.78, 0.00113582
2364.43, 0.000519942
1069.36, 0.00556582
1752.2, 0.0103735
1529.35, 0.00540361
1772.92, 0.00498008
1096.33, 0.00617864
1839.06, 0.00419366
1740.38, 0.00414628
1678.75, 0.0130457
1356.89, 0.00254701
1661.62, 0.0322952
1361.34, 0.00343447
1295.62, 0.00197798
1373.62, 0.00386786
1338.56, 0.00319058
2134.06, 0.00172366
1231.25, 0.000776544
2188.12, 0.00137891
2270.22, 0.000514054
1727.6, 0.00433604
1711.27, 0.00529373
2104.91, 0.00347959
1962.75, 0.0137979
1346.25, 0.00290919
2105.78, 0.00309276
2366.98, 0.000372499
1131.41, 0.00338014
1547.3, 0.00667104
1338.11, 0.00496169
1521.75, 0.00485958
2388.11, 0.00103697
1767.31, 0.00450543
1580.07, 0.00545594
1837.05, 0.00380298
1893.29, 0.003312
1164.81, 0.00267157
2174.38, 0.00813789
1089.07, 0.00467204
1481.16, 0.00640212
2141.59, 0.00184073
1905.04, 0.00424044
1345.58, 0.00701329
2292.43, 0.000472409
2271.05, 0.00121228
2098.22, 0.21225
1078.4, 0.012866
2446.98, 0.00159487
1254.36, 0.00284807
2386.66, 0.000835897
2292.63, 0.00158899
1226.93, 0.00119044
1870.4, 0.00544311
2466.94, 0.00339614
2237.65, 0.000748965
1537.96, 0.00486795
2060.24, 0.006398
2408.9, 0.00257008
1616.32, 0.0113719
2429.13, 0.00122011
1153.16, 0.00203816
1888.71, 0.00413778
2105.64, 0.00223617
2226.21, 0.00206758
1470.31, 0.00867481
1071.14, 0.0137977
1481.99, 0.00529752
1197.52, 0.00124735
2190.72, 0.00181862
1154.52, 0.00425665
2161.82, 0.00246663
1347.26, 0.00967992
1718.29, 0.00878792
1726.84, 0.00430441
2002.73, 0.0666066
1965.29, 0.0179828
1199.56, 0.00113947
2164.86, 0.00230112
1104.38, 0.00738366
2098.03, 0.002405
2185.67, 0.00219859
2038.11, 0.00258867
2025.03, 0.00269191
1139.53, 0.00209344
2167.94, 0.00205569
1453.33, 0.00501682
1058.57, 0.00668124
2195.26, 0.00110859
1801.15, 0.00560662
2345.48, 0.000296852
1245.56, 0.00717678
1392.11, 0.00721109
1857.27, 0.0041833
1015.87, 0.0126255
1596.01, 0.00647378
1104.74, 0.00502609
2257.38, 0.000868136
1298.72, 0.00284113
1320.26, 0.00393815
1167.82, 0.000993909
1062.21, 0.00854725
1387.57, 0.00860167
1873.47, 0.75488
1335.95, 0.00393588
2089.83, 0.00198736
1747.23, 0.00959744
1374.52, 0.0027954
1452.35, 0.00995565
2475.39, 0.00394095
1513.76, 0.00500165
2108.14, 0.00290108
1900.92, 0.00546305
1411.57, 0.013738
1962.27, 0.00269108
2485.82, 0.00445241
2162.15, 0.00179862
2322.76, 0.000413561
1532.57, 0.0124399
2227.71, 0.00134008
1026.97, 0.016241
1506.16, 0.00320812
1948.12, 0.0224676
2278.89, 0.000429917
1234.43, 0.00142815
1249.5, 0.00402465
1499.25, 0.00772344
1818.25, 0.024331
2158.71, 0.00169454
1971.16, 0.00764024
2270.01, 0.000528988
1571.11, 0.00616374
1261.15, 0.00508083
1506, 0.009502
1662.01, 0.00513882
1552.65, 0.0113026
1687.02, 0.0312937
2341.13, 0.0118594
1983.77, 0.00360108
1818.79, 0.00661751
1486.57, 0.00551825
2266.46, 0.000994912
1587.99, 0.00918861
1071.56, 0.00956776
1337.3, 0.00339935
1116.17, 0.00386805
1808.58, 0.0191356
1437.04, 0.00356659
1513.53, 0.00887729
1597.06, 0.00570571
1541.2, 0.00504419
2457.59, 0.00179214
1887.99, 0.0036558
1802.73, 0.00407246
1421.18, 0.00883631
1449.16, 0.00358125
2236.85, 0.000687677
1457.19, 0.00542438
1825.12, 0.00781212
1054.58, 0.00561203
1022.99, 0.00704526
2396.9, 0.000698738
1727.11, 0.00442664
1624.71, 0.00573583
1163.83, 0.0010652
1448.98, 0.0141394
1056.53, 0.00728693
2041.7, 0.00244333
2116.16, 0.00274998
1151.89, 0.00144359
2397.45, 0.00603816
2239, 0.000940114
1408.97, 0.00306956
2432.42, 0.00291434
1454.97, 0.00422009
1120.55, 0.00274943
1662.21, 0.00852933
1858.52, 0.00530462
2076.72, 0.00365819
1250.94, 0.0099255
1076.55, 0.00376291
1466.48, 0.00621405
1776.83, 0.013903
2059.41, 0.0765586
1422.9, 0.00651103
1061.79, 0.0134826
1031.26, 0.0136396
1690.05, 0.00928199
1594.57, 0.00695947
2471.76, 0.00108957
1413.02, 0.00368424
1209.67, 0.00068767
1221.46, 0.00128401
1463.71, 0.00740135
1144.06, 0.00158648
1662.31, 0.00561963
2454.48, 0.00286549
1895.93, 0.00502137
1221.14, 0.00086457
1083.12, 0.00808227
1102.91, 0.00576189
1955.94, 0.0280668
2273.75, 0.000603562
1175.21, 0.00281414
2412.78, 0.000648169
1366.12, 0.00488307
1820.94, 0.00769364
1594.99, 0.0118559
1446.04, 0.00637982
1249.71, 0.0751343
1527.56, 0.0115568
1998.53, 0.00773491
1534.11, 0.00799302
2180.22, 0.00168944
1075.86, 0.0170844
1511.08, 0.00570979
1016.57, 0.00637293
2477.55, 0.00623018
1662.67, 0.00823827
2386, 0.000685592
1028.88, 0.0135732
2085.53, 0.00208573
1560.71, 0.00437895
1287.35, 0.0043738
1734.32, 0.00532368
1170.53, 0.00112946
1704.19, 0.00496297
2072.22, 0.0030159
1383.45, 0.00543892
1497.47, 0.00580185
2082.12, 0.00234313
2280.01, 0.000480873
2367.41, 0.0010831
1556.56, 0.00962777
1391.32, 0.00417184
1472.71, 0.00551297
1535.4, 0.0044742
2028.87, 0.00768175
1521.13, 0.00460718
1723.88, 0.0158184
1291.65, 0.00191723
2160.09, 0.00310934
1690.83, 0.00849882
1586.37, 0.00591616
1869.32, 0.00727295
2295.57, 0.000456879
1762.01, 0.045097
2498.07, 0.0017776
2058.14, 0.00319207
2481.72, 0.00200216
1006.28, 0.0147091
1161.67, 0.00158286
1729.29, 0.00403987
2185.78, 0.000964178
1988.31, 0.00479765
1274.89, 0.0032798
1041.93, 0.00902578
2462.69, 0.00148577
1048.32, 0.00431101
1552.02, 0.00547208
1044.64, 0.00626863
2297.89, 0.000405402
1525.46, 0.00716974
1338.07, 0.00372263
2332.52, 0.000612972
1571.81, 0.00695106
2088.04, 0.0025225
2287.83, 0.000413642
2059.12, 0.00378622
2460.25, 0.0010323
2022.3, 0.0118563
1841, 0.00693549
2292.95, 0.000338557
1562.1, 0.00753609
1500.92, 0.00535843
2314.22, 0.000354807
1926.97, 0.00558398
1120.66, 0.00388101
1338.24, 0.00495566
1896.29, 0.00348268
1891.04, 0.00741497
1861.57, 0.0135498
2225.47, 0.00418771
1467.76, 0.00956189
1045.23, 0.0298429
1597.73, 0.00600306
1556.01, 0.0180128
1482.9, 0.00644583
1558.2, 0.00592612
1376.08, 0.00515379
1931.08, 0.00324915
1276.75, 0.00201601
1652.35, 0.00798206
1024.02, 0.0168167
1427.71, 0.00384784
1179.17, 0.00147448
1316.3, 0.00391554
1673.88, 0.00451483
1028.81, 0.0168721
1894.39, 0.0127301
1969.04, 0.00363433
1114.35, 0.00559146
1829.1, 0.00453299
1085.41, 0.00451993
1045.87, 0.00518207
1814.73, 0.00501187
2499.32, 0.00229459
1607.26, 0.00453489
1999.76, 0.0207565
2288.47, 0.000422674
1140.2, 0.00471778
2220.4, 0.00101648
2150.7, 0.00478578
1397.3, 0.00452868
1204.17, 0.000742287
2241.72, 0.00163439
2228.92, 0.00339842
1058.9, 0.00642516
1951.32, 0.00339136
1732.71, 0.00463928
2478.98, 0.00155865
1448.63, 0.00546591
1426.17, 0.0053675
2173.41, 0.00136603
1905.44, 0.00562013
2439.8, 0.00230432
2438.62, 0.00180841
1826.96, 0.00449507
2330.34, 0.00020766
1136.09, 0.00314556
1027.48, 0.00533838
1952.73, 0.00470169
1701.71, 0.00601394
1309.14, 0.00509455
1577.99, 0.00638192
1575.13, 0.00464171
1389.58, 0.00301842
1912.69, 0.033518
1462.47, 0.0133961
1394, 0.0136699
2350.47, 0.000325243
1162.14, 0.00370399
1842.3, 0.00482903
1192.32, 0.000798041
1517.57, 0.00659165
2420.61, 0.00233933
1050.52, 0.0167221
1542.46, 0.00542496
1323.56, 0.00494393
2216.02, 0.000967456
1510.43, 0.00483638
1282.53, 0.00603784
1223.97, 0.00113273
1255.17, 0.00287929
1884.83, 0.00313719
2359.68, 0.0005873
1728.36, 0.0067863
1533.64, 0.00708594
1738.81, 0.00504536
1150.34, 0.00127293
1859, 0.00281506
2416.95, 0.000940602
2232.05, 0.00137168
1285.82, 0.00480737
1028.4, 0.0272154
1710.56, 0.00538321
1042.92, 0.00963753
1671, 0.00801308
2030.56, 0.00305505
1932.4, 0.00625021
1385.64, 0.00625722
1930.91, 0.00509691
2126.25, 0.00280161
1620.19, 0.00819256
2333.68, 0.000322211
1100.17, 0.00408459
1551.56, 0.00986388
1988.01, 0.00309248
1612.04, 0.00687738
1666.07, 1.96551
1167.61, 0.00158649
1844.44, 0.0047897
1476.51, 0.00681697
1284.16, 0.0104003
1944.91, 0.0047646
1019.93, 0.00958238
1695.11, 0.00869648
2176.72, 0.00261368
1658.24, 0.00810262
1613.45, 0.00714066
2246, 0.00109522
2272.23, 0.000721753
2392.88, 0.000634822
1057.52, 0.0744847
1874.41, 0.00568482
1389.65, 0.00347491
2199.97, 0.00344571
2132.67, 0.00420376
1525.18, 0.00333567
1979.46, 0.00443719
1729.06, 0.00525343
1215.87, 0.000741608
2231.3, 0.00157465
1910.7, 0.00632371
2285.26, 0.00080228
2462.51, 0.000802739
1681.57, 0.00811317
1154.53, 0.0027695
2200.39, 0.00234018
2134.34, 0.00268794
2134.62, 0.00246522
1986.11, 0.010762
1775.62, 0.00552623
1943.2, 0.00446331
2267.28, 0.000756809
1660.58, 0.00415177
1109.12, 0.00445162
1365.33, 0.0033008
1034.97, 0.00813118
1836.6, 0.00568473
2172.98, 0.00172781
1378.4, 0.0415469
1788.91, 0.0114884
2287.27, 0.000354973
2436.5, 0.00119439
2446.16, 0.00149112
1507.07, 0.00550375
1452.7, 0.0203475
2299.52, 0.000875863
1945.26, 0.00530869
1214.96, 0.000762119
2239.12, 0.00456351
1333.73, 0.00485202
2398.38, 0.00115464
1432.51, 0.00564648
2261.56, 0.00110677
1720.96, 0.00527611
2310.94, 0.000361586
1293.1, 0.00258715
2366.27, 0.000859503
1464.87, 0.0103126
1924.14, 0.00456056
1469.54, 0.00856202
1061.82, 0.00794306
1207.86, 0.000597419
2223.14, 0.00111956
1053.83, 0.024898
1328.84, 0.00404617
1757.94, 0.00561789
2457.98, 0.00269622
1782.64, 0.00805833
1426.26, 0.0127974
2061.64, 0.0121783
2262.83, 0.002007
1201.72, 0.000824534
1158.24, 0.00167236
1892.99, 0.00731048
1588.2, 0.00745042
1143.61, 0.00208704
1235.65, 0.00127027
1115.09, 0.00446737
1687.79, 0.00627556
2088.44, 0.00202542
1883.02, 0.00635751
1008.99, 0.034227
1085.47, 0.00516487
2165.47, 0.00422485
2370.78, 0.000543835
1095.05, 0.00347221
2421.37, 0.000726423
1418.25, 0.00469105
1329.36, 0.00261489
1060.29, 0.00532913
1557.89, 0.00699931
2265.32, 0.000574409
1087.75, 0.0119476
1235.4, 0.000788404
1974.37, 0.00375976
2471.16, 0.00183045
1903.95, 0.0107373
1344.77, 0.00629395
1565.75, 0.0045607
1863.66, 0.00469796
1606.61, 0.0055033
1310.88, 0.00598387
2083.35, 0.0028093
2275.41, 0.000656107
1708.84, 0.00834692
1348.9, 0.00355638
1491.32, 0.0105292
1741.15, 0.00624612
2293.63, 0.000423666
1353.06, 0.00629822
2427.6, 0.00308344
2401.49, 0.0014192
1096.33, 0.0672969
2195.17, 0.00198614
1054.28, 0.00696277
1961.11, 0.00869704
1053.09, 0.00574241
1529.65, 0.00482235
1137.9, 0.00155153
2162.85, 0.00197406
1077.78, 0.0102937
2369.63, 0.000436634
1765.65, 0.00528657
1301.16, 0.00226275
1959.78, 0.0066451
1788.96, 0.0137297
1277.11, 0.00164594
2193.81, 0.00181994
2248.98, 0.0020148
2477.12, 0.00148236
1348, 0.0102327
1075.6, 0.00442964
1723.89, 0.00413513
2009.36, 0.00358512
1901.94, 0.00738393
2435.24, 0.00560403
1882.6, 0.00556506
1355.11, 0.017817
1451.21, 0.0308435
2218.44, 0.000868597
1203.4, 0.000924142
1862.32, 0.00465393
1063.81, 0.00519671
1496.93, 0.00430228
1095.83, 0.0020282
2272.15, 0.00117082
2347.63, 0.000747941
1145.62, 0.00731235
1199.97, 0.000443858
1485.98, 0.00472779
1669.23, 0.00586376
2143.17, 0.00192418
1231.15, 0.00137561
2150.97, 0.00194132
1507.31, 0.0048647
1736.35, 0.00570991
1147.85, 0.00262765
1800.14, 0.00660061
2160.91, 0.00222515
1598.01, 0.0085389
2403.59, 0.0459112
1333.5, 0.00468684
2174.77, 0.0049962
1874.78, 0.00358093
1283.97, 0.00267878
2117.35, 0.00345474
1168.02, 0.00179201
1148.4, 0.00171871
1484.94, 0.0037418
1587.55, 0.00899893
2041.13, 0.00385064
1319.19, 0.00506984
2036.64, 0.00382628
1081.71, 0.00612673
1948.75, 0.00587181
1095.76, 0.00586496
2168.84, 0.00219328
2103.49, 0.0025641
1393.13, 0.00346353
2013.34, 0.00520376
1668.21, 0.00527761
2286.17, 0.000558535
1177.07, 0.00110454
1742.76, 0.00712261
2123.66, 0.00208474
2459.93, 0.00106794
2162.55, 0.00176257
1447.87, 0.0082333
1077.63, 0.00749168
2342.04, 0.000455774
2041.29, 0.00671076
1577.03, 0.00740509
2097.08, 0.0179021
1115.22, 0.0759359
1888.5, 0.109743
1525.81, 0.00614802
2295.71, 0.000512527
1337.01, 0.00481916
1320.82, 0.00359283
2411.73, 0.00116484
1329.09, 0.00348985
2255.57, 0.000704479
1949.42, 0.00675235
1810.1, 0.00667784
1641.75, 0.00838664
2096.81, 0.00235307
1639.32, 0.00456544
1028.57, 0.0145091
1862.32, 0.011961
1398.74, 0.0114659
1239.92, 0.00123059
1987.57, 0.0053947
1741.4, 0.00545946
1920.57, 0.00401076
1579.54, 0.00446404
1268.03, 0.00362985
1999.21, 0.00415368
1440.03, 0.00485606
1688.28, 0.0118175
1788.22, 0.00519043
1048.32, 0.0147494
1069.2, 0.00932766
1263.39, 0.00169368
2101.05, 0.00188743
1929.45, 0.00497983
2003.38, 0.00442362
2469.86, 0.0085448
1241.56, 0.000880973
1214.31, 0.00141902
2377.14, 0.000860608
2116.39, 0.00189681
1494.72, 0.0209317
1796.72, 0.0136978
1202.57, 0.000916788
1174.53, 0.00090258
1849.86, 0.00475558
1156.38, 0.0031107
2292.43, 0.000448532
1500.23, 0.00467244
2301.3, 0.000301139
1640.08, 0.00620272
1451.65, 0.0072615
1874.51, 0.00735786
2158.6, 0.00173136
2324.13, 0.000315557
1758.09, 0.00920135
1074.56, 0.0255359
2353.98, 0.000407505
1337.52, 0.00324705
1847.23, 0.00461525
1626.81, 0.0770781
1886.09, 0.00370802
1570.64, 0.00509367
1899.69, 0.00455897
2250.79, 0.621192
1933.21, 0.00359605
1640.91, 0.0100289
2459.69, 0.00306661
1246.51, 0.00189424
1147.65, 0.00398136
2069.8, 0.00521505
1393.26, 0.0116862
1119.4, 0.00647348
1495.58, 0.0201724
1555.46, 0.00705707
1592.64, 0.00478645
2191.85, 0.00232987
1206.05, 0.000806092
1250.44, 0.00328351
1095.56, 0.00384651
1346.68, 0.00264472
1546.24, 0.00384821
1839.07, 0.00936489
1054.62, 0.00771648
2260.49, 0.000688319
1434.13, 0.00620563
1371.02, 0.002951
1335.92, 0.00634574
1723.77, 0.00582352
2496.28, 0.00144314
1099.81, 0.0164316
2037.99, 0.00356389
1628.46, 0.00573438
2001.66, 0.0128651
2261.56, 0.000663835
2094.14, 0.00221626
1067.75, 0.00619591
1896.78, 0.00637544
2023.89, 0.579653
1249.12, 0.00239161
2272.19, 0.000625125
2355.41, 0.000727361
2163.45, 0.00177227
1356.06, 0.00488464
1855.63, 0.0108286
1939.07, 0.00796121
1361.99, 0.00546813
2306.01, 0.000337954
1550.9, 0.00565166
1582.03, 0.00598593
1360.76, 0.00272375
2176.08, 0.00136682
2331.02, 0.000804686
2018.79, 0.00413689
2402.31, 0.199579
2499.41, 0.00258003
1106.79, 0.00385426
2043.95, 0.00364323
1239.93, 0.00166163
1133.71, 0.00224704
2357.33, 0.00276735
2447.18, 0.00144404
2304.1, 0.000267259
1199.46, 0.00115942
2450.18, 0.00353912
2207.42, 0.000930493
1762.35, 0.00601967
1619.37, 0.009183
2111.58, 0.00307364
2404.7, 0.00078706
1114.45, 0.00583887
2235.65, 0.00115497
1267.07, 0.00215449
2062.56, 0.00277973
2353.45, 0.000756607
2484.86, 0.00150208
2151.96, 0.00210614
1732.3, 0.00549693
2063.59, 0.00382001
1383.05, 0.00430344
1642.84, 0.006991
1726.66, 0.00790809
2140.57, 0.00297934
1570.93, 0.0259708
1341.22, 0.00693894
1010.44, 0.0176735
1088.88, 0.00744467
1265.06, 0.00387028
1605.26, 0.0146984
2090.39, 0.00436405
1817.82, 0.00353526
1482.34, 0.00458816
2085.26, 0.00191898
1110.15, 0.00788927
2294.5, 0.00041397
1981.94, 0.00614167
1410.52, 0.00496039
1618.74, 0.0065197
2028.77, 0.00287249
1615.42, 0.0321858
1642.85, 0.00902408
1108.08, 0.00450206
1624.42, 0.00682124
1191.84, 0.00133138
2416.43, 0.000707582
1481.97, 0.00516535
2471.78, 0.00344566
2398.25, 0.000927931
1646.49, 0.00444621
1051.96, 0.0227049
2190.72, 0.00176548
1522.66, 0.00392266
1222.34, 0.0012225
1112.12, 0.00378988
2444.24, 0.00199123
1857.65, 0.0246047
1376.68, 0.00293406
2147.84, 0.00160716
1791.14, 0.00653017
1316.97, 0.00349637
1296.81, 0.00208767
1563.15, 0.00467011
1556.12, 0.00812451
1028.52, 0.00836282
1323.34, 0.00290355
2181.94, 0.00135409
1707.34, 0.00407935
2405.89, 0.00126477
1803.91, 0.00537014
1160.9, 0.00130071
1865.04, 0.00687359
2227.06, 0.00093691
1278.21, 0.00754468
2001.89, 0.00358647
1447.84, 0.00481507
1060.19, 0.0158296
1839.16, 0.00268512
2089.4, 0.00506682
1475.8, 0.00644185
1695.77, 0.00375216
2044.75, 0.00313423
1921.22, 0.00621115
1274.9, 0.00192393
1056.8, 0.00549328
1063.78, 0.00567965
1669.3, 0.00457547
2119.76, 0.00198404
1023.46, 0.0155108
1001.42, 0.0133846
2200.59, 0.00156702
1901.75, 0.00282926
2071.68, 0.00295458
2249.53, 0.000710123
1362.58, 0.00291477
1217.41, 0.000995109
2420.11, 0.00263134
2115.1, 0.00205982
1967.96, 0.00453091
1220.22, 0.00170897
1064.25, 0.00421747
1389.81, 0.0036918
1995.45, 0.00330479
1390.29, 0.0032294
1469.66, 0.00608174
1943.29, 0.00380557
1885.38, 0.00418519
1239.56, 0.00152094
2077.72, 0.00302747
1912.99, 0.0108978
1386.14, 0.00530427
2257.21, 0.0026771
1868.6, 0.00519698
1738.28, 0.00684704
2236.05, 0.000827434
1107.43, 0.00293061
2111.62, 0.00260224
1016.15, 0.115725
1522.45, 0.00644404
1973.32, 0.0217796
1206.64, 0.000709438
2035.49, 0.00316617
1765.4, 0.0106166
1960.08, 0.00330758
1900.82, 0.00573499
1068.22, 0.0120411
1224.33, 0.000514044
1953.93, 0.0159801
1266, 0.00464028
1600.57, 0.00964413
1665, 0.00952968
1243.92, 0.00128244
1607.89, 0.00575927
1433.97, 0.00495122
2287.07, 0.000372474
1551.63, 0.00434557
1747.94, 0.00471403
1653.34, 0.00717542
1814.67, 0.0072285
1391.83, 0.00530358
2256.36, 0.000674111
1155.79, 0.0015392
1373.86, 0.00476869
1330.54, 0.00750801
1218.16, 0.00381828
2407.09, 0.00162883
2323.27, 0.000311605
1300.57, 0.00176207
1183.2, 0.00305438
1580.92, 0.00423394
1130.65, 0.00716401
1517.31, 0.00562708
1056.45, 0.0147438
1522.4, 0.00383755
2384.37, 0.000513449
1538, 0.00328553
2240.52, 0.00442058
2127.15, 0.00306999
1048.14, 0.00828572
1988.9, 0.00352324
1669.09, 0.00639005
1824.45, 0.0088174
1529, 0.00659652
1736.06, 0.00428402
1062.78, 0.00707425
1278.05, 0.00320145
1599.49, 0.00660229
2418, 0.0013114
1976.31, 0.00587536
2101.99, 0.00372773
1588.8, 0.0122258
1040.29, 0.00798027
1766.87, 0.00552315
2299.12, 0.000371449
2232.32, 0.00230823
2440.37, 0.000738055
2390.95, 0.000952856
2421.92, 0.000985215
1695.87, 0.00522506
1765.96, 0.00546111
1174.99, 0.00330413
1263.04, 0.00206558
2048.99, 0.00277677
1648.51, 0.00708983
2152.53, 0.00210144
2266.88, 0.000449224
1245.94, 0.00164228
1319.89, 0.00222198
1411.93, 0.00383185
2384.77, 0.000795284
1641.4, 0.00348997
1480.47, 0.00840611
1952.39, 0.0113767
2475.7, 0.00209819
1613.6, 0.00448932
2493.45, 0.00134873
1337.36, 0.0257752
2212.74, 0.00248959
2356.61, 0.00047261
2185.24, 0.00140558
2248.75, 0.000759017
1264.01, 0.0014624
2434.2, 0.00146083
1120.46, 0.00258498
2241.55, 0.00119526
1218.99, 0.000657377
1937.26, 0.00380565
2178.4, 0.00190441
2475.89, 0.00228788
1891.71, 0.0123301
1335.34, 0.0221705
1550.39, 0.0108253
2261.42, 0.00108077
1566.62, 0.0249245
2381.08, 0.000642203
1845.74, 0.00420928
1922.84, 0.00533004
2331.63, 0.000269833
1981.86, 0.00429919
1461.5, 0.00593649
1806.91, 0.00386543
1520.37, 0.0197998
1551.7, 0.00744419
2268.9, 0.000964065
2406.15, 0.000677773
2080.44, 0.00394208
1679.8, 0.00483658
1330.06, 0.00268553
1953.49, 0.0237854
1892.68, 0.0051169
1587.35, 0.00401683
1671.87, 0.00894773
1814.25, 0.00826416
2470.43, 0.0010109
1522.9, 0.00542739
1791.4, 0.00412464
1607.04, 0.00387225
2243.15, 0.00101466
1285.59, 0.0215052
1859.85, 0.00621516
2303.83, 0.000476644
2027.11, 0.0046312
2430.14, 0.000904933
1770.38, 0.00856433
2008.6, 0.00435491
1654.73, 0.00937778
1224.6, 0.00374857
1461.29, 0.0108292
2030.97, 0.0142238
1424.1, 0.00464288
1836.21, 0.00747905
2497.94, 0.00204602
1072.45, 0.0071815
2245.4, 0.0011604
1025.26, 0.00906009
2297.61, 0.000396972
2130.85, 0.00224963
1210.78, 0.000627742
1176.45, 0.00127454
2150.39, 0.00336413
2478.25, 0.00163049
2482.39, 0.00234749
2300.05, 0.000355372
1724.74, 0.00705592
1015.95, 0.00583764
1245.97, 0.000939094
1528.67, 0.00618708
1042.02, 0.00499142
1102.17, 0.00536179
1374.89, 0.00833927
1677.47, 0.00573414
1211.69, 0.0010087
1730.35, 0.0055497
1611.55, 0.00675446
1966.3, 0.00422993
2249.16, 0.0010255
1130.89, 0.00349998
1553.06, 0.00601476
1519.82, 0.00450651
1085.73, 0.00324889
1830.3, 0.097003
1721.81, 0.0307966
1013.05, 0.00861693
2152.21, 0.00151316
1293.22, 0.0016842
1167.69, 0.00101436
1578.75, 0.0062257
2324.46, 0.00041621
1853.29, 0.00439309
1087.83, 0.00576255
2023.67, 0.00372113
1006.19, 0.00577024
2441.84, 0.00164357
2480.43, 0.00127224
1002.68, 0.0112576
1588.17, 0.00468746
1651.58, 0.00729791
2018.24, 0.00508261
1933.15, 0.00492033
1267, 0.00417643
1264.88, 0.00197859
1826.6, 0.0425087
1339.19, 0.0034162
1262.75, 0.00282378
2020.17, 0.0144068
1207.68, 0.000625573
1279.88, 0.00340103
2451.76, 0.00123349
1941.57, 0.00798835
1676.56, 0.00579764
1128.62, 0.0036188
1678.32, 0.00462797
1229.52, 0.000862495
2466.79, 0.00275789
2289.84, 0.000521276
2402.3, 0.000862476
1758.79, 5.0268
1988.92, 0.00708111
1995.87, 0.0106695
1826.5, 0.0106429
2346.32, 0.000236209
2103.11, 0.00168917
2036.43, 0.00436885
1490.76, 0.00594172
1844.08, 0.00464931
1285.19, 0.00446659
2325.93, 0.000336631
1153.36, 0.00758551
2291.74, 0.000372738
1684.86, 0.0105831
1271.82, 0.00347923
1791.8, 0.00492397
2111.21, 0.00274598
1708.04, 0.0123133
1091.94, 0.00691801
2450.54, 0.00425687
1695.92, 0.00700595
1043.23, 0.0169429
1936.46, 0.00413519
1553.13, 0.0193434
2077.44, 0.00329307
2458.66, 0.00169455
1300.53, 0.0254748
1992.63, 0.0032409
1657.3, 0.00495216
1637.4, 0.00526971
1128.04, 0.00371892
2086.33, 0.0056549
1702.72, 0.0280922
1410.2, 0.00355955
1733.15, 0.00607369
1750.15, 0.00793643
2401.97, 0.000897792
1600.24, 0.00749357
1891.65, 0.00498409
1294.18, 0.00222823
1947.52, 0.00511742
1312.5, 0.00322247
2490.6, 0.00129664
1966.35, 0.00688816
1465.51, 0.00804043
1452.42, 0.00844036
1397.45, 0.0208244
2339.12, 0.000273258
2402.02, 0.00177638
2375.23, 0.000399916
1754.28, 0.00385176
2343.31, 0.00127112
1847.19, 0.00777292
1136.25, 0.00325987
1074.68, 0.00575324
1260.78, 0.0030329
2215.56, 0.00237636
2379.59, 0.000499075
1428.54, 0.00462136
2342.24, 0.000301009
2002.85, 0.00344415
1272.05, 0.00613638
1753.55, 0.0051309
1922.39, 0.0197317
1874.05, 0.00540729
1414.53, 0.0124964
1527.2, 0.0132702
1435.62, 0.00517619
2194.11, 0.00130853
1846.48, 0.00461915
1502.42, 0.00987003
1884.26, 0.00479891
1816.44, 0.00660454
1236.43, 0.00284797
2263.65, 0.000492725
2444.58, 0.00206366
2194.31, 0.00504207
1992.41, 0.00474985
1682.12, 0.00598881
1532.16, 0.00464414
1054.58, 0.00961655
1679.97, 0.0132914
1270.18, 0.0361953
1226.06, 0.00184309
1076.4, 0.00790937
1418.81, 0.00399588
1166.54, 0.00115392
2468.04, 0.00103418
1330.1, 0.00898087
1687.68, 0.00507934
1364.41, 0.00370574
2332.28, 0.00034951
1547.77, 0.00784375
1996.31, 0.00546576
2309.09, 0.000257774
1658.46, 0.00493826
2318, 0.000473992
1745.54, 0.00670488
1885.91, 0.00372915
2400.42, 0.000930266
1038.79, 0.00633583
2109.79, 0.00266876
1252.12, 0.00688236
1035.26, 0.00743236
1940.66, 0.00668105
1007.99, 0.0134141
1333.22, 0.00780885
1524.95, 0.0371941
1434.72, 0.00717069
1055.58, 0.00535093
2230.49, 0.000881772
1517.85, 0.0168465
1390.13, 0.00799493
1641.87, 0.0465597
2411.64, 0.00102739
1948.44, 0.00412475
1111.89, 0.00216537
2258.78, 0.000485328
1048.85, 0.0464256
2399.18, 0.00666497
1785.73, 0.0146112
1250.73, 0.000959397
2055.01, 0.00500772
1924.55, 0.00764744
2482.89, 0.0782078
1790.28, 0.0142003
1703.69, 0.00513849
1576.69, 0.00483221
1989.87, 0.00441491
1344.08, 0.00451356
2489.52, 0.00587737
1197.59, 0.000466429
1399.09, 0.00414777
2392.68, 0.000712973
1241.64, 0.00101701
2335.31, 0.000274803
2382.79, 0.000431617
1335.56, 0.0149899
1148.02, 0.00392423
1557.73, 0.00712325
1068.83, 0.0149851
1247.52, 0.00165929
1250.82, 0.00247569
2084.76, 0.00776109
1967.59, 0.00645346
2285.94, 0.0201627
1035.02, 0.00432729
1989.48, 0.00497843
1451.18, 0.00565569
2078.27, 0.00255968
1427.46, 0.00338019
1188.58, 0.000868768
1853.29, 0.0111812
2348.19, 0.000374595
1751.32, 0.0093866
1798.53, 0.00542069
2060.83, 0.0116756
1057.02, 0.0171556
2044.53, 0.0102959
1490.68, 0.00649787
1945.44, 0.00748839
2146.81, 0.00172032
2073.54, 0.00269286
2306.35, 0.000391129
2427.34, 0.00256385
2024.94, 0.00391677
2336.59, 0.00017639
2404.71, 0.00768733
1745.54, 0.00466943
2009.76, 0.00479203
1475.27, 0.00412566
1158.3, 0.00106809
2148.49, 0.00226693
1283.79, 0.00229548
1805.31, 0.00642522
1033.62, 0.0131201
1978.49, 0.00221144
2203.57, 0.00107936
1026.09, 0.00885565
2339.85, 0.000247111
1826.09, 0.0133592
1491.49, 0.0111606
1976.99, 0.00658601
1339.65, 0.00330185
2165.54, 0.00351751
2178.57, 0.00160313
1693.84, 0.00619979
2237.31, 0.000981987
1475.8, 0.00769871
1331.26, 0.00354717
1617.79, 0.0113169
2357.4, 0.000353399
1576.97, 0.00736536
2216.65, 0.00149588
2044.21, 0.00349437
1446.01, 0.00295221
2027.94, 0.0136738
1214.62, 0.000530146
2288.75, 0.000418183
1630.45, 0.0202235
2131.98, 0.00481921
2166.07, 0.00120454
1899.9, 0.00771131
2356.4, 0.000361296
1639.73, 0.00373736
1183.82, 0.00225383
1633.81, 0.00673679
2473.76, 0.0108526
1877.81, 0.00385553
2041.98, 0.00283844
2252.3, 0.000942042
1588.69, 0.00762154
1198.98, 0.000683016
1473.14, 0.00501297
2087.18, 0.00237235
2356.85, 0.000327486
1870.1, 0.00332082
1854.42, 0.00468034
1923.36, 0.00415047
1375.29, 0.00271728
1187.2, 0.000863971
2395.69, 0.000833498
1744.05, 0.00742127
1581.71, 0.00443165
1616.32, 0.00912748
1463.34, 0.0034767
1023.76, 0.0212646
2429.6, 0.000993239
2430.39, 0.0016706
2140.43, 0.00355154
2097.49, 0.0646935
1207.02, 0.00115427
1644.18, 0.0059249
1312.27, 0.00355996
1733.54, 0.0076512
2026.53, 0.00376411
2059.39, 0.00485585
2290.08, 0.000492766
2048.15, 0.00398614
1869.41, 0.00502118
2100.96, 0.0021712
1286.81, 0.0237917
1128.64, 0.00439834
2442.4, 0.00155437
1304.71, 0.00362937
1487.89, 0.00502744
1992.64, 0.00698903
1157.53, 0.00129575
1890.15, 0.00429159
1542.88, 0.00836844
1591.76, 0.0070712
1392.31, 0.0085298
1057.47, 0.00794501
2347.93, 0.000363276
1226.45, 0.00104702
2288.69, 0.000481275
2476.22, 0.00474815
2105.06, 0.00793058
1387.67, 0.00358841
1794.21, 0.00511367
2230.96, 0.00118078
1213.04, 0.001308
2209.63, 0.00240915
1789.17, 0.010279
2376.31, 0.00135539
2071.83, 0.00250283
2006.09, 0.00439325
2122.89, 0.0127199
2252.86, 0.000800601
1434.84, 0.00362134
1657.41, 0.00790744
1703.66, 0.00852143
2347.64, 0.000434928
1512.56, 0.00455953
1976.34, 0.0116093
1200.27, 0.00048603
2203.54, 0.00112028
2352.73, 0.000399798
2449.06, 0.00224412
1270.4, 0.00206501
1693.79, 0.00618266
1505.65, 0.00451106
1213.52, 0.000488421
2234.3, 0.00384643
2001.35, 0.00848847
1309.36, 0.0029786
2391.21, 0.000776282
1766.35, 0.00406999
1020.94, 0.0691545
1592.21, 0.00638777
1494.12, 0.00472806
2477.51, 0.00126168
1519.93, 0.00612272
2261.81, 0.000865116
1975.86, 0.350552
1183.14, 0.000859781
1897.66, 0.00776394
2111.38, 0.00302249
2209.74, 0.00148041
1663.08, 0.0049851
1568.54, 0.0135419
2096.35, 0.00317679
1865.59, 0.00357329
1956.36, 0.00700602
2386.31, 0.000873511
1571.3, 0.00605765
1389.15, 0.0250471
1251.7, 0.00202256
1491.66, 0.0114286
1975.97, 0.00433535
1727.65, 0.00389609
1028.34, 0.00760691
1902.47, 0.0073884
2109.28, 0.00262501
1022.14, 0.00515318
1070.12, 0.0403494
1816.1, 0.00662138
1129.65, 0.00476585
1042.17, 0.0101707
1284.02, 0.00287349
2308.02, 0.000283108
1558.88, 0.00834006
2392.04, 0.00139737
1493.46, 0.0138979
1887.25, 0.00517028
1551.13, 0.00538295
1713.83, 0.0132142
2225.46, 0.0037957
1124.66, 0.00274645
1043.28, 0.00614929
2473.98, 0.0188605
1197.6, 0.000889341
1666.01, 0.00552153
1407.88, 0.00598229
1395.31, 0.00542629
1756.15, 0.00329067
1335.71, 0.00720281
1114.05, 0.00362356
1813.29, 0.00477983
1110.38, 0.00243733
1690.43, 0.0061672
2355.26, 0.000588282
2151.17, 0.00225613
1507.94, 0.00601935
1004.21, 0.014169
2391.88, 0.00312292
2003.02, 0.00343954
2087.38, 0.00336133
1360.28, 0.0412835
1740.99, 0.00641426
1470.05, 0.00314967
1616.82, 0.00491128
1036.08, 0.0158984
1136.35, 0.00411926
1882.28, 0.00378086
1366.86, 0.00504199
2027.64, 0.00350842
2339.99, 0.000358692
1130.62, 0.0199436
2417.76, 0.00131028
2356.8, 0.000267199
1818.57, 0.00847088
1922.5, 0.00470915
2117.86, 0.00202218
1330.16, 0.0068213
2332.92, 0.00177379
1604.56, 0.00573343
2028.32, 0.00325374
1677.02, 0.00712064
1874.97, 0.00431168
2301.72, 0.000335897
2014.75, 0.00492366
2246.01, 0.000977156
1664.28, 0.00401605
1264.19, 0.00326993
1352.59, 0.00488223
1894.44, 0.0085939
1583.52, 0.00707889
2149.74, 0.00261268
1965.67, 0.00350875
1489.52, 0.00379121
1983.65, 0.00603142
1665.19, 0.0132265
1447.92, 0.0058931
1753.81, 0.0194668
1723.62, 0.00782882
1639.71, 0.00438831
2052.81, 0.00247192
2035.64, 0.00382346
1518.41, 0.00552861
1205.9, 0.00134519
2171.8, 0.00183364
1096.93, 0.00454658
1557.66, 0.00481429
2138.34, 0.00244536
1900.44, 0.0425807
2093.74, 0.00345535
1881.77, 0.00537528
1157.02, 0.00299875
1995.41, 0.00413422
1778.89, 0.00561483
2190.52, 0.00196125
2478.63, 0.0017483
2084.48, 0.00228483
1255.92, 0.00275959
1160.35, 0.00157584
2100, 0.00201096
1872.29, 0.00485022
1240.35, 0.000923194
2331.15, 0.000453647
1468.41, 0.0125765
2241.14, 0.00129056
1394.42, 0.078188
2378.38, 0.00103326
1194, 0.00160003
1972.06, 0.00477709
2280.17, 0.00111331
1251.03, 0.00154663
1346.13, 0.00201271
1468.61, 0.0066577
1821.26, 0.00691362
1214.45, 0.000494184
2161.81, 0.00158522
1603.68, 0.00433903
1257.58, 0.00145192
1861.45, 0.00463898
1258.68, 0.00303505
2215.8, 0.0010475
1303.46, 0.0114209
1655.94, 0.00665521
2057.42, 0.00595437
1919.64, 0.0229323
1300.38, 0.341853
1234.04, 0.000968084
2023.85, 0.00331863
1738.44, 0.00521635
2309.35, 0.000355832
1233.64, 0.0013483
2361, 0.00117739
1826.86, 0.00440469
1517.65, 0.0113646
1656.7, 0.00527671
2080.7, 0.00673305
1897.09, 0.00277276
2226.4, 0.00117546
2392.93, 0.00210822
1211.87, 0.000833817
2309.27, 0.000523208
1972.2, 0.00320265
1985.77, 0.00242501
1774.5, 0.011471
1826.6, 0.00732634
1887.33, 0.00440326
2378.76, 0.000882165
1731.99, 0.00401113
1907.68, 0.00480755
1235.13, 0.00133704
1323.21, 0.00287945
1102.7, 0.00278748
2296.62, 0.000414436
2153.34, 0.00223428
1088.15, 0.00400949
1472.84, 0.00397621
1311.74, 0.00721028
1596.39, 0.0049022
2134.1, 0.00315791
2031.41, 0.00295285
1340.92, 0.00381476
1862.25, 0.00879776
2445.3, 0.00123176
1733.1, 0.0107802
1093.07, 0.00417971
1579.77, 0.00640047
1407.28, 0.00499426
1288.01, 0.00264335
1606.34, 0.00738101
2130.31, 0.0028949
2100.26, 0.00243702
1554.51, 0.00754734
2264.52, 0.00159685
1569.57, 0.00809321
1129.16, 0.00381592
2441.18, 0.00535808
2115.01, 0.00179584
2070.51, 0.00334735
2082.64, 0.0034572
1054.96, 0.00547513
2270.31, 0.000714744
1782.95, 0.00428562
1892.58, 0.00501238
1125.22, 0.00252991
1867.66, 0.00515059
1755.44, 0.00458385
2223.91, 0.00214654
2429.91, 0.00164194
2457.48, 0.00100311
1183.81, 0.00080161
2046.74, 0.00700827
1535.81, 0.00700191
2152.87, 0.00400184
2363, 0.00106191
1911.98, 0.00987116
1148.47, 0.0314515
1610.02, 0.00483042
1546.91, 0.00667139
1870.99, 0.00362557
2351.3, 0.000458518
2369.29, 0.000572868
1911.99, 0.00438891
1982.45, 0.00503991
1690.42, 0.0711072
1056.51, 0.00719946
2482.28, 0.00274092
1286.12, 0.00208877
1982.97, 0.00302321
1451.94, 0.00294949
1592.48, 0.00752537
1998.18, 0.0108635
1449.25, 0.0107206
2433.65, 0.00247928
2443.31, 0.00541229
1158.79, 0.00360621
1580.39, 0.00776566
1665.19, 0.0122815
1133.93, 0.0053275
2245.62, 0.000681401
2314.23, 0.000245777
1978.97, 0.00407883
1020.89, 0.00634292
2010.4, 0.00256441
2284.94, 0.000782735
2170.77, 0.00264878
1816.36, 0.00537346
1712.42, 0.00480181
2361.42, 0.000370513
1385.32, 0.00295655
1300.23, 0.00266754
2466.78, 0.00126534
1757.8, 0.00778798
2257.66, 0.000947271
1990.85, 0.0031676
1456.5, 0.0064617
1549.86, 0.00633357
2437.88, 0.00100683
1597.35, 0.0107724
1601.89, 0.00560697
2161.57, 0.250224
1814.38, 0.0408012
1779.33, 0.00654413
1605.06, 0.00517819
1622.22, 0.00709439
1012.78, 0.00710645
1351.54, 0.00375267
1465.24, 0.00524452
1630.39, 0.0033878
2442.28, 0.00160942
1714.26, 0.00475359
1883.52, 0.00917778
1584.06, 0.0143955
1090.38, 0.00860563
1584.72, 0.015555
1264.03, 0.00210032
1506.4, 0.00655678
2480.94, 0.00273374
2187.75, 0.00171326
2325.85, 0.000262796
2427.4, 0.000914675
1920.58, 0.00399363
1468.76, 0.00510169
2497.14, 0.0024043
2151.59, 0.00214743
1832.19, 0.00861516
1728.05, 0.00380001
2031.99, 0.00310203
1340.22, 0.00346454
1363.74, 0.00328354
1581.01, 0.00615176
2038.95, 0.007354
2045.96, 0.00306318
1467.73, 0.0207039
1640.25, 0.00343935
1472.17, 0.00591466
2066.31, 0.00240922
1612.7, 0.00524484
1524.64, 0.00598329
1175.92, 0.0027718
1557.33, 0.00607876
2422.46, 0.00130867
2219.89, 0.00124517
1635.6, 0.00710379
1332.32, 0.00929984
1398.54, 0.00545047
1036.35, 0.00715001
1393.75, 0.00812332
2411.89, 0.00111328
1180.95, 0.000960957
2329.24, 0.000212399
1353.84, 0.00248238
2014.53, 0.0037593
2363.08, 0.00073506
1888.46, 0.00469971
1346.73, 0.00228638
1007.73, 0.0139801
1813.98, 0.00594663
2453.19, 0.00115435
1098.62, 0.0062845
1106.34, 0.0033294
2087.32, 0.00297268
1822.78, 0.00466788
2493.34, 0.0017598
1452.42, 0.00679608
2147.23, 0.00615334
1159.03, 0.00123166
1870.77, 0.0211632
1999.11, 0.00368959
1658.27, 0.0101022
1110.29, 0.00228004
2391.65, 0.00141921
2367.67, 0.000831567
1479.45, 0.00346503
1803.06, 0.00410923
1158.26, 0.00302611
1965.23, 0.468672
1851.38, 0.00542691
1217.38, 0.00220022
1071.95, 0.00635772
2375.72, 0.000513555
1967.4, 0.0314044
2464.7, 0.00254044
1729.29, 0.00585044
1792.71, 0.00653603
2432.86, 0.000847809
1363.58, 0.00423316
1449.39, 0.0036954
2368.71, 0.000559552
1724.47, 0.00562402
1715.45, 0.00534101
1470.6, 0.00815953
2405.95, 0.000673282
2228.5, 0.00246432
2379.23, 0.000714692
1132.38, 0.00232766
2215.14, 0.00117266
2210.14, 0.00125906
1121.21, 0.00429314
2304.76, 0.000316536
1513.03, 0.0046873
1393.81, 0.011812
1240.28, 0.00437279
1839.96, 0.00438336
2113.86, 0.00291552
2430.87, 0.00100463
1417.26, 0.00271653
2075.53, 0.00402198
1748.07, 0.00646138
1816.5, 0.0186971
1116.86, 0.0129708
1153.55, 0.00390142
1484.18, 0.00928439
1971.36, 0.0120968
1167.51, 0.00151151
1257.6, 0.00560125
1389.33, 0.00380702
2488.21, 0.00227759
1198.35, 0.00137443
1710.01, 0.0720591
1418.05, 0.00394632
2280.81, 0.000515635
2380.16, 0.00127592
1470.34, 0.00439112
1510.95, 0.00507664
2047.89, 0.0029841
1237.43, 0.00116088
1985.15, 0.00308966
2368.97, 0.000449776
2112.42, 0.00186695
1864.91, 0.00644573
1173.47, 0.0054734
1028.21, 0.00894727
1118.64, 0.00793721
1898.96, 0.00749253
1497.16, 0.0118805
1107.49, 0.0029886
1275.9, 0.00307673
1733.6, 0.00421138
1921.33, 0.00996357
1921.48, 0.00697042
1548.54, 0.0114569
1690.71, 0.0208607
2434.43, 0.00188212
1397.8, 0.0387592
2451.19, 0.00171506
1964.72, 0.0036775
2423.2, 0.00122082
2238.79, 0.00155307
1545.97, 0.00636799
2325.93, 0.0242468
1326.22, 0.00295712
2185.67, 0.00388571
2394.13, 0.00137184
1865.96, 0.0051013
1719.69, 0.005164
1626.39, 0.00470338
2462.73, 0.0036534
1023.49, 0.00631476
2053.45, 0.00324536
2166.75, 0.00191008
1340.9, 0.00226959
1380.26, 0.00342885
2286.3, 0.000445663
1114.28, 0.00376423
2345, 0.000281411
1495.48, 0.00845224
1529.61, 0.015106
1356.25, 0.00607825
1116.54, 0.00466134
2282.82, 0.000402418
1730.18, 0.0171076
1232.6, 0.000925367
1335.79, 0.00437666
2434.38, 0.00240272
1583.04, 0.0465464
1924.75, 0.00466291
1646.5, 0.00525926
1472.17, 0.0153112
1074.71, 0.0145734
2075.77, 0.00265738
1988.94, 0.00305968
1462.38, 0.00668309
2389.42, 0.000855207
1083.06, 0.0372632
1823.09, 0.0100267
2236.74, 0.000890385
1468.67, 0.00352301
1494.4, 0.00499889
1689.42, 0.00477499
2002.3, 0.00340483
1187.82, 0.0023421
1421.76, 0.00341414
1429.19, 0.0101264
1477.56, 0.00699835
1428.87, 0.00429807
1046.12, 0.0125114
1406.55, 0.00376103
2209.02, 0.00108272
2310.19, 0.000217818
2351, 0.000585035
2239.39, 0.000943649
1332.18, 0.00676234
2017.31, 0.0146601
1596.53, 0.00683522
1526.3, 0.0175589
1978.36, 0.00232381
1685.3, 0.00657718
1443.86, 0.00710631
2161.07, 0.00288584
1280.62, 0.00207929
2103.24, 0.00231446
1395.5, 0.00335819
2049.36, 0.00485551
1652.14, 0.00637967
1390.93, 0.00759114
1075.76, 0.0106072
1310.34, 0.00562827
1463.48, 0.00466444
1052.49, 0.0211898
1871.16, 0.00895621
1828.17, 0.0108827
1224.32, 0.000889394
1318.51, 0.00430726
1821.24, 0.0128227
1148.25, 0.002267
2462.26, 0.00142177
1004.68, 0.0129376
2386.12, 0.000551846
2461.44, 0.00178337
1821.99, 0.00505055
1276.85, 0.00266112
1591.67, 0.00417088
1526.9, 0.00581519
1718.83, 0.00404951
1455.89, 0.0382765
1170.36, 0.00109949
1863.41, 0.00719268
1438.38, 0.0162071
2336.58, 0.0018093
2078.68, 0.0123213
2014.75, 0.00295626
1255.71, 0.00467494
1676.8, 0.00384298
1694.34, 0.00690417
1814.48, 0.00359477
1862.02, 0.00873844
1977.55, 0.0055643
1304.38, 0.0105821
1606.81, 0.0112471
2070.06, 0.00423186
1010.86, 0.0140687
2305.82, 0.000419395
1426.23, 0.00470006
1444.49, 0.0069788
1577.68, 0.00557634
2448.86, 0.00128188
2059.28, 0.00299672
1782.61, 0.00456156
2434.46, 0.00143751
1998.65, 0.0037133
2271.74, 0.000682241
1670.16, 0.0153826
2492.79, 0.00293897
1954.66, 0.00323994
1685.14, 0.00423382
1695.6, 0.0114022
1344.86, 0.00349197
2443.21, 0.00140814
1359.82, 0.00892751
2382.95, 0.00186224
2213.06, 0.00196871
1363.98, 0.00314605
1227.04, 0.00142954
1300.36, 0.00295056
1214.35, 0.00159401
1616.8, 0.0057531
1091.34, 0.00517557
2233.05, 0.00208277
2166.6, 0.0152597
2393.83, 0.00266077
1691.17, 0.0102477
2277.9, 0.00191836
2427.94, 0.000838049
1276.26, 0.00823646
1712.98, 0.00665891
2349.77, 0.000590421
1000.61, 0.00856649
2060.47, 0.00209856
2271.45, 0.000837757
2480.51, 0.00157304
1528.67, 0.010384
2416.52, 0.00197709
2229.26, 0.00087864
1104.57, 0.0147642
1550.76, 0.0302893
2377.68, 0.000547752
2164.24, 0.00171777
2419.07, 0.000658272
1089.74, 0.00543924
1308.94, 0.00267241
2157.02, 0.00141121
2443.26, 0.00221628
1444.78, 0.0041878
1809.34, 0.0148523
1771.34, 0.00608948
2180.15, 0.00156101
1408.92, 0.0160119
2376.57, 0.000470444
1575.29, 0.00617191
1229.47, 0.00103824
1927.82, 0.0110884
2196.88, 0.00133893
2301.11, 0.00033056
1194.87, 0.000622308
1418.31, 0.00514829
1901.07, 0.00788399
2147.07, 0.00133562
1060.53, 0.00721635
2082.13, 0.00404115
1638.37, 0.00538722
1564.82, 0.00499071
1691.97, 0.0273824
1647.33, 0.00800609
2346.17, 0.000641363
2322.88, 0.000825741
1081.12, 0.00272249
1134.37, 0.00197992
1211.31, 0.00047259
1585.79, 0.00724034
1150.3, 0.00220595
2495.62, 0.0017292
1272.88, 0.00176207
2251.52, 0.00120627
1668.47, 0.00496804
1077.87, 0.00376149
2348.93, 0.000403414
1659.88, 0.00537588
1446.67, 0.011201
2081.01, 0.00210456
1463.5, 0.00947952
1248.79, 0.00166621
1838.67, 0.00394278
2150.1, 0.00246835
1940.68, 0.00693237
1962.53, 0.00323243
2237.2, 0.000844348
1465.66, 0.00552198
1773.95, 0.00645786
2491.59, 0.00543926
1949.95, 0.0114621
1492.56, 0.203285
1454.38, 0.00512812
2092.82, 0.0031755
2049.92, 0.00485998
1266.41, 0.00269757
1489.18, 0.00600917
1226.68, 0.00164145
1661.73, 0.0154211
1219.43, 0.00102637
1342.33, 0.00363913
1716.29, 0.0159095
1806.81, 0.00424201
2157.19, 0.00314019
1318.1, 0.00196407
1477.4, 0.00416431
2233.93, 0.000960679
1372.02, 0.00449341
1263.93, 0.00139692
1844.55, 0.0056706
2188.16, 0.00219695
1428.26, 0.00378244
1130.27, 0.0164028
1853.85, 0.00645743
1489.78, 0.00839881
2107.07, 0.00382359
2438.35, 0.000893093
1687.48, 0.0633294
2127.47, 0.00163165
1403.73, 0.0120446
2076.42, 0.00398872
1093.1, 0.00402045
2071.66, 0.00252349
1517.98, 0.00864067
2424.71, 0.00258163
1515.82, 0.00852103
1416.09, 0.00460265
2328.48, 0.000597061
1549.2, 0.00649188
1594.3, 0.00525475
1723.1, 0.0300783
1626.99, 0.00480162
1138.91, 0.00207378
2007.75, 0.00312515
1049.89, 0.0113634
1552.96, 0.0065387
1657.42, 0.00703437
1158.47, 0.00100136
2411.04, 0.000917877
1350.09, 0.00297903
1599.81, 0.0169886
1719.29, 0.00738286
2417.59, 0.00106543
1445.45, 0.0097881
1879.89, 0.00432929
1456, 0.00535433
2059.4, 0.00520873
2184.7, 0.00111282
1240.66, 0.000937603
1863.12, 0.00370983
1489.8, 0.0138396
2447.79, 0.00323996
1241.94, 0.00266632
1555.06, 0.00417877
1803.72, 0.00437414
1702.09, 0.00667041
2245.75, 0.00553417
1088.11, 0.00623841
2255.02, 0.00689892
1969.42, 0.00395085
2252.24, 0.000722997
1135.18, 0.0021725
2254.36, 0.000770926
1883.17, 0.00360936
1009.91, 0.0176637
1689.26, 0.0054862
1289.39, 0.00428709
1276.28, 0.0019904
2407.81, 0.00236307
2206.45, 0.00566934
1564.28, 0.0237615
2314.25, 0.000185171
1058.43, 0.0051499
1738.21, 0.00779854
1084.5, 0.0059357
1124.85, 0.00356893
1249.07, 0.00412667
1479.36, 0.00491374
1184.56, 0.0421408
2170.04, 0.00184892
1848.76, 0.0053845
1372.54, 0.00406869
1001.65, 0.00631475
1085.7, 0.00487828
2309.06, 0.0559087
1994.17, 0.00486707
1304.69, 0.00247452
2094.53, 0.00274735
1017.15, 0.0292184
1659.24, 0.0167155
1774.59, 0.008686
2479.88, 0.0237569
2456.65, 0.00163495
2489.19, 0.00268184
1347.6, 0.00346679
1914.73, 0.0103271
2453, 0.00188115
2083.54, 0.00289991
1198.48, 0.00082054
1079, 0.00695554
1769.55, 0.0105272
1534.41, 0.016154
1349.28, 0.00260975
1365.67, 0.0037678
1387.66, 0.00408435
2228.08, 0.000937572
2061.07, 0.00694011
1251.08, 0.00133318
1616.82, 0.00436489
2092.24, 0.00222775
1336.39, 0.00798528
2375.49, 0.000746792
1220.13, 0.002807
1710.72, 0.00733399
2480.28, 0.00137107
2162.09, 0.00216872
2383.64, 0.0029569
2416.27, 0.0138915
1724.26, 0.00577838
2440.4, 0.0010927
1570.82, 0.0110374
2340.72, 0.000226747
1163.88, 0.000964094
1652.46, 0.0084552
1657.05, 0.00747544
1880.19, 0.0106386
2158.52, 0.00570078
1563.04, 0.00753159
2228.22, 0.00209916
1974.75, 0.00360195
2108.92, 0.00205885
2196.51, 0.00125569
1521.94, 0.00564823
1935.28, 0.00445626
2273.05, 0.000568533
1564.85, 0.00680449
1133.7, 0.0146951
1657.54, 0.00438937
1583.7, 0.00516847
1618.71, 0.00566308
2342.54, 0.00112922
1783.2, 0.00478566
1601.89, 0.00560605
1904.11, 0.0100226
1161.08, 0.00235069
1394.05, 0.00967165
1897.69, 0.00366726
1886.08, 0.0108421
1090.58, 0.00398103
2333.28, 0.00097749
1636.96, 0.0236532
1307.01, 0.00222528
2287.52, 0.00131072
2427.22, 0.00347221
1458.54, 0.00446225
2274.04, 0.000564403
1787.38, 0.00371081
1222.45, 0.00309484
1275.08, 0.00189092
2068.72, 0.0261323
1344.82, 0.00293526
1464.98, 0.00542547
2237.94, 0.000904371
1350.18, 0.0024924
1420.49, 0.0043077
1034.14, 0.0178146
2153.87, 0.00319975
2293.68, 0.000379453
1740.44, 0.00594176
2116.17, 0.00240654
1931.66, 0.0071709
1281.22, 0.00197025
2452.74, 0.00146161
2249.87, 0.00166673
1421.89, 0.0270005
1231.27, 0.00197609
1266.56, 0.00118625
1591.53, 0.00805503
1951.12, 0.00317736
1097.64, 0.00653722
1402.67, 0.00693882
1487.38, 0.00482925
1529.23, 0.00454742
1445.82, 0.00979755
2080.25, 0.00228887
1566.55, 0.0264338
2139.03, 0.00205309
1644.72, 0.00542832
2030.14, 0.00308016
1983.62, 0.004207
1040.78, 0.0103751
1972.19, 0.00213569
1330.95, 0.00278179
1319.59, 0.0178194
2497.91, 0.0036391
1880.34, 0.00410407
2465.04, 0.00168421
1763.53, 0.00397182
1300.15, 0.00350022
2286.89, 0.000389556
2347.65, 0.000758046
1412.57, 0.0159388
2489.21, 0.00353209
2042.76, 0.00436633
1017.24, 0.00842542
1601.85, 0.00426584
1665.79, 0.00825855
1415.39, 0.00425726
1437.08, 0.0122068
1948.45, 0.00397166
1194.14, 0.000760399
1810.59, 0.00551661
1245.63, 0.002661
1201.53, 0.000595026
1263.62, 0.00163827
1203.11, 0.00164289
2283.42, 0.000462436
1282.57, 0.00401452
1273.82, 0.0174202
1333.04, 0.00569179
1965.39, 0.0043009
1322.29, 0.0078271
1056.91, 0.105373
1206.66, 0.000829421
1639.59, 0.00397388
1384.71, 0.00614061
1098.88, 0.00389571
2468.3, 0.00152663
1195.81, 0.000596728
1405.83, 0.00560834
1817.27, 0.00622794
1139.99, 0.00246637
1401.35, 0.00782875
1066.58, 0.00411641
1300.47, 0.00515126
2400.75, 0.000868155
1272.49, 0.00247695
1746.24, 0.00467091
1280.7, 0.00179908
1120.07, 0.0032931
2186.03, 0.00158819
1672.68, 0.00378885
1463.3, 0.0268756
1155.04, 0.0022144
1518.58, 0.00863609
1477.27, 0.0144325
2302.9, 0.000855541
1429.59, 0.00533578
2170.12, 0.00166947
1353.75, 0.00467987
1897.63, 0.00898263
1198.57, 0.000727688
1018.16, 0.0100445
2438.2, 0.00226477
1135.16, 0.00972657
1483.06, 0.00583014
2126.54, 0.00198164
2352.38, 0.00109557
1652.6, 0.00549916
2327.45, 0.000432889
2143.54, 0.0020002
2019.77, 0.00297773
1479.21, 0.00622602
2195.91, 0.00120151
2045.12, 0.00484558
2341.11, 0.000476295
1803.17, 0.00379974
1041.83, 0.0113426
1627.06, 0.00466215
1261.95, 0.019333
2018.54, 0.00245886
1113.25, 0.00502211
2049.57, 0.00373237
2120.74, 0.00198731
1446.72, 0.0062671
2419.64, 0.0015902
2325.83, 0.000182936
2245.48, 0.000844424
1832.77, 0.00509027
1763.41, 0.00682729
1419.52, 0.00383743
2231.8, 0.00115643
1207.25, 0.0012784
2356.02, 0.00240971
1881.59, 0.00515278
1457.02, 0.00632274
1810.32, 0.00448519
2401.1, 0.000821032
1488.91, 0.00454522
2239.03, 0.000958769
1064.53, 0.00632248
1834.72, 0.00347529
2484.98, 0.00122533
2118.5, 0.00187167
2001.15, 0.00776465
1247.21, 0.00450989
2193.04, 0.00167171
2343.73, 0.00024481
2275.8, 0.000655894
1998.38, 0.00276594
1786.56, 0.00539152
2308.27, 0.000528799
1020.38, 0.00986823
2404.13, 0.000838646
2405.67, 0.000893347
1775.69, 0.00555591
2192.66, 0.00136556
2176.15, 0.00178538
1713.08, 0.00496554
2369.97, 0.000999319
1600.91, 0.0602031
2260.34, 0.000841061
1756.2, 0.00585375
1755.85, 0.00462183
1579.49, 0.00595337
1567.82, 0.0241429
1126.04, 0.00560272
2146.19, 0.00190878
1557.41, 0.0103269
1359.9, 0.00284006
2171.16, 0.00275846
1820.35, 0.00421021
1371.94, 0.0315567
2051.75, 0.00448212
1512.71, 0.00636284
1165.65, 0.0017237
1546.74, 0.00818195
2340.15, 0.000224732
1907.48, 0.0113913
1393.08, 0.0189402
1700.39, 0.00547398
2454.14, 0.00198857
1288.44, 0.00298042
1614.13, 0.00561381
1653.33, 0.00518182
2181.04, 0.00176226
1363.75, 0.00543144
1099.26, 0.0180066
1631.98, 0.00539637
1751.56, 0.00521784
1684.56, 0.00851268
1496.75, 0.0101315
2230.35, 0.000774333
1088.52, 0.00431054
1668.49, 0.0107442
1884.84, 0.00990004
2173.63, 0.00214357
1593.73, 0.0179032
2406.46, 0.0063551
1459.46, 0.00635245
1647.51, 0.00392856
1568.43, 0.0373587
1040.34, 0.00665536
1089.23, 0.00360786
2185.37, 0.00178705
1988.16, 0.00547552
2148.68, 0.00236594
1059.8, 0.0075557
1862.36, 0.00302666
2255.19, 0.000597127
1355.87, 0.0041745
1321.18, 0.00223701
1959.86, 0.00325332
1275.35, 0.00188247
1760.57, 0.00447727
1930.94, 0.00329003
1116.7, 0.00307704
2315.8, 0.000472904
1800.07, 0.00435925
1613.26, 0.0103281
1738.35, 0.0066878
1482.65, 0.0149331
2254.51, 0.000779514
1271.13, 0.00298564
1893.7, 0.00410822
2274.25, 0.00104638
1129.17, 0.00546886
1334.56, 0.00987252
1354.68, 0.00588033
1961.24, 0.00501393
1729.15, 0.00424558
2128.96, 0.0036513
1368.08, 0.00551646
1271.6, 0.00500021
1478.66, 0.00728427
1395.41, 0.0158616
1574.3, 0.00852145
2332.5, 0.000630857
2333.89, 0.000410745
2458.96, 0.00174404
1870.9, 0.00578342
2380.07, 0.00118633
1553.02, 0.00531083
2488.32, 0.00174381
1624.65, 0.00524564
1160.54, 0.001386
1635.34, 0.012046
2327.17, 0.000956576
2023.45, 0.00578014
2246.94, 0.00145839
2295.59, 0.000476387
1824.63, 0.00378946
1041.42, 0.0315894
2130.38, 0.00240364
1341.48, 0.00491379
2084.23, 0.00420632
1722.86, 0.00901565
2355.33, 0.000724893
1518.63, 0.00379111
2180.79, 0.00151672
1150.7, 0.00195167
1279.47, 0.00232242
2115.53, 0.00427111
1747.93, 0.0167651
1075.02, 0.0144419
2082.7, 0.00283782
2153.13, 0.00188
2079.15, 0.00263293
1637.45, 0.00845936
2359.95, 0.00291984
2356.14, 0.00166851
1875.13, 0.0030174
2314.74, 0.00277937
2120.93, 0.00251491
1263.79, 0.00329794
1935.24, 0.00426943
2167.17, 0.00131762
2224.29, 0.00228098
1133.28, 0.00178096
1198.41, 0.00181481
1612.4, 0.005065
1580.84, 0.00767452
2130.41, 0.00273307
1748.16, 0.00786849
2147.88, 0.00155002
1603.97, 0.00560166
1476.56, 0.00443178
1973.18, 0.00346111
1976.15, 0.00445924
2165.84, 0.00137173
2369.04, 0.00147724
2183.29, 0.00179976
1838.06, 0.0184507
1628.75, 0.00410165
1285.14, 0.0047687
2105.15, 0.00218273
1387.59, 0.00486853
2117.51, 0.00494577
2115.29, 0.00206438
1283.41, 0.00237407
2033.48, 0.00349225
2147.95, 0.0031087
1228.74, 0.000920782
1421.65, 0.00549704
1987.23, 0.00371992
1715.44, 0.00961738
1714.19, 0.00580571
1352.92, 0.00642165
2242.77, 0.00132603
1560.7, 0.00976298
2419.88, 0.000770625
2213.8, 0.0022371
1256.4, 0.00161091
1875.83, 0.00628033
2370.36, 0.0111781
2290.12, 0.000390167
1299.38, 0.0029207
1861.61, 0.00420077
1826.65, 0.00597999
1349.63, 0.00843436
1936.11, 0.00483458
2075.32, 0.0031722
2222.41, 0.00110028
1506.84, 0.00486965
1488.42, 0.00582001
2439.08, 0.000847328
2101.14, 0.00292812
1303.62, 0.00229842
1881.86, 0.00431277
1709.11, 0.0209815
2151.04, 0.00190065
1106.71, 0.0111414
2398.59, 0.00117439
1671.43, 0.00571399
2492.61, 0.00146622
1317.95, 0.00230814
2495.24, 0.00199617
2027.96, 0.00736341
2358.98, 0.000377161
1407.49, 0.0100772
2167.4, 0.00123741
2350.04, 0.000482305
1076.59, 0.00418339
1268.33, 0.00190093
1995.39, 0.0123756
1890.47, 0.0170322
1006.48, 0.0142085
1621.79, 0.00536116
2204, 0.00130704
1164.65, 0.00172964
1045.44, 0.00529205
1720.4, 0.00434894
2497.68, 0.00223289
2395.06, 0.00810316
1835.8, 0.0133296
1754.6, 0.00569365
2049.21, 0.00471645
1391.32, 0.0339876
1479.08, 0.00860684
2207.25, 0.00190443
2498.27, 0.00232359
1559.21, 0.00663597
1299.03, 0.00510479
1246.19, 0.00318118
1968.04, 0.00341308
1648.08, 0.00805361
1463.9, 0.0045999
1447.95, 0.00431218
1375.9, 0.0124641
1319.96, 0.00326216
2102.31, 0.00371851
1517.28, 0.00399954
1177.21, 0.00106652
2105.83, 0.00188854
1797.69, 0.00569255
1595.68, 0.00488601
2043.87, 0.00333144
1607.49, 0.045266
1538.39, 0.00521928
1939.31, 0.0345763
1533.78, 0.0039429
1790.86, 0.00601123
2093.58, 0.0033926
1797.17, 0.00776085
2393.08, 0.000716153
1885.93, 0.0116634
2108.35, 0.00351247
2276.13, 0.00155964
1044.48, 0.00462901
1783.18, 0.00349171
2199.59, 0.00156804
1526.86, 0.00363789
2268.41, 0.0006639
1342.3, 0.00321205
1950.83, 0.0064962
2367.1, 0.00245422
1360.1, 0.0124049
1851.81, 0.00621262
1648.87, 0.00541442
1890.46, 0.0049873
1597.71, 0.0101117
1273.4, 0.00601795
1330.1, 0.00309857
1284.48, 0.00663985
2338.25, 0.00032659
1210.65, 0.000520983
2040.15, 0.00306097
1252.02, 0.00195887
1961.44, 0.00410997
2494.67, 0.00139225
1976.11, 0.00480791
1468.16, 0.0033298
1098.71, 0.0116098
2108.44, 0.00194124
1033.85, 0.039109
1842.38, 0.00417536
2320.09, 0.000315141
1355.27, 0.00269174
2204.13, 0.00103002
1916.92, 0.00268548
2426.16, 0.00134481
1580.59, 0.00575988
2323.99, 0.000335921
1869.35, 0.00555518
1382.44, 0.00701443
1005.68, 0.0105615
1087.18, 0.0138268
2129.98, 0.00167118
1255.52, 0.0018759
2124.13, 0.00248473
1764.47, 0.0128123
1104.84, 0.00386019
1805.8, 0.00517326
1297.12, 0.00170682
1922.4, 0.00455035
2474.33, 0.00139328
1972.27, 0.00445816
1599.75, 0.00754539
2223.89, 0.00167612
1295.41, 0.00746905
1362.42, 0.0229167
1765.85, 0.00988902
1187.22, 0.00116723
2157.44, 0.00241779
1961.97, 0.00424249
2311.47, 0.000282289
1273.91, 0.00236325
1481.61, 0.00519503
2185.97, 0.00181911
1717.11, 0.00857838
2298.27, 0.000495428
1314.35, 0.00518106
1163.9, 0.00148252
1683.88, 0.00829017
1370.07, 0.00514377
1687.28, 0.0122308
2434.15, 0.00208408
1769.48, 0.00759008
1727.02, 0.00602515
1023.42, 0.0255162
1511.88, 0.00461678
1385.1, 0.00942908
1476.95, 0.00416553
2400.05, 0.00396258
1289.69, 0.00377686
1203.07, 0.000607028
1491.64, 0.0163959
2246.08, 0.00133773
1707.58, 0.00498152
2458.31, 0.00164471
1793.55, 0.00358955
1378.79, 0.00424794
1428.84, 0.00589127
1346.72, 0.0119099
1287.04, 0.189862
2398.26, 0.000727758
2026.43, 0.00521507
1090.68, 0.0147672
2467.11, 0.00139671
2067.97, 0.00448452
1586.9, 0.0113555
2106.8, 0.00339591
2352.64, 0.000691372
2095.15, 0.0036424
1941.18, 0.00469681
1655.83, 0.00527636
2377.78, 0.00273473
1818.85, 0.00470889
1189.53, 0.00403951
1566.99, 0.00692553
1334.96, 0.00671118
2482.85, 0.00222039
2044.73, 0.00553458
1274.95, 0.00167706
1824.5, 0.00493877
2169.93, 0.0023048
2432.28, 0.00150309
1147.52, 0.00213259
2281.55, 0.000466822
1182.42, 0.000737916
1492.52, 0.00533144
2339.92, 0.000932912
2100.69, 0.00291164
2094.49, 0.00342254
2476.87, 0.00164744
1060.49, 0.00586973
2491.26, 0.00153781
2454.96, 0.00106152
1844.19, 0.0030846
1601.85, 0.00774025
1348.64, 0.00397938
1643.01, 0.00858839
2099.82, 0.00394675
1440.23, 0.00885671
2075.72, 0.00242218
2450.06, 0.00161718
2028.21, 0.0151187
1316.06, 0.00365727
2124.04, 0.00178559
2467.47, 0.00160119
1248.98, 0.00195924
1806.5, 0.00525793
2329.4, 0.000528389
2032.36, 0.00244829
1441.55, 0.00352785
2400.09, 0.00195923
2456.57, 0.00221939
1133.62, 0.00713334
1754.91, 0.00408069
1418.54, 0.00348447
1193.67, 0.000833933
1745.13, 0.00533114
2463.78, 0.00234777
1426.23, 0.00571145
2112.56, 0.00272479
1500.83, 0.0182108
1703.56, 0.00481897
1581.93, 0.0109725
1361.53, 0.00300476
1568.47, 0.042828
1275.81, 0.00204686
1778.71, 0.0116668
2169.94, 0.00263063
1340.51, 0.00362704
1513.54, 0.00873523
1887.18, 0.0113177
2057.34, 0.003743
1059.62, 0.0083937
2199.82, 0.00173045
1939.1, 0.00360967
1692.86, 0.00429982
1405.3, 0.00823926
1556.29, 0.00447509
1873.89, 0.00415056
1497.42, 0.00720114
1949.41, 0.0140502
2278.55, 0.000504567
1021.95, 0.0115767
2293.6, 0.000359667
2146.7, 0.00230809
1396.02, 0.0258947
1027.83, 0.0354631
2030.43, 0.0034335
1365.93, 0.00865815
1825.86, 0.0129122
1354.25, 0.00580201
1476.56, 0.00679435
1417.21, 0.00985388
2491.63, 0.00124851
1280.79, 0.0042553
2447.54, 0.00403232
1273.75, 0.00319773
2499.86, 0.00153869
1386.73, 0.00493494
2415.59, 0.000867017
1179.24, 0.00173025
2188.08, 0.0066823
2470.3, 0.00254964
2180.24, 0.00191831
1804.29, 0.00656952
2129.36, 0.00182341
1802.31, 0.00421218
1055.35, 0.011329
2127.66, 0.0019443
1547.93, 0.00418026
2466.88, 0.00302716
2136.63, 0.00417444
1301.54, 0.00253133
1906.09, 0.00540171
2240.19, 0.00153661
2148.16, 0.0145993
1830.38, 0.0102666
2141.82, 0.00193115
2448.44, 0.00200388
2470.86, 0.00126192
1972.14, 0.0393241
1941.07, 0.00509983
1770.55, 6.97963
2354.72, 0.000348822
1401.95, 0.00327076
1510.14, 0.00648729
1233.2, 0.00130769
1958.97, 0.0109726
2287.77, 0.000663529
1362.4, 0.00475892
2057.15, 0.00982324
1206.26, 0.00615379
1860.97, 0.00362839
2379.36, 0.000928156
2375.08, 0.000372689
1574.82, 0.00539209
2332.54, 0.000394587
1971.87, 0.00528115
2286.77, 0.0027794
1743.39, 0.00343901
2040.33, 0.003332
1420.79, 0.0186016
1325.52, 0.00363641
2401.55, 0.00141754
1615.69, 0.00503319
1775.46, 0.0106166
1286.85, 0.00450354
1289.28, 0.00230998
2028.27, 0.00268194
1679.44, 0.00862381
1162.58, 0.00101196
1813.59, 0.00359854
1848.22, 0.040518
1797.12, 0.00496177
1815.69, 0.00363552
1386.09, 0.00502465
2220.82, 0.00197594
2027.09, 0.00348626
1642.92, 0.00961559
1266.84, 0.00708062
1763.06, 0.0204775
1653.21, 0.0101611
2162.12, 0.00120863
1629.43, 0.00808132
1044.53, 0.015061
1445.75, 0.0102018
1282.68, 0.00670906
1632.04, 0.00731382
1218.76, 0.000588393
1542.15, 0.0040641
1246.19, 0.0021345
1352.53, 0.00293613
2445.33, 0.00158253
1222.43, 0.000511152
2082.84, 0.00281304
2030.45, 0.0023455
2442.12, 0.00474278
2491.48, 0.00105709
2410.15, 0.00123723
1035.8, 0.0156798
1249.22, 0.00206813
2091.89, 0.00496451
2445.98, 0.00136113
1555.66, 0.00520762
1377.64, 0.00548823
2388.33, 0.00171693
1325.79, 0.00463061
1261.17, 0.00625715
1604.54, 0.00448747
1650.68, 0.00422775
2194.11, 0.00132564
2408.79, 0.000591909
2220.8, 0.000965741
1902.31, 0.00385678
1174.17, 0.00104736
2096.83, 0.00181291
2058.51, 0.0035786
1888.05, 0.00799581
2381.95, 0.000606465
2291.18, 0.000345882
2328.89, 0.000222433
1069.2, 0.00447011
1433.21, 0.00704627
1394.53, 0.00330826
1711.47, 0.00684753
1787.32, 0.00661189
1312.76, 0.00267494
1833.85, 0.0117555
1461.62, 0.00405026
1761.58, 0.00582627
1737.61, 0.00487613
1596.63, 0.00516458
2214.47, 0.00128505
1154.76, 0.00280964
2007.33, 0.00744348
2034.63, 0.00331271
2046.62, 0.002278
1508.47, 0.00707133
2098.67, 0.00525532
1416.04, 0.00500639
2179.73, 0.0035039
2444.32, 0.0011611
2390.89, 0.000419167
1179.04, 0.00113485
2257.27, 0.000602713
1449.43, 0.00952505
1172.27, 0.00123803
1256.47, 0.00366251
1744.05, 0.0360979
1848.65, 0.00446588
2161.53, 0.00576465
1986.58, 0.00281691
1381.61, 0.00424473
1917.98, 0.00400676
1341.64, 0.00218987
1477.29, 0.0101353
1216.07, 0.00131579
2266.33, 0.000527889
1130.49, 0.00279984
1400.09, 0.00331524
1619.59, 0.0133677
2403.07, 0.000781421
1905.41, 0.00764187
1765.19, 0.00424947
1966.1, 0.00499106
1733.23, 0.00465205
1300.57, 0.00290198
2189.6, 0.00767194
1885.79, 0.00738561
2253.54, 0.000798883
2142.05, 0.00261439
1541.25, 0.00676991
1268.71, 0.00227568
2060.54, 0.00372864
2419.08, 0.00111173
2022.08, 0.00303411
1297.15, 0.00288025
1934, 0.00495396
1261.32, 0.00249272
1877.29, 0.00395276
2038.51, 0.00319872
1711.19, 0.00530626
2217.88, 0.00241712
1934.15, 0.00840335
2114.77, 0.00197802
1065.11, 0.00408228
2131.5, 0.00310138
2326.5, 0.000188875
1705.64, 0.00468338
2494.78, 0.00234455
1741.9, 0.00545902
1472.97, 0.00920111
1076.26, 0.00588801
1140.26, 0.00701762
1069.16, 0.0321963
1024.14, 0.00550569
1927.46, 0.006295
2134.45, 0.00245365
1765.16, 0.00535326
1849.51, 0.00356028
1291.98, 0.00215385
1691.7, 0.00412884
1216.15, 0.000791017
2269.1, 0.00159323
2096.8, 0.00374657
1078.84, 0.00499508
1374.31, 0.00843065
1580.56, 0.00549997
2013.4, 0.00448753
2198.52, 0.00242733
1413.77, 0.00692055
2024.1, 0.00298012
1080.72, 0.00414639
1469.46, 0.00684483
1742.12, 0.0082501
1242.07, 0.00361005
2020.02, 0.00445803
1783.92, 0.00916532
1046.83, 0.0291405
1749.88, 0.0040161
1021.84, 0.0100497
1763.04, 0.00536044
1577.35, 0.00620252
2377.5, 0.000423071
1099.54, 0.00338906
1028.63, 0.0123144
2126.39, 0.00275897
1640.91, 0.0145088
1333.4, 0.00357368
2207.13, 0.00140243
2321.75, 0.00041256
1125.07, 0.00321348
1752.55, 0.00695574
1700.87, 0.015606
2490.77, 0.00559037
2009.44, 0.00290922
1492.78, 0.00650652
1870.37, 0.00357023
2274.98, 0.00197988
1196.18, 0.000883687
2483.73, 0.00137048
1764.09, 0.00462721
1107.51, 0.00400489
2076.63, 0.00266959
1548.38, 0.0372431
1413.51, 0.00306895
1161.94, 0.00129704
1850.66, 0.0294879
2029.52, 0.010055
1152.23, 0.00289053
1762.69, 0.00663952
2386.61, 0.00156196
2189.09, 0.00182326
1239.09, 0.00132087
2380.54, 0.00101482
1160.96, 0.00256189
2482.27, 0.00325842
2035.64, 0.00255613
1806.93, 0.00598571
1877.55, 0.00654809
1283.03, 0.00437604
1670.03, 0.00592394
1898.47, 0.00634228
1460.04, 0.00456705
2002.01, 0.00300198
1454.79, 0.00665136
2396.43, 0.00125891
2377.95, 0.000763463
1048.82, 0.0137316
2113.07, 0.00238229
1887.87, 0.00699672
2188.1, 0.00121839
1212.43, 0.000951171
2160.48, 0.00199767
1399.87, 0.00481486
1167.98, 0.00272848
1081.78, 0.00611848
2154.54, 0.0017207
1834.92, 0.0147581
1628.59, 0.00557059
2413.15, 0.000790866
2466.54, 0.00877379
1910.32, 0.0119212
1225.37, 0.00116664
1108.33, 0.0031043
1419.11, 0.00497538
1857.73, 0.00371859
2158.77, 0.0020129
1549.31, 0.004189
1975.45, 0.00653337
1993.83, 0.0134484
1777.03, 0.00813316
1672.42, 0.0259729
1579.92, 0.0102291
1365.51, 0.00436385
2493.77, 0.00153842
1202.7, 0.000887937
2082.24, 0.00283461
1862.83, 0.0153695
1796.01, 0.0168093
2132.44, 0.00754835
1316.56, 0.00380571
1317.57, 0.008149
1978.5, 0.0121525
1340.74, 0.0304952
2052.08, 0.00432058
1523.87, 0.0051289
1971.94, 0.00423517
1411.92, 0.00411402
1601.31, 0.00596634
1898.26, 0.00622068
1984.88, 0.00440898
2407.11, 0.00300719
1524.45, 0.017579
1216.41, 0.000499485
2375.96, 0.00094129
2346.55, 0.000504895
1769.63, 0.00657483
1782.5, 0.0157659
1335.16, 0.00228326
1958.83, 0.00326468
1185.98, 0.000765283
2308.84, 0.000293167
1131.34, 0.00478788
1427.91, 0.00735116
1385.38, 0.00621247
2229.11, 0.00145871
1025.59, 0.0281325
1434.96, 0.00475585
1244.84, 0.00155561
1765.85, 0.00655318
1143.77, 0.00237896
1333.68, 0.00245345
1040.72, 0.00917895
1726.93, 0.00457156
1853.71, 0.00450907
1574.94, 0.00569105
1944.49, 0.00341253
2498.51, 0.00127674
1952.6, 0.00647618
1346.94, 0.00305099
2451.27, 0.00303999
1905.98, 0.00583396
1618.09, 0.00593268
1304.15, 0.00336561
1752.58, 0.0049958
1843.42, 0.00438114
2143.35, 0.00668891
1512.81, 0.00636688
1103.94, 0.0175068
2073.6, 0.0044685
1073.51, 0.00822095
2498.29, 0.0627708
2112.16, 0.00408598
1078.12, 0.0307922
1291.74, 0.00419844
2023.07, 0.0043672
2439, 0.00123544
1109.33, 0.00252383
2383.22, 0.000567961
2363.7, 0.000630248
1351.42, 0.00632482
1265.33, 0.0021341
2343.76, 0.000856238
1442.55, 0.00397702
2341.83, 0.000973977
2037.69, 0.00383596
2487.56, 0.00148426
2072.12, 0.00697775
1184.07, 0.00227343
2363.5, 0.000917719
1823.57, 0.00536575
2180.58, 0.00156199
1754.76, 0.00716186
2150.25, 0.00254399
1828.92, 0.00682562
2093.09, 0.00803482
2397.15, 0.0214962
2106.01, 0.00617523
1460.93, 0.00385755
2033.1, 0.00380726
2394.23, 0.00122718
1510.16, 0.00455922
1903.66, 0.00583377
1227.21, 0.000921895
1796.6, 0.00413518
2098.91, 0.00335236
1032.76, 0.0058263
1128.52, 0.00184636
1130.86, 0.00370607
1479.3, 0.0049698
1464.4, 0.0108337
1586.04, 0.00552577
1482.3, 0.00445075
1278.61, 0.00245346
2309.24, 0.00029385
1825.84, 0.00485909
1420.11, 0.00343521
1494.78, 0.00367467
1549.22, 0.0102332
1516.37, 0.00649942
1259.88, 0.0814047
2442.96, 0.00202615
2342.14, 0.000179452
2202.68, 0.00104236
1314.12, 0.00296746
1779, 0.00587142
1303.57, 0.00166327
1421.68, 0.0047119
2254.5, 0.00157147
2282.65, 0.000481318
1740.32, 0.00513126
2114.13, 0.00208673
1879.06, 0.00320925
1383.26, 0.00557017
1038.7, 0.00628284
1827.95, 0.00608599
1797.16, 0.00586114
1803.35, 0.00577429
1160.43, 0.00131143
2305.81, 0.000285326
1405.71, 0.00326886
1230.91, 0.00109217
1055.32, 0.020169
1376.54, 0.00563391
1164.25, 0.00198752
2356.59, 0.000313487
1705.34, 0.00631629
1186.1, 0.000704016
1379.66, 0.00437341
1971.64, 0.0080415
1468.96, 0.00710639
2333.4, 0.00021175
1631.9, 0.0087797
2499.02, 0.0024688
1864.96, 0.00557812
2237.85, 0.00122788
1830.26, 0.00654964
1182.93, 0.00110692
2469.39, 0.0393809
2035.89, 0.00741488
1658.56, 0.143172
1478.59, 0.00650333
1325.53, 0.00405474
1337.29, 0.00285844
1760.38, 0.00616248
1077.27, 0.00682405
1523.5, 0.0050473
1988.41, 0.00974897
1171.31, 0.0013484
2498.48, 0.00161714
2275.98, 0.00045417
1657.35, 0.00638
2367.2, 0.000546821
1019.74, 0.0080439
1370.21, 0.0055089
1107.28, 0.00257022
2472.18, 0.00130895
1526.46, 0.00479472
1863.98, 0.00704758
2367.09, 0.000729762
1510.12, 0.0104831
1754.25, 0.0103995
2003.83, 0.00599791
1801.82, 0.00517841
1087.98, 0.00692821
2338.5, 0.00106145
1105.65, 0.00312887
2460.33, 0.00117072
1849.57, 0.00307042
2203.72, 0.00125652
2205.28, 0.000969624
1688.86, 0.00583241
2442.25, 0.00381781
2004.12, 0.22102
1497.96, 0.00483896
2068.76, 0.00327799
1818.78, 0.00441124
1320.19, 0.0033353
1298.57, 0.00383692
1765.74, 0.00420463
1984.17, 0.00804999
1511.56, 0.00379432
2162.2, 0.0234982
2197.32, 0.00195031
2102.83, 0.00196178
2015.18, 0.00418788
1735.64, 0.00791115
1669.92, 0.0115645
1458.37, 0.0136678
2342.99, 0.000171762
1597.69, 0.00952586
2112.72, 0.00680833
1623.03, 0.00507301
1815.1, 0.00539063
1559.15, 0.0043583
1643.38, 0.00775113
1174.65, 0.00110059
2471.66, 0.00229435
1840.79, 0.00504444
1328.27, 0.00574258
1919.86, 0.00461799
1488.36, 0.0154148
1002.72, 0.0138941
1278.4, 0.00179857
1039.88, 0.00921048
2007.96, 0.0082506
2066.19, 0.00195809
1397.64, 0.00406902
2032.02, 0.0562698
1751.94, 0.00763039
1525.77, 0.00384249
1308.01, 0.0454256
1583.15, 0.00464904
1767.93, 0.00419653
2177.72, 0.00164661
1260.43, 0.00488739
1349.42, 0.00463455
1197.11, 0.000844821
1132.22, 0.00568067
2157, 0.00486176
1251.28, 0.00127639
2437.67, 0.00168269
1451.38, 0.00375651
2045.63, 0.00730101
1364.05, 0.00478958
1297.08, 0.00317967
1262.47, 0.00313428
1761.23, 0.0214031
1455.75, 0.00497041
2067.37, 0.00322958
1322.54, 0.00318847
1106.24, 0.00433859
1662.99, 0.00608123
1150.26, 0.00323839
1891.82, 0.00597596
1175.92, 0.00138876
2249.75, 0.00116191
1398.16, 0.00572405
1403.3, 0.00947858
1505.67, 0.00805566
1279.41, 0.00622388
1261.86, 0.00268361
1955.2, 0.00602352
2364.68, 0.00076787
1361.97, 0.0114006
1661.48, 0.00841944
1943.39, 0.00337733
1982.23, 0.00357625
1954.41, 0.0065694
1609.11, 0.0128974
2417.79, 0.00122018
2286.87, 0.000413751
1685.05, 0.055595
1961.28, 0.00347444
1498.24, 0.0049203
1200.94, 0.000750387
2225.13, 0.00110766
1549.53, 0.0094595
2062.81, 0.00841288
1642.15, 0.00850286
1294.24, 0.00234812
2339.95, 0.000386679
1131.36, 0.0207762
1521.92, 0.025292
2209.83, 0.00108707
2300.46, 0.0003915
2212.11, 0.00131077
2428.37, 0.000952545
1517.61, 0.00365396
2252.89, 0.00113276
2329.08, 0.000719628
1929.09, 0.00617214
1262.77, 0.00141803
2499.97, 0.0021431
2182.19, 0.0162514
1832.03, 0.012092
1208.73, 0.000524176
1778.8, 0.00616915
1021.47, 0.00932732
1160.46, 0.00186631
2471.2, 0.00125943
1221.26, 0.00129083
1166.3, 0.00142529
2124.5, 0.00706505
1732.59, 0.0088531
2428.66, 0.00214705
1070.24, 0.00423735
2257.55, 0.00198399
1303.04, 0.00583349
2464.69, 0.00718186
1285.62, 0.00251418
1864.72, 0.0071265
1295.89, 0.00227897
1917.4, 0.00482199
1056.97, 0.00271478
1434.8, 0.0046174
1943.26, 0.00408129
2031.42, 0.00336627
1347.61, 0.00365029
1162.61, 0.00131011
1413.65, 0.00387837
1600.34, 0.00739997
1328.25, 0.002616
1278.92, 0.00153709
2043.55, 0.00849007
1293.56, 0.00281701
1292.16, 0.003286
1707.61, 0.00369387
1965.54, 0.00310196
1273.43, 0.0030124
1144.74, 0.00246684
1558.62, 0.00557252
2221.14, 0.00726082
1342.71, 0.00798486
1766.39, 0.00931854
2328.32, 0.000374939
1534.79, 0.00525905
1579.57, 0.00448205
1977.53, 0.00394819
1276.36, 0.00845357
1988.57, 0.0027145
1856.8, 0.00403632
1565.1, 0.00415315
1550.63, 0.00798821
2033.59, 0.0036727
1837.64, 0.0368801
2066.32, 0.00266355
2163.84, 0.00148832
1487.88, 0.00380102
1654.95, 0.00763114
2161.48, 0.00549301
2322.03, 0.000473265
2130.78, 0.00314942
1311.74, 0.00262693
2013.02, 0.00833658
2120.31, 0.00330459
1285.74, 0.0024045
1827.93, 0.00515671
1885.24, 0.00505918
2194.92, 0.00210884
1888.56, 0.00588073
2137.78, 0.033927
1213.92, 0.000495221
2253.08, 0.00069821
1325.08, 0.01138
1276.17, 0.00310834
2064.84, 0.00393812
1349.81, 0.00465247
1556.83, 0.00431318
1658.03, 0.00480338
1755.73, 0.00399078
1883.93, 0.00316948
1190.62, 0.00106132
1939.21, 0.00311608
2380.32, 0.00187748
1700.19, 0.00524942
1305.67, 0.00246711
1894.88, 0.00586736
2481.95, 0.00413158
1585.92, 0.00518628
1718.53, 0.00491383
1748.07, 0.0106949
1080.23, 0.00464926
1316.03, 0.00332818
1740.48, 0.00464256
1122.54, 0.00642102
1249.13, 0.00285257
1960.23, 0.00442808
1196.36, 0.000714706
1949.29, 0.00292088
2189.45, 0.00139657
2206.34, 0.00151448
1858.89, 0.00762805
2495.37, 0.00158765
2420.54, 0.00104478
1383.94, 0.00406858
2198.88, 0.00147093
2348.9, 0.00297216
1874.56, 0.00312472
1515.86, 0.00715715
1419.5, 0.0376267
1323.83, 0.00481738
1253.27, 0.00158789
1257.18, 0.00409481
2263.7, 0.000774495
1427.72, 0.0683257
1863.51, 0.0776151
2157.13, 0.00222541
2272.23, 0.000978007
1287.56, 0.00275824
2016.56, 0.00285276
1871.58, 0.00404068
2487.36, 0.00508637
1668.76, 0.0052939
2256.23, 0.000814489
1860.31, 0.0083748
1786.19, 0.00517866
1104.9, 0.0109018
2213.57, 0.000982511
2365.08, 0.000578944
2363.56, 0.000578881
2166.81, 0.0018773
2212.43, 0.000946861
2202.5, 0.00126826
2044.35, 0.00300707
2138.83, 0.00147245
1864.63, 0.00579328
1208.49, 0.000675659
1856.64, 0.0186007
1623.49, 0.0076497
1405.21, 0.0036696
1821.07, 0.00289975
1177.91, 0.00108945
1665.89, 0.00666593
1985.94, 0.0173777
1107.18, 0.00244381
2374.07, 0.000537503
1902.29, 0.00613939
1364.66, 0.00681357
1914.77, 0.0796328
2228.48, 0.00172326
2332.09, 0.000328938
2463.24, 0.00215476
1556.64, 0.00497808
2473.64, 0.00158046
1189.53, 0.00114078
1476.45, 0.00451496
1185.31, 0.000967109
2214.85, 0.0016388
2169.85, 0.00174349
1436.53, 0.00470581
1161.43, 0.000904717
1149.56, 0.00146398
1738.76, 0.00449887
1138.47, 0.00192769
2142.01, 0.00486117
1832.4, 0.00535279
1289.04, 0.00392054
2006.82, 0.00313495
1906.05, 0.00360551
1821.89, 0.0050696
1808.79, 0.00789237
1803.91, 0.00438629
2424.26, 0.000906723
1190.64, 0.00107316
1356.19, 0.00751792
2057.8, 0.00270701
2057.47, 0.00453077
1400.22, 0.00360539
1500.3, 0.00532195
1103.13, 0.00425163
2355.93, 0.00100481
1371.16, 0.0132513
2360.4, 0.000364308
2374.98, 0.00036468
1365.03, 0.00862727
2279.78, 0.000793265
1118.71, 0.00328074
2448.64, 0.00284673
1319.5, 0.00565223
1699.52, 0.00912757
1122.62, 0.00227063
2472.23, 0.0100325
2426.56, 0.0105488
1925.72, 0.00366106
1364.78, 0.00525477
2159.45, 0.00221035
2114.6, 0.00218083
1094.93, 0.00798775
1869.23, 0.00556251
1487.48, 0.00421222
1304.49, 0.00541236
1974.96, 0.0037459
1044.17, 0.0249946
2158.5, 0.00198309
2328.81, 0.000353776
1099.12, 0.00729916
2324.29, 0.000293652
1161.39, 0.000866763
1112.41, 0.0030936
1732.16, 0.00366982
1172.2, 0.00140798
1793.5, 0.00495874
1343.9, 0.00320501
1217.88, 0.000761097
1171.61, 1.2572
2237.92, 0.000719317
1862.9, 0.00537824
2023.64, 0.00294761
1700.78, 0.00615739
1853.34, 0.010686
2278.71, 0.000401429
2122.74, 0.00373025
1610.27, 0.00582486
1817.77, 0.00476878
2212.3, 0.00108082
1680.53, 0.00709537
1029.84, 0.0100388
1292.65, 0.00301539
1948.1, 0.00473533
2487.76, 0.00258362
1965.31, 0.00526869
1147.61, 0.00194182
2419, 0.00164884
1862.97, 0.00523158
1340.78, 0.00285723
1593.49, 0.00476458
2078.22, 0.00288557
1640.5, 0.00480038
1490.78, 0.00436748
2143.74, 0.00441845
2242.7, 0.000977383
2254.15, 0.000836941
2070.43, 0.00364778
2387.54, 0.000731845
1289.83, 0.00273412
1806.78, 0.00813806
1562.84, 0.0041275
1408.83, 0.00783859
1140.39, 0.00522955
1845.52, 0.00995739
1252.31, 0.00195144
2261.43, 0.000680998
1316.77, 0.0111293
2479.7, 0.00343977
1354.71, 0.00524323
2091.14, 0.00276406
1237.28, 0.00206843
1415.24, 0.00597612
1418.25, 0.00555066
1170.57, 0.0028217
2153.71, 0.00271173
1517.18, 0.00692679
2457.68, 0.00144587
2159.38, 0.00199584
1193.17, 0.000911746
1301.7, 0.00724783
2084.54, 0.00262788
1133.47, 0.00692451
1672.02, 0.00636771
2418, 0.000845371
2107.23, 0.00356239
1164.9, 0.00230278
2263.98, 0.000728157
1009.63, 0.0104523
1641.94, 0.0188754
2011.3, 0.00657962
1813.05, 0.00651402
2391.03, 0.000627227
1721.3, 0.00395606
2375.78, 0.000758116
2220.85, 0.00154767
1666.21, 0.00802058
1143.55, 0.00153785
1673.88, 0.00947127
1328.93, 0.0124254
1828.03, 0.00397271
2102.93, 0.00232756
1959.07, 0.00455402
2257.85, 0.000469855
2254.92, 0.00721843
2274.85, 0.00053813
1185.44, 0.000742829
2353.56, 0.000316268
2230.52, 0.00528487
1996.66, 0.00445325
1907.7, 0.00599668
1086.35, 0.0045514
2127.44, 0.00421532
1206.37, 0.000625025
1170.77, 0.00125876
1807.75, 0.0274475
1109.33, 0.0533526
1473.73, 0.00445359
2333.49, 0.0012694
1428.87, 0.00750251
1482.73, 0.00567046
1444.65, 0.0529971
1783.83, 0.00452295
2302.31, 0.000485898
2015.02, 0.00762468
1238.78, 0.00103799
2140.63, 0.00225157
1350.99, 0.0209703
2384.26, 0.000586622
1501.37, 0.0050295
1043.01, 0.00473488
1628.08, 0.00535542
2397.18, 0.00141693
2187.22, 0.00151184
1465.58, 0.00725567
1352.64, 0.003977
1063.63, 0.00374946
2047.62, 0.00482553
1775.48, 0.00662336
1881.22, 0.00408524
1238.79, 0.00890275
2293.97, 0.000329788
2005.48, 0.00287839
1091.74, 0.00550749
1417.13, 0.00365768
1575.89, 0.00512469
1499.14, 0.0243169
1059.66, 0.00636165
1578.31, 0.00695255
1518.87, 0.00626309
2207.03, 0.00273846
1403.37, 0.0053374
1352.54, 0.0128985
1369.7, 0.0079787
1720.33, 0.00513575
2389.32, 0.000916607
1268.44, 0.00189768
1192.46, 0.00312749
1931.71, 0.00284162
1762.65, 0.00425536
2466.65, 0.00177131
2019.21, 0.00218782
2128.09, 0.00256816
1567.67, 0.00899137
2245.94, 0.000952004
2133.71, 0.00349334
1586.06, 0.00576113
1187.99, 0.0028895
1368.65, 0.00295688
2271.6, 0.000501265
2164.48, 0.00579747
2478.86, 0.00185771
1721.01, 0.00981047
2131.16, 0.00171352
1268.44, 0.00295249
1680.05, 0.00512152
2119.03, 0.00429609
1177.62, 0.00115867
2482.62, 0.00232386
1691.51, 0.00859909
2202, 0.00214756
1880.89, 0.00375584
1841.37, 0.00313482
2458.62, 0.00128858
2486.52, 0.00220265
1211.94, 0.00110454
1017.56, 0.00780282
1947.27, 0.00542261
1382.05, 0.00837361
1494.01, 0.0266998
2137.77, 0.00748921
1084.3, 0.00652399
2407.23, 0.00128406
2418.86, 0.00414829
1348.41, 0.0116256
1809.22, 0.00482212
1264.7, 0.0155429
1973.69, 0.0488977
1720.75, 0.0198181
1244.55, 0.00105222
1055.11, 0.00722472
2296.65, 0.000468584
2263.12, 0.00137471
2221.9, 0.00122684
1460.25, 0.0135961
1935.74, 0.00351368
1956.82, 0.0418378
1181.97, 0.00142238
2290.63, 0.00083039
1315.65, 0.00243801
1572.92, 0.00728315
1556.99, 0.00485442
1229.26, 0.00172767
2377.3, 0.0588186
1848.95, 0.0124902
2158.16, 0.00214646
1069.26, 0.00823137
1965.81, 0.0110278
2302.99, 0.00041277
1632.28, 0.00735829
1275.24, 0.00226085
1163.28, 0.00182403
1899.18, 0.00858138
1340.71, 0.00677374
1531.45, 0.00820036
1339.16, 0.00336209
1808.04, 0.00408704
1097.07, 0.00281337
2054.53, 0.00290517
1577.24, 0.00403067
1310.96, 0.00214108
1320.56, 0.00414228
1968.45, 0.00467671
1141.47, 0.00409341
1850.43, 0.00759322
2332.71, 0.000300896
1107.49, 0.00579339
2065.48, 0.0598618
1307.31, 0.0207349
1473.91, 0.0225214
1805.62, 0.00442684
1352.77, 0.00392574
1651.02, 0.0056212
2373.47, 0.000673206
1426.91, 0.00399353
2031.84, 0.00363688
1592.95, 0.00660473
2072.5, 0.00245664
1270.43, 0.00473825
1405.64, 0.0145544
2298.03, 0.000251587
1386.2, 0.00312058
1472.77, 0.00912921
1092.7, 0.00840156
2337.11, 0.000229912
2055.87, 0.00444381
1115.43, 0.0032488
1130.85, 0.00344441
1037.8, 0.0103164
2126.6, 0.0162269
2092.17, 0.00216016
1626.2, 0.0135669
2234.72, 0.00117816
1240.44, 0.00155666
1945.42, 0.00409862
1269.45, 0.00284946
1471.36, 0.0135877
1820.01, 0.00821786
1626.56, 0.0431753
1703.89, 0.00625356
1922.46, 0.00632055
1691.03, 0.00450573
1982.97, 0.00394208
2366.65, 0.000809398
2080.44, 0.00245112
1770.17, 0.023611
1245.25, 0.0012717
1987.04, 0.00488134
1068.78, 0.00459293
2466.44, 0.000972297
1693.59, 0.0121547
1560.12, 0.00522401
1938.26, 0.00552956
2042.07, 0.00251439
1792.73, 0.0103175
2301.59, 0.000356305
2229.18, 0.00749769
1226.84, 0.00204862
1013.13, 0.00976444
2282.61, 0.000573208
1173.9, 0.00177071
1195.69, 0.00273105
1009.6, 0.00857021
2187.18, 0.00186521
1422.48, 0.00373911
1276.81, 0.00503987
1157.5, 0.0019076
1898.74, 0.0072399
2454.48, 0.00334438
2347.85, 0.00117785
1526.21, 0.00483694
2117.19, 0.00184162
2221.52, 0.00190027
1803.93, 0.0270211
1038.49, 0.0147642
1716.13, 0.00386103
1784.89, 0.0120435
1448.71, 0.00513231
1578.95, 0.00972458
2379.75, 0.000912962
1150.83, 0.00157668
2005.7, 0.00444004
1960.14, 0.00688358
1694.29, 0.00468432
1809.81, 0.00356684
1654.71, 0.00560097
1956.16, 0.00475426
1413.94, 0.0047383
2296.87, 0.000464122
2409.58, 0.000867226
2471.01, 0.00112315
1388.78, 0.00391562
2193.82, 0.00340998
2491.87, 0.00134096
1149.54, 0.002144
1561.4, 0.00681526
1264.25, 0.00319109
2252.48, 0.000797388
1661.22, 0.00581587
2254.31, 0.000629784
1022.15, 0.00519163
2496.52, 0.00212109
1473.22, 0.00498299
1340.51, 0.00308214
1586.2, 0.00584659
1625.57, 0.0164356
2006.22, 0.00373401
2305.87, 0.000324027
1501.46, 0.0069661
1855.89, 0.00553061
2031.53, 0.00317214
2141.87, 0.00352706
1291.09, 0.00219158
1903.58, 0.0140416
1495.18, 0.0266088
1807.48, 0.00456896
1400.62, 0.00675968
1818.63, 0.00390822
1027.83, 0.140813
2352.04, 0.000543179
2375.04, 0.000891597
1988.55, 0.00304773
1135.89, 0.0100084
1220.03, 0.00869914
1866.84, 0.00915783
1178.86, 0.00793663
2259.95, 0.000533738
2357.81, 0.000301619
1952.47, 0.00417688
1227.15, 0.000955496
1379.63, 0.00494204
1492.35, 0.00962837
1872.2, 0.00434132
2415.67, 0.000882423
2462.27, 0.00125857
1447.67, 0.00504714
1771.94, 0.0108364
2136.65, 0.00138147
1897.34, 0.00432143
1032.78, 0.0139604
1971.97, 0.00462065
1121.77, 0.00221766
2137.1, 0.00224634
2225.12, 0.0016525
2081.6, 0.00277736
2411.09, 0.000784328
1840.12, 0.00411862
1639.51, 0.00365384
1775.35, 0.00678574
1781.07, 0.00971893
1027.87, 0.0150353
2312.73, 0.000299832
2228.04, 0.0011058
1554.2, 0.00514896
1135.34, 0.0278537
2464.31, 0.00113971
1156.22, 0.00290087
2394.39, 0.000875056
1466.6, 0.0143064
1753.23, 0.00652091
1223.85, 0.00291089
1260.02, 0.0022216
1974.25, 0.00381364
1720.26, 0.00636933
1007.14, 0.00632622
1558.5, 0.00460699
2243.35, 0.0013217
2209, 0.00396262
2373.29, 0.000723467
1662.3, 0.00775927
1326.11, 0.00365242
1137.78, 0.0049076
1076.02, 0.0046633
1154.74, 0.00175568
1635.26, 0.00422788
1501.8, 0.00530288
1506.19, 0.0195865
1313.72, 0.00294943
1235.77, 0.00172592
2493.21, 0.00520821
2043.46, 0.00342651
1105.8, 0.0128513
1250.72, 0.00115486
1481.44, 0.0532109
2330.78, 0.000156656
2332.73, 0.000356545
2431.64, 0.00580466
1648.05, 0.00392884
1159.14, 0.00181953
1748.84, 0.00606194
1564.2, 0.00394619
2171.44, 0.00166079
1084.88, 0.00504713
1200.59, 0.000631104
1855.99, 0.00433632
2071.44, 0.00268029
1260.37, 0.00384925
1437.65, 0.00312082
2056.96, 0.00427759
1531.72, 0.0213273
1390.75, 0.00512247
1610.91, 0.10372
1670.29, 0.0057955
1553.44, 0.0051765
1207.08, 0.00182779
1119.07, 0.00239048
1321.71, 0.00691881
1651.09, 0.00583693
2472.48, 0.00362294
1340.94, 0.00581147
2415.85, 0.000727983
1385.04, 0.00486551
1193.51, 0.000773755
1060.94, 0.00594523
1360.19, 0.00347528
1489.93, 0.0402674
1307.88, 0.00254332
2004.43, 0.0041822
2152.56, 0.00262374
2186.82, 0.00294939
2379.33, 0.000832313
1528.09, 0.0895417
1000.98, 0.00719722
2270.68, 0.000753075
1623.6, 0.0074182
2156.79, 0.00187157
2453.37, 0.00126956
1800.3, 0.00398848
2365.19, 0.000436389
1558.09, 0.0235769
2148.03, 0.00167368
1264.63, 0.00199891
1785.39, 0.00480263
2453.21, 0.00145694
1208.25, 0.000985817
2474.96, 0.00219467
1441.02, 0.00436321
1651.12, 0.00665358
2219.49, 0.00109906
1413.17, 0.00589389
1419.02, 0.00624458
2047.07, 0.00426277
2445.37, 0.00120442
1068.86, 0.0040996
2469, 0.00224912
1160.1, 0.00160469
2397.14, 0.0041324
1756.03, 0.00550155
1323.02, 0.0072667
2097.75, 0.00445958
2314.19, 0.000351847
2009.25, 0.00780201
1468.63, 0.0219246
1904.1, 0.00598365
2257.23, 0.00167821
1470.47, 0.00566655
1300.24, 0.00643222
2113.25, 0.0017398
1679.27, 0.0152088
1012.36, 0.010728
1676.55, 0.00484419
1949.6, 0.00391619
1867.35, 0.0035284
2098.12, 0.00688098
2368.83, 0.000552442
2378.44, 0.00118808
1248.68, 0.00194713
1352, 0.00649633
1223.93, 0.000592385
1867.3, 0.0127251
1608.39, 0.00680833
1243.05, 0.00167226
1606.34, 0.0412012
1140.33, 0.00297606
1636.25, 0.00565328
1733.27, 0.00537886
1032.84, 0.0402142
2471.68, 0.00122639
1559.1, 0.00641661
1135.41, 0.00352735
2123.58, 0.00173479
2452.43, 0.00188752
1277.79, 0.00520409
1332.64, 0.0113866
1394.34, 0.0035125
1682.83, 0.00657033
2102.83, 0.00401936
1928.82, 0.00503549
2339.98, 0.000303872
1609.7, 0.0107154
1050.58, 0.0143706
1855.18, 0.00475585
2068.37, 0.00355872
1383.05, 0.0189165
2491.61, 0.00183048
1650.4, 0.00489341
1222.06, 0.00117854
1109.18, 0.00235525
1783.64, 0.00431409
2387.8, 0.00334168
1041.57, 0.00473301
2048.19, 0.00367049
1173.31, 0.00168289
2106.99, 0.00264906
1475.64, 0.00596674
1477.75, 0.00694086
1714.24, 0.0171363
2379.08, 0.000780288
1052.08, 0.0236163
1529.26, 0.00777253
2316.59, 0.000237068
2052.17, 0.00278153
1256.04, 0.00194886
1012.88, 0.0121528
1120.7, 0.00244069
1485.58, 0.0038137
2383.04, 0.000596887
1195.94, 0.000787535
2354.49, 0.000234208
2471.34, 0.00121142
1845.73, 0.00616397
1116.71, 0.0206389
1417.16, 0.00533526
1044.7, 0.0626966
2213.42, 0.00283143
1028.45, 0.0139994
2184.61, 0.00295995
2089.87, 0.00216651
2302.29, 0.0003002
1287.57, 0.00337331
1778.6, 0.00348477
2181.69, 0.00148773
2340.47, 0.00047661
2079.81, 0.00354039
1733.2, 0.00373547
2383.63, 0.000497103
1571.39, 0.00790022
2022.43, 0.00236522
2277.99, 0.000610418
2183.76, 0.00159468
1292.68, 0.00339357
1013.14, 0.0171281
1322.23, 0.00975072
1703.4, 0.00521596
2026.58, 0.00435214
1740.26, 0.0415536
2447.28, 0.00200255
2241.66, 0.000963511
2157.43, 0.00267268
1557.8, 0.00579668
1408.13, 0.00360779
2099.72, 0.00200073
2348.89, 0.00026562
1185.05, 0.000945646
1581.47, 0.00498664
1968.15, 0.00810069
2334.62, 0.000336353
1669.59, 0.0324497
1469.57, 0.00857618
1647.62, 0.0261926
1467.42, 0.0092028
2237.36, 0.00107965
2284.94, 0.000495528
1864.62, 0.0129979
2158.26, 0.00245171
2298.02, 0.000230397
1007.6, 0.00865833
2047.18, 0.00297198
1664.46, 0.00633832
1468.49, 0.00485055
1691.2, 0.0050796
1732.24, 0.00900269
1413.45, 0.00392018
2357.31, 0.00118936
1374.01, 0.0192797
1070.95, 0.0155113
2132.17, 0.00309238
2266.43, 0.000588723
1630.28, 0.0065366
1747.04, 0.00776758
1643.18, 0.00626393
2033.58, 0.00456621
2145.43, 0.0018468
1092.2, 0.0168834
1283.81, 0.00763777
1017.17, 0.00640495
1825.82, 0.00422983
1547.72, 0.0146423
2053.43, 0.00346989
1958.77, 0.00389756
1579.1, 0.00522583
1335.35, 0.00369742
1479.73, 0.00421552
1317.01, 0.00341704
1592.48, 0.0121535
2181.41, 0.00167303
1418.13, 0.00778103
2025.82, 0.00494906
2022.73, 0.0200423
1900.54, 0.0154829
1038.5, 0.00536395
1679.47, 0.00640154
1385.2, 0.00921569
1370.35, 0.0116377
2101.43, 0.00206785
1121.42, 0.0232928
2219.76, 0.00133305
1211.84, 0.00046261
1793.85, 0.00506763
2444.18, 0.0012683
1357.95, 0.00312224
2334.32, 0.000307121
2104.88, 0.00244234
1543.82, 0.00390178
1295.26, 0.00202328
1070.1, 0.00448086
1575.1, 0.00777044
2400.51, 0.00196832
1512.4, 0.00609194
1717.88, 0.00437985
1010.32, 0.0127728
1479.11, 0.00941521
1608.96, 0.0062828
1024.08, 0.0419111
2009.88, 0.00348113
1999.87, 0.0257938
2278.02, 0.000428837
1571.11, 0.00753855
1916.56, 0.00606916
1496.13, 0.00801346
2498.38, 0.00163174
1749.72, 0.0221539
1404.44, 0.00692625
1338.12, 0.00311175
1553.77, 0.00960702
2089.64, 0.00295048
1472.72, 0.00841311
2153.32, 0.00126441
1826.5, 0.00368418
1648.55, 0.00458114
1145.33, 0.00331951
1735.28, 0.00484568
1080.3, 0.0125986
1479.42, 0.00437482
1148.99, 0.00189365
1208.11, 0.00193428
1220.41, 0.0032701
1868.87, 0.0112973
1095.54, 0.00703176
1955.79, 0.00433039
2237.34, 0.00135294
1413.05, 0.00429277
1174.03, 0.00146844
1883.16, 0.00459614
1575.65, 0.0045936
1374.73, 0.00553188
2221.86, 0.000822102
1199.78, 0.00125617
1185.28, 0.00124364
2105.47, 0.00326928
2251.89, 0.00119712
1003.27, 0.0164998
2365.38, 0.000300193
1773.13, 0.00647185
1634.58, 0.0140336
1387.59, 0.00434939
2124.12, 0.00225013
1729.88, 0.0135846
2386.95, 0.00115315
1884.33, 0.00445908
1409.72, 0.00391486
1843.89, 0.00307121
2356.3, 0.000893672
1700.24, 0.00397681
1921.54, 0.00344902
2232.04, 0.00148916
2176.17, 0.0013432
2003.22, 0.00343714
2184.53, 0.00163751
1331.58, 0.014027
2097.77, 0.00316008
2206.96, 0.00182106
2043.31, 0.00489059
1682.35, 0.00822744
1537.66, 0.0221227
1080.69, 0.00717508
2186.08, 0.00146383
1207.15, 0.000570302
1583.35, 0.00589991
1977.34, 0.00575144
1600.58, 0.00852399
1820.89, 0.0147221
1317.66, 0.00969458
2439.44, 0.00111254
1776.36, 0.0124501
2185.44, 0.00166013
2361.63, 0.000863901
2149.92, 0.00167953
2427.49, 0.00174202
1843.24, 0.00390462
1320.45, 0.0247447
1339.97, 0.00361317
1690.56, 0.00487103
1992.09, 0.00806818
1424.9, 0.00622631
1477.53, 0.00497036
2286.55, 0.000488883
2218.65, 0.00133143
1035.94, 0.00961439
1409.84, 0.0216278
2320.28, 0.000284808
2093.5, 0.00248087
1072.32, 0.00619372
1657.76, 0.00606061
1643.96, 0.00777027
1670.89, 0.00571579
1848.01, 0.00672026
1972.46, 0.00356825
1491.38, 0.00463277
1018.41, 0.020605
1241.62, 0.00167269
1795.3, 0.00499439
1205.95, 0.000799217
1900.35, 0.00427518
1619.71, 0.00838983
2481.71, 0.00254117
2373.74, 0.00157047
1745.71, 0.00934616
2261.66, 0.000566488
1601.59, 0.00601529
1107.95, 0.00486352
1235.06, 0.00215415
1603.34, 0.00551392
1400.77, 0.0034372
2467.43, 0.00184075
1610.82, 0.0140473
1738.59, 0.00866218
2198.8, 0.00188498
2116.97, 0.007634
2342.41, 0.000500651
1220.32, 0.000858344
2181.29, 0.0023251
1345.99, 0.00355776
2109.08, 0.00360598
1358.21, 0.00537427
1301.76, 0.00668125
2102.72, 0.00267826
1598.41, 0.00796958
1653.97, 0.00588126
2386.28, 0.00721775
2239.83, 0.0011114
1396.47, 0.00321217
2018.28, 0.011473
2243.96, 0.000746632
1094.83, 0.00467312
1846.14, 0.00728227
1697.25, 0.0253326
2064, 0.00255832
1191.13, 0.00134337
1103.86, 0.0117362
1421.49, 0.00436646
1067.79, 0.00683235
2365.3, 0.000721274
1927.9, 0.00788762
1378.65, 0.00396055
1950.17, 0.00502821
1612.94, 0.0163514
1537.61, 0.00484967
2008.97, 0.00822299
1219.92, 0.00106938
1442.98, 0.0435267
1738.75, 0.00561274
1109.48, 0.0041881
2144.04, 0.00216157
1771.22, 0.00953165
2042.66, 0.00401607
1349.28, 0.00561232
1235.46, 0.00213529
1973.53, 0.00793641
2129.9, 0.00374916
1018.75, 0.00653233
1667.18, 0.0257901
1516.11, 0.0580171
1571.02, 0.00432696
1261.14, 0.00440417
2256.51, 0.000690739
1211.12, 0.000494142
1792.34, 0.0052157
1645.94, 0.0103616
1510.89, 0.0145506
2212.17, 0.00148279
1936.63, 0.00550946
2172.95, 0.00762491
2101.83, 0.00225668
1996.95, 0.00304559
1521.58, 0.00799052
1107.63, 0.0110157
2216.19, 0.00146317
1693.58, 0.00862738
1985.45, 0.00271752
1713.41, 0.00586135
1032.66, 0.00721248
2327.79, 0.00194375
2221.16, 0.000916197
1249.56, 0.00728146
1076.29, 0.0064663
1077.11, 0.00472736
2480.6, 0.00323125
1478.58, 0.0044618
2333.67, 0.000121946
1182.72, 0.000794113
1303.66, 0.00284061
1681.5, 0.0287316
2339.35, 0.000192029
1950.36, 0.00565344
1769.76, 0.00640459
1136.34, 0.00392803
2443.03, 0.00162039
2036.61, 0.00238434
2342.28, 0.000199808
1413.01, 0.00733494
1077.21, 0.00438646
1274.29, 0.00260123
1666.82, 0.010858
1922.4, 0.00776636
2447.73, 0.00153469
1431.9, 0.0148126
1161.27, 0.00183734
2375.55, 0.00081165
1162.21, 0.00196402
2025.03, 0.00508038
1855.46, 0.00690605
1536.67, 0.00617418
1469.42, 0.00343205
2037.77, 0.00272566
1090.88, 0.00389964
2128.8, 0.00288014
2106.65, 0.00281805
1368.18, 0.0084889
1385.32, 0.00326036
1806.38, 0.0118725
1885.9, 0.00428939
2049.46, 0.00264091
1172.83, 0.00146541
1387.95, 0.00562886
2318.14, 0.000306754
1660.84, 0.00516753
2400.87, 0.000771187
1173.03, 0.00117435
1141.78, 0.00353378
1356.25, 0.00394773
2138.59, 0.00188236
2349.08, 0.000324044
1551.41, 0.00438698
2115.21, 0.00224284
2136.69, 0.00194998
2173.89, 0.00142553
1561.28, 0.00622591
1326.39, 0.0122789
1901.82, 0.00495752
1314.4, 0.00344227
2321.22, 0.000249902
2447.05, 0.00149446
1829.7, 0.00476176
2025.91, 0.00256217
1217.51, 0.0011305
1040.96, 0.0637922
2123.15, 0.00320119
1270.58, 0.00669336
1894.86, 0.0322623
1144.82, 0.00331289
1701.64, 0.00400968
1250.91, 0.00156029
1179.23, 0.00156079
2136.91, 0.0019816
2451.29, 0.00104267
1450.51, 0.00271639
1348.55, 0.00729431
1973.21, 0.0135842
2459.23, 0.00101652
1535.15, 0.00473939
2099.94, 0.00271189
1641.75, 0.00571751
1433.56, 0.00787091
1429.5, 0.00477599
2297.9, 0.000274079
1035.46, 0.0102762
1923.97, 0.00485822
1268.7, 0.0076941
1649.82, 0.00426688
2387.19, 0.00224835
1959.88, 0.00330659
1737.29, 0.00969973
2422.29, 0.000620977
1714.49, 0.00399358
1599.99, 0.00525152
1682.54, 0.00490265
2454.54, 0.000995757
1622.37, 0.00941514
1091.17, 0.00377458
1512.11, 0.00783133
1546.46, 0.0090854
2460.61, 0.00139423
2283.92, 0.000372238
1229.23, 0.00354529
2274.22, 0.00109111
2313.13, 0.000302472
1317.49, 0.00921815
2321.67, 0.000382966
1729.42, 0.00849975
1338.25, 0.00281994
1783.66, 0.00510986
1545.93, 0.0190191
2222.32, 0.00165842
1559.21, 0.0327273
2471.06, 0.00412483
2299.31, 0.000475093
1817.65, 0.00578263
1080.19, 0.0150403
2007.67, 0.00279796
1385.61, 0.00545569
1893.92, 0.00422737
1448.04, 0.00615204
1724.26, 0.00486189
1859.47, 0.00670606
1919.97, 0.00614751
1110.13, 0.00470162
1363.89, 0.00267972
2459.02, 0.00171727
1145.14, 0.00349489
1656.71, 0.00630468
2468.63, 0.00218189
2089.34, 0.00644185
1830.97, 0.0140684
2311.41, 0.000295821
1469.03, 0.00721143
2210.59, 0.000815176
1538.31, 0.0481458
1835.82, 0.00889178
2432.23, 0.00175714
2438.86, 0.00103506
1492.79, 0.00893299
2143.08, 0.00191099
2114.47, 0.0019528
1000.31, 0.0094543
1678.73, 0.00492716
1969.3, 0.00413578
1068.84, 0.015603
1947.62, 0.00736789
1194.9, 0.00171137
1223.96, 0.00108197
1154.72, 0.00188031
2010.55, 0.00296328
1025.01, 0.013033
2378.04, 0.000609028
1591.52, 0.00782576
2130.6, 0.00299634
2363.45, 0.000666921
2115.59, 0.0021242
2031.14, 0.00207725
1220.18, 0.00117709
1437, 0.0178869
2301.67, 0.000352849
1948.48, 0.016715
1860.38, 0.0119966
1387.7, 0.00389568
1376.51, 0.0158413
1526, 0.0040309
1343.57, 0.00395436
1578.95, 0.00466334
1913.49, 0.00984496
2148.27, 0.00316047
2162.24, 0.00260499
2284.89, 0.000651898
2228.87, 0.000845438
1002.91, 0.010231
1009.64, 0.0106843
2331.09, 0.000786477
2030.99, 0.0115997
1780.6, 0.00704287
2031.72, 0.00386091
1094.2, 0.00334602
2154.58, 0.00141977
2393.2, 0.000594136
1220.46, 0.000610563
1414.6, 0.00851096
1807.86, 0.00455303
2041.94, 0.00606441
1857.42, 0.00943707
1281.09, 0.00155211
1524.58, 0.00509979
1315.05, 0.0038132
2117.71, 0.00304595
1934.29, 0.0102902
2186.73, 0.00125847
2143.15, 0.00232326
2365.03, 0.000341265
1478.58, 0.00344737
2424.37, 0.00558181
1553.39, 0.00508498
1576.84, 0.00444871
1699.19, 0.00632545
1616.97, 0.0341959
1601.82, 0.00726968
1119.19, 0.00340996
2004.36, 0.00566576
1970.2, 0.0122458
1818.87, 0.00514762
2250.16, 0.000959046
1568.2, 0.0083126
1221.08, 0.000606649
1756.62, 0.00431119
1435.02, 0.00390634
1996.04, 0.00251291
1881.38, 0.00597796
2088.79, 0.00270268
1360.67, 0.0244518
1560.39, 0.00819286
1619.54, 0.0148892
2397.3, 0.00186812
2117.23, 0.00220537
1221.13, 0.00146614
1665.19, 0.00821275
1331.76, 0.0147843
2127.33, 0.0151184
1878.37, 0.00320986
1717.71, 0.0105401
1010.65, 0.0260337
1754.99, 0.00426939
1497.62, 0.00514496
1711.93, 0.00892524
1895.38, 0.00972821
1308.74, 0.00302591
1819.97, 0.00614311
1688.22, 0.0134214
2032.8, 0.050044
2144.74, 0.00189624
1669.36, 0.00425741
2039.81, 0.00257846
1979.89, 0.00339787
1330.97, 0.00286779
1480.89, 0.00618106
1826.5, 0.00722761
1279.27, 0.00141316
2381.84, 0.000900616
1350.89, 0.00374941
2291.34, 0.000711479
2159.19, 0.0019071
1634, 0.00466389
1304, 0.00215789
1145.84, 0.00153076
1335.15, 0.00259051
2431.26, 0.00218808
1673.28, 0.00938724
1033.15, 0.00627729
2282.98, 0.000527426
1930.34, 0.00423827
2020.4, 0.0045668
1654.8, 0.0053395
1596.51, 0.00949873
1867.61, 0.012471
2468.28, 0.00271484
2443.75, 0.00974879
2341.75, 0.000404248
2238.35, 0.000931739
1485.91, 0.00472671
2404.82, 0.00137411
2315.61, 0.000371649
2116.5, 0.0829157
1829.07, 0.0183715
1689.15, 0.0561787
2409.54, 0.0011954
1807.59, 0.00662429
2228.83, 0.00103464
1967.55, 0.00440979
1285.86, 0.00237387
2106.51, 0.00223923
1469.5, 0.00471433
1415.57, 0.00354718
1026.7, 0.00960176
1955.4, 0.00444535
1291.1, 0.00660972
2147.83, 0.0375836
1448.59, 0.0040773
1110, 0.00651848
2156.66, 0.00220485
2014.68, 0.00329133
1668.99, 0.00533142
1595.1, 0.00548801
2269.92, 0.000685158
1190.16, 0.00138379
1107.98, 0.00272627
2405.15, 0.00104563
2083.43, 0.00270063
1075.61, 0.00709621
2365.2, 0.000970075
1619.85, 0.00671475
2114.46, 0.00245483
1713.78, 0.00811265
1833.94, 0.00760187
1357.71, 0.00261315
1333.64, 0.00348878
2340.43, 0.000258195
1032.93, 0.0115588
1585.76, 0.00567797
1498.59, 0.00500728
1874.26, 0.0044572
2163.77, 0.00168366
2316.65, 0.000324735
1280.72, 0.00226048
1210.48, 0.000976934
1890.06, 0.00441029
1548.23, 0.0216073
1886.57, 0.00445216
2415.16, 0.00170039
1428.71, 0.00414147
1182.14, 0.00533401
1237.9, 0.00086077
1919.71, 0.00570648
1941.01, 0.00379384
1279.39, 0.00237026
2052.01, 0.00338441
1587.05, 0.0043824
1667.81, 0.00727701
2014, 0.00418707
2410.24, 0.0023123
1778.08, 0.00465694
1549.86, 0.0111527
2143.9, 0.00203407
1801.02, 0.00820621
1200.57, 0.000664114
2203.16, 0.00168638
1266.71, 0.00135486
2288.73, 0.000457858
1563.4, 0.00515935
1025.47, 0.0119626
2112.55, 0.00290397
1482.78, 0.00854485
1710.62, 0.00572337
1918.61, 0.00372226
1371.43, 0.00311428
2085.78, 0.00269479
1870.26, 0.00610488
1539.83, 0.00523111
2473.27, 0.00320471
1169.95, 0.00102309
1737.8, 0.00667157
1486.88, 0.0155429
1199.73, 0.000534427
1176.98, 0.000804065
1712.4, 0.00649489
2496.67, 0.00275396
1301, 0.0021721
2199.62, 0.00186912
2172.78, 0.00448654
1685.06, 0.0148155
2184.05, 0.00119909
1309.31, 0.00264913
1614.2, 0.00446207
2097.17, 0.0805027
1779.29, 0.00553636
1257.82, 0.00139587
2232.35, 0.000916185
1266.34, 0.00167738
2428.86, 0.00234834
1606.49, 0.00449705
1021.54, 0.0166244
1196.84, 0.00109083
2367.56, 0.00163486
1119.53, 0.0132094
1347.32, 0.00692976
1125.38, 0.00198167
2417.74, 0.00137492
2135.31, 0.00271323
1795.86, 0.00880328
1665.64, 0.0164021
1448.71, 0.011666
1162.4, 0.00144448
1034.03, 0.0101984
1623.52, 0.00593611
1871.94, 0.00393274
1458.84, 0.00449879
1534.29, 0.00478382
1527.64, 0.00479795
1262.44, 0.00171189
2467.1, 0.00190015
1736.26, 0.00436644
1139.11, 0.00146115
1309.88, 0.00212949
1966.75, 0.0234996
1481.98, 0.00348888
2010.05, 0.00363258
1249.34, 0.00667863
1883.39, 0.00393731
1170.24, 0.00161367
1824.04, 0.00980092
2471.32, 0.00321386
2037.25, 0.00407728
1903.71, 0.00317425
1257.81, 0.149068
1676.27, 0.00434982
1745.23, 0.0138621
1223.46, 0.0372357
2411.92, 0.00117893
1203.03, 0.000832308
1103.12, 0.00830283
1428.08, 0.00600248
1384.22, 0.00467499
1306.61, 0.00232387
1615.28, 0.00395014
1263.64, 0.00181493
1678.05, 0.00767303
1428, 0.00295686
2251.09, 0.00180957
2298.92, 0.000301484
1864.63, 0.0100777
1138.93, 0.00511509
1464.81, 0.00423651
1061.16, 0.00577695
1808.54, 0.00347138
2129.07, 0.00210333
1387.37, 0.0113328
1432.08, 0.0118531
1552.31, 0.00703269
2234.87, 0.00226202
1616.11, 0.00688388
2186.93, 0.00224493
1985.53, 0.0659141
1957.13, 0.0416609
2434.73, 0.0012649
1274.84, 0.00220913
1252.28, 0.00213097
1243.07, 0.0199277
2139.81, 0.00216252
2107.7, 0.0024672
1207.42, 0.000594686
1950.83, 0.00604221
1194.38, 0.000832762
1313.22, 0.00213358
1345.06, 0.00224529
2411.21, 0.000655423
2375.63, 0.00070143
2008.42, 0.0044552
1136.96, 0.00250197
1490.98, 0.00647044
1624.13, 0.00495208
2229.63, 0.0010947
2443.61, 0.00159687
1129.18, 0.00338817
1460.42, 0.00379185
2057.44, 0.00375144
1586.72, 0.00606733
1150.51, 0.00185178
2027.25, 0.00787672
2310.56, 0.000335776
2303.36, 0.000325796
2388.38, 0.00179508
1867.05, 0.00603595
2254.84, 0.000841672
2306.35, 0.000351113
1161.33, 0.00201495
1751.61, 0.00464037
1294.63, 0.00202129
1145.63, 0.00173982
2479.48, 2.10527
2477.65, 0.00150322
2138.83, 0.00231609
1273.35, 0.00345372
2192.37, 0.00102232
1390.36, 0.00602961
1622.74, 0.00507037
1556.13, 0.0121221
1152.15, 0.00157853
2413.41, 0.00157377
1580.51, 0.00506361
2265.1, 0.000680498
1938.09, 0.00658934
2173.61, 0.00203979
1875.95, 0.0115297
2272.33, 0.000677581
1979.3, 0.00307624
1153.19, 0.00329792
1050.93, 0.00886672
2243.59, 0.0013898
1231.38, 0.000783029
1320.99, 0.00311531
1150.82, 0.00105896
2144.88, 0.00351599
1804.73, 0.00457374
1203.61, 0.000616131
1543.81, 0.00432751
1829.17, 0.00500282
1966.14, 0.0048238
2358.55, 0.001438
2210.84, 0.00162997
1113.39, 0.00527125
2137.17, 0.00309085
1167.53, 0.00116541
1804.12, 0.00464876
1385.23, 0.00389229
2393.43, 0.000759437
2130.34, 0.0123457
1334.41, 0.0040744
2090.26, 0.0311585
1973.25, 0.00309691
1002.1, 0.00752782
1790.24, 0.00406162
1474.52, 0.00566091
2368.11, 0.00046093
2021.43, 0.00474375
1704.8, 0.00476538
1318.04, 0.00234121
1525.76, 0.00584473
2320.08, 0.000245196
1589.15, 0.0053536
2042.55, 0.0028594
1401.53, 0.00551292
1373.4, 0.00414731
2228.26, 0.00125604
1891.13, 0.00490904
2392.12, 0.00164744
1935.33, 0.00564101
1611.34, 0.00451892
1120.27, 0.00770349
1855.02, 0.00600873
2425.56, 0.000841041
2449.7, 0.00218199
1815.52, 0.00450444
1998.45, 0.00676998
1909.6, 0.00683448
2218.85, 0.00101269
2477.95, 0.0019428
1865.12, 0.00921777
1762.57, 0.00612953
1918.62, 0.00870515
1903.34, 0.00846052
1115.26, 0.00612181
1793.4, 0.00835738
1589.27, 0.00602659
1885.02, 0.00322656
1140.35, 0.00181336
1392.82, 0.00367948
1952.28, 0.0052592
2066.41, 0.00292283
1104.77, 0.00379682
1160.85, 0.0012991
2096.27, 0.00238079
1510.71, 0.00564587
1521.53, 0.0088333
1792.54, 0.00579792
1074.19, 0.115992
1104.79, 0.0548493
2278.66, 0.000503109
2122.25, 0.00156909
2134.57, 0.00244281
1629.26, 0.0129913
2296.69, 0.000357111
1182.98, 0.00242676
1436.96, 0.00431945
2355.89, 0.000563634
2036.57, 0.00350267
2075.6, 0.00577687
2162.98, 0.00186991
2272.74, 0.00144166
1499.34, 0.0117945
2430.53, 0.00191516
2096.18, 0.00502612
1708.63, 0.00599107
2415.95, 0.000911858
1535.09, 0.00843438
1227.3, 0.000945199
1282.36, 0.00154411
1521.3, 0.00499989
1196.71, 0.00171397
2163.03, 0.00247881
1529.79, 0.00952336
1318.23, 0.00322671
2194.66, 0.00120076
1971.89, 0.00304557
2287.43, 0.000546349
1554.72, 0.00616396
1227.16, 0.00130991
1992.77, 0.0058613
1687.11, 0.00610097
2317.17, 0.000228892
2260.79, 0.000507727
1308.83, 0.00516747
1458.19, 0.00402485
2095.35, 0.00262962
1303.41, 0.00292264
1965.87, 0.0029175
2084.83, 0.00193238
2316.73, 0.000285564
2372.49, 0.000487285
2182.18, 0.0018386
2421.37, 0.000766434
1547.96, 0.00889626
1558.21, 0.00477392
2325.97, 0.000180476
1260.22, 0.00329342
2226.99, 0.00171817
1554.77, 0.00630771
1344.87, 0.00440173
1567.44, 0.0531227
2200.54, 0.00144518
2355.01, 0.000295321
1585.03, 0.00467099
2254.89, 0.00277097
1071.9, 0.00831527
1947.04, 0.0133294
2268.31, 0.000554043
1499.98, 0.00829822
1966.89, 0.00583908
1955.37, 0.00559895
2177.99, 0.00233986
1387.84, 0.00301378
1170.62, 0.000832041
1338.58, 0.0180633
1768.41, 0.00538935
2391.73, 0.00202553
2070.73, 0.00420218
1117.23, 0.00723627
1604.15, 0.00712447
1180.24, 0.000825128
1950.15, 0.0168976
1457.95, 0.00383604
2139.86, 0.00211251
1915.94, 0.0053263
1601.54, 0.0146551
1351.97, 0.00258305
2419.28, 0.00102806
2282.79, 0.00080481
1822.01, 0.0053627
1580.52, 0.00487106
2458.9, 0.00200423
1387.7, 0.0313122
1990.46, 0.00368825
1198.69, 0.001852
1212.2, 0.000605537
1784.75, 0.00661959
1189.68, 0.000881592
1419.69, 0.00404165
1733.3, 0.00565411
1990.93, 0.00378216
1538.35, 0.0671123
2424.31, 0.000881791
2271.89, 0.000658418
1993.52, 0.0040118
1628.84, 0.00681783
1113.06, 0.00408302
1892.95, 0.0118952
1442.05, 0.00890517
1992.44, 0.00766885
2411.51, 0.00220953
2201.29, 0.00127143
1201.84, 0.00152258
1380.13, 0.00667331
1230.27, 0.00134307
1687.27, 0.00561079
1916.37, 0.00319071
1065.48, 0.00818557
2330.82, 0.000213023
1550.98, 0.0111206
1402.34, 0.00362987
1063.34, 0.00914182
2256.91, 0.000783921
2422.2, 0.00177229
2157.14, 0.00201266
2423.17, 0.0012368
2350.19, 0.000588401
2197.2, 0.0012198
1381.99, 0.0142672
1476.55, 0.004186
1481.08, 0.124217
1291.54, 0.00223772
1003.18, 0.136855
1144.32, 0.00797135
2488.05, 0.00244376
2483.37, 0.00190334
1640.68, 0.0093718
2257.96, 0.0151507
1550.16, 0.00351758
1873.78, 0.00815026
1993.91, 0.00401465
1277.8, 0.063871
2273.16, 0.000584815
1804, 0.0082576
1438.8, 0.00476792
2256.31, 0.000662686
2421.84, 0.0014369
1398.02, 0.00548385
2233.44, 0.000991391
2488.16, 0.00271418
2216.01, 0.0012491
1254.86, 0.00357165
2404.91, 0.00120686
1985.75, 0.00468401
2185.75, 0.00116675
1386.25, 0.00259859
2246.01, 0.000993267
1550.19, 0.00526461
1313.43, 0.00179465
1982.72, 0.00546693
1461.55, 0.00942889
1917.99, 0.00455196
1127.65, 0.0241469
1587.07, 0.0139196
1947.12, 0.00399443
1816.44, 0.00757675
2249.54, 0.000734596
1630.49, 0.0066541
2181.05, 0.00141211
1823.81, 0.0132182
2393.69, 0.00155735
2429.2, 0.00124091
1243.51, 0.00317341
2310.75, 0.00037235
2494.93, 0.00248475
1578.54, 0.00428182
1933.14, 0.00511579
1934.06, 0.00481812
1988.64, 0.00682381
1743.36, 0.00703799
1937.24, 0.00396874
1785.33, 0.00560648
2375.74, 0.000474208
2275.29, 0.0010026
1435.12, 0.0060793
2499.26, 0.00136626
1195.96, 0.000544226
1368.85, 0.00454465
2028.25, 0.00287461
1233.25, 0.000930036
1875.93, 0.00708959
1461.17, 0.00518934
1548.39, 0.00595109
1136.09, 0.00459519
2039.07, 0.00291978
1734.84, 0.0226461
1257.14, 0.00152372
1635.57, 0.00488297
1132.72, 0.00349695
2488.89, 0.0105174
1893, 0.00301548
1538.02, 0.00656987
1008.97, 0.00636146
1695.31, 0.00907788
1389.43, 0.0115962
1409.38, 0.00328481
2108.93, 0.0029635
1531.89, 0.00663955
1756.32, 0.00490199
2144.37, 0.00826088
1123.91, 0.00518615
1345.95, 0.00751343
2060.09, 0.00261069
1185.47, 0.0100122
1794.51, 0.00531111
2412.03, 0.000786703
1368.85, 0.0117965
2066.64, 0.00310746
2043.1, 0.00317587
2329.13, 0.00046265
2087.36, 0.00804392
2218.5, 0.00151745
1037.16, 0.0121121
1580.26, 0.0150204
1571.17, 0.0158653
1754.07, 0.0131032
1691.73, 0.00566405
1969.87, 0.00396128
1986.88, 0.00283237
1436.38, 0.00787295
2492.87, 0.00145299
1160.19, 0.00220928
1060.28, 0.0233456
1648.77, 0.00660421
2486.35, 0.00904349
2261.73, 0.00071607
1003.4, 0.0214399
2448.98, 0.00167813
1652.67, 0.0149413
1356.18, 0.00378254
1734.8, 0.00601645
1276.22, 0.00541498
1270.15, 0.00298158
1987.11, 0.0190777
1712.6, 0.00795425
1926.42, 0.00346553
1909.93, 0.00858019
2255.08, 0.000649762
1021.2, 0.0103487
2384.25, 0.00114785
1775.14, 0.00502123
1648.37, 0.0143762
1808.78, 0.00438084
1641.56, 0.00633946
2162.97, 0.00380415
1087.16, 0.00577654
1049.46, 0.0130164
1963.97, 0.00470727
2080.04, 0.00368909
1631, 0.0109247
1389.79, 0.0155612
1624.94, 0.00697838
1727.35, 0.00522211
1438.55, 0.00797242
1111.9, 0.00281783
1850.53, 0.0128503
2494.77, 0.00280166
1262.07, 0.00243392
2338.59, 0.000443674
2080.63, 0.00227915
1823.12, 0.00643575
1413.43, 0.0051186
1828.9, 0.0178894
1883.03, 0.129299
1748.59, 0.00727562
2357.81, 0.00125068
1974.72, 0.0214672
1689.37, 0.00559823
1664.48, 0.00785377
1008.58, 0.0511165
1654.48, 0.00588618
1245.81, 0.0112889
1202.56, 0.00116605
1232.29, 0.00952497
1148.97, 0.00210284
2194.8, 0.00120009
1111.67, 0.00628915
1985.36, 0.0123936
1943.14, 0.00601476
1097.69, 0.00473577
1050.5, 0.0121284
1760.02, 0.0101729
2008.68, 0.0049134
1333.36, 0.00366483
2018.96, 0.00482321
2096.05, 0.00223708
1130.65, 0.00330983
1066.55, 0.0122453
2142.64, 0.00236552
1300.01, 0.00269334
1112.28, 0.0187264
2145.49, 0.00173126
2421.17, 0.00112153
1393.81, 0.00497921
1596.28, 0.00514897
1430.91, 0.0055996
2465.4, 0.00143956
2128.56, 0.00168604
2284.37, 0.000340074
2363.46, 0.000474776
1832.61, 0.00555702
1104.15, 0.00792387
1027.25, 0.00584335
2091.27, 0.00934378
2328.73, 0.000570376
1058.79, 0.00676131
1049.86, 0.0049169
2481.63, 0.00157418
1206.79, 0.000634149
1731.18, 0.00481834
1791.81, 0.012352
2212.97, 0.00584409
1814.66, 0.00481111
2038.83, 0.00319337
1877.9, 0.00444456
2257.11, 0.000934114
2425.49, 0.000654841
2125.18, 0.0083013
2083.34, 0.00235157
1236.2, 0.00113746
1980.28, 0.0049485
2441.59, 0.00113559
1888.21, 0.00474674
1321.37, 0.00236589
1773.59, 0.0263097
1408.02, 0.0063376
2130.06, 0.00250215
2067.33, 0.0102633
1580.43, 0.0238766
2202.39, 0.00118339
1230.98, 0.00135606
2274.94, 0.00103134
2279.46, 0.000571352
1070.06, 0.0210799
1932.89, 0.00443461
1262.44, 0.00217573
1456.09, 0.00847741
2042.42, 0.00315363
2157.46, 0.00236271
2254.95, 0.00231028
1505.38, 0.00903499
2498.67, 0.00442481
2034.96, 0.00552764
1813.72, 0.00423786
2394.11, 0.00104329
1954.13, 0.0040862
2187.22, 0.00114607
2479.05, 0.00157506
1020.87, 0.00918839
1131.97, 0.00307604
2066.88, 0.00343013
1518.61, 0.00440925
1564.53, 0.00682213
2365.15, 0.000883112
1758.07, 1.72208
1297.3, 0.00298187
1011.68, 0.0159309
1109.11, 0.00241273
1763.39, 0.00762921
2318.52, 0.000455293
1691.15, 0.00440556
1156.66, 0.0028533
1016.17, 0.0142485
1163.76, 0.00175329
1594.64, 0.00403242
1177.65, 0.00119236
1795.54, 0.00622259
2391.07, 0.000906862
2351.71, 0.000725922
1770.22, 0.00857012
2201.75, 0.000997207
1309.43, 0.00178559
1451.66, 0.00585911
1795.55, 0.00985466
2087.15, 0.00346728
1253.17, 0.00155205
2069.99, 0.00294797
1096.85, 0.00306643
1567.74, 0.00509967
1738.89, 0.00587029
2388.47, 0.00204813
2119.85, 0.00265248
1057.46, 0.0071903
1695.52, 0.0132044
2362.94, 0.000323863
2061.07, 0.00434015
1650.01, 0.00422483
1185.38, 0.000678919
1272.63, 0.00353507
2036.61, 0.00609383
1213.87, 0.000467921
1885.42, 0.0102617
1027.49, 0.00836054
1390.4, 0.00393718
1023.75, 0.00704232
1209.96, 0.000805664
1049.71, 0.00926355
1645.25, 0.0825467
1570.45, 0.00764864
2112.77, 0.00210776
2192.29, 0.0020286
2167.64, 0.0017383
1434.34, 0.00730298
2240.13, 0.00120831
1870.88, 0.00325702
1086.22, 0.0414761
1228.61, 0.00155755
1773.35, 0.00506897
1909.4, 0.00451556
1488.85, 0.0104571
1120.27, 0.0247974
2254.25, 0.00104297
1564.33, 0.0107508
2429.35, 0.0043579
2437.53, 0.00119848
1187.11, 0.00182963
1314.86, 0.00322738
2012.64, 0.00410798
2167.86, 0.00286513
1058.43, 0.00653936
1111.06, 0.0357522
1555.94, 0.00466628
1232.21, 0.00107594
2258.97, 0.000570188
1151.51, 0.00240356
1083.42, 0.00767645
1423.32, 0.00472262
2270.34, 0.00122601
2346.36, 0.000399854
2483.53, 0.00217835
1527.41, 0.00554451
1253.8, 0.00869236
1125.82, 0.0029043
1070.35, 0.00857407
1728.16, 0.0058981
2043.09, 0.00247546
1861.37, 0.00804115
2419.57, 0.00135932
1644.34, 0.007418
2213.57, 0.00175
1379.24, 0.00909804
2407.31, 0.000887614
1959.52, 0.00439343
1378.37, 0.00281079
1738.06, 0.00528106
2422.81, 0.00160953
1913.34, 0.00293625
2346.15, 0.000320319
2466.53, 0.0100592
1815.59, 0.00562332
1236.97, 0.00104442
1182.16, 0.00106124
1499.42, 0.0490446
2331.09, 0.000189939
1665.27, 0.00777718
1442.01, 0.00341285
1986.09, 0.0134162
2489.04, 0.00177812
1774.87, 0.0062072
1742.86, 0.00490977
1186.95, 0.0023894
1460.44, 0.0637482
1493.77, 0.0102013
1588.83, 0.00487394
2099.09, 0.00236886
2210, 0.00123231
2442.27, 0.00144612
2091.59, 0.00600056
2260.66, 0.000601298
2315.1, 0.00039321
1899.08, 0.00676969
2215.75, 0.00127994
1851.57, 0.0155269
1513.63, 0.00384206
1570.2, 0.0139239
2098.63, 0.00267871
2168.23, 0.00164518
1779.74, 0.0114302
1258.64, 0.00162019
1545.88, 0.0154025
2001.45, 0.00376148
2392.58, 0.0217587
1712.21, 0.00655686
1224.64, 0.00112441
2116.18, 0.0036879
1886.27, 0.0037705
2082.46, 0.00284973
1405.99, 0.00425477
1824.72, 0.0192205
1289.42, 0.00313525
1465.94, 0.00662245
2186.01, 0.00122898
1050.17, 0.00847033
1589.91, 0.00651837
1692.6, 0.00620483
2278.87, 0.000401984
2230.84, 0.000827959
1875.15, 0.00572275
1548.81, 0.00511049
2318.15, 0.000339987
2485.28, 0.00214125
1880.12, 0.0117229
1762.48, 0.00586042
1913.15, 0.00333331
2126.35, 0.00592785
2390.15, 0.00083924
1797.2, 0.00472786
2040.77, 0.00231114
1264.16, 0.00291035
1067.41, 0.0225841
1567.86, 0.0128909
1183.2, 0.0017821
1900.86, 0.00515615
1386.64, 0.730345
1974.95, 0.00390828
1114.25, 0.00508196
2225.72, 0.00158648
2398.49, 0.0010273
1382.63, 0.00629886
1201.6, 0.00149974
1757.33, 0.00434855
2093.9, 0.00597659
1806.99, 0.0306882
2241.99, 0.00106221
2152.32, 0.00505363
1881.69, 0.00521393
1790.76, 0.0568678
1862.31, 0.11607
1891.89, 0.00393352
1988.92, 0.0149656
2333.68, 0.000345311
1547.95, 0.199583
1972.24, 0.00366497
2049.46, 0.00245409
1417.23, 0.0129968
1784.47, 0.00426719
1762.76, 0.0129396
1777.82, 0.0205264
2361.03, 0.00036257
1803.66, 0.00775113
2084.18, 0.00308617
1263.84, 0.00539406
1456.58, 0.00387855
2349.83, 0.000242335
1197.5, 0.000840043
2242.56, 0.00348467
1193.09, 0.000788621
1078.78, 0.00517653
2017.2, 0.00716877
1485.44, 0.00972886
2394.39, 0.434808
1716.36, 0.0141378
1835.04, 0.00694507
1230.24, 0.000859963
2079.59, 0.00340898
2225.75, 0.000819521
2053.79, 0.00552939
2328.72, 0.000301561
1916.15, 0.0049718
2118.08, 0.00282424
2047.98, 0.00474994
1725.8, 0.00545023
2042.78, 0.0053109
1222.31, 0.00125933
1438.69, 0.00917843
1236.19, 0.00221452
1985.23, 0.00799143
1541.29, 0.00633528
1862.17, 0.00348129
2280.05, 0.000467804
2338.72, 0.000476507
1131.71, 0.0242005
2358.73, 0.000695467
1268.88, 0.00212283
1815.03, 0.00447966
2426.02, 0.000940627
1535.24, 0.00824153
1665.19, 0.0243637
1698.47, 0.00759811
2077.28, 0.00303105
2325.24, 0.00025654
1396.95, 0.00605888
1547.73, 0.00983552
1626.82, 0.00447049
1050.31, 0.00848517
1679.3, 0.0132901
2344.43, 0.000405343
1002.12, 0.0206371
1498.23, 0.004782
2324.01, 0.000535316
2037.33, 0.00304996
1888.96, 0.00413666
2422.46, 0.00195865
2327.29, 0.000151214
1588.6, 0.0076431
1569.85, 0.0051966
1399.58, 0.00388128
2032.04, 0.0060576
2234.23, 0.00147484
1401.02, 0.009991
2269.97, 0.000838033
1728.77, 0.0042895
2349.4, 0.000812621
1406.83, 0.00529982
2001.77, 0.00468777
1345.41, 0.00264268
1752.86, 0.00310585
1552.16, 0.0119441
2296.23, 0.000400478
1663.99, 0.00563212
1109.43, 0.00783538
1565.94, 0.0111328
1403, 0.00501489
2028.92, 0.00259144
1547.05, 0.00520372
1129.02, 0.00302556
2057.25, 0.0045306
1891.4, 0.00320299
1282.43, 0.010926
2101.07, 0.00160427
1748.05, 0.00521476
1649.98, 0.00947787
2017.95, 0.00311287
1358.11, 0.00318253
1557.14, 0.00594167
1417.08, 0.00421449
1694.15, 0.00864293
1602.24, 0.00493584
2385.91, 0.000675351
2390.21, 0.000905722
1356.55, 0.00335286
2499.12, 0.0083055
1780.06, 0.0077005
1077.95, 0.00706945
1227.27, 0.00284877
2331.61, 0.000443093
1076.42, 0.00420811
1145.12, 0.00743134
1014.61, 0.0207614
2444.91, 0.00147284
1356.67, 0.00521745
1092.08, 0.00255229
1009.73, 0.0127211
1224.22, 0.0013532
1926.17, 0.00279852
1431.65, 0.00497595
2008.19, 0.00359781
1358.27, 0.00229469
1845.79, 0.00529809
1554.3, 0.00696505
2326.38, 0.00140806
1766.63, 0.00983052
2403.04, 0.00152142
2376.15, 0.00867257
2436.6, 0.00182248
2403.89, 0.000699196
1569.23, 0.00647968
1841.57, 0.00508401
2375.77, 0.00144668
2364.66, 0.000546009
1570.82, 0.00560745
1437.28, 0.00914555
1667.1, 0.0203143
1610.43, 0.00914473
2244.43, 0.333929
2238.1, 0.000766977
2214.21, 0.0109811
2274.71, 0.000538653
2333.19, 0.000219384
1494.44, 0.00912196
2220.22, 0.00106533
1988.83, 0.00866458
2398.23, 0.00138093
2023.22, 0.00384907
1903.8, 0.00488357
1394.87, 0.00322003
1967.84, 0.0133718
2034.16, 0.00781047
2439.01, 0.00231083
2447.52, 0.00308548
2379.73, 0.000760635
2268.29, 0.00238753
1042.54, 0.014045
2469.57, 0.001516
1180.55, 0.00236267
1977.53, 0.00270484
1631.64, 0.0037547
1262.84, 0.00173608
2495.82, 0.00128426
1048.52, 0.0194744
2327.31, 0.000230839
1990.87, 0.00333371
1093.48, 0.0108989
1661.21, 0.00530659
1874.88, 0.00555687
1657.16, 0.024811
1116.78, 0.00387897
2133.18, 0.00177849
2271.48, 0.000850183
2487.97, 0.00289417
2089.71, 0.00283487
1403.91, 0.00394038
2167.94, 0.00147844
2443.18, 0.0050162
1354.36, 0.0031046
2428.85, 0.00147464
1584.5, 0.0113725
2253.45, 0.00114041
1376.4, 0.00870698
1417.22, 0.00520765
1061.24, 0.00630997
2457.09, 0.00457941
1293.26, 0.00205317
1075.14, 0.00820998
2251.31, 0.00204087
2033.2, 0.00328128
2400.74, 0.000616227
1326.84, 0.00577304
1012.84, 0.0175747
2183.4, 0.00183569
1582.22, 0.00545052
1928.57, 0.00410825
1551.44, 0.00570264
1909.94, 0.00538391
1882.42, 0.0062338
2304.3, 0.000416656
2429.61, 0.00121371
1527.51, 0.00700784
1026.43, 0.00642234
2372.49, 0.000681429
1761.87, 0.00455254
1444.44, 0.0063547
1086.04, 0.0056329
2469.88, 0.00211218
2106.4, 0.00233259
2317.16, 0.000208586
1544.72, 0.00491759
1235.11, 0.00096113
2209.15, 0.00149098
1187.93, 0.00681884
1550.74, 0.00414798
1651.46, 0.0110926
1190.12, 0.00069364
1835.78, 0.00654809
1636.94, 0.0107234
2374.14, 0.000883425
2206.49, 0.00111928
1878.85, 0.00648855
1846.64, 0.00536078
1507.64, 0.00435609
1975.45, 0.00596777
2028.82, 0.00244102
1146.24, 0.00195583
1862.87, 0.00829778
1749.98, 0.00512139
2456.45, 0.00111052
1270.75, 0.00465674
2131.83, 0.00453814
2212.22, 0.00117645
1006.01, 0.012339
1093.93, 0.00523704
2101.09, 0.00294419
2260.99, 0.00164541
1905.1, 0.00416979
2477.47, 0.00282201
1834.68, 0.00431849
1107.75, 0.00502397
2190.82, 0.00103591
1942.61, 0.004834
1266.35, 0.00207204
1429.99, 0.00339614
1954.03, 0.0086427
1245.99, 0.00593869
1357.55, 0.0357711
2019.21, 0.00381547
1525.51, 0.00427933
2169.19, 0.0091027
1228.55, 0.00128608
2412.92, 0.00243234
2295.48, 0.00031314
1669.57, 0.00589634
1504.65, 0.00481218
1016.57, 0.00859882
2059.7, 0.00287661
2446.71, 0.00145942
1662.36, 0.00544112
2179.95, 0.0059958
1037.34, 0.00563276
2013.4, 0.00626402
1275.24, 0.00450435
1338.75, 0.00224479
1644.82, 0.00376235
1643.48, 0.00467545
1428.65, 0.00821235
1766.13, 0.00631905
2296.01, 0.000379587
1114.63, 0.00207036
1944.65, 0.00315773
2250.01, 0.00527655
1500.91, 0.0334739
1850.32, 0.00563715
2150.85, 0.00278244
2195.7, 0.00157891
1879.38, 0.053093
1534.45, 0.00816532
2315.78, 0.000276661
2369.15, 0.000299796
2421.27, 0.000986158
1952.96, 0.00441469
1669.01, 0.00414382
2417.27, 0.00158753
1031.5, 0.0456628
1122.96, 0.0055694
1121.42, 0.00271284
2239.87, 0.000725917
1125.54, 0.00262338
2419.13, 0.000937851
1243.61, 0.00178376
2150.07, 0.00751489
1943.4, 0.00418972
2156.93, 0.00435455
1910.19, 0.00443466
1866.23, 0.00534023
2019.92, 0.00235342
1126.22, 0.0139831
1454.59, 0.0487671
2087.95, 0.00344557
1736.02, 0.00782515
1468.69, 0.00563656
2124.63, 0.00292306
2305.03, 0.00313505
1720.99, 0.00487909
2157.58, 0.00218632
2064.79, 0.00283025
2031.66, 0.00288426
2139.33, 0.00354209
1246.54, 0.00555054
1714.52, 0.00451422
1628.67, 0.00594855
2020.97, 0.00441589
1134.17, 0.00127016
1858.55, 0.00563947
1727.83, 0.00800793
1426.59, 0.00476299
1144.52, 0.00170372
1455.56, 0.00800915
1447.56, 0.0117069
2434.2, 0.00183469
1775.4, 0.0172501
2405.84, 0.000788206
1645.52, 0.0153845
2307.53, 0.000304944
1068.48, 0.0203397
1138.17, 0.00232276
2409.01, 0.00551388
1615.05, 0.00737453
1009.84, 0.0140695
1626.72, 0.00838323
1973.34, 0.00603541
1235.33, 0.000945582
1575.83, 0.00691127
2059.76, 0.00661469
2249.59, 0.00484665
1615.21, 0.0309406
1113.68, 0.00320113
2278.56, 0.000488381
1194.34, 0.00147835
2235.94, 0.000850305
1549.25, 0.00741889
1197.62, 0.000671866
1050.4, 0.0113599
1951.82, 0.00324991
1851.9, 0.00713728
1365.04, 0.00501015
2013.23, 0.0259826
1403.43, 0.00484597
2016.09, 0.00940782
2443.42, 0.00304479
1884.72, 0.00428405
2198.51, 0.00152152
1839.12, 0.00409839
2023.45, 0.00357384
1213.52, 0.000659038
1608.92, 0.00479328
1297.22, 0.00288024
2063.67, 0.00811895
1924.23, 0.00482495
2278.68, 0.000475114
1919.83, 0.276888
2305.56, 0.000413109
1556.03, 0.00547484
1363.77, 0.00330464
1259.84, 0.00248387
2117.96, 0.00146289
1346.04, 0.00794488
1863.99, 0.00356854
1043.38, 0.00701356
1386.03, 0.00523945
1137.42, 0.00284134
1329.69, 0.00328538
1665.62, 0.00519234
1218.18, 0.000740666
1436.13, 0.0158776
1159.83, 0.00426298
2016.46, 0.00292188
1248.71, 0.00142182
1666.16, 0.00490177
2049.85, 0.00307695
2278.28, 0.000581471
2066.81, 0.0032822
1521.9, 0.00565127
1262.14, 0.00287069
1005.83, 0.0132726
2223.63, 0.000885093
1474.1, 0.00410736
1028.52, 0.0114746
2311.18, 0.000589828
2139.22, 0.00188672
2428.1, 0.00608068
2246.28, 0.00116877
1909.73, 0.00369637
1300.36, 0.00237477
1803.87, 0.00810124
2444.69, 0.00155099
1526.04, 0.00785072
1125.38, 0.00975868
2227.58, 0.00118442
1511, 0.00763274
2033.41, 0.00464859
2249.51, 0.000807776
1517.08, 0.00392829
2429.1, 0.00316259
1648.05, 0.00475833
1923.21, 0.004641
2008.6, 0.00267062
2062.39, 0.00262402
2437.15, 0.000981291
1124.01, 0.0207238
2026.39, 0.0024476
1837.23, 0.00787661
2363.08, 0.00332124
2031.02, 0.00388005
2406.23, 0.00137337
1081.98, 0.00810335
1848.64, 0.00364589
1027.96, 0.00593763
1797.14, 0.00553982
2319.91, 0.000284205
2387.43, 0.000582362
1555.89, 0.00382226
1256.39, 0.00410059
1935.91, 0.00307174
1106.59, 0.00563393
2227.36, 0.00145915
1220.98, 0.000675364
1181.23, 0.000770554
1362.27, 0.00764603
2261.66, 0.000787556
2256.73, 0.000612845
1416.14, 0.0126035
1281.31, 0.00305897
2275.98, 0.000492096
1947.77, 0.00423745
1588.05, 0.0159731
1094.81, 0.0033874
1706.07, 0.0118604
1355.54, 0.00414287
1032.9, 0.00944091
1139.46, 0.00375422
1414.78, 0.012487
1001.44, 0.00988954
2494, 0.00159055
2358.81, 0.000492794
2050.74, 0.00276725
1491.43, 0.00442586
2367.08, 0.000606131
1724.14, 0.00877024
1844.53, 0.00420318
1022.61, 0.00797199
2130.6, 0.00266873
1453.44, 0.00460586
1500.26, 0.0055566
2238.35, 0.00299042
2389.27, 0.000499205
1242.39, 0.00103672
2313.76, 0.000491243
1857.13, 0.00525355
1994.44, 0.00286961
1688.64, 0.00866265
1751.41, 0.00603658
1284.23, 0.00302092
1654.88, 0.0104125
1273.45, 0.0019946
2302.41, 0.000493727
1498.28, 0.00527776
1108.75, 0.00889835
1309.08, 0.00529304
2356.62, 0.000287908
2262.04, 0.000745038
2192.34, 0.00170257
1356.56, 0.00347745
1529.29, 0.00449036
1445.03, 0.00657507
2412.04, 0.000938064
1059.53, 0.0108346
2218.63, 0.00152195
1650.92, 0.00865384
1589.66, 0.00536676
2116.7, 0.00196991
1144.62, 0.00207255
1598.67, 0.00890451
1112.43, 0.00416387
2110.59, 0.0026168
2400.52, 0.00124141
1002.37, 0.0144678
2077.78, 0.106387
1360.21, 0.00320473
1987.11, 0.00392162
1094.28, 0.0107826
2394.72, 0.00120425
2011.06, 0.00536897
2402.24, 0.00090223
2477.04, 0.00101095
1488.13, 0.00416758
2355.4, 0.000354758
1101.29, 0.0049026
1224.01, 0.0154734
1138.35, 0.00246176
2320.68, 0.000639181
1021.07, 0.0147149
1532.23, 0.00776728
1489.04, 0.0050375
1698.21, 0.0119447
1926.37, 0.0104636
2407.52, 0.000971977
1157.44, 0.00199234
2100.64, 0.00256759
2318.38, 0.00018487
1838.01, 0.00469743
1701.6, 0.00953863
2015.01, 0.00344935
1722.82, 0.00715978
1642.95, 0.00591384
1120.46, 0.00431317
1323, 0.00437094
1335.95, 0.00292509
2272.88, 0.000542497
1719.55, 0.0101859
2407.41, 0.00118102
1985.17, 0.00700787
1049.98, 0.00754098
2223.54, 0.0012161
2331.24, 0.00024091
1638.41, 0.0171801
1125.52, 0.00234368
1645.65, 0.00834113
1154.99, 0.00126723
1373.76, 0.00548622
2056.83, 0.00249518
1828.78, 0.00905217
1940.69, 0.0132391
2059.3, 0.00951262
1059.29, 0.123483
1910.38, 0.00252578
2047.81, 0.00404231
1836, 0.00437322
2130.38, 0.00797188
1715.58, 0.00519456
1808.69, 0.00387245
2396.92, 0.000623733
1110.62, 0.00239231
1387.49, 0.00362397
1811.91, 0.00371303
2381.4, 0.0028369
2287.2, 0.000543979
1184.99, 0.000782998
2008.28, 0.00310186
1184.66, 0.000870764
1543.14, 0.00507968
1362.39, 0.00470282
1126.74, 0.00237764
2104.67, 0.00241217
1224.79, 0.00168905
1793.6, 0.0485055
1187.82, 0.000870636
1445.12, 0.00357299
1228.19, 0.00142764
1751.22, 0.0120969
2196.3, 0.00131929
1033.89, 0.0205543
2059.51, 0.0109439
1275.85, 0.00534215
2164.95, 0.00119907
1050.49, 0.00951822
1592.72, 0.0144821
2283.34, 0.000495561
1152.12, 0.00230424
1426.19, 0.00585396
1714.59, 0.00398411
1025.09, 0.00615456
2065.42, 0.00295975
2021.49, 0.00281111
2079.11, 0.00234202
2057.46, 0.00263528
2118, 0.00397263
1691.94, 0.00404286
2390.08, 0.000545329
1511.99, 0.00431454
1756.56, 0.00375403
1353.98, 0.0060253
2138.27, 0.00213243
1598.29, 0.0759908
2480.96, 0.00126318
1556.33, 0.00443848
2210.92, 0.00215104
1139.96, 0.00144173
1192.43, 0.000455199
2402.82, 0.00102838
1162.96, 0.00283234
1367.16, 0.00284165
1639.94, 0.0346922
1447.78, 0.00641637
2047.42, 0.00303567
2426.32, 0.0012876
2356.86, 0.000981909
2233.93, 0.000970359
1843.02, 0.0122055
1294, 0.0145205
1274.03, 0.00170518
2329.26, 0.000201172
1689.32, 0.00580709
1674.23, 0.00495748
2081.81, 0.00321865
1061.15, 0.0166538
1129.78, 0.00227116
1649.79, 0.00470373
1352.46, 0.00371757
2419.79, 0.00221448
2472.18, 0.00145386
1944.31, 0.0151552
1636.64, 0.010658
1438.77, 0.00302471
1796.71, 0.00521847
1262.33, 0.00453837
1516.6, 0.0042056
1015.83, 0.100202
1142.12, 0.00335997
1388.26, 0.00593917
1592.08, 0.00471745
2480.48, 0.00260258
1195.34, 0.00135434
1492.65, 0.00438783
1395.53, 0.00437728
2333.36, 0.000558068
2362.01, 0.00324697
1966.41, 0.00371908
2452, 0.00157817
1214.52, 0.000682624
1568.07, 0.00880611
2304.59, 0.000456902
1898.53, 0.00725636
1443.06, 0.00492059
2426.36, 0.00153802
2008.78, 0.00369379
2016.24, 0.0565786
1183.53, 0.00111563
2355.67, 0.00031687
2392.34, 0.00258469
2331.47, 0.000445307
1509.54, 0.00586935
2073.99, 0.00774068
2379.78, 0.00127464
1232.31, 0.00155167
2415.06, 0.00539112
1389.69, 0.00358237
1668.13, 0.00599475
1958.52, 0.00323386
2355.48, 0.00087965
2130.27, 0.0027899
2231.87, 0.00178641
1551.07, 0.0055208
1088.11, 0.00862568
1844.39, 0.0038824
1763.57, 0.00520738
1807.24, 0.00431972
2239.34, 0.000766342
2401.95, 0.000733635
1974.73, 0.0048464
2243.29, 0.00101232
2289.55, 0.000530205
1110.93, 0.00337928
2053.64, 0.00471454
1954.79, 0.00313923
1046.81, 0.014588
1580.76, 0.00496322
1465.89, 0.0184093
2149.13, 0.00356186
1602.71, 0.0115961
2410.29, 0.00304485
1545.85, 0.00638926
2421.5, 0.000999488
2157.56, 0.00263548
1842.24, 0.0045687
1707.65, 0.00458126
1363.86, 0.00312799
1441.41, 0.00737252
1675.24, 0.357823
1530.82, 0.0317486
1362.08, 0.00664622
2423.71, 0.0058927
1958.17, 0.119974
1342.79, 0.0063833
2152.75, 0.00387263
1525.97, 0.00540597
1386.72, 0.0058099
1625.07, 0.0066313
1996.04, 0.00741291
2153.77, 0.00282041
1580.88, 0.00642026
1428.7, 0.0813654
2406.19, 0.000887465
1195.41, 0.00112801
1834.98, 0.00334503
1720.83, 0.00413575
2158.18, 0.00136307
1866.13, 0.00581914
1130.04, 0.00224384
1274.81, 0.00328825
2021.54, 0.00480132
1836.76, 0.00471254
2425.03, 0.000919893
2199.23, 0.00169642
1674.11, 0.0039181
1640.71, 0.00463585
1981.97, 0.00263125
2054.6, 0.00246101
1880.09, 0.00547503
2115.46, 0.00331428
1009.46, 0.0080367
1814.34, 0.00725596
2319.64, 0.00017505
1613.99, 0.00673277
2156.55, 0.00211169
1618, 0.00465708
2368.75, 0.00596481
2012.82, 0.0295298
1395.12, 0.0149225
2424.67, 0.0016894
1086.17, 0.00644376
1299.59, 0.00284191
1390.48, 0.00642898
1861.6, 0.00703416
1090.18, 0.0599743
1735.85, 0.00560416
1728.29, 0.0485964
1477.73, 0.00324697
1425.59, 0.00491704
2108.22, 0.00183164
1635.01, 0.00866228
1881.98, 0.00514494
2323.64, 0.000183702
1717.25, 0.00682509
1777.79, 0.0170601
1210, 0.00255948
1628.42, 0.0112586
2372.84, 0.000981358
1985.54, 0.00755949
1856.12, 0.00660442
2304.75, 0.000259961
2311.22, 0.00128455
1399.66, 0.00364843
1818.17, 0.0592431
1080.73, 0.00522121
1888.15, 0.00325424
2109.58, 0.00355635
1685.32, 0.00930435
1003.26, 0.0182725
1138.26, 0.00166416
1451.61, 0.00421782
1975.31, 0.00575014
1813.87, 0.00833436
2247.18, 0.000787164
2082.26, 0.00270381
1153.75, 0.01391
1588.93, 0.00392719
1715.16, 0.00519966
1151.15, 0.00128239
1027.98, 0.0103432
1515.69, 0.00981819
1544.26, 0.00842183
2289.42, 0.000341261
1232.23, 0.00279492
1220.66, 0.000939911
2127.92, 0.00286927
2028.91, 0.0023897
1490.18, 0.00411506
1709.08, 0.00670051
2486.5, 0.00753172
2157.24, 0.00153288
1704.15, 0.00789601
1676.51, 0.00716851
1506.63, 0.00613896
1069.57, 0.0192909
1530.84, 0.0112571
1511.2, 0.00426659
2012.88, 0.0031717
1824.97, 0.00425765
1356.81, 0.00963114
2339.59, 0.00036792
1167.95, 0.00131313
1937.3, 0.00387649
1202.27, 0.00119242
1382.75, 0.00799124
2009.06, 0.0554841
1246.93, 0.00200448
1254.5, 0.00204625
1561.59, 0.00422227
1728.46, 0.012261
2486.55, 0.00193396
1808.62, 0.0145484
2498.48, 0.00426605
1966.18, 0.00329233
1081.6, 0.0132981
2475.86, 0.00131818
2294.95, 0.000598001
1231.41, 0.00152961
1263.5, 0.00319572
2474.01, 0.00756863
2450.78, 0.0012943
2244.45, 0.000638397
1989.78, 0.00387422
2190.95, 0.00407529
2164.08, 0.00172583
2444.25, 0.00104739
2276.42, 0.000933727
1185.51, 0.00265746
1139.29, 0.00491107
1888.52, 0.00775555
2414.04, 0.0131056
1738.83, 0.0233346
1815.38, 0.00421283
1610.12, 0.00569799
1202.29, 0.00321494
1991.84, 0.00254298
2049.79, 0.00212784
1211.51, 0.000876967
1875.21, 0.0066433
2286.41, 0.000367597
1517.4, 0.00458127
1648.88, 0.00584132
1479.96, 0.00555935
1931.99, 0.00359569
1206.55, 0.00103088
1293.75, 0.00273014
1099.8, 0.0396292
2218.16, 0.00115776
1691.49, 0.00794262
1760.94, 0.00366914
2473.35, 0.00724374
1673.11, 0.00975297
1360.3, 0.00356731
1840.6, 0.00405945
2050.01, 0.0046552
1426.4, 0.00637677
1670.34, 0.0138385
1478.94, 0.00569588
1854.2, 0.0051683
1895.62, 0.00643192
1615.36, 0.00670583
1162.9, 0.00127751
2260.93, 0.000628189
2271.39, 0.000818132
1413.79, 0.00482803
2169.59, 0.00154053
1320.75, 0.0030064
1461.7, 0.00442479
1329.03, 0.00767239
1909.82, 0.0620414
1647.21, 0.00786513
2463.59, 0.00301527
1826.37, 0.0138061
1422.27, 0.00677997
2178.95, 0.00224552
1704.38, 0.00545177
1940.39, 0.00454767
2062.66, 0.0024712
1507.11, 0.0111127
2339.02, 0.00167918
2204.09, 0.00154569
1985.8, 0.00335094
1980.07, 0.00430413
1652.07, 0.00723267
1733.62, 0.0123696
2393.81, 0.000718403
1502.19, 0.00595353
2364.49, 0.000517463
1336.81, 0.0025057
2276.4, 0.000443985
1921.59, 0.00260198
1800.01, 0.00574512
2466.27, 0.00769165
1740.3, 0.0208095
1332.18, 0.00442358
1020.68, 0.00621016
2050.96, 0.00379165
1927.43, 0.00700399
1478.48, 0.00415052
2135.06, 0.00186723
2057.78, 0.00257199
1372.05, 0.00514089
1094.25, 0.00513176
1237.69, 0.000952338
2344.53, 0.000507754
2307.13, 0.000302965
2268.29, 0.000512683
1121.45, 0.00677859
2306.31, 0.000237934
2258.01, 0.000653897
2399.18, 0.0033714
2174.35, 0.00544096
1475.57, 0.00689922
1399.63, 0.0212399
1773.92, 0.00599344
2155.77, 0.00175119
1055.13, 0.00972479
1386.14, 0.0123464
2227.84, 0.000830507
1976.27, 0.00487657
2160.4, 0.00143539
1412.55, 0.00632364
1781.58, 0.0056231
1283.71, 0.00219628
1974.75, 0.00506241
1972.48, 0.064517
1019.03, 0.0154435
1757.63, 0.00559891
1573.07, 0.00358577
1508.54, 0.00507643
2146.97, 0.00126101
1572.43, 0.00739804
1303.56, 0.00383008
2133.87, 0.0026802
1865.67, 0.00818436
1666.48, 0.0133128
1780.76, 0.00833975
1533.75, 0.00624818
1697.52, 0.00445425
1562.4, 0.00454455
2171.54, 0.0191375
1999.75, 0.00262643
2486.72, 0.00228498
1539.97, 0.00888649
1069.86, 0.00669827
2307.72, 0.00039846
1772.42, 0.00484022
2376.85, 0.000521242
1594.51, 0.0062253
1530.27, 0.00572218
1510.49, 0.0059926
1044.46, 0.00516538
1057.47, 0.024413
2444.72, 0.000995003
1881.74, 0.00533971
2059.39, 0.00227311
1957.79, 0.00386446
1302.86, 0.00181316
1293.09, 0.00973828
1235.83, 0.00228515
1904.16, 0.00358291
1049.85, 0.221478
2388.36, 0.000562891
2398.18, 0.000709759
1789.17, 0.00800907
2038.51, 0.00345314
1343.86, 0.00758542
1545.61, 0.0120027
2433.92, 0.00200703
1765.15, 0.0202539
1431.63, 0.0162429
1033.68, 0.0105807
2482.58, 0.00111336
2418.91, 0.00306635
1339.83, 0.00312571
1757.11, 0.00546553
1796.86, 0.00652445
2456.22, 0.00190119
1782.68, 0.00518323
1139.66, 0.00132844
2241.43, 0.00108099
1909.82, 0.00624714
2427.74, 0.0013444
1254.44, 0.001401
1583.44, 0.00943659
1205.79, 0.000894825
1465.01, 0.00686323
2057.38, 0.300781
1735.32, 0.0223986
1034.57, 0.00450043
2360.6, 0.00103688
2088.7, 0.00492063
1740.73, 0.00696041
1192.2, 0.000852104
1231.72, 0.00203287
1096.64, 0.0118675
1904.03, 0.0109279
1673.56, 0.0776376
1858.41, 0.00668917
2121.72, 0.00305585
1008.97, 0.00880054
1720.03, 0.00670932
2023.64, 0.00274746
1683.96, 0.00574172
2462.29, 0.00161699
1801.24, 0.00468761
1642.79, 0.0051451
2324.36, 0.00031877
1512.78, 0.0198903
2321.53, 0.00039243
1459.91, 0.00578266
1766.33, 0.00512359
2484.56, 0.0024977
1531.13, 0.00378935
2411.68, 0.000933385
1659.94, 0.0092936
2192.73, 0.00257867
1589.19, 0.00864141
1130.57, 0.00270411
1144.54, 0.00168303
1302.28, 0.00267584
2083.69, 0.00362461
1692.84, 0.00516999
2229.62, 0.00125121
2401.16, 0.00159652
1825.74, 0.00382251
1503.43, 0.00473458
1093, 0.0124404
1408.32, 0.00535329
2323.95, 0.000157028
2446.95, 0.00203766
1325.05, 0.00332178
2430.21, 0.00269251
2222.33, 0.00103028
1729.08, 0.00626972
1280.78, 0.00343609
1201.22, 0.000806954
1154.54, 0.005015
1991.9, 0.00512005
2109.12, 0.00258582
1350.53, 0.0112474
1186.14, 0.000910063
1419.48, 0.00890464
2493.24, 0.00151683
1189.21, 0.000623117
2454.84, 0.00124495
1022.68, 0.00967309
1137.06, 0.00380157
1538.8, 0.0467091
2160.32, 0.0105193
2200.25, 0.00222626
2432.48, 0.00386833
1946.23, 0.0048194
2329.68, 0.000296128
1390.34, 0.00352452
1264.02, 0.00253513
1579.83, 0.00585404
2134.34, 0.00496931
2342.65, 0.000702177
1454.48, 0.00575991
2073.89, 0.00256752
1049.03, 0.00789958
2387, 0.00152005
2331.75, 0.000173988
2409.15, 0.000796743
1205.58, 0.00077258
1735.62, 0.00483579
1960.52, 0.0105357
1750.39, 0.0158505
1813.9, 0.00651052
1569.67, 0.00921861
1981.97, 0.0864715
2383.74, 0.000498444
1061.05, 0.00736697
1065.19, 0.0107698
2017.54, 0.00421612
1963.02, 0.00525928
1897.78, 0.00547733
1997.3, 0.00462229
1417.77, 0.00821562
2141.71, 0.00315032
2227.22, 0.00115211
1814.55, 0.00554253
1162.26, 0.00152965
1883.28, 0.00656456
1015.76, 0.00729517
1448.52, 0.00750884
1064.61, 0.0665789
1881.84, 0.00375524
2155.81, 0.00219901
2321.83, 0.000249159
2107.5, 0.00207477
1654.84, 0.00711318
1772.07, 0.0151749
1204.96, 0.000949371
1008.14, 0.0180691
1706.19, 0.00739169
1643.03, 0.00387147
1139.2, 0.00462666
1407.64, 0.013581
1567.72, 0.00360065
1501.28, 0.0121571
2439.92, 0.0011666
1296.88, 0.0062282
1698.01, 0.0112107
2394.93, 0.00357337
2300.82, 0.000305
1542.1, 0.00498829
1874.56, 0.00754764
1828.18, 0.00598776
1997.52, 0.00617093
1751.29, 0.00493358
2283.62, 0.000503186
1933.02, 0.00470053
2356.93, 0.000495222
1100.86, 0.00394955
2032.22, 0.00360679
1710.11, 0.00723059
2060.71, 0.00259656
1206.35, 0.000638437
1502.13, 0.0257912
2378.03, 0.000403242
1288.36, 0.00185467
2207.43, 0.000951652
2037.1, 0.00338154
2217.28, 0.00134941
1719.16, 0.00646614
1566.2, 0.0065634
2013.9, 0.00242493
2166.47, 0.00412996
1895.23, 0.00547725
1826.96, 0.0110972
1697.71, 0.00905373
1465.39, 0.00511714
2224.75, 0.00251233
1127.21, 0.0038566
1266.81, 0.0860718
2264.72, 0.00086276
1328.52, 0.271971
1024.77, 0.00761806
1821.2, 0.00869267
1468.14, 0.00389407
1856.79, 0.00387029
2452.41, 0.00161132
1178.25, 0.00134607
1679.49, 0.00517747
1723.84, 0.01363
1514.11, 0.00391538
2158.72, 0.00126588
1625.91, 0.00603016
1129.95, 0.0043641
1646.65, 0.00510194
1910.62, 0.00473983
1295.14, 0.0089254
2414.54, 0.000683066
1876.06, 0.00486603
2420.74, 0.00185349
1364.81, 0.00750262
1774.23, 0.006393
1309.31, 0.00382256
1473.39, 0.00523768
2365.14, 0.000674127
1476.01, 0.0103079
1945.49, 0.00488841
1278.86, 0.00260864
2415.39, 0.00269837
1216.09, 0.000372819
2225.21, 0.00110821
1241.11, 0.00195444
1131, 0.00285292
1599.87, 0.0062502
1838.77, 0.00453847
1121.09, 0.00416019
1495.5, 0.00487328
1107.94, 0.00496084
1601.7, 0.0100207
1818.01, 0.0117262
1363.29, 0.00580271
1682.59, 0.0309751
1692.18, 0.00521687
1596.37, 0.00454617
1278.3, 0.0048038
1348.42, 0.00473277
1709.2, 0.00648063
2377.23, 0.00108405
1551, 0.00481446
1943.79, 0.00494923
2172.73, 0.00209776
1028.02, 0.00955101
1177.23, 0.00183182
1380.3, 0.00912096
2349.63, 0.000820803
1059.27, 0.00465065
2453.84, 0.00557474
1128.12, 0.00354896
1952.29, 0.00327589
2138.69, 0.00170826
2282.1, 0.000798497
2006.98, 0.00565433
2114.44, 0.00217982
1745.55, 0.00447001
1780.13, 0.00465892
1061.05, 0.00557718
2116.65, 0.0016126
1922.06, 0.00440886
1682.75, 0.0237395
1615.46, 0.00691276
2228.93, 0.00168346
1039.48, 0.00954546
1526.45, 0.0092877
1227.49, 0.00117195
2342.08, 0.000309191
1657.64, 0.0045607
1269.98, 0.00261829
1484.22, 0.00592994
2102.23, 0.00469547
1954.82, 0.00467832
1092.78, 0.00855639
2114.23, 0.00190871
2406.04, 0.00100469
1632.58, 0.00559378
1775.17, 0.0250247
1269.98, 0.00456713
1743.25, 0.0105798
2103.2, 0.00872045
2348.33, 0.000332333
1601.81, 0.0050846
1879.9, 0.00656508
1348.43, 0.00639778
1487.04, 0.00760924
2304.13, 0.000294557
2325.48, 0.000255502
1001.71, 0.0156217
1684.08, 0.00555127
1656.61, 0.00490948
1723.5, 0.00486615
1160.84, 0.00141506
2120.06, 0.00499266
1613.73, 0.00516585
1596.24, 0.00484249
1431.75, 0.00452479
2046.31, 0.00262338
2185.93, 0.00186521
1332.25, 0.00227689
2218.99, 0.00183746
2034.7, 0.00478953
1146.19, 0.002128
1521.2, 0.1478
2304.68, 0.000281351
2415.71, 0.00170362
2190.48, 0.00145629
1946.84, 0.00580139
2339.1, 0.000274314
1124.21, 0.00293323
2384.97, 0.000721144
1949.17, 0.0113241
1982.46, 0.00956611
1514.8, 0.00561477
2321.78, 0.000278902
1705.53, 0.0107743
2357.41, 0.000614174
1724.2, 0.00697052
2125.31, 0.00181587
2118.71, 0.00297058
1997.8, 0.00296795
1841.26, 0.00664278
1316.11, 0.00570993
1932.25, 0.00428584
2432.36, 0.000931961
2102.48, 0.00190422
1301.61, 0.0065837
2154.64, 0.00173266
2352.9, 0.000204441
1597.01, 0.00644502
1778.46, 0.0048433
1885.32, 0.00879897
1310.68, 0.00470734
2209.12, 0.0015861
1338.43, 0.0153811
1819.59, 0.00466647
1190.4, 0.00660223
1165.46, 0.0110811
2226.11, 0.00277989
2426.32, 0.00143985
1281.75, 0.00242497
1745.07, 0.0189189
2448.6, 0.00113179
1744.29, 0.00496207
1730.75, 0.00638277
2426.38, 0.00215454
2349.57, 0.000808508
1658.22, 0.00970992
2183.04, 0.00506948
2386.03, 0.00288379
1035.16, 0.00751329
2450.39, 0.00126293
1998.18, 0.0123858
1497.28, 0.00841195
1583.55, 0.00472375
1808.8, 0.00442587
1034.72, 0.00845347
1994.92, 0.00382148
1322.28, 0.00394548
2271.78, 0.00047775
1174.1, 0.0155421
1625.23, 0.0093756
1793.38, 0.00574261
1136.51, 0.00175997
2082.06, 0.0100114
2017.63, 0.00401231
2073.82, 0.00373592
2356.12, 0.000526687
1091.31, 0.00673842
2016.2, 0.00444623
1077.84, 0.00694
1892.93, 0.00419994
1840.46, 0.00625118
1359.85, 0.00912279
2320.26, 0.000229408
1633.21, 0.00711225
2470.27, 0.00152497
1988.73, 0.00416684
1780.83, 0.00769919
2478.44, 0.00173618
2055.61, 0.00581491
2279.9, 0.000588326
2282.14, 0.00998732
1467.67, 0.00765022
1008.01, 0.0255164
1280.52, 0.00272484
1373.48, 0.0042295
2008.63, 0.00373079
1325.08, 0.00219144
1777.57, 0.00456432
1119.72, 0.0041917
1564.91, 0.00560351
2259.97, 0.00127669
1365.71, 0.00249072
1657.58, 0.00733277
1336.59, 0.0203541
2452.33, 0.00149586
2202.84, 0.00107159
1528.87, 0.00850571
2028.01, 0.00412632
1271.82, 0.0017509
1628.86, 0.0246785
2275.77, 0.00069485
1915.12, 0.11006
1058.31, 0.00982647
1256.09, 0.00331646
1618.9, 0.00780544
1850.29, 0.00370191
1877.97, 0.00676772
2452.74, 0.00157591
2322.29, 0.00044967
2498.86, 0.00164184
1245.96, 0.00228906
1372.73, 0.00398144
2363.59, 0.000529356
1759.9, 0.00771015
1385.57, 0.00527943
1003.2, 0.0136097
2378, 0.00606231
1643.41, 0.00777546
2106.25, 0.00222111
1885.21, 0.00406619
1548.2, 0.0041722
1386.59, 0.00565019
1400.58, 0.00488848
2095.64, 0.0181309
2463.97, 0.0013521
1451.92, 0.0124168
2014.27, 0.00435371
1605.8, 0.00542856
1721.27, 0.00425764
1076.3, 0.00808076
1728.05, 0.00969074
1260.58, 0.00235956
2455.75, 0.00169643
2133.49, 0.00252665
1982.36, 0.00396054
2068.69, 0.00307531
2103.33, 0.00230431
1698.18, 0.00538604
2314.25, 0.000452967
2353.23, 0.000615429
1504.35, 0.00683266
1963.8, 0.00466382
1336.71, 0.00807169
2036.7, 0.00287129
1168.5, 0.0027632
1774.57, 0.00634412
1066.52, 0.0116203
1878.96, 0.00520155
2120.94, 0.00242561
2001.89, 0.00312502
2135.35, 0.0020338
1057.57, 0.0221957
1250.68, 0.00185812
1561.82, 0.00460384
1863.95, 0.00398509
2305.36, 0.00143197
2401.37, 0.000785499
1960.54, 0.00511526
2355.09, 0.000362888
2143.48, 0.00254886
1436.18, 0.00590303
2301.36, 0.000384467
1953.22, 0.0102539
1109.05, 0.0375747
2310.98, 0.000312871
1070.46, 0.161432
2111.24, 0.00343872
1102.89, 0.00412092
2276.21, 0.000449865
2062.41, 0.00423777
1909.61, 0.0041644
2327.74, 0.000241507
2114.99, 0.00264961
1863.05, 0.00474248
1780.64, 0.00315717
1754.05, 0.00705051
1108.37, 0.00420987
1317.26, 0.0135475
1632.74, 0.00646759
1763.37, 0.0251897
2043.84, 0.00197987
1918.54, 0.012398
1106.12, 0.0075684
1021.08, 0.0140737
1751.19, 0.00449271
1443.62, 0.0113572
2140.22, 0.00530144
1032.09, 0.029761
2028.97, 0.00611422
2228.15, 0.00192262
2084.01, 0.00276485
2278.29, 0.000437165
1837.29, 0.00481477
2130.34, 0.0155871
1259.45, 0.00124872
2073.53, 0.00193077
1088.4, 0.0266043
1300.67, 0.00366483
1588.51, 0.0055665
1098.74, 0.00410671
1215.9, 0.000371827
1981.84, 0.00485588
1882.41, 0.0040552
1844.77, 0.00606571
1819.87, 0.005098
1631.13, 0.00860988
2187.32, 0.00845333
1468.79, 0.0522654
1842.73, 0.00872883
1056.58, 0.0355985
1500.97, 0.00539845
2227.17, 0.00101982
1285.27, 0.00386882
1466.24, 0.0173821
1690.1, 0.0160363
1835.91, 0.00522599
1464.36, 0.00454334
2446.63, 0.00120096
1445.36, 0.00818224
2382.6, 0.000609674
1285.33, 0.00379598
2029.12, 0.00335444
1351.22, 0.00372134
1216.25, 0.00371033
1412.3, 0.015131
2338.48, 0.00220297
1417.54, 0.00332051
1128.03, 0.00743678
1816.42, 0.00502155
1968.5, 0.00388215
2423.22, 0.00296425
2249.55, 0.000575887
1427.63, 0.00715981
1357.63, 0.00496376
1092.2, 0.00467961
2148.03, 0.00105541
2060.92, 0.00450701
2339.11, 0.000461695
1891.64, 0.00287783
1660.1, 0.00681092
1156.25, 0.00311939
1754.45, 0.00640474
1801.68, 0.0042113
1272.74, 0.00552186
1340.91, 0.1192
1686.89, 0.00750335
1601.49, 0.0114393
1062.46, 0.00926307
1131.04, 0.00261893
1952.78, 0.0139828
1784.58, 0.00580662
2054.4, 0.00252558
1316.59, 0.00252866
1518.37, 0.00478241
2373.78, 0.00227771
1230.83, 0.00292939
1444.6, 0.0310026
1320.9, 0.00343964
1508.95, 0.0156167
1493.53, 0.00812868
1032.9, 0.0234937
2154.86, 0.00196858
2167.75, 0.00452354
1195.27, 0.000731915
2128.16, 0.00185631
1995.09, 0.00541317
1292.1, 0.00361814
1077.67, 0.0078198
1773.17, 0.011541
1931.93, 0.0102879
1640.41, 0.00608878
1712.49, 0.00640537
1129.56, 0.00384856
1221.66, 0.000740278
2011.51, 0.00753519
2178.56, 0.00118937
1686.1, 0.00425232
1893.72, 0.0107434
1172.43, 0.00192409
1784.96, 0.00547933
2050.24, 0.00307125
1050.56, 0.00908626
1099.31, 0.025731
1483.72, 0.0129282
2442.81, 0.00151128
1662.12, 0.00620057
1902.27, 0.00320794
2425.06, 0.000745747
2122.21, 0.00161998
1096.96, 0.00708884
1945.82, 0.00667979
1598.26, 0.00603221
1691.33, 0.00560053
1433.93, 0.00510882
2255.32, 0.00068571
1959.88, 0.00455251
1931.25, 0.00454052
1120.36, 0.00242217
2331.87, 0.000324193
2486.34, 0.00142761
1730.03, 0.0050999
1766.88, 0.00914977
1524.14, 0.00539538
1669.33, 0.00502339
2205, 0.00228093
1598.12, 0.00851555
1502.57, 0.00516825
2286.3, 0.000394916
1084.52, 0.00973216
1984.96, 0.00651768
1578.48, 0.00741207
1444.85, 0.00807794
2136.79, 0.00255699
1550.71, 0.00883077
1708.37, 0.00503868
1528.63, 0.0429778
1291.03, 0.0015685
2013.5, 0.00271874
2118.66, 0.00270768
1028.67, 0.0111346
1576.99, 0.0108611
1567.08, 0.0944325
1309.97, 0.00678482
1246.99, 0.00391082
2019.55, 0.00258299
1044.23, 0.00969146
2207.17, 0.000992568
1887.76, 0.0076583
1831.9, 0.00365798
1632.86, 0.00672301
1707.29, 0.00484211
1541.55, 0.00890626
1315.44, 0.00216043
1820.06, 0.00531637
2278.83, 0.000688997
1270.91, 0.00829675
2317.79, 0.000640217
2306.38, 0.00035208
2252.15, 0.00107577
1796.14, 0.0117392
1539.78, 0.00555779
2159.28, 0.00180648
1744.75, 0.00673487
1887.77, 0.00524853
1461.99, 0.00571207
1209.46, 0.000507699
2004.91, 0.00324909
1431.25, 0.00610171
1541.51, 0.00664742
1072.28, 0.00975327
1094.62, 0.0030215
1644.8, 0.0169425
1869.65, 0.00600236
2155.76, 0.00164481
1451.95, 0.00764076
2441.48, 0.0017251
1353.23, 0.00474345
1642.94, 0.00504733
1321.46, 0.00687972
1781.33, 0.00641103
1806.21, 0.00617288
1836.73, 0.00980901
1060.84, 0.0144339
1896.91, 0.00504988
1381.98, 0.00309451
1265.85, 0.00417015
1621.73, 0.00782537
1478.17, 0.00780204
1928.41, 0.00399437
2458.73, 0.00128082
1313.14, 0.00278519
1026.8, 0.0329615
1958.87, 0.00350924
1399.17, 0.00654792
2391.89, 0.000981253
2145.87, 0.00241612
1255.04, 0.00191866
2474.71, 0.00166698
1085.42, 0.0072484
2101.46, 0.0015271
1368.18, 0.00349972
1097.63, 0.00530796
2328.5, 0.000622287
1495.41, 0.00990796
1524.84, 0.00849164
2042.54, 0.00868602
2053.55, 0.00366765
1882.71, 0.00367687
1090.16, 0.00541183
1962, 0.00573308
1358.27, 0.0195521
1798.41, 0.00451296
1620.95, 0.0100911
2485.82, 0.00284755
1590.86, 0.0191136
2013.73, 0.00366802
1563.48, 0.00412226
2350.39, 0.00181116
1985.22, 0.00292762
2109.59, 0.00295548
1598.25, 0.00690037
1132.6, 0.00794053
2032.19, 0.00268204
1308.31, 0.0051632
2352.53, 0.000443697
1024.22, 0.00955213
1160.26, 0.00122614
1376.7, 0.0274756
1456.52, 0.00623764
1877.19, 0.00728512
1188.53, 0.0010083
2180.28, 0.00138828
2177.87, 0.0198744
1836.05, 0.00509218
1256.14, 0.00468911
1060.1, 0.00645514
1681.62, 0.00438728
1503.42, 0.00601947
2348.88, 0.00105694
1395.41, 0.00291218
1249.81, 0.00163992
1210.63, 0.000769359
2424.68, 0.00112885
1919.48, 0.00354773
1853.8, 0.00298783
1891.02, 0.00329315
2321.3, 0.000364995
1389.32, 0.0127881
1110.11, 0.00488647
2456.38, 0.00146058
1825.85, 0.00741284
1107.63, 0.00382834
1266.35, 0.00410708
2023.38, 0.00404482
1195.61, 0.000743613
1717.58, 0.00446775
2066.99, 0.00329216
1443.38, 0.00465274
1324.31, 0.00566841
2068.6, 0.00625369
2091.67, 0.0037338
2140.76, 0.0017167
1418.8, 0.0053709
1198.41, 0.000736734
1171.92, 0.000954202
2499.29, 0.00169373
1665.71, 0.00493246
1689.02, 0.0359069
1743.9, 0.0168289
1337.09, 0.00285438
2193.96, 0.0634428
1490.12, 0.00556603
2143.01, 0.00227287
1157.24, 0.00125065
2132.66, 0.00277607
2458.73, 0.00176178
2340.34, 0.000539428
1314.49, 0.00258439
1423.86, 0.00340814
1498.75, 0.0104001
2126.25, 0.00228517
1786.46, 0.00500678
1830.25, 0.00379713
1594.34, 0.0154528
2362.95, 0.00050685
1287.33, 0.0111759
2205.67, 0.00608653
1223.91, 0.000863971
2482.48, 0.00405595
2484.23, 0.00260103
1157.2, 0.00123499
2018.01, 0.00286405
2020.17, 0.0110042
1733.97, 0.0177982
2250.63, 0.000810292
2171.82, 0.001913
1580.43, 0.00757676
2372.12, 0.000420096
2400.84, 0.000897122
2440.09, 0.000897108
1933.46, 0.00460166
1111.13, 0.00240877
2488.28, 0.00233821
1155.39, 0.00146132
1124.86, 0.00466834
1371.03, 0.00430936
1569.89, 0.00615285
1442.27, 0.00475988
2283.83, 0.000699865
2256.07, 0.00227463
1690.87, 0.0248533
1028.23, 0.0112172
1730.56, 0.0244784
1699.22, 0.0290936
1504.62, 0.00533689
2440.85, 0.00195482
2383.35, 0.0011663
2462.21, 0.00190568
1878.1, 0.00487021
1576.51, 0.00509943
1688.4, 0.00514246
2189.77, 0.0696756
1109.31, 0.00750137
1409.83, 0.00449975
2028.26, 0.0126879
2191.94, 0.00684753
1083.22, 0.0210506
1069.4, 0.00531519
1390.29, 0.00511986
1638.54, 0.0205462
1210.61, 0.000441117
2384.04, 0.000594357
1022.25, 0.0110032
1055.41, 0.00539607
1873.65, 0.00554208
2222.68, 0.000924673
1574.06, 0.00602959
1567.53, 0.0077736
1242.34, 0.00201905
1378.36, 0.00518628
1318.26, 0.0040191
1941.56, 0.00462989
1075.85, 0.0100636
1257.95, 0.00123466
2064.93, 0.00233369
2236.96, 0.00111472
1081.95, 0.00392754
1659.88, 0.00566899
1395.95, 0.00368335
2107.84, 0.00210015
2171.09, 0.00240978
2339.75, 0.00152704
2102.84, 0.00275092
1708.62, 0.00735435
1964.79, 0.00335284
1294.68, 0.0218662
2321.73, 0.000513051
2383.76, 0.00238561
2062.98, 0.00284535
2067.87, 0.00326242
2328.46, 0.000162508
1626.11, 0.0113851
2047.29, 0.00301286
1512.15, 0.0060429
1597.49, 0.00612627
2215.14, 0.00405832
1869.91, 0.00438416
1622.41, 0.00441276
1459.97, 0.00542436
1881.86, 0.00416413
1290.37, 0.00235685
1822.95, 0.0101148
2359.18, 0.000816316
1793.63, 0.00769794
1662.75, 0.00998696
2347.73, 0.00053976
1063.05, 0.00408476
1894.29, 0.0217697
1297.99, 0.006096
2301.17, 0.000316441
2466.95, 0.00197071
2212.78, 0.00128033
1767.02, 0.0151363
1481.49, 0.00546216
1736.22, 0.00522647
1271.13, 0.00207665
1435.81, 0.00442356
1916.62, 0.00450521
2296.93, 0.000283101
2317.55, 0.000386965
2072.86, 0.00284701
1554.07, 0.00313152
1517.68, 0.0046736
1031.88, 0.159052
